{"type":"FeatureCollection","features":[{"type":"Feature","properties":{"Name":"Cédraie 4 Tichaou [5:Polygon]","OCCUPATION":"CEDRAIE","ETAT":"MOYEN","INTERVENTI":"AUCUNE"},"geometry":{"type":"Polygon","coordinates":[[[5.96661,35.53978],[5.96724,35.53857],[5.96749,35.53774],[5.96533,35.53791],[5.96484,35.53748],[5.96486,35.537],[5.96426,35.53659],[5.96439,35.53636],[5.96424,35.53601],[5.9643,35.53572],[5.96306,35.53485],[5.96258,35.53463],[5.96073,35.53441],[5.9592,35.53397],[5.95857,35.53361],[5.95841,35.5332],[5.95858,35.53251],[5.95876,35.53213],[5.95949,35.53128],[5.95994,35.53099],[5.96026,35.53091],[5.96226,35.53122],[5.96309,35.53166],[5.9644,35.5321],[5.9666,35.53328],[5.96715,35.53346],[5.96796,35.53342],[5.96896,35.53363],[5.96944,35.5336],[5.97052,35.5333],[5.97143,35.53322],[5.97161,35.53312],[5.97161,35.53292],[5.97142,35.53278],[5.96984,35.53249],[5.9679,35.53238],[5.96749,35.53218],[5.96744,35.53188],[5.9679,35.53158],[5.96824,35.53149],[5.97125,35.53142],[5.97413,35.53208],[5.9746,35.53235],[5.97476,35.5326],[5.97481,35.53283],[5.97465,35.53303],[5.97313,35.53312],[5.97238,35.53325],[5.97215,35.53333],[5.97207,35.53351],[5.97187,35.5336],[5.97094,35.53373],[5.97037,35.534],[5.96893,35.53401],[5.96771,35.53416],[5.96742,35.53462],[5.96706,35.53487],[5.96689,35.53511],[5.96686,35.5356],[5.96696,35.53593],[5.96719,35.5363],[5.96764,35.53662],[5.9682,35.53685],[5.96863,35.53689],[5.97175,35.53658],[5.97309,35.53625],[5.97435,35.53618],[5.97454,35.53626],[5.97462,35.53647],[5.97444,35.53692],[5.97402,35.53743],[5.97415,35.53773],[5.97436,35.53786],[5.97532,35.53785],[5.97569,35.53762],[5.97727,35.53715],[5.97746,35.53745],[5.9775,35.53796],[5.97738,35.53823],[5.97713,35.53824],[5.97626,35.53863],[5.97543,35.53877],[5.97471,35.53872],[5.97368,35.53907],[5.97268,35.53881],[5.97199,35.53846],[5.97115,35.53859],[5.9681,35.53967],[5.96742,35.5398],[5.96661,35.53978]],[[5.96597,35.53701],[5.96591,35.53734],[5.966,35.53742],[5.96638,35.53756],[5.96666,35.53751],[5.96675,35.53734],[5.96657,35.5371],[5.96618,35.53694],[5.96597,35.53701]]]}},{"type":"Feature","properties":{"Name":"Cédraie 4 Tichaou [3:Polygon]","OCCUPATION":"CEDRAIE","ETAT":"MOYEN","INTERVENTI":"AUCUNE"},"geometry":{"type":"Polygon","coordinates":[[[5.92809,35.58078],[5.92847,35.58135],[5.92905,35.58132],[5.92921,35.58122],[5.92919,35.58094],[5.92928,35.58086],[5.92957,35.58099],[5.92962,35.58086],[5.92949,35.58067],[5.92956,35.58061],[5.93017,35.58051],[5.93036,35.58029],[5.93026,35.58006],[5.92952,35.58019],[5.9295,35.58003],[5.92966,35.57977],[5.92954,35.57964],[5.92967,35.57905],[5.929,35.57852],[5.92939,35.57843],[5.9298,35.57867],[5.93031,35.57961],[5.9307,35.57956],[5.93101,35.57923],[5.93139,35.57903],[5.93175,35.57933],[5.93189,35.5797],[5.93261,35.57954],[5.93301,35.57967],[5.93348,35.58008],[5.93378,35.58079],[5.9337,35.58092],[5.93328,35.58106],[5.93344,35.58149],[5.93336,35.58178],[5.93304,35.58173],[5.93154,35.58093],[5.93118,35.58088],[5.93087,35.58098],[5.93093,35.58186],[5.93083,35.58237],[5.92933,35.58443],[5.92913,35.58435],[5.92892,35.58352],[5.92864,35.58338],[5.92837,35.5834],[5.92802,35.58372],[5.92776,35.58411],[5.92741,35.58418],[5.927,35.58283],[5.92661,35.58266],[5.92601,35.58263],[5.9253,35.58275],[5.92451,35.58316],[5.9242,35.58442],[5.92397,35.58462],[5.92378,35.58455],[5.92354,35.58402],[5.92327,35.58366],[5.92243,35.58345],[5.9222,35.58361],[5.922,35.58434],[5.92182,35.58459],[5.92131,35.58485],[5.92079,35.58453],[5.92012,35.58315],[5.92026,35.58258],[5.92092,35.58216],[5.9236,35.58236],[5.92447,35.58213],[5.92483,35.58091],[5.92528,35.58066],[5.92661,35.58036],[5.92767,35.58049],[5.92809,35.58078]]]}},{"type":"Feature","properties":{"Name":"Cédraie 3 Bordjem","OCCUPATION":"CEDRAIE","ETAT":"MOYEN","INTERVENTI":"TRAVAUX","OBSERVATIO":"INCENDIE 200 ha"},"geometry":{"type":"MultiPolygon","coordinates":[[[[6.03071,35.60542],[6.03347,35.6065],[6.03146,35.60753],[6.0263,35.60758],[6.02462,35.60772],[6.02312,35.60727],[6.02197,35.60774],[6.02054,35.60904],[6.01944,35.60891],[6.01773,35.60975],[6.01645,35.60992],[6.01602,35.61024],[6.01574,35.6106],[6.01588,35.61078],[6.01683,35.61034],[6.01824,35.6106],[6.01989,35.6102],[6.02051,35.61022],[6.0221,35.61056],[6.02279,35.60972],[6.02351,35.60917],[6.02443,35.60905],[6.02527,35.6091],[6.02603,35.60948],[6.02637,35.61028],[6.02609,35.61075],[6.02591,35.61134],[6.02529,35.61178],[6.02437,35.61123],[6.02395,35.61081],[6.0234,35.61083],[6.02308,35.61107],[6.02284,35.61175],[6.0224,35.61242],[6.02175,35.61282],[6.02054,35.6129],[6.01817,35.61197],[6.01771,35.61187],[6.0171,35.6113],[6.01647,35.61174],[6.01569,35.6119],[6.01543,35.61208],[6.01568,35.61285],[6.01588,35.61426],[6.01508,35.6151],[6.0154,35.61625],[6.01514,35.61692],[6.01475,35.61684],[6.0143,35.61651],[6.01434,35.61639],[6.0135,35.61554],[6.01351,35.61534],[6.01326,35.61525],[6.01322,35.61546],[6.01299,35.61551],[6.0122,35.61537],[6.01196,35.61524],[6.01142,35.6138],[6.01144,35.6133],[6.01122,35.61218],[6.01131,35.61172],[6.01197,35.61139],[6.01258,35.61172],[6.01348,35.6124],[6.01408,35.61306],[6.01438,35.61309],[6.01443,35.61271],[6.01409,35.61184],[6.01317,35.61097],[6.01125,35.60942],[6.00972,35.60778],[6.00887,35.60652],[6.00894,35.60581],[6.01085,35.60292],[6.0107,35.60216],[6.01,35.60211],[6.00861,35.60242],[6.00827,35.60262],[6.0075,35.60352],[6.00761,35.60405],[6.00749,35.60419],[6.00683,35.60435],[6.00633,35.60476],[6.00585,35.60534],[6.00527,35.60575],[6.00445,35.60558],[6.00344,35.6062],[6.00182,35.60735],[6.00123,35.60831],[6.0009,35.60847],[6.00043,35.60824],[6.0003,35.6077],[6.00031,35.60714],[6.00055,35.60603],[6.00053,35.60485],[6.00018,35.60398],[5.99802,35.60201],[5.99697,35.60175],[5.99628,35.60139],[5.99593,35.60135],[5.99516,35.60163],[5.99429,35.60227],[5.99392,35.60279],[5.994,35.60339],[5.99551,35.6063],[5.99559,35.60771],[5.99484,35.60854],[5.99323,35.60916],[5.99225,35.60886],[5.99148,35.60846],[5.99086,35.60758],[5.98986,35.60705],[5.98899,35.60694],[5.98719,35.60722],[5.98575,35.60837],[5.98529,35.61176],[5.98481,35.61241],[5.98393,35.61256],[5.98286,35.61259],[5.98109,35.61176],[5.98058,35.61108],[5.98022,35.60975],[5.98065,35.60885],[5.98119,35.60847],[5.98243,35.60788],[5.98245,35.60735],[5.98297,35.60563],[5.98391,35.60502],[5.98616,35.60274],[5.98696,35.6008],[5.98723,35.59959],[5.98666,35.59779],[5.98563,35.59726],[5.98509,35.59738],[5.984,35.59791],[5.98286,35.59852],[5.98131,35.60059],[5.97949,35.60102],[5.97883,35.60095],[5.9778,35.60065],[5.97691,35.60013],[5.97716,35.59944],[5.97773,35.59929],[5.97826,35.59822],[5.9785,35.59811],[5.97903,35.59818],[5.97933,35.59799],[5.97938,35.59786],[5.97993,35.59787],[5.98032,35.59831],[5.97971,35.59931],[5.98016,35.59943],[5.98155,35.59855],[5.98242,35.59786],[5.98254,35.5975],[5.98136,35.59742],[5.98166,35.59723],[5.98172,35.59701],[5.98245,35.59636],[5.98193,35.59579],[5.98132,35.59442],[5.98103,35.59282],[5.98029,35.59293],[5.97982,35.59323],[5.97913,35.59446],[5.97904,35.59566],[5.97921,35.59595],[5.97921,35.59623],[5.97867,35.59671],[5.97648,35.59795],[5.97685,35.59835],[5.97675,35.59921],[5.97644,35.59962],[5.97619,35.59961],[5.97624,35.5989],[5.97553,35.59827],[5.97462,35.59703],[5.97407,35.59659],[5.97364,35.59591],[5.97369,35.59508],[5.97354,35.59471],[5.97322,35.5946],[5.97229,35.59586],[5.97125,35.59697],[5.97072,35.59733],[5.96986,35.59752],[5.96899,35.5975],[5.96798,35.59733],[5.96752,35.59687],[5.96706,35.59519],[5.96609,35.59427],[5.9662,35.5915],[5.9681,35.59056],[5.96963,35.59117],[5.97074,35.59115],[5.97352,35.59013],[5.97456,35.5893],[5.9749,35.58881],[5.97508,35.58797],[5.97502,35.58722],[5.97444,35.58641],[5.97189,35.58561],[5.97128,35.58522],[5.97087,35.58463],[5.97052,35.58364],[5.97065,35.58276],[5.97119,35.58223],[5.97373,35.5818],[5.97728,35.58267],[5.97878,35.58333],[5.97994,35.58325],[5.98108,35.58301],[5.98166,35.58258],[5.98171,35.58217],[5.98146,35.5818],[5.97959,35.58084],[5.97795,35.58092],[5.97724,35.58058],[5.97654,35.58038],[5.97596,35.57994],[5.97558,35.57951],[5.97549,35.57908],[5.97655,35.57896],[5.97776,35.57861],[5.97895,35.57861],[5.98165,35.577],[5.98365,35.57655],[5.98376,35.57698],[5.98331,35.57744],[5.98305,35.57785],[5.98303,35.57807],[5.98319,35.57813],[5.98339,35.57762],[5.98382,35.57717],[5.98393,35.57715],[5.98403,35.57735],[5.98458,35.5775],[5.98493,35.57745],[5.98675,35.57588],[5.98907,35.57528],[5.99066,35.57527],[5.99139,35.57564],[5.99217,35.57565],[5.99356,35.57669],[5.9947,35.57691],[5.99568,35.57689],[5.99628,35.5767],[5.99824,35.57717],[5.99976,35.57702],[6.00137,35.57708],[6.00337,35.57755],[6.0055,35.57786],[6.00725,35.57871],[6.00875,35.5787],[6.01012,35.57901],[6.01342,35.57882],[6.01552,35.5791],[6.01751,35.57967],[6.0188,35.58016],[6.02024,35.57997],[6.02131,35.58043],[6.02354,35.5816],[6.02414,35.582],[6.02474,35.58224],[6.02542,35.58348],[6.02555,35.58357],[6.03024,35.58457],[6.03079,35.58442],[6.03168,35.58384],[6.03197,35.58349],[6.03473,35.58174],[6.03612,35.58179],[6.03741,35.58083],[6.03873,35.5807],[6.04274,35.58107],[6.04473,35.58289],[6.04504,35.58515],[6.04359,35.58739],[6.04301,35.58781],[6.04562,35.58945],[6.04682,35.59041],[6.04817,35.59097],[6.04992,35.59138],[6.05115,35.59149],[6.053,35.58962],[6.05351,35.58871],[6.05537,35.58869],[6.05811,35.58762],[6.05849,35.58779],[6.05836,35.5893],[6.05839,35.5904],[6.0581,35.59155],[6.05996,35.59168],[6.06059,35.59265],[6.06041,35.59407],[6.06025,35.59406],[6.05935,35.59485],[6.0576,35.59609],[6.05653,35.59728],[6.05479,35.59805],[6.05506,35.59926],[6.05495,35.59898],[6.05469,35.59919],[6.05453,35.59978],[6.05437,35.60002],[6.05,35.6014],[6.04861,35.60156],[6.04686,35.60209],[6.04525,35.60162],[6.04477,35.60239],[6.04411,35.60252],[6.04381,35.60136],[6.04206,35.60087],[6.03937,35.60124],[6.03827,35.60193],[6.03613,35.60254],[6.0356,35.60308],[6.03535,35.60445],[6.03495,35.60472],[6.03467,35.60512],[6.0337,35.60453],[6.03303,35.60375],[6.03209,35.60326],[6.03121,35.60238],[6.03039,35.60223],[6.02967,35.60178],[6.02928,35.60101],[6.02864,35.60051],[6.02765,35.59927],[6.02656,35.59894],[6.02499,35.5979],[6.02354,35.59642],[6.02363,35.59547],[6.02304,35.59481],[6.02206,35.59441],[6.02201,35.5952],[6.02275,35.59639],[6.022,35.59661],[6.02064,35.59544],[6.01867,35.59495],[6.01739,35.596],[6.01793,35.59785],[6.01927,35.59925],[6.01953,35.60072],[6.02206,35.60219],[6.02262,35.60224],[6.02471,35.60331],[6.0271,35.60418],[6.02943,35.60476],[6.03071,35.60542]],[[6.02196,35.60669],[6.02237,35.60681],[6.02249,35.60695],[6.02249,35.60677],[6.02279,35.6065],[6.02257,35.606],[6.02233,35.6061],[6.02217,35.60596],[6.02184,35.60596],[6.02186,35.60613],[6.022,35.60621],[6.02188,35.60656],[6.02196,35.60669]],[[6.01134,35.60351],[6.01283,35.60381],[6.0134,35.6042],[6.01366,35.60452],[6.01418,35.60466],[6.01524,35.60425],[6.01587,35.6043],[6.01656,35.60413],[6.01676,35.60388],[6.01709,35.60373],[6.01747,35.60382],[6.01784,35.60357],[6.01791,35.60334],[6.01765,35.60312],[6.01725,35.60297],[6.01687,35.60341],[6.01653,35.60351],[6.01597,35.60336],[6.01581,35.6034],[6.01569,35.60362],[6.01544,35.6037],[6.01495,35.60359],[6.01449,35.60251],[6.01454,35.60208],[6.01438,35.60198],[6.01423,35.60207],[6.0138,35.60191],[6.01362,35.60176],[6.01354,35.60153],[6.01395,35.60112],[6.01482,35.60132],[6.01499,35.60123],[6.01507,35.60107],[6.01464,35.60082],[6.01426,35.60044],[6.01398,35.60075],[6.01344,35.59978],[6.01322,35.59965],[6.01328,35.60026],[6.013,35.6005],[6.01281,35.60054],[6.0134,35.60131],[6.01339,35.60176],[6.01272,35.60201],[6.0131,35.60263],[6.0131,35.60301],[6.01292,35.60309],[6.01236,35.60291],[6.01209,35.60263],[6.01162,35.60238],[6.01116,35.60242],[6.01098,35.60258],[6.0111,35.60337],[6.01134,35.60351]],[[6.01582,35.60204],[6.01575,35.6029],[6.01608,35.60288],[6.01678,35.60244],[6.0165,35.60237],[6.01654,35.60213],[6.01676,35.60206],[6.01655,35.60177],[6.0164,35.60183],[6.01643,35.60211],[6.01582,35.60204]],[[6.01756,35.60238],[6.01762,35.60251],[6.01822,35.60231],[6.01835,35.60216],[6.01885,35.60205],[6.01896,35.60192],[6.01927,35.60197],[6.01942,35.60177],[6.01947,35.60151],[6.01924,35.60124],[6.01928,35.60112],[6.01948,35.60108],[6.01947,35.601],[6.01906,35.60073],[6.01894,35.60076],[6.01886,35.60149],[6.01874,35.60171],[6.01862,35.60156],[6.0183,35.60142],[6.01791,35.60152],[6.01751,35.60195],[6.01755,35.60205],[6.01783,35.60202],[6.01776,35.60222],[6.01756,35.60238]],[[6.01847,35.6013],[6.0186,35.6008],[6.01895,35.60011],[6.01881,35.59922],[6.01853,35.59901],[6.01793,35.59888],[6.01758,35.59895],[6.01662,35.59881],[6.01669,35.59917],[6.01647,35.59937],[6.01647,35.59956],[6.01694,35.59975],[6.01738,35.60016],[6.01804,35.60005],[6.01806,35.60023],[6.01786,35.60055],[6.01759,35.60071],[6.01773,35.60089],[6.01803,35.60098],[6.01847,35.6013]],[[5.9896,35.60052],[5.98934,35.5998],[5.9894,35.59939],[5.98964,35.59886],[5.99014,35.59845],[5.99024,35.59818],[5.99016,35.59756],[5.98993,35.59733],[5.99041,35.59654],[5.99051,35.59617],[5.99041,35.59602],[5.99012,35.59612],[5.98968,35.59671],[5.9891,35.59682],[5.9888,35.59696],[5.98872,35.59709],[5.98844,35.59713],[5.98856,35.59723],[5.98918,35.59723],[5.98935,35.59735],[5.98942,35.59767],[5.98936,35.59795],[5.98952,35.59837],[5.98919,35.59868],[5.98937,35.59904],[5.98921,35.59908],[5.98889,35.59892],[5.98878,35.59899],[5.98885,35.59935],[5.98906,35.59975],[5.98907,35.60026],[5.98952,35.60078],[5.9896,35.60052]],[[6.00312,35.59542],[6.00323,35.59591],[6.00285,35.59659],[6.00322,35.59754],[6.00378,35.59813],[6.00402,35.59868],[6.00422,35.59883],[6.00448,35.59867],[6.00467,35.59826],[6.00469,35.59672],[6.00481,35.59632],[6.00535,35.59587],[6.00574,35.59506],[6.00576,35.59478],[6.00611,35.59418],[6.00644,35.59407],[6.00659,35.59375],[6.00657,35.59319],[6.00632,35.59311],[6.00596,35.59326],[6.00585,35.59322],[6.00575,35.59299],[6.00586,35.59309],[6.00616,35.59311],[6.00644,35.59292],[6.007,35.59315],[6.00754,35.59363],[6.00831,35.5938],[6.0093,35.59484],[6.01006,35.59523],[6.01028,35.59513],[6.01147,35.59562],[6.01235,35.59542],[6.01332,35.59481],[6.01399,35.594],[6.01451,35.59393],[6.01679,35.59291],[6.01728,35.59194],[6.01802,35.59146],[6.0186,35.59054],[6.01868,35.59028],[6.01853,35.5901],[6.01791,35.58999],[6.01746,35.58971],[6.01724,35.58935],[6.01734,35.58905],[6.01779,35.58874],[6.01842,35.58877],[6.01964,35.58899],[6.02005,35.58898],[6.02118,35.58945],[6.02199,35.58957],[6.02213,35.58936],[6.02213,35.58919],[6.0216,35.58823],[6.02138,35.58759],[6.02119,35.58752],[6.0211,35.5872],[6.02087,35.58711],[6.02023,35.58674],[6.02113,35.58716],[6.02122,35.5875],[6.02141,35.58759],[6.02168,35.58751],[6.02164,35.58722],[6.02223,35.58728],[6.02256,35.58707],[6.02245,35.58688],[6.02213,35.58664],[6.02139,35.58628],[6.01984,35.586],[6.01974,35.58589],[6.01997,35.58559],[6.01983,35.58546],[6.0194,35.58542],[6.01908,35.5856],[6.01901,35.58553],[6.01919,35.58542],[6.01908,35.58532],[6.01877,35.58529],[6.0184,35.58507],[6.0184,35.58521],[6.0168,35.58459],[6.01661,35.58484],[6.01665,35.58499],[6.01695,35.58528],[6.01684,35.58524],[6.01655,35.58487],[6.01672,35.58458],[6.01666,35.58443],[6.01619,35.58405],[6.01571,35.58386],[6.01569,35.58418],[6.01585,35.5846],[6.01665,35.58535],[6.01676,35.58562],[6.01664,35.58556],[6.01661,35.58538],[6.01551,35.5846],[6.01519,35.58446],[6.01444,35.58439],[6.01376,35.58454],[6.01324,35.58482],[6.01308,35.58503],[6.01313,35.58524],[6.01336,35.58553],[6.01321,35.58574],[6.01347,35.58597],[6.01354,35.5862],[6.01324,35.58589],[6.01302,35.58525],[6.01242,35.5851],[6.01123,35.58526],[6.011,35.58537],[6.01087,35.58557],[6.01005,35.58576],[6.00986,35.58588],[6.00971,35.58627],[6.00947,35.58649],[6.0091,35.58636],[6.00856,35.58642],[6.00751,35.58624],[6.0061,35.5857],[6.00568,35.5853],[6.00523,35.58516],[6.00504,35.58523],[6.0052,35.58515],[6.00565,35.5851],[6.00511,35.58476],[6.00395,35.58367],[6.00356,35.58344],[6.00253,35.58324],[6.00164,35.58347],[5.99928,35.58375],[5.99799,35.58337],[5.99755,35.58295],[5.99726,35.58234],[5.99648,35.58187],[5.99603,35.58182],[5.99536,35.58196],[5.99592,35.58165],[5.99723,35.58212],[5.9975,35.58213],[5.99754,35.58163],[5.99737,35.58144],[5.99699,35.58118],[5.99612,35.58123],[5.99549,35.58084],[5.99518,35.58078],[5.99498,35.58082],[5.99481,35.58106],[5.99446,35.5812],[5.99474,35.58095],[5.99467,35.58058],[5.99425,35.5802],[5.99336,35.57969],[5.99268,35.57887],[5.99137,35.57869],[5.99067,35.57849],[5.98981,35.57849],[5.98799,35.57929],[5.98782,35.57959],[5.98791,35.58],[5.98802,35.58008],[5.98986,35.58052],[5.99036,35.58084],[5.99062,35.58168],[5.99116,35.58241],[5.99089,35.58309],[5.99093,35.58376],[5.99121,35.58447],[5.99206,35.58505],[5.99241,35.58562],[5.99333,35.58663],[5.99367,35.58681],[5.994,35.58683],[5.99309,35.58768],[5.99257,35.58777],[5.99191,35.58817],[5.9912,35.58804],[5.99109,35.58828],[5.99079,35.58852],[5.99078,35.58883],[5.9911,35.58883],[5.99086,35.58909],[5.99066,35.58965],[5.99065,35.59054],[5.99027,35.59094],[5.99029,35.5912],[5.99015,35.59136],[5.99012,35.59164],[5.98999,35.59184],[5.99003,35.59204],[5.99018,35.59217],[5.99057,35.59189],[5.99075,35.59137],[5.99112,35.591],[5.99105,35.59047],[5.99115,35.58945],[5.99136,35.58918],[5.99148,35.58882],[5.99196,35.5885],[5.99221,35.58856],[5.99232,35.58871],[5.99222,35.58923],[5.9923,35.58937],[5.99311,35.58917],[5.99322,35.58918],[5.99329,35.5893],[5.99313,35.58964],[5.99256,35.58969],[5.99237,35.5899],[5.99238,35.59043],[5.99261,35.59116],[5.99278,35.59104],[5.99321,35.59009],[5.99393,35.59058],[5.99411,35.59054],[5.99418,35.59039],[5.99414,35.58995],[5.99387,35.58958],[5.99415,35.58903],[5.99373,35.58893],[5.99361,35.5887],[5.99415,35.58839],[5.9948,35.58852],[5.99503,35.58848],[5.99478,35.58779],[5.9952,35.58738],[5.99545,35.58697],[5.99534,35.58641],[5.99518,35.58641],[5.99485,35.58667],[5.99465,35.58663],[5.99457,35.58652],[5.99544,35.58633],[5.99561,35.58656],[5.9959,35.58623],[5.99561,35.58657],[5.99539,35.58725],[5.99499,35.58767],[5.99497,35.58798],[5.9951,35.5882],[5.99567,35.58861],[5.99593,35.58906],[5.99594,35.58969],[5.99554,35.59038],[5.99549,35.59081],[5.99556,35.59101],[5.99603,35.59126],[5.99659,35.59126],[5.99875,35.59016],[5.99925,35.59006],[5.99996,35.59004],[6.00107,35.5903],[6.00142,35.59049],[6.00166,35.59041],[6.00199,35.58991],[6.00218,35.58905],[6.00272,35.58815],[6.0028,35.58765],[6.00319,35.5871],[6.00328,35.58668],[6.00295,35.58609],[6.00284,35.58611],[6.00275,35.58626],[6.00252,35.58629],[6.00231,35.58614],[6.00212,35.58616],[6.00188,35.58636],[6.00012,35.58681],[5.99949,35.58679],[5.99904,35.58652],[5.99927,35.58654],[5.99935,35.58642],[5.99952,35.58667],[6.00024,35.58668],[6.00116,35.58636],[6.00177,35.58628],[6.00217,35.58604],[6.00263,35.58617],[6.00287,35.58595],[6.00316,35.58603],[6.00348,35.5866],[6.00351,35.58696],[6.0033,35.58675],[6.00321,35.58711],[6.00292,35.58753],[6.00257,35.58864],[6.00262,35.58888],[6.00287,35.58919],[6.0042,35.58913],[6.00477,35.58861],[6.00526,35.58778],[6.00539,35.58733],[6.00516,35.58718],[6.00554,35.58636],[6.00563,35.58625],[6.00531,35.58698],[6.00555,35.58717],[6.00533,35.58773],[6.00457,35.58895],[6.00429,35.58963],[6.00445,35.58982],[6.00486,35.58932],[6.00528,35.58916],[6.00571,35.58932],[6.00576,35.58975],[6.00564,35.59002],[6.00519,35.5904],[6.00523,35.59059],[6.00509,35.59087],[6.0051,35.59115],[6.0047,35.59133],[6.00453,35.59132],[6.00367,35.59241],[6.00378,35.59248],[6.00444,35.59211],[6.00477,35.59167],[6.00521,35.59175],[6.00569,35.59104],[6.00623,35.59108],[6.00608,35.59119],[6.0063,35.59139],[6.00638,35.5916],[6.00614,35.59195],[6.00554,35.59237],[6.00559,35.59274],[6.00537,35.59242],[6.00514,35.59255],[6.00459,35.59262],[6.00413,35.59244],[6.004,35.59271],[6.00406,35.59302],[6.00377,35.59347],[6.00301,35.59386],[6.00279,35.59408],[6.0028,35.59421],[6.00322,35.5947],[6.00325,35.59505],[6.00312,35.59542]],[[6.01537,35.59755],[6.01455,35.59811],[6.01451,35.59828],[6.01476,35.59835],[6.01498,35.5981],[6.01553,35.59817],[6.01554,35.59807],[6.01528,35.59787],[6.01539,35.59774],[6.01583,35.59797],[6.01598,35.59797],[6.01616,35.5978],[6.01568,35.59758],[6.01537,35.59755]],[[6.01498,35.59757],[6.01508,35.59747],[6.01489,35.59731],[6.01487,35.59712],[6.01454,35.59699],[6.01436,35.59715],[6.01395,35.59691],[6.01376,35.59709],[6.01367,35.59776],[6.01379,35.59796],[6.0145,35.5975],[6.01498,35.59757]],[[6.0203,35.59421],[6.02057,35.59475],[6.02125,35.59507],[6.0216,35.59458],[6.02141,35.5941],[6.02176,35.59396],[6.02178,35.59381],[6.02107,35.5933],[6.02091,35.593],[6.02001,35.59253],[6.0198,35.5921],[6.01881,35.59258],[6.01885,35.59275],[6.01903,35.59286],[6.01963,35.59286],[6.01984,35.59317],[6.02005,35.59309],[6.02021,35.59316],[6.02025,35.59346],[6.01991,35.59379],[6.01981,35.59406],[6.01996,35.59422],[6.0203,35.59421]],[[6.02312,35.59232],[6.02296,35.59286],[6.0233,35.59372],[6.02524,35.59575],[6.02568,35.59606],[6.02582,35.59654],[6.02633,35.5972],[6.02645,35.59715],[6.02649,35.59688],[6.02686,35.59653],[6.02792,35.59642],[6.02791,35.59623],[6.0277,35.59609],[6.02781,35.5959],[6.02812,35.59592],[6.02847,35.59574],[6.02867,35.59579],[6.0289,35.59562],[6.02923,35.59572],[6.02915,35.59633],[6.02945,35.5967],[6.02956,35.59642],[6.02971,35.5963],[6.02999,35.59658],[6.03035,35.59663],[6.03035,35.59715],[6.03046,35.59722],[6.03074,35.59703],[6.03091,35.59674],[6.03088,35.59594],[6.03009,35.59478],[6.02994,35.59441],[6.02955,35.59398],[6.02947,35.59324],[6.02869,35.59231],[6.02837,35.59169],[6.02764,35.5908],[6.02731,35.59073],[6.02715,35.59105],[6.02673,35.59064],[6.02649,35.59055],[6.0265,35.59025],[6.02595,35.59002],[6.02597,35.59027],[6.0265,35.59081],[6.02639,35.59113],[6.02598,35.59135],[6.02616,35.59155],[6.02605,35.59188],[6.02571,35.59191],[6.02537,35.59164],[6.02493,35.59145],[6.02425,35.59078],[6.024,35.59182],[6.02393,35.59191],[6.02362,35.59191],[6.02266,35.59154],[6.0225,35.59105],[6.02276,35.59069],[6.02243,35.59046],[6.02239,35.59026],[6.02222,35.59024],[6.02237,35.59052],[6.02231,35.59097],[6.02239,35.59252],[6.02252,35.59262],[6.02266,35.59219],[6.02291,35.59216],[6.02312,35.59232]],[[6.03155,35.59694],[6.0314,35.59712],[6.03161,35.59744],[6.03164,35.59803],[6.03153,35.59826],[6.03133,35.59838],[6.03142,35.5985],[6.03199,35.59834],[6.03209,35.59823],[6.03213,35.5979],[6.03187,35.59719],[6.03155,35.59694]],[[6.02928,35.59835],[6.02864,35.59843],[6.02837,35.59872],[6.02837,35.59888],[6.02868,35.59912],[6.02924,35.59984],[6.0299,35.59967],[6.02989,35.60016],[6.03015,35.60043],[6.03005,35.60075],[6.03035,35.60122],[6.03054,35.60132],[6.03112,35.60123],[6.03117,35.60086],[6.03211,35.60074],[6.03214,35.6004],[6.03227,35.60028],[6.03212,35.6],[6.03184,35.59989],[6.03131,35.60013],[6.03111,35.60012],[6.03101,35.59986],[6.03126,35.59958],[6.0312,35.59939],[6.03103,35.59933],[6.03054,35.59964],[6.0302,35.59952],[6.03014,35.59937],[6.03021,35.59924],[6.0307,35.59908],[6.03074,35.59898],[6.03028,35.59906],[6.03,35.59899],[6.02988,35.5989],[6.03001,35.59843],[6.02977,35.59846],[6.02928,35.59835]],[[6.0356,35.59978],[6.03581,35.60022],[6.03676,35.59992],[6.03681,35.59979],[6.03711,35.5997],[6.03703,35.59922],[6.03677,35.59862],[6.03693,35.59842],[6.03652,35.59835],[6.03642,35.5982],[6.03652,35.598],[6.03629,35.59797],[6.03599,35.59748],[6.03588,35.59784],[6.03566,35.59765],[6.03552,35.59776],[6.0355,35.59792],[6.03589,35.59861],[6.03593,35.59888],[6.03565,35.59905],[6.0357,35.59934],[6.0356,35.59978]],[[6.05337,35.5969],[6.05365,35.59708],[6.05369,35.59679],[6.05388,35.59669],[6.05392,35.59657],[6.05359,35.5962],[6.05306,35.59622],[6.05277,35.59674],[6.05304,35.59689],[6.05337,35.5969]],[[6.05278,35.59621],[6.05295,35.59613],[6.05291,35.59604],[6.05234,35.5953],[6.05182,35.59521],[6.05139,35.59537],[6.05127,35.59551],[6.0514,35.59575],[6.05278,35.59621]],[[6.05635,35.59392],[6.05654,35.59413],[6.05686,35.59407],[6.05707,35.59361],[6.05693,35.5932],[6.05665,35.59293],[6.05625,35.593],[6.05556,35.59346],[6.05536,35.59338],[6.05518,35.59312],[6.05494,35.59303],[6.05418,35.59314],[6.05377,35.59335],[6.05376,35.59372],[6.05447,35.59401],[6.05569,35.59376],[6.05635,35.59392]],[[6.02065,35.59087],[6.01965,35.59021],[6.01938,35.59035],[6.01956,35.59053],[6.01984,35.59064],[6.01997,35.59089],[6.01999,35.59119],[6.02025,35.59151],[6.02045,35.59157],[6.02069,35.59132],[6.02065,35.59087]],[[6.037,35.58907],[6.03648,35.58944],[6.03684,35.58953],[6.03747,35.58951],[6.03754,35.58939],[6.03737,35.58889],[6.03762,35.58881],[6.03818,35.58883],[6.03832,35.58869],[6.03818,35.58851],[6.03789,35.58841],[6.03727,35.58842],[6.03585,35.58798],[6.03517,35.58797],[6.03461,35.58781],[6.03407,35.58789],[6.03341,35.58818],[6.03328,35.58837],[6.03346,35.58863],[6.0343,35.5892],[6.03453,35.58913],[6.03467,35.58889],[6.03489,35.58884],[6.03582,35.58929],[6.0362,35.58925],[6.03676,35.58894],[6.037,35.58907]],[[6.03162,35.58733],[6.03218,35.58756],[6.03276,35.58754],[6.03297,35.5872],[6.03288,35.58694],[6.03253,35.58668],[6.03185,35.58676],[6.03172,35.5869],[6.03179,35.58714],[6.03161,35.58725],[6.03162,35.58733]],[[6.03846,35.5857],[6.03869,35.58591],[6.03907,35.58606],[6.03936,35.58606],[6.03947,35.58591],[6.03912,35.58542],[6.03852,35.58516],[6.03823,35.58527],[6.03846,35.5857]],[[6.00515,35.5841],[6.00609,35.58404],[6.00614,35.58385],[6.00575,35.58327],[6.00532,35.58308],[6.00464,35.58297],[6.00341,35.58222],[6.00245,35.58241],[6.00168,35.58243],[6.00142,35.5826],[6.00157,35.58281],[6.00179,35.58286],[6.00227,35.58285],[6.00283,35.58266],[6.00323,35.5827],[6.00364,35.58298],[6.00405,35.58291],[6.00501,35.58344],[6.00548,35.58353],[6.00492,35.584],[6.00515,35.5841]],[[5.9788,35.58009],[5.97857,35.57992],[5.97861,35.58007],[5.97895,35.58036],[5.97963,35.58052],[5.97983,35.58036],[5.97983,35.58013],[5.97969,35.58009],[5.97923,35.58006],[5.97907,35.58015],[5.9788,35.58009]],[[5.98046,35.58032],[5.98034,35.58042],[5.98059,35.58056],[5.98114,35.58058],[5.98089,35.58019],[5.98072,35.58035],[5.98046,35.58032]],[[5.97609,35.58351],[5.97612,35.58341],[5.97597,35.58332],[5.9759,35.5831],[5.97552,35.58321],[5.97546,35.58333],[5.97564,35.58345],[5.97552,35.5837],[5.97553,35.58402],[5.97568,35.58401],[5.97592,35.58376],[5.97595,35.58351],[5.97609,35.58351]],[[5.98749,35.58518],[5.98691,35.5851],[5.98685,35.58531],[5.98634,35.58542],[5.98635,35.58553],[5.98643,35.58563],[5.98665,35.58566],[5.98718,35.5854],[5.98746,35.58551],[5.98748,35.5857],[5.98728,35.58587],[5.9868,35.58591],[5.98661,35.58647],[5.9864,35.58666],[5.98587,35.58664],[5.9855,35.58593],[5.98492,35.58563],[5.98397,35.58563],[5.98285,35.58599],[5.98269,35.5862],[5.98259,35.58688],[5.98324,35.58741],[5.98331,35.58758],[5.98392,35.58793],[5.98382,35.58817],[5.98339,35.58835],[5.9832,35.58864],[5.98329,35.58896],[5.98461,35.58978],[5.98473,35.58951],[5.98498,35.58934],[5.98498,35.58861],[5.98507,35.58852],[5.9854,35.58877],[5.98547,35.58916],[5.98593,35.58948],[5.98614,35.58958],[5.9867,35.58947],[5.98709,35.58838],[5.98697,35.58813],[5.98708,35.5878],[5.98742,35.58753],[5.98767,35.58692],[5.98798,35.58666],[5.98825,35.58614],[5.98813,35.58561],[5.98784,35.58554],[5.98749,35.58518]],[[5.97959,35.58747],[5.97942,35.58749],[5.97934,35.58784],[5.97883,35.58832],[5.97827,35.58928],[5.97837,35.58944],[5.97864,35.58941],[5.9788,35.5897],[5.97878,35.58988],[5.97887,35.58992],[5.97935,35.58985],[5.97947,35.58954],[5.97973,35.58935],[5.97986,35.58907],[5.98023,35.58913],[5.9804,35.58888],[5.98032,35.58867],[5.98055,35.58824],[5.98052,35.58767],[5.98024,35.58743],[5.98001,35.58771],[5.97982,35.58774],[5.97959,35.58747]],[[5.99002,35.58715],[5.98964,35.5874],[5.98939,35.58808],[5.98944,35.58823],[5.98967,35.58802],[5.98975,35.5878],[5.99004,35.58795],[5.99022,35.58784],[5.99061,35.58748],[5.9907,35.58717],[5.99066,35.58702],[5.99052,35.58699],[5.99002,35.58715]],[[6.003,35.60467],[6.00353,35.60442],[6.0032,35.6039],[6.00298,35.60396],[6.00274,35.6042],[6.00281,35.60426],[6.00272,35.60447],[6.003,35.60467]],[[5.98558,35.60769],[5.98506,35.60637],[5.98505,35.60605],[5.98536,35.6054],[5.98586,35.60486],[5.98602,35.60418],[5.98594,35.60399],[5.98553,35.6041],[5.98516,35.60466],[5.98457,35.6052],[5.98454,35.60544],[5.98477,35.60588],[5.98479,35.60635],[5.98412,35.60739],[5.9845,35.60789],[5.98486,35.608],[5.98529,35.60801],[5.98556,35.60783],[5.98558,35.60769]],[[5.98189,35.57725],[5.98172,35.57737],[5.9816,35.57764],[5.98177,35.57763],[5.98212,35.57732],[5.98189,35.57725]],[[6.0332,35.6029],[6.03298,35.6029],[6.03278,35.60312],[6.03281,35.60333],[6.03318,35.60355],[6.03376,35.6037],[6.03385,35.60356],[6.03375,35.60344],[6.03334,35.60348],[6.03372,35.60321],[6.03363,35.60293],[6.03345,35.60289],[6.03308,35.60322],[6.0332,35.6029]],[[6.03424,35.60344],[6.0342,35.60358],[6.03434,35.60384],[6.03395,35.60418],[6.03396,35.6046],[6.03468,35.60462],[6.03477,35.60452],[6.03468,35.60425],[6.0349,35.60387],[6.03491,35.60352],[6.0351,35.60325],[6.03424,35.60344]],[[6.0054,35.60114],[6.00465,35.60165],[6.00346,35.60153],[6.00295,35.60178],[6.00335,35.60199],[6.00424,35.6018],[6.00476,35.6025],[6.00522,35.60265],[6.00579,35.60263],[6.00613,35.6022],[6.00665,35.60224],[6.0069,35.60206],[6.00697,35.60186],[6.00682,35.60174],[6.00658,35.60184],[6.00636,35.60179],[6.00593,35.60202],[6.00572,35.60197],[6.00544,35.60152],[6.0054,35.60114]]],[[[6.03347,35.6065],[6.03407,35.60626],[6.03407,35.60627],[6.03347,35.6065]]],[[[6.03404,35.60603],[6.03407,35.60626],[6.03388,35.60588],[6.03404,35.60603]]],[[[6.03421,35.60518],[6.03467,35.60512],[6.0345,35.60535],[6.03455,35.60608],[6.03437,35.60615],[6.03436,35.60568],[6.03421,35.60518]]],[[[6.00742,35.59057],[6.00733,35.59072],[6.00709,35.59089],[6.00689,35.591],[6.00665,35.59105],[6.00659,35.59105],[6.00691,35.59095],[6.00742,35.59057]]],[[[6.0084,35.59003],[6.00778,35.59026],[6.00787,35.5902],[6.0084,35.59003]]],[[[6.00889,35.5893],[6.00875,35.58951],[6.00872,35.58961],[6.00864,35.58955],[6.00869,35.58938],[6.00889,35.5893]]],[[[6.00951,35.58786],[6.0091,35.58832],[6.00901,35.58899],[6.00878,35.58899],[6.00873,35.58888],[6.00896,35.58841],[6.00894,35.58798],[6.00951,35.58786]]],[[[6.0139,35.58801],[6.01397,35.58802],[6.01398,35.58803],[6.0139,35.58801]]],[[[6.01509,35.5872],[6.01515,35.58725],[6.01522,35.58731],[6.01533,35.5876],[6.01526,35.58799],[6.01528,35.58749],[6.01509,35.5872]]],[[[6.01311,35.58757],[6.01313,35.58757],[6.01315,35.58758],[6.01311,35.58757]]],[[[6.01097,35.58693],[6.0102,35.58747],[6.00999,35.5875],[6.00978,35.5874],[6.00974,35.58694],[6.01009,35.58714],[6.01097,35.58693]]],[[[6.01229,35.58692],[6.01244,35.58702],[6.01276,35.58734],[6.01243,35.58712],[6.01229,35.58692]]],[[[6.01451,35.58679],[6.01489,35.58699],[6.01507,35.58719],[6.01484,35.58698],[6.01451,35.58679]]],[[[6.00481,35.58677],[6.00461,35.58701],[6.00457,35.58732],[6.00434,35.58742],[6.00434,35.58726],[6.0045,35.58705],[6.00441,35.58695],[6.00464,35.58684],[6.00478,35.5865],[6.00471,35.58611],[6.00434,35.58574],[6.00327,35.58561],[6.00316,35.5854],[6.00372,35.58539],[6.0043,35.58559],[6.0049,35.58626],[6.00481,35.58677]]],[[[6.00418,35.58694],[6.00395,35.58736],[6.00378,35.58735],[6.00404,35.58714],[6.00418,35.58694]]],[[[6.00354,35.58722],[6.00366,35.58732],[6.00374,35.58735],[6.00367,35.58734],[6.00356,35.58728],[6.00354,35.58722]]],[[[6.02007,35.58626],[6.02017,35.58671],[6.02007,35.58669],[6.02007,35.58636],[6.01932,35.58607],[6.02007,35.58626]]],[[[6.01175,35.58644],[6.01219,35.58683],[6.01168,35.58653],[6.01122,35.58646],[6.01086,35.58667],[6.01037,35.58662],[6.00979,35.58679],[6.00976,35.58676],[6.01118,35.58636],[6.01175,35.58644]]],[[[6.01438,35.58671],[6.01441,35.58671],[6.01447,35.58675],[6.01438,35.58671]]],[[[6.00832,35.58662],[6.00675,35.58631],[6.00642,35.58616],[6.00617,35.58592],[6.00706,35.5862],[6.00872,35.58652],[6.00905,35.58645],[6.0092,35.58653],[6.00832,35.58662]]],[[[5.99822,35.58586],[5.9986,35.586],[5.99881,35.5862],[5.99898,35.58646],[5.9986,35.58603],[5.9983,35.58589],[5.99756,35.58593],[5.99712,35.58583],[5.99655,35.58588],[5.99702,35.58581],[5.9976,35.58591],[5.99822,35.58586]]],[[[6.01849,35.58526],[6.01875,35.58538],[6.01875,35.58564],[6.01901,35.5859],[6.01884,35.58584],[6.01864,35.58553],[6.01865,35.58536],[6.01849,35.58526]]],[[[6.01722,35.5857],[6.01705,35.58577],[6.0169,35.5857],[6.01687,35.58569],[6.01713,35.58566],[6.01717,35.58535],[6.01701,35.5853],[6.01711,35.58525],[6.01731,35.58538],[6.01721,35.58548],[6.01722,35.5857]]],[[[5.99638,35.58591],[5.99619,35.58601],[5.99597,35.58617],[5.99602,35.58611],[5.99628,35.58595],[5.99638,35.58591]]],[[[6.0009,35.58511],[6.00108,35.58511],[6.00142,35.5851],[6.0012,35.58521],[6.0009,35.58511]]],[[[6.00465,35.58488],[6.00472,35.58498],[6.00468,35.58508],[6.00467,35.58507],[6.00465,35.58488]]],[[[6.00207,35.58511],[6.00201,35.58508],[6.00216,35.58508],[6.00207,35.58511]]],[[[6.00444,35.5848],[6.00417,35.58433],[6.00461,35.58484],[6.00444,35.5848]]],[[[6.00304,35.58442],[6.00292,35.58428],[6.00311,35.58441],[6.00304,35.58442]]],[[[6.00346,35.58396],[6.00363,35.58415],[6.00343,35.58423],[6.00346,35.58412],[6.00346,35.58396]]],[[[6.003,35.58395],[6.0028,35.58414],[6.00251,35.5841],[6.00275,35.58404],[6.00285,35.58391],[6.003,35.58395]]],[[[6.00366,35.58379],[6.00382,35.58397],[6.00385,35.58401],[6.0037,35.58396],[6.00366,35.58379]]],[[[6.00197,35.58375],[6.0015,35.58385],[6.00143,35.58377],[6.00177,35.58378],[6.002,35.58353],[6.00222,35.58346],[6.00197,35.58375]]],[[[6.00354,35.58372],[6.0036,35.58374],[6.00354,35.58374],[6.00354,35.58372]]],[[[6.00323,35.58366],[6.00324,35.58367],[6.00324,35.58368],[6.00323,35.58366]]],[[[6.00285,35.58352],[6.00313,35.58358],[6.00322,35.58365],[6.00281,35.58353],[6.00256,35.58358],[6.00285,35.58352]]],[[[5.99417,35.58212],[5.99382,35.5823],[5.99388,35.58248],[5.99331,35.58294],[5.99316,35.58324],[5.9929,35.58317],[5.99287,35.5826],[5.99331,35.58235],[5.99313,35.58183],[5.9932,35.58174],[5.99331,35.58185],[5.99323,35.58207],[5.9934,35.58218],[5.99437,35.58197],[5.99514,35.58204],[5.9945,35.58221],[5.99417,35.58212]]],[[[5.99336,35.58151],[5.99367,35.58145],[5.99327,35.58163],[5.99336,35.58151]]]]}},{"type":"Feature","properties":{"Name":"Cédraie 6 11","OCCUPATION":"CEDRAIE","ETAT":"DEGRADEE","INTERVENTI":"TRAVAUX"},"geometry":{"type":"Polygon","coordinates":[[[6.09837,35.59828],[6.09701,35.59691],[6.09571,35.59695],[6.09499,35.59682],[6.09486,35.59664],[6.09452,35.5967],[6.09433,35.59663],[6.09385,35.59619],[6.09317,35.59599],[6.09276,35.59596],[6.09249,35.59623],[6.09231,35.59627],[6.09169,35.59572],[6.09145,35.59577],[6.09058,35.59567],[6.09004,35.5955],[6.08847,35.59472],[6.08691,35.59377],[6.08318,35.59174],[6.08233,35.59057],[6.08204,35.5895],[6.08167,35.58875],[6.0812,35.58811],[6.08077,35.58779],[6.08048,35.58739],[6.08006,35.58723],[6.07934,35.58601],[6.0783,35.58508],[6.07823,35.58481],[6.07831,35.58434],[6.07851,35.58416],[6.07868,35.58418],[6.07848,35.58384],[6.07809,35.58374],[6.07761,35.58341],[6.07741,35.58301],[6.0773,35.58243],[6.07749,35.58129],[6.07766,35.58108],[6.07865,35.58067],[6.07961,35.58068],[6.07981,35.58083],[6.07992,35.5808],[6.08031,35.58019],[6.08,35.57968],[6.08002,35.57938],[6.08157,35.5793],[6.08445,35.57962],[6.0864,35.57973],[6.08746,35.58038],[6.08804,35.58052],[6.08888,35.58108],[6.09001,35.58134],[6.09047,35.58181],[6.09214,35.58197],[6.09334,35.58238],[6.09352,35.58248],[6.09357,35.58286],[6.09445,35.5833],[6.09519,35.5842],[6.09573,35.58445],[6.0968,35.58452],[6.09766,35.5849],[6.09838,35.58535],[6.09941,35.58578],[6.10179,35.58626],[6.10294,35.58665],[6.10346,35.58672],[6.10447,35.58666],[6.10506,35.58716],[6.10586,35.58803],[6.10797,35.58956],[6.10874,35.58999],[6.1111,35.59055],[6.11303,35.59112],[6.11412,35.59182],[6.11492,35.59263],[6.11483,35.59312],[6.11499,35.59324],[6.1142,35.5932],[6.11327,35.59387],[6.11304,35.59438],[6.11273,35.59477],[6.11192,35.59492],[6.11123,35.59488],[6.11073,35.59553],[6.10975,35.59637],[6.10935,35.59706],[6.10786,35.59723],[6.10564,35.59773],[6.10328,35.5988],[6.10219,35.59908],[6.09919,35.59873],[6.09837,35.59828]],[[6.08115,35.58187],[6.08081,35.58197],[6.08076,35.58228],[6.08108,35.58249],[6.08133,35.58242],[6.08145,35.58204],[6.0813,35.58206],[6.08115,35.58187]],[[6.07904,35.58487],[6.07877,35.5848],[6.07854,35.58497],[6.07904,35.58538],[6.07893,35.58493],[6.07904,35.58487]],[[6.09759,35.59582],[6.09768,35.59571],[6.09752,35.5952],[6.09759,35.5947],[6.09715,35.59417],[6.09722,35.59374],[6.09714,35.59358],[6.09695,35.59357],[6.09649,35.59395],[6.09652,35.59447],[6.09713,35.59489],[6.09731,35.59578],[6.09737,35.59585],[6.09759,35.59582]],[[6.08966,35.58578],[6.09001,35.58568],[6.09074,35.5857],[6.09087,35.58535],[6.09131,35.58512],[6.0916,35.58474],[6.09189,35.58468],[6.09217,35.5844],[6.09225,35.58398],[6.09183,35.58395],[6.09162,35.58324],[6.09124,35.58303],[6.09091,35.58303],[6.08953,35.58319],[6.08881,35.5836],[6.0878,35.58352],[6.08713,35.58377],[6.08604,35.58376],[6.08595,35.58417],[6.08601,35.58425],[6.08686,35.58465],[6.08743,35.58514],[6.08804,35.58529],[6.08857,35.5857],[6.08877,35.58573],[6.08913,35.58561],[6.08966,35.58578]],[[6.09232,35.58957],[6.09305,35.58964],[6.09324,35.58943],[6.09322,35.58914],[6.09218,35.58798],[6.09173,35.58792],[6.09138,35.588],[6.09138,35.5882],[6.09181,35.58855],[6.09193,35.58894],[6.09186,35.58933],[6.09153,35.58972],[6.09232,35.58957]],[[6.08839,35.59084],[6.08866,35.59077],[6.08861,35.5905],[6.08831,35.59048],[6.08813,35.59037],[6.08792,35.5906],[6.08764,35.59066],[6.08761,35.5908],[6.08813,35.59088],[6.08826,35.59113],[6.08845,35.59119],[6.08839,35.59084]],[[6.08791,35.59175],[6.08725,35.59183],[6.08703,35.59193],[6.08704,35.59199],[6.08713,35.59215],[6.08785,35.59227],[6.08835,35.59252],[6.08876,35.59249],[6.08872,35.59232],[6.08837,35.59191],[6.08791,35.59175]],[[6.09629,35.5939],[6.09618,35.5938],[6.09601,35.59394],[6.0957,35.59357],[6.09549,35.59351],[6.09539,35.59359],[6.09561,35.59369],[6.09565,35.59387],[6.0953,35.59392],[6.09525,35.59403],[6.09564,35.59433],[6.09576,35.59454],[6.09635,35.59431],[6.09625,35.5941],[6.09629,35.5939]]]}},{"type":"Feature","properties":{"Name":"Reboisement 48 2","OCCUPATION":"CEDRAIE","ETAT":"MOYEN","INTERVENTI":"ACUNE","OBSERVATIO":"PARASITE CPP"},"geometry":{"type":"Polygon","coordinates":[[[5.99875,35.59016],[5.99659,35.59126],[5.99586,35.59121],[5.99559,35.59105],[5.99551,35.59088],[5.99558,35.59023],[5.99594,35.58969],[5.99593,35.58906],[5.99567,35.58861],[5.99504,35.58814],[5.99496,35.58786],[5.99499,35.58767],[5.99546,35.58714],[5.99561,35.58657],[5.99597,35.58617],[5.99659,35.58586],[5.9983,35.58589],[5.9986,35.58603],[5.99915,35.58662],[5.99971,35.58682],[6.00028,35.58677],[6.00092,35.58654],[6.00188,35.58636],[6.00212,35.58616],[6.00231,35.58614],[6.00252,35.58629],[6.00275,35.58626],[6.00284,35.58611],[6.00295,35.58609],[6.00314,35.58631],[6.00328,35.58668],[6.00319,35.5871],[6.0028,35.58765],[6.00272,35.58815],[6.00225,35.58888],[6.00199,35.58991],[6.00166,35.59041],[6.00142,35.59049],[6.00107,35.5903],[5.99996,35.59004],[5.99925,35.59006],[5.99875,35.59016]]]}},{"type":"Feature","properties":{"Name":"Cédraie 5","OCCUPATION":"CEDRAIE","ETAT":"MOYEN","INTERVENTI":"TRAVAUX"},"geometry":{"type":"MultiPolygon","coordinates":[[[[6.07029,35.58116],[6.07034,35.58088],[6.07024,35.58059],[6.06984,35.58023],[6.06936,35.58006],[6.06618,35.57962],[6.06596,35.57947],[6.06593,35.5791],[6.065,35.57943],[6.0635,35.57955],[6.06261,35.57983],[6.06248,35.58007],[6.06337,35.58015],[6.06302,35.5804],[6.06208,35.58073],[6.06201,35.58097],[6.06149,35.58085],[6.06123,35.58065],[6.0601,35.58081],[6.05924,35.58111],[6.05808,35.58127],[6.05812,35.58088],[6.0584,35.58075],[6.05764,35.58022],[6.05705,35.58001],[6.05643,35.57993],[6.05637,35.58014],[6.05617,35.58023],[6.05502,35.58046],[6.05507,35.58122],[6.05365,35.58107],[6.05304,35.58081],[6.05241,35.58073],[6.05233,35.58044],[6.05154,35.58026],[6.05164,35.58012],[6.05239,35.58022],[6.05299,35.58018],[6.05299,35.57992],[6.05254,35.58002],[6.05242,35.57992],[6.05169,35.57986],[6.05143,35.58013],[6.05102,35.57995],[6.05005,35.58],[6.04948,35.58015],[6.04913,35.58048],[6.04817,35.581],[6.04754,35.58114],[6.04551,35.58291],[6.04479,35.58316],[6.04476,35.58292],[6.04278,35.58106],[6.04197,35.58097],[6.04135,35.58045],[6.04201,35.57979],[6.04254,35.57881],[6.04296,35.57838],[6.04308,35.57832],[6.04421,35.57875],[6.04475,35.57913],[6.04509,35.57924],[6.04606,35.57931],[6.04627,35.57947],[6.0475,35.57933],[6.04797,35.5798],[6.04859,35.58023],[6.04929,35.58018],[6.04965,35.57986],[6.0496,35.57966],[6.04845,35.57947],[6.04814,35.5796],[6.04646,35.5789],[6.04554,35.57879],[6.04557,35.57844],[6.04527,35.57831],[6.04455,35.57845],[6.04434,35.57863],[6.04398,35.57854],[6.04398,35.57829],[6.04322,35.57817],[6.04321,35.57788],[6.04357,35.57746],[6.04321,35.57678],[6.04288,35.57697],[6.04255,35.577],[6.04272,35.57662],[6.04216,35.57657],[6.04165,35.57627],[6.04047,35.5761],[6.04027,35.57628],[6.04075,35.57673],[6.04058,35.57676],[6.04059,35.57686],[6.04115,35.5771],[6.04105,35.57726],[6.04082,35.57734],[6.04089,35.57753],[6.04169,35.57764],[6.04241,35.57748],[6.04253,35.57756],[6.04235,35.57779],[6.04277,35.57809],[6.04287,35.57832],[6.04244,35.5787],[6.04178,35.57846],[6.04124,35.57859],[6.04072,35.5782],[6.04049,35.57819],[6.0402,35.57847],[6.04044,35.57872],[6.04075,35.5793],[6.04161,35.58007],[6.04127,35.58035],[6.03963,35.57973],[6.0391,35.58],[6.03929,35.58023],[6.03938,35.5806],[6.03932,35.58074],[6.03857,35.58068],[6.03747,35.58079],[6.0361,35.58176],[6.03569,35.58176],[6.03561,35.58167],[6.03587,35.5813],[6.03573,35.58083],[6.03589,35.58058],[6.03589,35.58031],[6.03575,35.58009],[6.03617,35.57971],[6.03662,35.57947],[6.03671,35.57907],[6.0352,35.57858],[6.0353,35.57812],[6.03553,35.57796],[6.03626,35.57824],[6.03702,35.57806],[6.03775,35.57829],[6.0374,35.57881],[6.03735,35.57944],[6.03843,35.57924],[6.03843,35.57886],[6.03828,35.57871],[6.03781,35.57877],[6.03763,35.5786],[6.03782,35.57832],[6.03863,35.57847],[6.03878,35.57822],[6.03864,35.5779],[6.03838,35.57771],[6.03736,35.57753],[6.03689,35.57711],[6.03668,35.5766],[6.03685,35.57646],[6.03754,35.57658],[6.03785,35.5763],[6.03827,35.57648],[6.03895,35.57659],[6.04003,35.57667],[6.04034,35.57678],[6.0404,35.57668],[6.03942,35.57627],[6.03917,35.57628],[6.0389,35.5761],[6.03825,35.57602],[6.03728,35.57568],[6.0364,35.57559],[6.03618,35.5756],[6.03628,35.57614],[6.03619,35.57632],[6.03557,35.57661],[6.0348,35.57654],[6.03452,35.57671],[6.03292,35.57585],[6.03087,35.57536],[6.02815,35.57489],[6.02726,35.57493],[6.02671,35.5757],[6.02667,35.57592],[6.02641,35.57606],[6.02622,35.57553],[6.02589,35.57517],[6.02498,35.57367],[6.02314,35.57238],[6.02221,35.57156],[6.02179,35.5709],[6.02173,35.5706],[6.02074,35.56925],[6.02007,35.56892],[6.01942,35.56876],[6.01927,35.56868],[6.0191,35.56838],[6.01885,35.56827],[6.01853,35.56831],[6.01807,35.56815],[6.01728,35.56828],[6.01581,35.56824],[6.01465,35.56723],[6.01287,35.56659],[6.01111,35.56551],[6.01059,35.5649],[6.0115,35.56422],[6.01362,35.56477],[6.01493,35.56594],[6.01634,35.56701],[6.01758,35.56771],[6.01826,35.56778],[6.01851,35.5672],[6.01791,35.56672],[6.01648,35.56604],[6.01634,35.5657],[6.01637,35.56504],[6.01629,35.56469],[6.0159,35.56436],[6.01486,35.5637],[6.01425,35.56303],[6.01365,35.56279],[6.01303,35.56272],[6.01302,35.56234],[6.0136,35.56237],[6.01385,35.56223],[6.0139,35.56209],[6.01334,35.56221],[6.01325,35.56215],[6.01339,35.5618],[6.01245,35.56176],[6.0118,35.56026],[6.0108,35.55977],[6.00901,35.55988],[6.00845,35.55941],[6.00789,35.55849],[6.00833,35.557],[6.00841,35.55636],[6.00718,35.55519],[6.00689,35.55391],[6.00676,35.55273],[6.00677,35.55198],[6.00891,35.55258],[6.00927,35.55331],[6.00917,35.55418],[6.00898,35.55472],[6.0085,35.55519],[6.00875,35.55649],[6.00861,35.55753],[6.00896,35.55811],[6.00959,35.55829],[6.01178,35.55789],[6.01299,35.55744],[6.01413,35.55786],[6.01494,35.55799],[6.01537,35.5585],[6.01565,35.55916],[6.01591,35.56055],[6.01717,35.5612],[6.02289,35.56254],[6.02353,35.56252],[6.02386,35.56263],[6.02504,35.56251],[6.02545,35.56265],[6.02616,35.56261],[6.0271,35.56288],[6.02835,35.56292],[6.03044,35.56329],[6.03226,35.56379],[6.03311,35.56391],[6.03379,35.56426],[6.03446,35.56439],[6.03509,35.56469],[6.03644,35.5649],[6.03844,35.56541],[6.04002,35.56532],[6.04083,35.5655],[6.04328,35.56542],[6.04369,35.56534],[6.0439,35.5651],[6.04541,35.56416],[6.04596,35.56346],[6.04634,35.56322],[6.04686,35.56269],[6.04736,35.5625],[6.04778,35.56215],[6.04767,35.56188],[6.04651,35.56103],[6.04523,35.56046],[6.04395,35.56022],[6.04354,35.56024],[6.04323,35.5601],[6.0428,35.56065],[6.04243,35.56],[6.04164,35.55898],[6.04086,35.55848],[6.04076,35.55816],[6.04092,35.55812],[6.03908,35.55744],[6.03846,35.55681],[6.03752,35.55671],[6.03631,35.55686],[6.03613,35.55679],[6.03599,35.55689],[6.03372,35.55724],[6.03237,35.55763],[6.03166,35.55826],[6.03133,35.55893],[6.03301,35.55864],[6.03574,35.55902],[6.03903,35.55976],[6.03863,35.56046],[6.03825,35.5607],[6.03684,35.56072],[6.0347,35.56037],[6.03255,35.56049],[6.03225,35.56035],[6.02974,35.56018],[6.02834,35.55995],[6.02562,35.5599],[6.02511,35.55977],[6.02361,35.55991],[6.0228,35.5598],[6.02228,35.55983],[6.02172,35.55966],[6.02028,35.55974],[6.01965,35.55962],[6.01786,35.55993],[6.01735,35.5598],[6.01748,35.55959],[6.01873,35.55876],[6.01971,35.55846],[6.0205,35.55851],[6.02125,35.55822],[6.02155,35.5578],[6.02206,35.55773],[6.02218,35.55737],[6.02213,35.55728],[6.02068,35.55702],[6.01995,35.55701],[6.01827,35.55664],[6.01809,35.55642],[6.01792,35.55637],[6.01746,35.55635],[6.0176,35.5565],[6.01709,35.55615],[6.01404,35.55511],[6.01154,35.55449],[6.01203,35.55405],[6.01402,35.55364],[6.01758,35.55404],[6.01968,35.55408],[6.02085,35.55429],[6.02161,35.55457],[6.02358,35.55503],[6.02585,35.55533],[6.02624,35.55554],[6.02786,35.55579],[6.02869,35.55569],[6.0304,35.55516],[6.03101,35.55513],[6.03134,35.55497],[6.03284,35.55488],[6.03493,35.55529],[6.03544,35.55531],[6.03729,35.55588],[6.03826,35.55597],[6.03982,35.55579],[6.04104,35.55643],[6.04173,35.55636],[6.04177,35.55587],[6.04239,35.55382],[6.04313,35.55336],[6.0431,35.55293],[6.04239,35.55256],[6.04222,35.55216],[6.04199,35.55208],[6.03909,35.5521],[6.03729,35.55162],[6.03679,35.55097],[6.03687,35.5505],[6.03681,35.55019],[6.03635,35.55004],[6.03605,35.54998],[6.03574,35.55018],[6.03471,35.5499],[6.03364,35.54991],[6.03277,35.54962],[6.03265,35.54941],[6.03263,35.54825],[6.03331,35.54746],[6.03414,35.54687],[6.03475,35.54663],[6.03628,35.54638],[6.03698,35.54593],[6.03808,35.54576],[6.03977,35.5461],[6.04061,35.54638],[6.04091,35.54665],[6.0413,35.54672],[6.04175,35.54705],[6.04393,35.54723],[6.04469,35.54774],[6.04538,35.5476],[6.04566,35.54772],[6.04614,35.54748],[6.04634,35.54749],[6.04679,35.54789],[6.04672,35.54822],[6.04614,35.54846],[6.04564,35.54848],[6.04515,35.54823],[6.04476,35.54814],[6.04455,35.54822],[6.04421,35.54871],[6.04348,35.54919],[6.04342,35.5494],[6.04327,35.54948],[6.04335,35.54959],[6.04338,35.55051],[6.04396,35.55137],[6.04421,35.55154],[6.04451,35.55235],[6.04278,35.55453],[6.04232,35.55647],[6.04354,35.55716],[6.04362,35.55766],[6.04407,35.55834],[6.04525,35.55915],[6.04567,35.55923],[6.04594,35.55942],[6.04655,35.5596],[6.04848,35.56044],[6.0486,35.56075],[6.04979,35.56106],[6.051,35.56115],[6.05211,35.56103],[6.05276,35.56073],[6.05332,35.56032],[6.05388,35.56018],[6.05426,35.55979],[6.05454,35.55972],[6.05533,35.5591],[6.05654,35.55907],[6.05865,35.56001],[6.05878,35.56025],[6.05868,35.56039],[6.0575,35.56056],[6.05683,35.56103],[6.05604,35.56119],[6.05503,35.56125],[6.05396,35.56104],[6.05309,35.56114],[6.05273,35.56143],[6.05265,35.56214],[6.05273,35.56247],[6.05314,35.56322],[6.05457,35.56467],[6.05604,35.56591],[6.05684,35.56581],[6.05803,35.5661],[6.05878,35.56608],[6.05914,35.56632],[6.05904,35.56658],[6.05708,35.56668],[6.05673,35.56652],[6.05651,35.56654],[6.05518,35.56702],[6.05355,35.567],[6.05241,35.56665],[6.0517,35.56657],[6.05148,35.56641],[6.05049,35.56611],[6.04994,35.56614],[6.04904,35.56596],[6.04836,35.566],[6.04791,35.56626],[6.04769,35.56674],[6.04766,35.56733],[6.04783,35.56828],[6.04811,35.5688],[6.04855,35.56895],[6.0501,35.56902],[6.05234,35.56964],[6.05323,35.56996],[6.05369,35.57027],[6.05415,35.57031],[6.05451,35.57048],[6.05489,35.57045],[6.0581,35.57115],[6.05833,35.57106],[6.05908,35.57102],[6.0606,35.57154],[6.06117,35.57194],[6.06209,35.57195],[6.06321,35.57179],[6.0648,35.57137],[6.06633,35.572],[6.06692,35.5726],[6.06727,35.57316],[6.06924,35.57431],[6.07164,35.57526],[6.07218,35.57564],[6.0725,35.57596],[6.07291,35.57656],[6.07294,35.57684],[6.07342,35.57741],[6.07355,35.57772],[6.07294,35.57827],[6.07239,35.57862],[6.07204,35.57915],[6.0721,35.57881],[6.07188,35.5786],[6.0712,35.57859],[6.07097,35.57878],[6.07125,35.57916],[6.07172,35.57944],[6.07156,35.57959],[6.07089,35.57939],[6.0706,35.57949],[6.07052,35.5799],[6.0708,35.58048],[6.07129,35.58061],[6.07216,35.58033],[6.07265,35.58031],[6.07303,35.58042],[6.07309,35.58089],[6.07347,35.5809],[6.07437,35.58042],[6.07466,35.58039],[6.07487,35.58088],[6.07515,35.58123],[6.07558,35.58125],[6.07561,35.58152],[6.07374,35.58192],[6.07306,35.58174],[6.07216,35.58174],[6.07029,35.58116]],[[6.03067,35.55807],[6.03056,35.55802],[6.03049,35.55815],[6.02975,35.55839],[6.02985,35.55865],[6.0296,35.55858],[6.02973,35.55871],[6.02954,35.55876],[6.02953,35.55885],[6.02994,35.55891],[6.03021,35.55878],[6.03067,35.55807]],[[6.02345,35.56479],[6.02391,35.565],[6.02414,35.56488],[6.02391,35.56493],[6.0237,35.56475],[6.02345,35.56479]],[[6.04038,35.57051],[6.04028,35.56956],[6.04136,35.5694],[6.04147,35.56924],[6.04132,35.56905],[6.04088,35.56902],[6.04015,35.56954],[6.03988,35.56989],[6.03984,35.57005],[6.04,35.5704],[6.04023,35.57056],[6.04038,35.57051]],[[6.02248,35.57075],[6.02257,35.5709],[6.02283,35.571],[6.02306,35.57102],[6.02315,35.57093],[6.02293,35.57077],[6.02248,35.57075]],[[6.02337,35.57133],[6.02344,35.57147],[6.02367,35.57158],[6.02434,35.57178],[6.02441,35.57167],[6.02393,35.57147],[6.02369,35.57126],[6.02337,35.57133]],[[6.02622,35.5739],[6.02591,35.57382],[6.02603,35.57411],[6.02621,35.57421],[6.02639,35.57418],[6.02622,35.5739]],[[6.02704,35.57453],[6.02628,35.57441],[6.0267,35.57478],[6.02703,35.57493],[6.02733,35.57468],[6.02704,35.57453]],[[6.03325,35.57486],[6.03329,35.57511],[6.03367,35.57526],[6.03383,35.57519],[6.03419,35.57536],[6.03412,35.57517],[6.0338,35.57497],[6.03325,35.57486]],[[6.04379,35.55126],[6.04347,35.55133],[6.04343,35.55143],[6.04323,35.55132],[6.04321,35.55143],[6.04354,35.55161],[6.04403,35.55164],[6.04379,35.55126]],[[6.0595,35.57998],[6.05978,35.57979],[6.05984,35.57987],[6.05994,35.57982],[6.0598,35.57966],[6.05925,35.57999],[6.05942,35.58008],[6.05955,35.58003],[6.0595,35.57998]],[[6.0431,35.57977],[6.04297,35.57977],[6.04282,35.57999],[6.04291,35.58017],[6.043,35.58018],[6.043,35.58007],[6.04314,35.5801],[6.0431,35.57977]],[[6.0445,35.58032],[6.04443,35.58015],[6.0441,35.57998],[6.0438,35.58002],[6.04389,35.58028],[6.0445,35.58032]],[[6.04588,35.58119],[6.04575,35.58118],[6.04579,35.58097],[6.04559,35.58098],[6.04551,35.58085],[6.04531,35.58093],[6.04521,35.58124],[6.04489,35.58149],[6.04488,35.58193],[6.04514,35.58188],[6.04588,35.58119]]],[[[6.01765,35.55652],[6.01769,35.55655],[6.01761,35.5565],[6.01765,35.55652]]],[[[6.07374,35.58032],[6.073,35.5802],[6.07294,35.57988],[6.07285,35.57993],[6.07227,35.5797],[6.07194,35.57967],[6.07207,35.57943],[6.07263,35.57953],[6.07368,35.58011],[6.07374,35.58032]]]]}},{"type":"Feature","properties":{"Name":"Cédraie nain 3","OCCUPATION":"CEDRAIE","ETAT":"BON","INTERVENTI":"ANCIEN TRAVAUX"},"geometry":{"type":"MultiPolygon","coordinates":[[[[5.94811,35.56076],[5.94762,35.56086],[5.94705,35.56063],[5.9459,35.55979],[5.94573,35.55961],[5.94571,35.55934],[5.94551,35.55895],[5.94495,35.55836],[5.94515,35.55807],[5.94618,35.55795],[5.94643,35.55797],[5.94648,35.55807],[5.94678,35.55815],[5.94705,35.55814],[5.94747,35.55796],[5.9479,35.55808],[5.94794,35.55818],[5.94784,35.55823],[5.94778,35.5585],[5.94808,35.55851],[5.94792,35.5586],[5.94794,35.55898],[5.94875,35.5599],[5.94835,35.56003],[5.94826,35.5606],[5.94811,35.56076]]],[[[5.95358,35.55771],[5.95235,35.55882],[5.9512,35.55938],[5.95103,35.55997],[5.95032,35.56076],[5.95026,35.56028],[5.94992,35.56001],[5.94942,35.55981],[5.94917,35.55953],[5.94898,35.55914],[5.94902,35.55895],[5.94859,35.55843],[5.94834,35.55829],[5.94825,35.55794],[5.9481,35.55786],[5.94778,35.55794],[5.94769,35.55786],[5.94798,35.55753],[5.94862,35.55721],[5.94869,35.55703],[5.9504,35.55687],[5.95115,35.55642],[5.95233,35.55593],[5.95281,35.55546],[5.9532,35.55421],[5.9542,35.55347],[5.95455,35.55347],[5.95514,35.55381],[5.95594,35.55454],[5.95612,35.5548],[5.95614,35.55522],[5.95554,35.55612],[5.95546,35.55639],[5.95524,35.55661],[5.95492,35.55684],[5.95422,35.55697],[5.95393,35.55714],[5.95358,35.55771]]]]}},{"type":"Feature","properties":{"Name":"Cédraie nain","OCCUPATION":"CEDRAIE","ETAT":"BON","INTERVENTI":"AUCUNE"},"geometry":{"type":"Polygon","coordinates":[[[5.93172,35.55704],[5.93184,35.55681],[5.93193,35.55725],[5.93144,35.55746],[5.93047,35.55827],[5.93023,35.55833],[5.93017,35.55862],[5.92949,35.55944],[5.929,35.55929],[5.92798,35.55924],[5.92744,35.55908],[5.92706,35.55883],[5.92691,35.55834],[5.92669,35.55817],[5.92593,35.55804],[5.92513,35.55773],[5.9248,35.55779],[5.92445,35.55769],[5.92421,35.55759],[5.92413,35.55736],[5.92424,35.55681],[5.92443,35.55649],[5.92475,35.55626],[5.92487,35.55599],[5.92565,35.55522],[5.92738,35.55399],[5.92929,35.5531],[5.92963,35.55307],[5.93012,35.55311],[5.93044,35.55325],[5.93046,35.5534],[5.93023,35.55377],[5.92992,35.55404],[5.92974,35.55406],[5.92951,35.55436],[5.92955,35.55454],[5.9294,35.55494],[5.92902,35.55497],[5.92908,35.55523],[5.92929,35.55538],[5.92919,35.55567],[5.92985,35.55601],[5.93006,35.55597],[5.93034,35.55574],[5.93083,35.55573],[5.93043,35.55627],[5.93051,35.55662],[5.93131,35.55692],[5.93149,35.5571],[5.93172,35.55704]],[[5.92854,35.55746],[5.92822,35.55727],[5.9278,35.55724],[5.92781,35.55735],[5.92766,35.55735],[5.92761,35.55724],[5.9275,35.55725],[5.92737,35.55731],[5.92732,35.55749],[5.92761,35.55779],[5.92765,35.55804],[5.92811,35.55842],[5.92853,35.55821],[5.92869,35.55801],[5.92867,35.55765],[5.92854,35.55746]]]}},{"type":"Feature","properties":{"Name":"Cédraie 4 Tichaou [1:Polygon]","OCCUPATION":"CEDRAIE","ETAT":"MOYEN","INTERVENTI":"TRAVAUX"},"geometry":{"type":"MultiPolygon","coordinates":[[[[5.94958,35.56428],[5.94915,35.56481],[5.94877,35.56506],[5.94821,35.56479],[5.94835,35.56451],[5.9483,35.56426],[5.94819,35.5642],[5.94861,35.56354],[5.949,35.56356],[5.94929,35.56433],[5.9499,35.56392],[5.95007,35.56366],[5.9506,35.56324],[5.95133,35.56293],[5.95185,35.56283],[5.95248,35.56302],[5.95276,35.56322],[5.95347,35.56322],[5.95383,35.56355],[5.95409,35.56359],[5.95537,35.56255],[5.95685,35.56199],[5.95689,35.56182],[5.95733,35.56148],[5.95788,35.56169],[5.95808,35.56148],[5.95857,35.56138],[5.95858,35.56108],[5.9589,35.56066],[5.95898,35.55993],[5.95928,35.55962],[5.95934,35.55929],[5.95906,35.55927],[5.9587,35.55968],[5.95779,35.56022],[5.95659,35.56067],[5.95672,35.56057],[5.95683,35.56026],[5.95722,35.55999],[5.95765,35.55946],[5.9581,35.55909],[5.95839,35.55869],[5.95846,35.55842],[5.95871,35.55841],[5.95923,35.55866],[5.95966,35.55912],[5.95937,35.55968],[5.9591,35.55994],[5.95886,35.56083],[5.95867,35.56115],[5.95877,35.56141],[5.95865,35.56166],[5.95808,35.56232],[5.95496,35.56392],[5.95292,35.56458],[5.95188,35.56478],[5.95085,35.56474],[5.95013,35.56427],[5.9498,35.56419],[5.94958,35.56428]]],[[[5.94843,35.56325],[5.94842,35.56349],[5.94811,35.56392],[5.94798,35.56458],[5.94713,35.56375],[5.94691,35.56339],[5.94685,35.56269],[5.94735,35.56184],[5.94784,35.5614],[5.94807,35.56143],[5.94818,35.56162],[5.94728,35.56279],[5.94725,35.56316],[5.94741,35.56328],[5.94768,35.56317],[5.94788,35.56329],[5.94842,35.56295],[5.94861,35.56309],[5.94843,35.56325]]],[[[5.95547,35.56122],[5.9536,35.56192],[5.95325,35.56195],[5.95302,35.56188],[5.95292,35.56174],[5.9532,35.56166],[5.95334,35.56148],[5.95312,35.56112],[5.95322,35.56098],[5.95288,35.56102],[5.95261,35.56086],[5.95205,35.56113],[5.95146,35.56159],[5.95103,35.56176],[5.95062,35.56158],[5.95032,35.56129],[5.95032,35.56076],[5.95103,35.55997],[5.9512,35.55938],[5.95222,35.55891],[5.95282,35.55847],[5.95358,35.55771],[5.95393,35.55714],[5.95422,35.55697],[5.95492,35.55684],[5.95514,35.5567],[5.95546,35.55639],[5.95569,35.55587],[5.95609,35.55538],[5.95612,35.5548],[5.95594,35.55454],[5.95514,35.55381],[5.95455,35.55347],[5.9542,35.55347],[5.95313,35.5543],[5.95329,35.55393],[5.95361,35.55363],[5.95358,35.55297],[5.95375,35.55273],[5.95434,35.55229],[5.95502,35.5522],[5.95536,35.55235],[5.95584,35.55278],[5.95578,35.55303],[5.9561,35.55381],[5.95649,35.5539],[5.95656,35.55378],[5.95631,35.55351],[5.95668,35.55342],[5.95641,35.5532],[5.95635,35.55291],[5.95688,35.55246],[5.95719,35.55234],[5.9575,35.55241],[5.95754,35.55327],[5.95782,35.55376],[5.95851,35.55399],[5.95916,35.55394],[5.95969,35.55404],[5.96019,35.55445],[5.96026,35.55483],[5.95995,35.55582],[5.95914,35.5571],[5.95885,35.5581],[5.95868,35.5583],[5.95838,35.55831],[5.95836,35.55812],[5.95814,35.55805],[5.95805,35.55833],[5.95771,35.55834],[5.95719,35.5589],[5.95657,35.55919],[5.95513,35.56027],[5.95514,35.56049],[5.95536,35.56057],[5.95635,35.56018],[5.95604,35.56048],[5.95609,35.5607],[5.95627,35.56078],[5.95547,35.56122]],[[5.95282,35.56085],[5.95298,35.56092],[5.95325,35.56076],[5.95332,35.5605],[5.95364,35.56019],[5.95372,35.56024],[5.95368,35.56047],[5.95399,35.56044],[5.95421,35.56053],[5.95446,35.56006],[5.95515,35.55962],[5.95526,35.55941],[5.9549,35.5592],[5.95442,35.55938],[5.95388,35.5594],[5.95361,35.55971],[5.95345,35.55972],[5.9532,35.55992],[5.95309,35.56044],[5.95281,35.56073],[5.95282,35.56085]],[[5.95465,35.55747],[5.95449,35.55746],[5.95441,35.558],[5.95417,35.55841],[5.95392,35.55861],[5.95397,35.55875],[5.95423,35.55879],[5.95491,35.5583],[5.95479,35.55811],[5.9548,35.55775],[5.95465,35.55747]],[[5.95594,35.55802],[5.95555,35.55818],[5.9557,35.55838],[5.95561,35.55856],[5.95572,35.55867],[5.95611,35.55858],[5.95629,35.55832],[5.95632,35.5581],[5.95619,35.55751],[5.95592,35.55688],[5.95577,35.55673],[5.95557,35.55671],[5.9556,35.55713],[5.95576,35.55732],[5.95584,35.55763],[5.956,35.55757],[5.9561,35.55765],[5.95592,35.5579],[5.95594,35.55802]]],[[[5.94841,35.56088],[5.94761,35.56107],[5.94738,35.56096],[5.947,35.56104],[5.94665,35.56084],[5.94661,35.56061],[5.9464,35.56041],[5.94588,35.5604],[5.94567,35.56025],[5.94558,35.56005],[5.94563,35.55981],[5.94573,35.55961],[5.94681,35.56049],[5.94762,35.56086],[5.94811,35.56076],[5.94826,35.5606],[5.94835,35.56003],[5.94875,35.5599],[5.94886,35.5603],[5.94875,35.5606],[5.94841,35.56088]]],[[[5.94746,35.55796],[5.94705,35.55814],[5.94678,35.55815],[5.94648,35.55807],[5.94643,35.55797],[5.94746,35.55796]]],[[[5.94869,35.55703],[5.94862,35.55721],[5.94798,35.55753],[5.94794,35.55762],[5.9478,35.55782],[5.94762,35.55783],[5.94796,35.55757],[5.94797,35.55749],[5.94804,35.55744],[5.94798,35.5574],[5.94819,35.55736],[5.94841,35.55713],[5.94869,35.55703]]]]}},{"type":"Feature","properties":{"Name":"Cédraie sur dalle 31","OCCUPATION":"CEDRAIE","ETAT":"MOYEN","INTERVENTI":"TRAVAUX","OBSERVATIO":"REHABILITATION DE LA ROUTE"},"geometry":{"type":"Polygon","coordinates":[[[6.04965,35.60156],[6.05437,35.60006],[6.05399,35.60082],[6.05414,35.60077],[6.05436,35.60036],[6.05491,35.60036],[6.05616,35.60239],[6.05624,35.60299],[6.05469,35.60444],[6.05355,35.60471],[6.05272,35.60438],[6.05146,35.60403],[6.05077,35.6044],[6.04976,35.60526],[6.04932,35.60542],[6.04933,35.60536],[6.04902,35.6052],[6.04899,35.60479],[6.04887,35.60459],[6.04891,35.60427],[6.04907,35.60407],[6.04901,35.604],[6.0486,35.60438],[6.04854,35.60496],[6.04886,35.60544],[6.0493,35.60543],[6.04862,35.60559],[6.04738,35.60414],[6.04701,35.60411],[6.04665,35.60384],[6.04649,35.60311],[6.04879,35.60173],[6.04965,35.60156]]]}},{"type":"Feature","properties":{"Name":"Cédraie 2 Chelala","OCCUPATION":"CEDRAIE","ETAT":"MOYEN","INTERVENTI":"TRAVAUX (300ha)","OBSERVATIO":"CEDRAIE SUR DALLE 31ha"},"geometry":{"type":"MultiPolygon","coordinates":[[[[6.11003,35.62418],[6.10934,35.62421],[6.10853,35.62407],[6.10734,35.62346],[6.10712,35.62323],[6.10591,35.62058],[6.10641,35.62028],[6.1069,35.61968],[6.10717,35.61953],[6.10729,35.61877],[6.10758,35.6183],[6.10776,35.61832],[6.10792,35.61854],[6.10795,35.61886],[6.10774,35.61935],[6.10786,35.61942],[6.10825,35.61929],[6.10852,35.61885],[6.10909,35.61845],[6.10917,35.61828],[6.10912,35.61799],[6.10818,35.61816],[6.10751,35.61764],[6.10711,35.61756],[6.10691,35.61852],[6.10655,35.61861],[6.10609,35.61915],[6.10545,35.61911],[6.10449,35.61966],[6.10378,35.61966],[6.10336,35.6194],[6.10318,35.61911],[6.10302,35.61908],[6.10284,35.61945],[6.10251,35.61978],[6.10257,35.62013],[6.10285,35.62042],[6.1028,35.62091],[6.10255,35.62121],[6.10223,35.62134],[6.10102,35.62017],[6.10054,35.61989],[6.1005,35.61974],[6.10018,35.61943],[6.09984,35.61944],[6.09973,35.61954],[6.09854,35.61909],[6.09734,35.61906],[6.09598,35.61975],[6.09564,35.62006],[6.09504,35.62011],[6.09417,35.61952],[6.09309,35.61846],[6.09262,35.61829],[6.09194,35.61838],[6.09056,35.61878],[6.08958,35.61926],[6.08895,35.61944],[6.08776,35.61956],[6.08728,35.61943],[6.08623,35.6194],[6.08553,35.6197],[6.08446,35.61984],[6.08375,35.61979],[6.08305,35.61943],[6.08248,35.61935],[6.08197,35.619],[6.0811,35.61862],[6.08045,35.61755],[6.08056,35.61706],[6.08049,35.61692],[6.07964,35.61675],[6.07934,35.61651],[6.07859,35.61624],[6.07781,35.61618],[6.07698,35.61631],[6.07584,35.61613],[6.07497,35.61568],[6.07473,35.61565],[6.07325,35.61601],[6.07033,35.61571],[6.0695,35.61582],[6.06945,35.61567],[6.06933,35.61564],[6.06919,35.61569],[6.06916,35.61584],[6.06892,35.61584],[6.06836,35.61563],[6.06701,35.61557],[6.0666,35.61527],[6.06468,35.61505],[6.06402,35.61481],[6.06409,35.61445],[6.06399,35.61394],[6.06372,35.61387],[6.06349,35.61402],[6.06334,35.61458],[6.06323,35.61467],[6.06258,35.61473],[6.05993,35.61304],[6.05866,35.6126],[6.05784,35.61266],[6.05688,35.61296],[6.0561,35.61294],[6.05516,35.61266],[6.05379,35.61193],[6.05187,35.61133],[6.04871,35.60852],[6.04735,35.6075],[6.04648,35.60662],[6.04517,35.60648],[6.0446,35.6065],[6.04385,35.60683],[6.04256,35.60674],[6.03766,35.60856],[6.03698,35.60788],[6.03689,35.60716],[6.03833,35.6054],[6.039,35.60432],[6.04103,35.60357],[6.04195,35.60369],[6.04571,35.60331],[6.04806,35.60189],[6.04879,35.60173],[6.04649,35.60311],[6.04665,35.60384],[6.04701,35.60411],[6.04738,35.60414],[6.04862,35.60559],[6.04904,35.60553],[6.04976,35.60526],[6.05077,35.6044],[6.05146,35.60403],[6.05272,35.60438],[6.05355,35.60471],[6.05469,35.60444],[6.05624,35.60299],[6.05616,35.60239],[6.05527,35.60095],[6.05553,35.60084],[6.05564,35.60104],[6.05588,35.60116],[6.0562,35.60174],[6.05633,35.60181],[6.0564,35.60161],[6.05628,35.60134],[6.05607,35.60119],[6.05608,35.60097],[6.05596,35.60091],[6.05601,35.60036],[6.05566,35.60024],[6.05573,35.60013],[6.05558,35.59998],[6.05562,35.59963],[6.05516,35.59933],[6.05483,35.59805],[6.05653,35.59729],[6.05756,35.59623],[6.06041,35.59407],[6.06272,35.59436],[6.06356,35.59436],[6.06466,35.59473],[6.06498,35.59495],[6.06591,35.59599],[6.06695,35.59669],[6.06738,35.59722],[6.06836,35.59793],[6.0685,35.59812],[6.06905,35.5984],[6.06941,35.5989],[6.07101,35.59992],[6.07149,35.60006],[6.07194,35.60065],[6.07301,35.60142],[6.07497,35.60231],[6.07624,35.60325],[6.07785,35.60375],[6.07813,35.60362],[6.07934,35.60387],[6.07993,35.60411],[6.08084,35.60411],[6.08145,35.60445],[6.08351,35.60491],[6.0837,35.60503],[6.08442,35.60503],[6.08491,35.60537],[6.08578,35.60572],[6.08617,35.60576],[6.08632,35.60591],[6.08702,35.60612],[6.08747,35.6064],[6.08769,35.6064],[6.0878,35.60661],[6.08862,35.60705],[6.0889,35.60704],[6.09018,35.60733],[6.09067,35.60758],[6.09071,35.60787],[6.0917,35.60796],[6.09206,35.60823],[6.09244,35.60834],[6.09349,35.60832],[6.09379,35.60856],[6.09438,35.60847],[6.0953,35.60894],[6.09611,35.61033],[6.09677,35.61055],[6.09716,35.61042],[6.09739,35.61056],[6.09737,35.61068],[6.09764,35.61097],[6.09788,35.6108],[6.09816,35.61076],[6.09826,35.61051],[6.09855,35.61037],[6.0985,35.61018],[6.09841,35.61016],[6.09846,35.61004],[6.0988,35.60998],[6.10002,35.61],[6.10111,35.60987],[6.10223,35.61029],[6.10239,35.61049],[6.10285,35.61066],[6.10308,35.61059],[6.10349,35.61071],[6.10383,35.61043],[6.10419,35.6105],[6.10451,35.61077],[6.10475,35.61075],[6.10542,35.61097],[6.10705,35.61193],[6.10658,35.61208],[6.10636,35.61197],[6.10605,35.61206],[6.10627,35.61241],[6.10599,35.61259],[6.10593,35.61304],[6.10581,35.61312],[6.10536,35.61306],[6.10535,35.6132],[6.10555,35.61342],[6.10596,35.61351],[6.10612,35.61376],[6.10631,35.61374],[6.10655,35.61333],[6.1068,35.61332],[6.10703,35.6136],[6.1075,35.61354],[6.10778,35.61362],[6.10795,35.61387],[6.1081,35.61389],[6.10827,35.61375],[6.10842,35.61379],[6.1084,35.6141],[6.10882,35.61431],[6.10901,35.61419],[6.10924,35.61433],[6.10955,35.61414],[6.10969,35.61416],[6.11025,35.61445],[6.11041,35.61445],[6.11042,35.61433],[6.11068,35.6144],[6.11108,35.61494],[6.1114,35.61501],[6.11189,35.61494],[6.1132,35.61515],[6.11364,35.61565],[6.11423,35.61556],[6.11627,35.6168],[6.11744,35.61733],[6.11864,35.61753],[6.11868,35.61766],[6.11882,35.61765],[6.11809,35.61841],[6.11798,35.61873],[6.11802,35.61918],[6.11793,35.61943],[6.11801,35.61978],[6.1179,35.62015],[6.11765,35.62028],[6.11711,35.6201],[6.11643,35.61976],[6.11621,35.61942],[6.11529,35.61937],[6.1145,35.61998],[6.11465,35.62034],[6.11497,35.6206],[6.11514,35.62104],[6.11511,35.62123],[6.11477,35.62134],[6.11384,35.62115],[6.11357,35.62117],[6.11335,35.62131],[6.11273,35.62132],[6.11281,35.62137],[6.11273,35.62166],[6.11189,35.62216],[6.11185,35.62302],[6.11192,35.62321],[6.1116,35.62383],[6.11003,35.62418]],[[6.1099,35.62168],[6.10973,35.6219],[6.10978,35.62213],[6.11017,35.62243],[6.11058,35.6225],[6.11063,35.62242],[6.11028,35.62194],[6.1099,35.62168]],[[6.09424,35.61877],[6.0946,35.6184],[6.09457,35.61808],[6.0944,35.61798],[6.09417,35.61801],[6.09386,35.61822],[6.09361,35.61861],[6.09424,35.61877]],[[6.09624,35.61863],[6.09621,35.61877],[6.09638,35.61912],[6.09651,35.6192],[6.09679,35.61892],[6.09721,35.61884],[6.09736,35.61871],[6.09735,35.6186],[6.09707,35.61874],[6.09695,35.6186],[6.09653,35.61872],[6.09624,35.61863]],[[6.10087,35.61853],[6.10031,35.61897],[6.10031,35.61909],[6.10097,35.61936],[6.1016,35.61932],[6.10158,35.61907],[6.10123,35.61894],[6.10142,35.61888],[6.10147,35.61874],[6.10124,35.61865],[6.10117,35.6185],[6.10087,35.61853]],[[6.10354,35.61698],[6.10434,35.61728],[6.10461,35.6171],[6.10428,35.61682],[6.10387,35.61693],[6.10361,35.61685],[6.10354,35.61698]],[[6.10271,35.61691],[6.10234,35.61661],[6.10194,35.61658],[6.10196,35.61681],[6.10238,35.61709],[6.10266,35.61704],[6.10271,35.61691]],[[6.09953,35.61709],[6.09982,35.617],[6.10012,35.61666],[6.10017,35.61602],[6.0996,35.61612],[6.09946,35.61645],[6.09925,35.61662],[6.09928,35.61699],[6.09953,35.61709]],[[6.08396,35.61652],[6.08365,35.6164],[6.08349,35.61652],[6.08347,35.61667],[6.08362,35.61678],[6.08421,35.61683],[6.08481,35.61655],[6.08396,35.61652]],[[6.08139,35.61684],[6.0814,35.6163],[6.08063,35.6163],[6.08017,35.61619],[6.07891,35.6155],[6.07821,35.6154],[6.07783,35.61486],[6.07783,35.61431],[6.07771,35.6138],[6.07755,35.61371],[6.07746,35.61376],[6.07725,35.61419],[6.07739,35.61435],[6.07721,35.61477],[6.07719,35.61541],[6.07689,35.61586],[6.07724,35.61579],[6.07756,35.61592],[6.07788,35.6159],[6.07872,35.61564],[6.07923,35.61587],[6.07993,35.61647],[6.0809,35.61654],[6.08086,35.61673],[6.08101,35.61685],[6.08139,35.61684]],[[6.10285,35.61322],[6.10311,35.61326],[6.10346,35.61309],[6.10357,35.61253],[6.10387,35.61235],[6.10383,35.61215],[6.10325,35.61219],[6.10297,35.61189],[6.10262,35.61188],[6.10208,35.61167],[6.10147,35.61199],[6.10072,35.61159],[6.10037,35.6115],[6.1002,35.61157],[6.10037,35.61182],[6.10088,35.61206],[6.10141,35.6127],[6.10144,35.6129],[6.10128,35.61325],[6.10164,35.61303],[6.10195,35.61305],[6.10229,35.61294],[6.10259,35.61301],[6.10285,35.61322]],[[6.0727,35.61242],[6.07295,35.61217],[6.07335,35.6121],[6.073,35.61176],[6.07313,35.61153],[6.07355,35.61188],[6.07389,35.6119],[6.07401,35.61182],[6.07375,35.61123],[6.07335,35.61076],[6.07338,35.61041],[6.07199,35.61065],[6.07203,35.61078],[6.07226,35.61079],[6.07227,35.61104],[6.07242,35.61122],[6.07146,35.61132],[6.07243,35.61165],[6.07276,35.61221],[6.0727,35.61242]],[[6.08994,35.61082],[6.09118,35.61067],[6.0917,35.61028],[6.0921,35.6097],[6.09207,35.60941],[6.09228,35.60919],[6.09225,35.60905],[6.09203,35.60904],[6.09186,35.60917],[6.09162,35.60911],[6.09143,35.60894],[6.09165,35.60896],[6.09169,35.60886],[6.09134,35.60867],[6.09126,35.60908],[6.09073,35.60952],[6.08999,35.60957],[6.08987,35.60984],[6.08942,35.60979],[6.08945,35.60996],[6.08962,35.60995],[6.0896,35.61016],[6.08975,35.61052],[6.08994,35.61082]],[[6.06927,35.61071],[6.06888,35.61067],[6.06804,35.61079],[6.067,35.61096],[6.06692,35.61107],[6.06729,35.61129],[6.06735,35.61158],[6.0684,35.6112],[6.06873,35.61123],[6.06938,35.61167],[6.06963,35.61205],[6.06984,35.61187],[6.06984,35.61149],[6.07004,35.61115],[6.06997,35.61104],[6.06927,35.61071]],[[6.08177,35.61741],[6.08246,35.61725],[6.08229,35.617],[6.08187,35.61695],[6.08128,35.61727],[6.08112,35.61754],[6.08137,35.6176],[6.08177,35.61741]],[[6.05437,35.60899],[6.05425,35.60921],[6.05442,35.60939],[6.05478,35.60942],[6.05484,35.60918],[6.05464,35.60926],[6.05437,35.60899]],[[6.05484,35.60869],[6.05552,35.6089],[6.05562,35.60877],[6.0555,35.60863],[6.05542,35.60868],[6.05528,35.60855],[6.0547,35.60848],[6.05449,35.60833],[6.05438,35.6085],[6.05355,35.60885],[6.05358,35.60892],[6.05484,35.60869]],[[6.05867,35.608],[6.05894,35.60807],[6.05889,35.6079],[6.05906,35.60768],[6.05896,35.60745],[6.05833,35.60711],[6.05791,35.60713],[6.05768,35.60702],[6.05722,35.60754],[6.05705,35.60756],[6.05703,35.6078],[6.0569,35.60794],[6.05719,35.60798],[6.05794,35.60754],[6.05811,35.60783],[6.05832,35.60789],[6.05837,35.60806],[6.05867,35.608]],[[6.08141,35.6071],[6.08203,35.60694],[6.0827,35.6066],[6.08279,35.60592],[6.08251,35.60559],[6.08194,35.60548],[6.08117,35.60516],[6.08071,35.60531],[6.08022,35.60571],[6.07963,35.60582],[6.07854,35.60551],[6.07803,35.60556],[6.07808,35.60619],[6.0787,35.60598],[6.07867,35.60623],[6.07852,35.60637],[6.07856,35.60655],[6.07874,35.60656],[6.07926,35.60634],[6.07964,35.60639],[6.08029,35.60663],[6.08085,35.60672],[6.08141,35.6071]],[[6.07597,35.60575],[6.07612,35.60547],[6.07596,35.6053],[6.0754,35.60513],[6.07553,35.6042],[6.07542,35.60421],[6.07523,35.60447],[6.07493,35.60458],[6.07499,35.60485],[6.07515,35.60506],[6.07512,35.60527],[6.07544,35.60525],[6.07584,35.60544],[6.07567,35.60558],[6.0753,35.60564],[6.07519,35.60576],[6.07567,35.60604],[6.07597,35.60605],[6.07597,35.60575]],[[6.07826,35.60405],[6.07902,35.60433],[6.07944,35.60416],[6.07922,35.60396],[6.07874,35.60384],[6.07803,35.60376],[6.07791,35.60392],[6.07815,35.60384],[6.07826,35.60405]],[[6.04959,35.60667],[6.04969,35.60636],[6.04938,35.60643],[6.04938,35.60655],[6.04921,35.60654],[6.0493,35.60675],[6.04959,35.60667]],[[6.07494,35.60314],[6.07488,35.60328],[6.0752,35.60315],[6.07512,35.60277],[6.07472,35.60286],[6.07475,35.60314],[6.07494,35.60314]]],[[[6.05491,35.60036],[6.05526,35.60046],[6.05516,35.60077],[6.05491,35.60036]]],[[[6.05264,35.60059],[6.05437,35.60006],[6.05206,35.60078],[6.05264,35.60059]]]]}},{"type":"Feature","properties":{"Name":"Cédraie 4 Tichaou [1:Polygon]","OCCUPATION":"CEDRAIE","ETAT":"MOYEN","INTERVENTI":"TRAVAUX"},"geometry":{"type":"Polygon","coordinates":[[[5.94646,35.55307],[5.94679,35.55337],[5.94661,35.55337],[5.94455,35.55474],[5.94317,35.55652],[5.94247,35.55714],[5.94154,35.55753],[5.9407,35.55748],[5.94009,35.55726],[5.93911,35.55658],[5.93725,35.55555],[5.93683,35.55546],[5.93523,35.55479],[5.93527,35.55473],[5.93501,35.55458],[5.93433,35.55385],[5.93204,35.55232],[5.93199,35.55196],[5.93293,35.55135],[5.93322,35.55097],[5.93323,35.55065],[5.93259,35.55024],[5.93183,35.55015],[5.93147,35.54996],[5.93117,35.54954],[5.9312,35.54918],[5.93161,35.54846],[5.93179,35.54795],[5.93175,35.54702],[5.93191,35.54681],[5.93274,35.54639],[5.93282,35.54668],[5.93304,35.54676],[5.93314,35.5466],[5.9334,35.54679],[5.93352,35.54666],[5.93389,35.54669],[5.93395,35.54665],[5.93381,35.54616],[5.93477,35.54602],[5.93536,35.54614],[5.93615,35.54668],[5.93639,35.54722],[5.9369,35.54747],[5.9381,35.54756],[5.93864,35.54746],[5.93891,35.54749],[5.93907,35.54762],[5.93992,35.54747],[5.94063,35.54745],[5.9414,35.54759],[5.94199,35.54758],[5.94211,35.54773],[5.94347,35.54849],[5.94353,35.54884],[5.94331,35.54873],[5.94324,35.54883],[5.94334,35.54908],[5.94353,35.54918],[5.94342,35.54993],[5.94392,35.55018],[5.94462,35.55022],[5.94472,35.5503],[5.94506,35.5511],[5.94569,35.55212],[5.94597,35.55238],[5.94653,35.55267],[5.9466,35.55282],[5.94646,35.55307]],[[5.93507,35.5473],[5.93499,35.54732],[5.9349,35.54718],[5.93431,35.54729],[5.93424,35.54777],[5.93443,35.54789],[5.9347,35.54783],[5.93486,35.54789],[5.9351,35.54776],[5.9354,35.54786],[5.93507,35.5473]],[[5.93934,35.54777],[5.93918,35.54789],[5.93896,35.54769],[5.93874,35.54763],[5.9385,35.54791],[5.93889,35.54852],[5.93908,35.54854],[5.93897,35.54867],[5.93901,35.54874],[5.9392,35.54889],[5.9395,35.54894],[5.93964,35.54885],[5.93954,35.54818],[5.93934,35.54777]],[[5.93727,35.54968],[5.93708,35.54981],[5.93686,35.55023],[5.93697,35.55048],[5.9371,35.5505],[5.93745,35.55031],[5.93764,35.55054],[5.93787,35.55053],[5.93773,35.55014],[5.93742,35.54974],[5.93727,35.54968]],[[5.94216,35.54942],[5.94186,35.54939],[5.94151,35.5496],[5.94113,35.54967],[5.941,35.54981],[5.93987,35.55002],[5.93966,35.55043],[5.93985,35.55077],[5.94055,35.55103],[5.94082,35.55104],[5.94109,35.55084],[5.94128,35.55037],[5.94158,35.54997],[5.94222,35.54988],[5.94232,35.54964],[5.94216,35.54942]],[[5.93977,35.55094],[5.93898,35.55067],[5.93891,35.55069],[5.93922,35.55096],[5.93977,35.55094]],[[5.94254,35.55147],[5.94223,35.55155],[5.94201,35.55123],[5.94166,35.55142],[5.94141,35.55138],[5.94121,35.55153],[5.94116,35.55188],[5.9415,35.55247],[5.94172,35.55255],[5.94197,35.55248],[5.94224,35.55207],[5.94247,35.5519],[5.94256,35.55175],[5.94254,35.55147]],[[5.94067,35.55353],[5.94034,35.55358],[5.94019,35.55347],[5.93981,35.55368],[5.94007,35.55418],[5.94027,35.55416],[5.94047,35.55399],[5.94067,35.55353]],[[5.94011,35.55533],[5.93893,35.55503],[5.93878,35.55509],[5.93847,35.55553],[5.93871,35.55571],[5.93943,35.55592],[5.94011,35.55533]]]}},{"type":"Feature","properties":{"Name":"Cédraie1","OCCUPATION":"CEDRAIE","ETAT":"MOYEN","INTERVENTI":"AUCUNE","OBSERVATIO":"SUR DALLE"},"geometry":{"type":"MultiPolygon","coordinates":[[[[6.15024,35.63581],[6.15078,35.6367],[6.15311,35.63839],[6.15382,35.63919],[6.15414,35.63924],[6.15374,35.63936],[6.15082,35.63737],[6.14901,35.63676],[6.14833,35.63635],[6.1478,35.6362],[6.14724,35.63626],[6.14659,35.63616],[6.14601,35.63592],[6.14576,35.63611],[6.14653,35.63671],[6.14742,35.63776],[6.14811,35.63839],[6.14818,35.63856],[6.14798,35.63869],[6.14783,35.63867],[6.14661,35.63811],[6.14532,35.63785],[6.1439,35.63726],[6.14305,35.63666],[6.14263,35.6367],[6.14214,35.63707],[6.14105,35.63825],[6.14045,35.63871],[6.13964,35.63895],[6.13895,35.63887],[6.13816,35.63851],[6.13723,35.63834],[6.13661,35.63814],[6.13578,35.6375],[6.13405,35.6366],[6.13042,35.63566],[6.13146,35.63584],[6.13259,35.63619],[6.1338,35.63634],[6.13385,35.63618],[6.1336,35.63589],[6.13421,35.63573],[6.1344,35.63559],[6.13445,35.63523],[6.13428,35.63441],[6.13418,35.63428],[6.13373,35.63426],[6.13334,35.63459],[6.13284,35.63458],[6.13268,35.63481],[6.13228,35.63484],[6.13203,35.63504],[6.13151,35.63513],[6.13131,35.63508],[6.13111,35.63474],[6.13138,35.63445],[6.13118,35.63433],[6.13073,35.63491],[6.13044,35.63484],[6.1304,35.6352],[6.1302,35.63533],[6.12892,35.6353],[6.12835,35.63543],[6.12711,35.63494],[6.12587,35.63459],[6.12574,35.63447],[6.12479,35.63414],[6.1245,35.6338],[6.12471,35.63316],[6.12462,35.63281],[6.12381,35.63299],[6.12293,35.63274],[6.12137,35.63144],[6.12166,35.63105],[6.12269,35.63069],[6.1241,35.63075],[6.1252,35.63097],[6.1254,35.6308],[6.1262,35.63121],[6.12647,35.63097],[6.12633,35.63069],[6.12554,35.63045],[6.1252,35.63004],[6.12472,35.63002],[6.1246,35.63008],[6.12464,35.6302],[6.12447,35.63032],[6.12448,35.63043],[6.12438,35.63045],[6.1237,35.6303],[6.12334,35.63006],[6.12357,35.62985],[6.12424,35.62985],[6.1262,35.6301],[6.12668,35.62986],[6.12655,35.62966],[6.12626,35.62945],[6.12573,35.62931],[6.12593,35.62914],[6.12414,35.62843],[6.1233,35.62867],[6.12163,35.62953],[6.12099,35.62953],[6.12036,35.62938],[6.11925,35.62877],[6.11781,35.62823],[6.11759,35.62808],[6.11747,35.6278],[6.11797,35.62706],[6.11894,35.62672],[6.12013,35.62692],[6.12116,35.62729],[6.12228,35.62754],[6.12268,35.6274],[6.12054,35.62654],[6.12045,35.6263],[6.12141,35.62607],[6.12254,35.62604],[6.12294,35.62611],[6.12331,35.62644],[6.12354,35.62651],[6.12369,35.62629],[6.12355,35.6261],[6.12372,35.62578],[6.12398,35.62564],[6.12435,35.62561],[6.12426,35.62558],[6.12428,35.62548],[6.12389,35.6254],[6.12362,35.62522],[6.12313,35.62518],[6.12159,35.62572],[6.1191,35.62536],[6.11851,35.62507],[6.1178,35.62438],[6.11781,35.62425],[6.11798,35.62413],[6.11855,35.62389],[6.1195,35.62377],[6.11976,35.62362],[6.11988,35.62281],[6.12048,35.62228],[6.1205,35.62201],[6.12078,35.62146],[6.12076,35.62132],[6.12057,35.62115],[6.12013,35.6212],[6.11959,35.6211],[6.11902,35.62088],[6.11899,35.62002],[6.11915,35.61918],[6.11966,35.61829],[6.11958,35.61792],[6.11942,35.6178],[6.12238,35.61852],[6.12204,35.61884],[6.12188,35.61878],[6.12176,35.61888],[6.12179,35.61907],[6.12206,35.61943],[6.12199,35.61951],[6.12213,35.61959],[6.12222,35.61981],[6.12188,35.61993],[6.12207,35.62019],[6.12203,35.62032],[6.12148,35.62057],[6.12151,35.6207],[6.12178,35.62092],[6.1217,35.62101],[6.12181,35.62114],[6.12193,35.62099],[6.12253,35.62065],[6.12295,35.6202],[6.12355,35.61988],[6.12426,35.62022],[6.12511,35.62019],[6.12843,35.62133],[6.13066,35.62123],[6.13443,35.62187],[6.137,35.62325],[6.13692,35.62446],[6.13552,35.6247],[6.13364,35.62418],[6.13302,35.62411],[6.13017,35.62303],[6.12986,35.62365],[6.1295,35.62412],[6.12913,35.62442],[6.12898,35.62489],[6.12919,35.62535],[6.12946,35.62566],[6.12987,35.6259],[6.13023,35.62625],[6.13104,35.62671],[6.13171,35.62742],[6.13255,35.62805],[6.13264,35.62816],[6.13248,35.62818],[6.13261,35.6283],[6.13312,35.62868],[6.13335,35.62873],[6.13383,35.62904],[6.13371,35.62925],[6.13436,35.6296],[6.13498,35.63039],[6.13523,35.63047],[6.1355,35.63073],[6.13607,35.63099],[6.13624,35.63069],[6.13605,35.63045],[6.13623,35.63022],[6.1369,35.63025],[6.13738,35.63042],[6.138,35.63088],[6.13975,35.63177],[6.14001,35.63207],[6.1405,35.63223],[6.1411,35.63214],[6.14284,35.63311],[6.14396,35.63383],[6.14543,35.63513],[6.14634,35.63548],[6.14784,35.63559],[6.14868,35.6355],[6.14874,35.63564],[6.1489,35.63553],[6.15024,35.63581]],[[6.13029,35.63354],[6.13015,35.63364],[6.1302,35.63384],[6.13048,35.63406],[6.13075,35.63411],[6.13055,35.63393],[6.13079,35.63378],[6.13029,35.63354]],[[6.13424,35.63148],[6.13519,35.63168],[6.1357,35.63191],[6.13584,35.63188],[6.13499,35.63143],[6.13472,35.63138],[6.13414,35.63138],[6.13385,35.63156],[6.13424,35.63148]],[[6.1341,35.62986],[6.1339,35.62998],[6.13396,35.63025],[6.13383,35.63035],[6.13402,35.63052],[6.13416,35.63035],[6.13416,35.63011],[6.13437,35.63004],[6.1341,35.62986]],[[6.12373,35.62496],[6.12474,35.62531],[6.12491,35.62494],[6.12485,35.62457],[6.12497,35.62447],[6.12545,35.62456],[6.12564,35.62474],[6.12604,35.6245],[6.12634,35.62467],[6.12658,35.62468],[6.12688,35.62452],[6.12698,35.62417],[6.12689,35.62401],[6.12627,35.62384],[6.12589,35.62355],[6.1249,35.62364],[6.12476,35.6238],[6.12477,35.62394],[6.12552,35.62393],[6.12565,35.62404],[6.12563,35.6242],[6.12546,35.62429],[6.12483,35.62405],[6.1247,35.62411],[6.12463,35.62446],[6.12404,35.62449],[6.12411,35.62478],[6.12373,35.62496]]],[[[6.11904,35.61771],[6.11913,35.61773],[6.11905,35.61773],[6.11904,35.61771]]]]}},{"type":"Feature","properties":{"Name":"CEDRAIE SUR DALLE","OCCUPATION":"CEDRAIE","ETAT":"DEGRADEE","INTERVENTI":"AUCUNE","OBSERVATIO":"SUR DALLE"},"geometry":{"type":"Polygon","coordinates":[[[6.15414,35.63924],[6.15382,35.63919],[6.15311,35.63839],[6.15078,35.6367],[6.15024,35.63581],[6.15194,35.63668],[6.15296,35.63749],[6.15359,35.6381],[6.15429,35.63905],[6.15414,35.63924]]]}},{"type":"Feature","properties":{"Name":"nain","OCCUPATION":"CEDRAIE","ETAT":"MOYEN","INTERVENTI":"ANCIEN TRAVAUX"},"geometry":{"type":"Polygon","coordinates":[[[5.938,35.54471],[5.93805,35.54363],[5.93914,35.54338],[5.9398,35.54333],[5.94076,35.54369],[5.94134,35.54404],[5.94183,35.54511],[5.94185,35.54591],[5.94162,35.54677],[5.94101,35.54684],[5.93931,35.54625],[5.93849,35.54585],[5.938,35.54471]]]}},{"type":"Feature","properties":{"Name":"Cédraie pure 01 - 151","OCCUPATION":"CEDRAIE","ETAT":"DEGRADEE","INTERVENTI":"TRAVAUX"},"geometry":{"type":"MultiPolygon","coordinates":[[[[6.01235,35.59542],[6.01137,35.5956],[6.01028,35.59513],[6.01006,35.59523],[6.0096,35.59501],[6.0093,35.59484],[6.00831,35.5938],[6.00754,35.59363],[6.007,35.59315],[6.00644,35.59292],[6.00616,35.59311],[6.00586,35.59309],[6.00552,35.59257],[6.00554,35.59237],[6.00614,35.59195],[6.00638,35.5916],[6.00608,35.59113],[6.00689,35.591],[6.00733,35.59072],[6.00778,35.59026],[6.00878,35.5899],[6.00882,35.58969],[6.00872,35.58961],[6.00903,35.58916],[6.00906,35.58843],[6.00947,35.58788],[6.00991,35.58783],[6.01091,35.58748],[6.0114,35.58745],[6.01163,35.58733],[6.01168,35.5872],[6.0117,35.58689],[6.01144,35.58676],[6.01009,35.58714],[6.00974,35.58694],[6.00974,35.58677],[6.01037,35.58662],[6.01086,35.58667],[6.01122,35.58646],[6.01168,35.58653],[6.01201,35.58669],[6.01243,35.58712],[6.0135,35.58784],[6.01451,35.58831],[6.01504,35.58831],[6.01521,35.58815],[6.01535,35.58779],[6.01522,35.58731],[6.01489,35.58699],[6.01354,35.5862],[6.01347,35.58597],[6.01321,35.58574],[6.01336,35.58553],[6.01313,35.58524],[6.01308,35.58503],[6.01324,35.58482],[6.01388,35.58449],[6.01473,35.58439],[6.01525,35.58448],[6.01578,35.58475],[6.01661,35.58538],[6.01664,35.58556],[6.01705,35.58577],[6.01722,35.5857],[6.01721,35.58548],[6.01731,35.58538],[6.01711,35.58525],[6.01695,35.58528],[6.01665,35.58499],[6.01667,35.58469],[6.0168,35.58459],[6.01827,35.58513],[6.01865,35.58536],[6.01864,35.58553],[6.01884,35.58584],[6.01949,35.58616],[6.01997,35.58629],[6.02007,35.58636],[6.02007,35.58669],[6.0211,35.5872],[6.02119,35.58752],[6.02138,35.58759],[6.02178,35.58861],[6.02202,35.5889],[6.02213,35.58919],[6.02204,35.58954],[6.02189,35.58961],[6.02118,35.58945],[6.02005,35.58898],[6.01964,35.58899],[6.01803,35.58873],[6.01767,35.5888],[6.01724,35.58922],[6.01739,35.58963],[6.01784,35.58996],[6.01853,35.5901],[6.0187,35.59034],[6.01802,35.59146],[6.01728,35.59194],[6.01679,35.59291],[6.01451,35.59393],[6.01399,35.594],[6.01332,35.59481],[6.01235,35.59542]],[[6.01312,35.59089],[6.01332,35.591],[6.0134,35.59088],[6.01321,35.59055],[6.01294,35.59041],[6.01291,35.59025],[6.01302,35.59004],[6.01235,35.5894],[6.01213,35.58937],[6.01201,35.58948],[6.01149,35.58923],[6.01095,35.58974],[6.01092,35.5902],[6.01075,35.59044],[6.01095,35.5907],[6.01113,35.59078],[6.01131,35.59064],[6.01136,35.59051],[6.01111,35.59046],[6.01125,35.59025],[6.01148,35.5903],[6.01217,35.58992],[6.01234,35.58999],[6.01226,35.59018],[6.01242,35.5902],[6.01258,35.5905],[6.01272,35.59049],[6.01255,35.59021],[6.0131,35.59062],[6.01312,35.59089]],[[6.01102,35.58893],[6.01086,35.58905],[6.01097,35.58921],[6.01109,35.58918],[6.01143,35.58871],[6.01182,35.58868],[6.01148,35.58837],[6.01132,35.58844],[6.01127,35.58828],[6.01119,35.58829],[6.01106,35.58863],[6.01088,35.58872],[6.01102,35.58881],[6.01102,35.58893]]],[[[6.0042,35.58913],[6.00287,35.58919],[6.00262,35.58888],[6.00257,35.58864],[6.00292,35.58753],[6.00321,35.58711],[6.0033,35.58675],[6.0035,35.58699],[6.00356,35.58728],[6.00367,35.58734],[6.00395,35.58736],[6.0042,35.58693],[6.00441,35.58695],[6.0045,35.58705],[6.00434,35.58726],[6.00434,35.58742],[6.00457,35.58732],[6.00461,35.58701],[6.00481,35.58677],[6.0049,35.58626],[6.00419,35.58551],[6.00343,35.58534],[6.00345,35.58517],[6.00296,35.58497],[6.00273,35.58502],[6.00238,35.58476],[6.00223,35.58475],[6.00216,35.58508],[6.00193,35.58507],[6.00162,35.58466],[6.00127,35.58451],[6.00097,35.58482],[6.00133,35.58487],[6.00142,35.5851],[6.0009,35.58511],[6.00089,35.58497],[6.0007,35.58481],[6.0005,35.58498],[5.99998,35.58489],[5.99989,35.58522],[5.99954,35.58549],[5.99937,35.586],[5.99917,35.58614],[5.99932,35.5863],[5.99927,35.58654],[5.99904,35.58652],[5.99881,35.5862],[5.99841,35.58591],[5.99672,35.58582],[5.99602,35.58611],[5.99561,35.58656],[5.99544,35.58633],[5.99457,35.58652],[5.99435,35.58625],[5.99419,35.58664],[5.994,35.58683],[5.99367,35.58681],[5.99333,35.58663],[5.9929,35.58616],[5.99241,35.58562],[5.99206,35.58505],[5.99121,35.58447],[5.99093,35.58376],[5.99089,35.58309],[5.99116,35.58241],[5.99062,35.58168],[5.99036,35.58084],[5.98986,35.58052],[5.98802,35.58008],[5.98791,35.58],[5.98782,35.57959],[5.98793,35.57935],[5.98981,35.57849],[5.99067,35.57849],[5.99278,35.57893],[5.99336,35.57969],[5.99425,35.5802],[5.9946,35.58049],[5.99474,35.58075],[5.99474,35.58095],[5.99446,35.5812],[5.99336,35.58151],[5.99318,35.58172],[5.99313,35.58183],[5.99331,35.58235],[5.99287,35.5826],[5.9929,35.58317],[5.99301,35.58326],[5.99316,35.58324],[5.99331,35.58294],[5.99388,35.58248],[5.99382,35.5823],[5.99394,35.58218],[5.99417,35.58212],[5.9945,35.58221],[5.99559,35.58189],[5.9963,35.58182],[5.99718,35.58227],[5.9978,35.58323],[5.99827,35.5835],[5.99928,35.58375],[6.0017,35.58346],[6.00121,35.58362],[6.00127,35.58375],[6.0016,35.58386],[6.00197,35.58375],[6.00222,35.58346],[6.00233,35.58358],[6.00213,35.58379],[6.00211,35.58401],[6.0028,35.58414],[6.00304,35.58442],[6.00327,35.5844],[6.00363,35.58415],[6.00346,35.58396],[6.0036,35.58374],[6.0037,35.58396],[6.00414,35.58429],[6.00444,35.5848],[6.00465,35.58488],[6.00468,35.58521],[6.00477,35.5853],[6.00497,35.58532],[6.00523,35.58516],[6.00541,35.5852],[6.00577,35.58535],[6.0061,35.5857],[6.00751,35.58624],[6.00856,35.58642],[6.0091,35.58636],[6.00937,35.5865],[6.00872,35.58652],[6.00706,35.5862],[6.00653,35.58598],[6.00591,35.58584],[6.00565,35.58607],[6.00516,35.58718],[6.00539,35.58733],[6.00526,35.58778],[6.00477,35.58861],[6.0042,35.58913]],[[5.99609,35.58505],[5.99588,35.58453],[5.99552,35.58438],[5.99493,35.58508],[5.99491,35.58521],[5.99497,35.5853],[5.99516,35.58524],[5.9954,35.58488],[5.99554,35.5851],[5.99573,35.58512],[5.99609,35.58505]],[[5.99718,35.58319],[5.99697,35.58327],[5.99692,35.58346],[5.99773,35.58372],[5.99804,35.58376],[5.99837,35.58367],[5.9979,35.58333],[5.99718,35.58319]]],[[[6.00261,35.58354],[6.00322,35.58365],[6.00324,35.5837],[6.003,35.58395],[6.00288,35.58392],[6.00256,35.58369],[6.00261,35.58354]]]]}},{"type":"Feature","properties":{"Name":"Cédraie 4 Tichaou [1:Polygon]","OCCUPATION":"CEDRAIE","ETAT":"MOYEN","INTERVENTI":"TRAVAUX"},"geometry":{"type":"MultiPolygon","coordinates":[[[[5.95692,35.58146],[5.95634,35.58148],[5.95599,35.58137],[5.95577,35.58121],[5.9558,35.58103],[5.95637,35.58059],[5.95846,35.58028],[5.95858,35.58003],[5.95853,35.57969],[5.95943,35.57899],[5.95959,35.57837],[5.95969,35.57826],[5.95967,35.57802],[5.9594,35.57791],[5.9585,35.57691],[5.95819,35.57671],[5.95664,35.57631],[5.9549,35.57615],[5.95333,35.57582],[5.95273,35.57591],[5.95222,35.57612],[5.95121,35.57677],[5.95096,35.57644],[5.95087,35.57593],[5.94986,35.57583],[5.94945,35.57592],[5.94849,35.57645],[5.94812,35.57692],[5.94794,35.5774],[5.94782,35.57751],[5.9475,35.57758],[5.94685,35.57749],[5.94642,35.57735],[5.94608,35.57705],[5.94603,35.5765],[5.94572,35.57617],[5.94529,35.57596],[5.94353,35.57465],[5.94165,35.57357],[5.94076,35.57286],[5.9401,35.5721],[5.93974,35.57216],[5.93946,35.57237],[5.93925,35.57345],[5.93926,35.57439],[5.9389,35.57475],[5.93853,35.5748],[5.93837,35.57459],[5.93807,35.57339],[5.93789,35.57317],[5.93664,35.57238],[5.93627,35.57232],[5.93609,35.57263],[5.93607,35.57357],[5.93589,35.57399],[5.93573,35.57411],[5.93531,35.57417],[5.93454,35.57407],[5.93439,35.57412],[5.93411,35.57548],[5.93419,35.576],[5.93375,35.5772],[5.93326,35.57753],[5.93258,35.57765],[5.93043,35.57757],[5.93036,35.57649],[5.93066,35.57623],[5.93146,35.5759],[5.93143,35.57552],[5.9316,35.57551],[5.9318,35.57585],[5.93204,35.57591],[5.93308,35.57595],[5.9334,35.57583],[5.93344,35.57543],[5.93324,35.57508],[5.93176,35.57418],[5.9324,35.57267],[5.93261,35.57239],[5.93328,35.57183],[5.93425,35.56946],[5.93459,35.56903],[5.93649,35.56825],[5.93698,35.56786],[5.93772,35.56639],[5.93814,35.56601],[5.9387,35.56526],[5.93895,35.56458],[5.93947,35.5644],[5.93986,35.56459],[5.9389,35.56508],[5.93911,35.5654],[5.94094,35.56429],[5.94099,35.56405],[5.93942,35.56406],[5.93907,35.56391],[5.93932,35.56368],[5.93926,35.56327],[5.93891,35.56295],[5.9388,35.5626],[5.93927,35.56189],[5.94066,35.56167],[5.94114,35.5613],[5.94097,35.56053],[5.94147,35.56039],[5.94226,35.55943],[5.9416,35.55913],[5.94105,35.5583],[5.94023,35.55784],[5.93912,35.55741],[5.93794,35.55677],[5.93719,35.55658],[5.93646,35.55666],[5.93543,35.55656],[5.93433,35.5561],[5.93379,35.55605],[5.93361,35.55611],[5.93352,35.55629],[5.93372,35.557],[5.93312,35.55714],[5.93294,35.55666],[5.93267,35.55644],[5.93245,35.55638],[5.93224,35.55658],[5.93237,35.55713],[5.93133,35.55757],[5.93193,35.55725],[5.93185,35.55679],[5.9325,35.55614],[5.93278,35.55602],[5.9331,35.55604],[5.93326,35.55587],[5.93256,35.55566],[5.93236,35.55539],[5.93213,35.55529],[5.93083,35.55493],[5.93074,35.55475],[5.93074,35.55428],[5.93038,35.55398],[5.93006,35.55393],[5.93001,35.55403],[5.92968,35.5542],[5.92974,35.55406],[5.92992,35.55404],[5.93023,35.55377],[5.93046,35.5534],[5.93044,35.55325],[5.92996,35.55308],[5.92929,35.5531],[5.92682,35.55433],[5.9254,35.55545],[5.92487,35.55599],[5.92475,35.55626],[5.92443,35.55649],[5.92424,35.55681],[5.92413,35.55736],[5.92421,35.55759],[5.9248,35.55779],[5.92513,35.55773],[5.92593,35.55804],[5.92656,35.55813],[5.92688,35.5583],[5.92694,35.55848],[5.92678,35.55837],[5.92622,35.55836],[5.92616,35.55841],[5.92641,35.5586],[5.92628,35.5587],[5.92594,35.55805],[5.92433,35.55785],[5.92398,35.55731],[5.92413,35.55678],[5.92479,35.55608],[5.92491,35.5557],[5.92517,35.5555],[5.92645,35.55372],[5.92832,35.55265],[5.93035,35.55118],[5.9303,35.55054],[5.92994,35.55003],[5.9302,35.54882],[5.93104,35.54826],[5.93106,35.54787],[5.93055,35.54766],[5.93046,35.54734],[5.93102,35.54682],[5.93106,35.5466],[5.93099,35.54655],[5.93141,35.54634],[5.9323,35.54555],[5.93466,35.54593],[5.93535,35.54586],[5.93586,35.54568],[5.93624,35.54543],[5.93647,35.5451],[5.93645,35.54475],[5.93629,35.54464],[5.93635,35.54439],[5.93625,35.54409],[5.93834,35.54314],[5.93949,35.54274],[5.94087,35.54308],[5.94352,35.54407],[5.94419,35.54418],[5.94499,35.54305],[5.94502,35.54209],[5.94513,35.54163],[5.94598,35.54131],[5.94696,35.54132],[5.94759,35.54098],[5.94777,35.54012],[5.94768,35.53951],[5.94815,35.53931],[5.94834,35.53933],[5.9484,35.53968],[5.94879,35.54023],[5.94901,35.54032],[5.94941,35.54032],[5.94992,35.53984],[5.95006,35.5392],[5.94934,35.53889],[5.949,35.53886],[5.94886,35.53874],[5.94881,35.53883],[5.94788,35.53886],[5.94783,35.53872],[5.94792,35.53837],[5.94779,35.53797],[5.9479,35.53783],[5.94866,35.53772],[5.94924,35.53804],[5.95099,35.53838],[5.95167,35.53873],[5.95302,35.53915],[5.95385,35.53976],[5.95492,35.54024],[5.95515,35.54054],[5.95498,35.54067],[5.95342,35.54102],[5.95401,35.54154],[5.95445,35.5417],[5.95513,35.54135],[5.95565,35.5407],[5.95619,35.54041],[5.95578,35.54005],[5.95573,35.53988],[5.95583,35.53956],[5.95561,35.53899],[5.95567,35.53888],[5.95606,35.53906],[5.95606,35.53947],[5.95616,35.5396],[5.95715,35.54041],[5.95734,35.5404],[5.95761,35.54023],[5.95761,35.54009],[5.95712,35.53928],[5.95624,35.53868],[5.95738,35.53866],[5.959,35.5379],[5.96031,35.53787],[5.96122,35.53726],[5.9617,35.53716],[5.96289,35.53611],[5.9631,35.53607],[5.96353,35.53627],[5.96367,35.53669],[5.96347,35.53697],[5.96325,35.53759],[5.96242,35.53793],[5.96201,35.53825],[5.96182,35.53903],[5.9614,35.53943],[5.96142,35.53962],[5.96181,35.54021],[5.96196,35.54039],[5.96307,35.54085],[5.96443,35.54234],[5.96452,35.54213],[5.96488,35.54232],[5.9653,35.54238],[5.96731,35.5423],[5.96767,35.5422],[5.96838,35.54305],[5.96889,35.54336],[5.96934,35.54361],[5.97057,35.5439],[5.97078,35.54431],[5.97073,35.54467],[5.97057,35.54489],[5.97025,35.54499],[5.97055,35.5452],[5.97119,35.54534],[5.97432,35.54539],[5.97604,35.54531],[5.97999,35.54614],[5.9809,35.54608],[5.98112,35.5462],[5.98155,35.546],[5.98243,35.54594],[5.98342,35.54606],[5.98395,35.54624],[5.98567,35.54652],[5.98647,35.54691],[5.98711,35.54701],[5.98717,35.54724],[5.98751,35.54732],[5.98942,35.54709],[5.99089,35.54748],[5.9921,35.54793],[5.99463,35.54917],[5.99406,35.54977],[5.99291,35.55052],[5.99214,35.55066],[5.99156,35.5509],[5.99031,35.55089],[5.98815,35.55112],[5.98737,35.55022],[5.98624,35.55023],[5.98583,35.55045],[5.986,35.55124],[5.98594,35.55141],[5.98569,35.55152],[5.98544,35.55149],[5.98482,35.55117],[5.98455,35.55119],[5.9839,35.55102],[5.98244,35.55103],[5.98166,35.55116],[5.98153,35.55094],[5.98134,35.55083],[5.98058,35.55111],[5.97919,35.55123],[5.97891,35.55103],[5.9782,35.55145],[5.97749,35.55165],[5.97665,35.5514],[5.97609,35.55135],[5.97531,35.55106],[5.9751,35.55074],[5.97516,35.55041],[5.97531,35.55025],[5.97609,35.55063],[5.97614,35.55086],[5.97639,35.55092],[5.97685,35.55081],[5.97693,35.55033],[5.97665,35.5499],[5.97666,35.54965],[5.97827,35.54792],[5.97865,35.54777],[5.9786,35.54762],[5.97881,35.54715],[5.97924,35.54664],[5.97961,35.54641],[5.97963,35.54623],[5.97945,35.54623],[5.97916,35.54632],[5.97739,35.54745],[5.97535,35.54767],[5.97428,35.54823],[5.97253,35.54847],[5.97034,35.54905],[5.9692,35.54924],[5.9684,35.54923],[5.96761,35.5487],[5.96712,35.54859],[5.96659,35.54863],[5.96661,35.54885],[5.96702,35.54978],[5.96746,35.55051],[5.96797,35.55247],[5.96769,35.55274],[5.96661,35.55326],[5.96615,35.55375],[5.96554,35.55399],[5.96503,35.55437],[5.96533,35.5546],[5.96569,35.55471],[5.96704,35.55468],[5.96808,35.55499],[5.96822,35.55517],[5.96819,35.55554],[5.9688,35.55596],[5.96801,35.55676],[5.96807,35.55722],[5.96932,35.55809],[5.97014,35.55825],[5.97071,35.55823],[5.97114,35.55798],[5.97186,35.55788],[5.97304,35.55745],[5.97399,35.55697],[5.97618,35.55645],[5.9766,35.55705],[5.97683,35.55714],[5.97676,35.55677],[5.97643,35.55635],[5.97877,35.55607],[5.98015,35.55632],[5.98119,35.55679],[5.98202,35.55743],[5.98402,35.55827],[5.98462,35.55918],[5.98441,35.55961],[5.98347,35.56041],[5.98278,35.56011],[5.98231,35.56013],[5.98236,35.56023],[5.98324,35.56056],[5.98296,35.56087],[5.98247,35.56091],[5.98299,35.56117],[5.98312,35.56185],[5.98344,35.56232],[5.98498,35.563],[5.98758,35.56378],[5.98885,35.56374],[5.99014,35.56352],[5.99118,35.56346],[5.99247,35.56368],[5.99288,35.56396],[5.99297,35.56418],[5.99293,35.56438],[5.99252,35.56468],[5.99166,35.56491],[5.99137,35.5651],[5.99207,35.5659],[5.99293,35.56636],[5.9937,35.5665],[5.99597,35.56605],[5.99681,35.56602],[5.99798,35.56628],[5.99948,35.56791],[6.00089,35.56899],[6.0012,35.56933],[6.00111,35.56944],[6.00136,35.56954],[6.00151,35.56984],[6.0013,35.57061],[6.00002,35.5714],[5.99916,35.57173],[5.999,35.57198],[5.99849,35.57237],[5.99803,35.57313],[5.99812,35.57338],[5.99764,35.57389],[5.99714,35.57402],[5.99554,35.57418],[5.99534,35.57443],[5.99609,35.57491],[5.99781,35.57649],[5.99803,35.57713],[5.99626,35.57661],[5.99563,35.5768],[5.99478,35.57674],[5.99323,35.57627],[5.99265,35.57575],[5.99236,35.57532],[5.99191,35.57513],[5.99171,35.57465],[5.99137,35.57426],[5.99101,35.57409],[5.99091,35.57381],[5.99102,35.57359],[5.99094,35.57314],[5.99106,35.57291],[5.99107,35.57225],[5.99103,35.57203],[5.99079,35.5717],[5.99043,35.57144],[5.99009,35.57153],[5.98924,35.5712],[5.98859,35.57077],[5.98735,35.57038],[5.98624,35.57067],[5.98624,35.57148],[5.98653,35.57167],[5.98716,35.5715],[5.98762,35.57158],[5.98779,35.57167],[5.98798,35.57203],[5.98823,35.57215],[5.98889,35.57205],[5.98909,35.57221],[5.98803,35.57302],[5.98774,35.57312],[5.98769,35.57328],[5.98738,35.57351],[5.98676,35.57373],[5.98687,35.57416],[5.98712,35.57415],[5.98717,35.57433],[5.98695,35.57523],[5.98658,35.5758],[5.98606,35.57615],[5.98597,35.57615],[5.98603,35.57603],[5.98586,35.57595],[5.9852,35.57586],[5.98484,35.5761],[5.98402,35.57631],[5.98396,35.57646],[5.98374,35.57653],[5.98157,35.57701],[5.97951,35.57732],[5.97767,35.57775],[5.97626,35.57823],[5.9758,35.57857],[5.97544,35.57916],[5.9756,35.57954],[5.97599,35.58004],[5.9754,35.58009],[5.97454,35.5796],[5.97409,35.57952],[5.97235,35.57962],[5.97137,35.57957],[5.96983,35.57935],[5.9693,35.57896],[5.96905,35.57855],[5.96906,35.57834],[5.97004,35.57777],[5.97152,35.57773],[5.97187,35.57764],[5.97247,35.57724],[5.97287,35.57708],[5.97306,35.57709],[5.97335,35.57674],[5.97335,35.57662],[5.97456,35.57634],[5.97565,35.57591],[5.97676,35.57521],[5.97685,35.57519],[5.97683,35.57535],[5.97705,35.57539],[5.97852,35.57501],[5.97894,35.5744],[5.9793,35.57435],[5.97947,35.57406],[5.97908,35.57297],[5.97879,35.57264],[5.97871,35.57218],[5.9785,35.57184],[5.978,35.57146],[5.97719,35.57146],[5.97654,35.5717],[5.97601,35.57194],[5.97582,35.5722],[5.97433,35.57322],[5.97366,35.57352],[5.97331,35.5735],[5.97241,35.57369],[5.97124,35.57429],[5.97088,35.57458],[5.96965,35.57479],[5.96878,35.57476],[5.96784,35.57446],[5.96622,35.57408],[5.96578,35.57406],[5.9656,35.57381],[5.96512,35.57388],[5.96499,35.57411],[5.96473,35.57417],[5.96382,35.57505],[5.9636,35.5755],[5.9631,35.57532],[5.96287,35.57533],[5.96348,35.57593],[5.96346,35.57648],[5.96311,35.57729],[5.96294,35.57816],[5.96263,35.5785],[5.96219,35.57857],[5.96179,35.57951],[5.96104,35.57974],[5.96064,35.5797],[5.95923,35.57984],[5.95904,35.58004],[5.95895,35.58031],[5.95907,35.58047],[5.95965,35.58001],[5.96001,35.57991],[5.96068,35.57992],[5.95982,35.58038],[5.95902,35.58065],[5.95781,35.58122],[5.95692,35.58146]],[[5.96141,35.5772],[5.96131,35.57727],[5.96131,35.57743],[5.96157,35.57759],[5.96168,35.57749],[5.96163,35.57728],[5.96141,35.5772]],[[5.95372,35.57467],[5.9544,35.5749],[5.95462,35.57481],[5.95504,35.57442],[5.95486,35.57391],[5.95488,35.57338],[5.9546,35.57295],[5.95376,35.57307],[5.95324,35.57341],[5.95283,35.57381],[5.95253,35.5744],[5.95264,35.57481],[5.95301,35.57488],[5.95372,35.57467]],[[5.97096,35.57242],[5.9705,35.57264],[5.97126,35.5728],[5.97096,35.57242]],[[5.94976,35.57302],[5.95026,35.57256],[5.95038,35.57218],[5.95061,35.57193],[5.95059,35.57153],[5.95025,35.57159],[5.9501,35.57171],[5.9502,35.5724],[5.9495,35.57274],[5.94957,35.57297],[5.94976,35.57302]],[[5.94879,35.57158],[5.94905,35.57153],[5.94913,35.57129],[5.94943,35.57096],[5.94952,35.57064],[5.94948,35.57014],[5.94906,35.57105],[5.94878,35.57139],[5.94879,35.57158]],[[5.98801,35.56936],[5.98826,35.56947],[5.98845,35.56944],[5.98867,35.56932],[5.9887,35.56911],[5.98855,35.5689],[5.98814,35.56862],[5.98764,35.56795],[5.98726,35.56778],[5.98699,35.56782],[5.98701,35.56806],[5.9878,35.56887],[5.98768,35.56907],[5.98718,35.56916],[5.98716,35.56934],[5.98801,35.56936]],[[5.96556,35.56993],[5.96652,35.56915],[5.96686,35.56857],[5.96687,35.56827],[5.96667,35.5679],[5.96619,35.56766],[5.96583,35.56781],[5.96557,35.56805],[5.96544,35.56849],[5.96573,35.56902],[5.96512,35.56948],[5.96538,35.5696],[5.96556,35.56993]],[[5.96064,35.56921],[5.96146,35.56904],[5.96175,35.56882],[5.96232,35.56808],[5.96246,35.56768],[5.96237,35.56726],[5.96206,35.56742],[5.96193,35.56794],[5.96166,35.56828],[5.96058,35.56893],[5.9605,35.5691],[5.96064,35.56921]],[[5.95402,35.56883],[5.9547,35.56839],[5.95494,35.56793],[5.95505,35.56727],[5.95477,35.56697],[5.95444,35.567],[5.95428,35.56671],[5.954,35.5673],[5.95406,35.56738],[5.95455,35.56732],[5.95443,35.5676],[5.9542,35.56775],[5.95454,35.56775],[5.95457,35.56789],[5.9544,35.56812],[5.954,35.56828],[5.95357,35.56865],[5.95346,35.5689],[5.95354,35.56896],[5.95402,35.56883]],[[5.96235,35.56652],[5.96215,35.56694],[5.96223,35.56709],[5.96264,35.56685],[5.96302,35.56694],[5.96402,35.56577],[5.96415,35.56537],[5.96406,35.56507],[5.96378,35.56494],[5.96361,35.56505],[5.96342,35.56536],[5.96291,35.56554],[5.96281,35.56609],[5.96235,35.56652]],[[5.97679,35.5656],[5.97757,35.56619],[5.97823,35.56644],[5.97881,35.56655],[5.9791,35.56651],[5.97931,35.56633],[5.97929,35.56616],[5.97894,35.56592],[5.9766,35.56495],[5.97494,35.56399],[5.97419,35.56342],[5.97383,35.56337],[5.9736,35.5632],[5.97335,35.56252],[5.97331,35.56229],[5.97355,35.56199],[5.97341,35.5616],[5.97293,35.56142],[5.97255,35.56171],[5.97242,35.5619],[5.97245,35.5622],[5.97298,35.56288],[5.97298,35.56371],[5.97284,35.56414],[5.97228,35.56465],[5.97192,35.56482],[5.97207,35.56495],[5.9723,35.56499],[5.97277,35.56477],[5.97377,35.56467],[5.97419,35.5648],[5.9753,35.56553],[5.97539,35.56548],[5.9754,35.56528],[5.97555,35.56522],[5.97575,35.56538],[5.97571,35.56557],[5.9761,35.56586],[5.97643,35.56593],[5.97679,35.5656]],[[5.9689,35.56158],[5.96902,35.56155],[5.96948,35.56076],[5.96998,35.56113],[5.97016,35.5608],[5.97097,35.56116],[5.97138,35.56102],[5.9718,35.56108],[5.97234,35.56079],[5.97238,35.56039],[5.9722,35.56006],[5.97193,35.56007],[5.97174,35.56056],[5.97149,35.56073],[5.97117,35.56023],[5.97058,35.55995],[5.97037,35.55991],[5.96988,35.56008],[5.96907,35.55983],[5.96866,35.55986],[5.96849,35.56008],[5.96849,35.56055],[5.96869,35.56104],[5.96867,35.5614],[5.9689,35.56158]],[[5.98125,35.55985],[5.9809,35.56009],[5.98143,35.55998],[5.98188,35.55933],[5.98172,35.55923],[5.98149,35.55924],[5.98125,35.55985]],[[5.98039,35.55973],[5.97994,35.55895],[5.97971,35.5589],[5.97996,35.55961],[5.98017,35.55986],[5.98037,35.55982],[5.98039,35.55973]],[[5.96023,35.55955],[5.95976,35.5593],[5.95934,35.55999],[5.95902,35.56028],[5.9591,35.55994],[5.95937,35.55968],[5.95966,35.55912],[5.95923,35.55866],[5.95871,35.55841],[5.95839,35.55849],[5.95838,35.55831],[5.95868,35.5583],[5.95885,35.5581],[5.95914,35.5571],[5.95995,35.55582],[5.96026,35.55474],[5.96012,35.55435],[5.95969,35.55404],[5.95916,35.55394],[5.95851,35.55399],[5.95782,35.55376],[5.95768,35.55363],[5.95754,35.55327],[5.95753,35.55303],[5.9577,35.55347],[5.9579,35.55351],[5.95851,35.55317],[5.95862,35.55283],[5.95855,35.55242],[5.95877,35.55209],[5.95887,35.55152],[5.95865,35.55106],[5.95847,35.55097],[5.9583,35.55146],[5.95769,35.55184],[5.95752,35.55298],[5.9575,35.55241],[5.95732,35.55235],[5.95674,35.55253],[5.95635,35.55291],[5.95656,35.55255],[5.95657,35.55237],[5.95638,35.55235],[5.95616,35.55273],[5.95596,35.55269],[5.95584,35.55278],[5.95536,35.55235],[5.95502,35.5522],[5.95457,35.55222],[5.95406,35.55247],[5.9536,35.55292],[5.95361,35.55363],[5.95314,35.5542],[5.95281,35.55546],[5.95244,35.55585],[5.95188,35.55616],[5.95115,35.55642],[5.9504,35.55687],[5.94856,35.55706],[5.94819,35.55736],[5.94798,35.5574],[5.94804,35.55744],[5.94796,35.55757],[5.94762,35.55783],[5.94749,35.55782],[5.94744,35.55794],[5.94515,35.55807],[5.94495,35.55836],[5.94546,35.55887],[5.9456,35.55917],[5.94526,35.55877],[5.94487,35.55863],[5.94461,35.55837],[5.94407,35.55874],[5.94447,35.55908],[5.94419,35.55954],[5.94321,35.55902],[5.94264,35.55914],[5.94219,35.55976],[5.94141,35.56123],[5.94066,35.56204],[5.93991,35.56242],[5.9402,35.56284],[5.94187,35.56156],[5.94179,35.56211],[5.94154,35.56245],[5.941,35.56261],[5.94063,35.563],[5.94141,35.56387],[5.94212,35.56377],[5.94171,35.56316],[5.94181,35.56262],[5.94237,35.5624],[5.94299,35.5619],[5.94344,35.56183],[5.94336,35.56225],[5.94357,35.56253],[5.94385,35.56331],[5.94492,35.56285],[5.94589,35.56224],[5.9465,35.56209],[5.947,35.56234],[5.94735,35.56184],[5.94685,35.56269],[5.94691,35.56339],[5.94713,35.56375],[5.94798,35.56458],[5.94778,35.56515],[5.94811,35.56563],[5.94821,35.56479],[5.94877,35.56506],[5.94915,35.56481],[5.94964,35.56422],[5.95013,35.56427],[5.95085,35.56474],[5.95178,35.56479],[5.95292,35.56458],[5.95496,35.56392],[5.95808,35.56232],[5.95865,35.56166],[5.95877,35.56141],[5.95867,35.56115],[5.95882,35.56094],[5.95876,35.56114],[5.95901,35.56129],[5.96,35.56027],[5.96039,35.56057],[5.96052,35.5603],[5.96047,35.55994],[5.96055,35.55963],[5.96044,35.55954],[5.96023,35.55955]],[[5.96424,35.55455],[5.96389,35.55528],[5.96334,35.55557],[5.96326,35.55569],[5.96334,35.55578],[5.96359,35.55579],[5.96388,35.55541],[5.96424,35.55541],[5.96449,35.55567],[5.96476,35.55542],[5.96479,35.55525],[5.9647,35.55508],[5.9649,35.55462],[5.96424,35.55455]],[[5.96148,35.55086],[5.96178,35.55136],[5.96182,35.55173],[5.96164,35.55262],[5.9617,35.55293],[5.96192,35.55253],[5.96184,35.55231],[5.9622,35.55218],[5.96242,35.55141],[5.96155,35.55034],[5.96106,35.54926],[5.96066,35.54908],[5.96062,35.54921],[5.961,35.54972],[5.96105,35.55043],[5.96148,35.55086]],[[5.94913,35.55162],[5.94803,35.55065],[5.94727,35.55036],[5.94646,35.54942],[5.9457,35.54896],[5.94531,35.54857],[5.94462,35.54742],[5.94401,35.54696],[5.94336,35.54668],[5.94292,35.54684],[5.9434,35.54736],[5.94405,35.54767],[5.94478,35.54842],[5.94477,35.54856],[5.94466,35.54862],[5.94416,35.54853],[5.94383,35.54869],[5.94373,35.54889],[5.94384,35.54917],[5.9441,35.54947],[5.94501,35.54997],[5.94538,35.55035],[5.94555,35.55069],[5.94541,35.55119],[5.94558,35.55163],[5.94595,35.55183],[5.94654,35.55199],[5.9468,35.55214],[5.9471,35.55248],[5.94706,35.55271],[5.94662,35.55321],[5.94646,35.55307],[5.9466,35.55282],[5.94653,35.55267],[5.94597,35.55238],[5.94569,35.55212],[5.94506,35.5511],[5.94472,35.5503],[5.94462,35.55022],[5.94392,35.55018],[5.94342,35.54993],[5.94353,35.54918],[5.94334,35.54908],[5.94324,35.54883],[5.94331,35.54873],[5.94353,35.54884],[5.94347,35.54849],[5.94211,35.54773],[5.94199,35.54758],[5.9414,35.54759],[5.94063,35.54745],[5.93992,35.54747],[5.93907,35.54762],[5.93891,35.54749],[5.93864,35.54746],[5.9381,35.54756],[5.9369,35.54747],[5.93639,35.54722],[5.93615,35.54668],[5.93536,35.54614],[5.93477,35.54602],[5.9339,35.54612],[5.93381,35.54617],[5.93395,35.54665],[5.93353,35.54667],[5.9335,35.5466],[5.93386,35.54655],[5.93383,35.54637],[5.93349,35.54596],[5.93346,35.5458],[5.93302,35.5458],[5.93274,35.54617],[5.93274,35.54639],[5.9318,35.54692],[5.93172,35.54721],[5.93179,35.54795],[5.93116,35.54938],[5.93117,35.54954],[5.93147,35.54996],[5.93183,35.55015],[5.93259,35.55024],[5.93323,35.55065],[5.93322,35.55097],[5.9329,35.55137],[5.93294,35.55102],[5.93262,35.55081],[5.93238,35.55086],[5.932,35.55124],[5.93162,35.55135],[5.93132,35.55125],[5.93114,35.55139],[5.93173,35.55163],[5.93286,35.5514],[5.93199,35.55196],[5.93204,35.55232],[5.93433,35.55385],[5.93501,35.55458],[5.93527,35.55473],[5.93523,35.55479],[5.93683,35.55546],[5.93725,35.55555],[5.93911,35.55658],[5.94009,35.55726],[5.9407,35.55748],[5.94154,35.55753],[5.94247,35.55714],[5.94317,35.55652],[5.94455,35.55474],[5.94661,35.55337],[5.94679,35.55337],[5.94665,35.55324],[5.94686,35.55337],[5.94767,35.55306],[5.94781,35.55323],[5.94817,35.55318],[5.94888,35.55325],[5.94938,35.554],[5.94921,35.5546],[5.94863,35.55536],[5.94794,35.55565],[5.94688,35.55564],[5.94617,35.55551],[5.94525,35.55583],[5.94548,35.556],[5.94647,35.5562],[5.94672,35.55638],[5.94643,35.55682],[5.94592,35.55714],[5.94583,35.55751],[5.94613,35.55786],[5.94648,35.55796],[5.94728,35.55769],[5.94746,35.5576],[5.948,35.55691],[5.94816,35.55684],[5.94997,35.55665],[5.95042,35.55631],[5.95159,35.55619],[5.95215,35.55598],[5.95264,35.55542],[5.95288,35.55481],[5.95301,35.55391],[5.95289,35.55324],[5.95272,35.55291],[5.95242,35.55256],[5.95178,35.55228],[5.95042,35.55261],[5.95018,35.55257],[5.94938,35.55169],[5.94913,35.55162]],[[5.9529,35.54894],[5.95336,35.54915],[5.95371,35.54886],[5.95417,35.54905],[5.95424,35.54855],[5.95449,35.54816],[5.95422,35.54766],[5.95437,35.54725],[5.95418,35.54636],[5.95417,35.54558],[5.954,35.54524],[5.9537,35.54513],[5.9535,35.54511],[5.95326,35.54526],[5.9536,35.54594],[5.95379,35.54673],[5.95357,35.54682],[5.95292,35.54676],[5.95304,35.54732],[5.95294,35.54795],[5.95228,35.54822],[5.95229,35.54832],[5.95259,35.54849],[5.95236,35.54857],[5.95238,35.54876],[5.95255,35.54891],[5.9529,35.54894]],[[5.95882,35.548],[5.95921,35.54793],[5.9592,35.54776],[5.95888,35.54723],[5.95873,35.54713],[5.95843,35.5471],[5.95806,35.5473],[5.95762,35.54738],[5.95808,35.54776],[5.95882,35.548]],[[5.94162,35.54677],[5.94185,35.54591],[5.94183,35.54511],[5.94134,35.54404],[5.94076,35.54369],[5.9398,35.54333],[5.93914,35.54338],[5.93805,35.54363],[5.938,35.54471],[5.93849,35.54585],[5.93931,35.54625],[5.94101,35.54684],[5.94162,35.54677]],[[5.94394,35.56341],[5.94331,35.56355],[5.94286,35.56388],[5.94242,35.56396],[5.94234,35.56415],[5.94275,35.56428],[5.94327,35.56406],[5.94326,35.56419],[5.94298,35.56446],[5.94312,35.56466],[5.94325,35.56466],[5.94404,35.56393],[5.94443,35.56372],[5.94438,35.56361],[5.94413,35.5636],[5.94394,35.56341]],[[5.95694,35.5654],[5.95674,35.56547],[5.95654,35.5657],[5.9565,35.5659],[5.95662,35.56617],[5.95673,35.56616],[5.95703,35.56576],[5.95709,35.56548],[5.95694,35.5654]],[[5.95739,35.56539],[5.95761,35.56549],[5.95795,35.56529],[5.95839,35.56481],[5.95842,35.56443],[5.95774,35.56484],[5.95744,35.56518],[5.95739,35.56539]],[[5.96437,35.5636],[5.96472,35.56365],[5.96494,35.56348],[5.96516,35.5631],[5.96573,35.563],[5.96586,35.56265],[5.96604,35.56254],[5.96702,35.56256],[5.96713,35.56206],[5.96706,35.56181],[5.96748,35.56138],[5.96739,35.56105],[5.96777,35.56071],[5.96766,35.5603],[5.967,35.56001],[5.96647,35.56023],[5.96601,35.56027],[5.96565,35.56054],[5.96527,35.56135],[5.96483,35.56109],[5.96463,35.56118],[5.96458,35.56147],[5.9647,35.56182],[5.96463,35.562],[5.96446,35.56216],[5.96388,35.56237],[5.9637,35.56266],[5.96388,35.56323],[5.96437,35.5636]],[[5.96063,35.56217],[5.96142,35.56176],[5.96105,35.56123],[5.96071,35.56141],[5.96052,35.56177],[5.95962,35.5628],[5.95957,35.56326],[5.95935,35.56358],[5.95942,35.56369],[5.95958,35.5637],[5.9604,35.56286],[5.96076,35.56235],[5.96063,35.56217]],[[5.94917,35.57018],[5.94914,35.5699],[5.94892,35.56985],[5.94829,35.57115],[5.94831,35.57129],[5.94857,35.57127],[5.94882,35.57111],[5.94917,35.57018]],[[5.9395,35.571],[5.9393,35.57106],[5.93957,35.57121],[5.94011,35.5713],[5.94073,35.57111],[5.9395,35.571]],[[5.94792,35.57231],[5.94816,35.57215],[5.94829,35.57189],[5.94824,35.57179],[5.94785,35.57217],[5.94792,35.57231]],[[5.95835,35.54262],[5.95814,35.54273],[5.95803,35.54301],[5.95791,35.54343],[5.95796,35.54364],[5.95814,35.54361],[5.9582,35.54338],[5.95838,35.54324],[5.95855,35.54328],[5.95864,35.54349],[5.9588,35.54346],[5.95921,35.54291],[5.95917,35.54263],[5.95905,35.54255],[5.95835,35.54262]],[[5.94784,35.5425],[5.94865,35.5424],[5.94898,35.54211],[5.94866,35.54199],[5.94842,35.54201],[5.94777,35.54239],[5.94784,35.5425]],[[5.96189,35.53726],[5.96183,35.5374],[5.96194,35.53749],[5.96203,35.53735],[5.96239,35.53726],[5.96246,35.53713],[5.96229,35.53698],[5.96212,35.53718],[5.96189,35.53726]],[[5.98568,35.54721],[5.98593,35.54706],[5.98574,35.54682],[5.9854,35.54673],[5.98519,35.54684],[5.9848,35.54686],[5.98485,35.54696],[5.98568,35.54721]],[[5.99916,35.57111],[5.99861,35.57115],[5.99875,35.57137],[5.99866,35.57147],[5.99869,35.5717],[5.99896,35.57173],[5.99931,35.57154],[5.99916,35.57111]],[[5.97612,35.57694],[5.97616,35.57684],[5.97601,35.57678],[5.97586,35.57685],[5.97596,35.577],[5.97591,35.57708],[5.97572,35.57695],[5.97564,35.57711],[5.97532,35.57695],[5.97494,35.57698],[5.97515,35.57718],[5.97514,35.57732],[5.97477,35.57738],[5.97465,35.57758],[5.97443,35.57757],[5.97456,35.57767],[5.97441,35.57789],[5.97473,35.57796],[5.9752,35.57767],[5.97542,35.57778],[5.97599,35.57769],[5.9764,35.57779],[5.97661,35.57739],[5.97719,35.57753],[5.97714,35.57731],[5.97675,35.57696],[5.97612,35.57694]]],[[[5.92659,35.5593],[5.92639,35.55892],[5.9266,35.55888],[5.92707,35.55903],[5.92706,35.55883],[5.9273,35.55902],[5.92783,35.5592],[5.929,35.55929],[5.92949,35.55944],[5.93017,35.55862],[5.93023,35.55833],[5.93047,35.55827],[5.93126,35.55764],[5.93114,35.55808],[5.9313,35.55999],[5.93112,35.56033],[5.93045,35.56061],[5.93023,35.56044],[5.92983,35.55979],[5.9294,35.55978],[5.92882,35.55959],[5.92802,35.55959],[5.92767,35.55945],[5.92704,35.55947],[5.92659,35.5593]]],[[[5.95037,35.56342],[5.9499,35.56392],[5.94929,35.56433],[5.949,35.56356],[5.94861,35.56354],[5.94878,35.56332],[5.94876,35.56308],[5.9486,35.56309],[5.94842,35.56295],[5.94788,35.56329],[5.94773,35.56317],[5.94735,35.56326],[5.94723,35.56306],[5.94728,35.56279],[5.94818,35.56162],[5.94807,35.56143],[5.94784,35.5614],[5.94761,35.56107],[5.94828,35.56096],[5.94875,35.5606],[5.94845,35.56099],[5.94813,35.56109],[5.94793,35.56127],[5.94843,35.56143],[5.94847,35.56165],[5.94771,35.56275],[5.94786,35.56293],[5.94808,35.56289],[5.94836,35.56245],[5.94879,35.56214],[5.9489,35.56212],[5.94904,35.56226],[5.94873,35.56279],[5.94894,35.56296],[5.94917,35.5629],[5.94992,35.56227],[5.95098,35.56239],[5.95144,35.56213],[5.95176,35.56218],[5.95183,35.56236],[5.95153,35.56289],[5.95078,35.56316],[5.95037,35.56342]]],[[[5.95537,35.56255],[5.95425,35.56353],[5.95396,35.56361],[5.95347,35.56322],[5.95284,35.5632],[5.95361,35.56276],[5.95398,35.56269],[5.9542,35.5628],[5.95426,35.56301],[5.95457,35.56302],[5.95526,35.56261],[5.95664,35.56142],[5.95803,35.56122],[5.9585,35.56101],[5.9588,35.56068],[5.95869,35.56034],[5.95832,35.5602],[5.95787,35.56021],[5.95557,35.56146],[5.95407,35.56195],[5.95287,35.562],[5.95248,35.56149],[5.95302,35.56188],[5.95325,35.56195],[5.9536,35.56192],[5.95446,35.56152],[5.95547,35.56122],[5.95702,35.56048],[5.95763,35.5603],[5.9587,35.55968],[5.95906,35.55927],[5.95934,35.55929],[5.95928,35.55962],[5.95898,35.55993],[5.9589,35.56066],[5.95858,35.56108],[5.95857,35.56138],[5.95808,35.56148],[5.95788,35.56169],[5.95733,35.56148],[5.95689,35.56182],[5.95685,35.56199],[5.95537,35.56255]]],[[[5.94851,35.56318],[5.94843,35.56335],[5.94842,35.56349],[5.94837,35.56343],[5.94851,35.56318]]],[[[5.95237,35.56269],[5.9527,35.56278],[5.95267,35.56311],[5.95185,35.56283],[5.95237,35.56269]]],[[[5.94855,35.56314],[5.94855,35.56314],[5.94855,35.56314],[5.94855,35.56314]]],[[[5.95136,35.56177],[5.95072,35.56183],[5.95026,35.56167],[5.95011,35.56124],[5.95007,35.56067],[5.94991,35.56028],[5.94932,35.55979],[5.9487,35.55952],[5.94856,35.55954],[5.94898,35.56],[5.94886,35.5603],[5.94878,35.55993],[5.94794,35.55898],[5.94789,35.55874],[5.94799,35.55851],[5.94821,35.55867],[5.94812,35.55886],[5.94816,35.559],[5.94851,35.55924],[5.94898,35.55914],[5.94942,35.55981],[5.94992,35.56001],[5.95026,35.56028],[5.95034,35.56047],[5.95032,35.56129],[5.95062,35.56158],[5.95103,35.56176],[5.95118,35.56174],[5.95233,35.56099],[5.95227,35.56107],[5.9525,35.56143],[5.95232,35.5613],[5.9522,35.56131],[5.95136,35.56177]]],[[[5.94754,35.56163],[5.94757,35.56161],[5.94754,35.56163],[5.94754,35.56163]]],[[[5.94766,35.56152],[5.94765,35.56153],[5.94762,35.56154],[5.94766,35.56152]]],[[[5.94665,35.56084],[5.947,35.56104],[5.94668,35.56097],[5.94665,35.56084]]],[[[5.95805,35.55833],[5.95775,35.55882],[5.95729,35.55926],[5.95664,35.5597],[5.95656,35.55997],[5.95635,35.56018],[5.95547,35.56056],[5.95514,35.56049],[5.95513,35.56027],[5.95646,35.55926],[5.95719,35.5589],[5.95771,35.55834],[5.95805,35.55833]]],[[[5.94559,35.56015],[5.94567,35.56025],[5.94585,35.56039],[5.94573,35.56035],[5.94559,35.56015]]],[[[5.94562,35.55922],[5.94562,35.55922],[5.94562,35.55924],[5.94562,35.55922]]],[[[5.93141,35.55567],[5.93145,35.5558],[5.93123,35.55608],[5.93045,35.55638],[5.93043,35.55627],[5.93083,35.55573],[5.93034,35.55574],[5.93006,35.55597],[5.92985,35.55601],[5.92919,35.55567],[5.92929,35.55538],[5.92948,35.55537],[5.92985,35.55513],[5.93027,35.55505],[5.93141,35.55567]]],[[[5.92911,35.55527],[5.92911,35.55526],[5.92913,35.55527],[5.92911,35.55527]]],[[[5.92953,35.55457],[5.92979,35.55472],[5.9298,35.55482],[5.9294,35.55494],[5.92953,35.55457]]]]}},{"type":"Feature","properties":{"Name":"Incendie","OCCUPATION":"CEDRAIE"},"geometry":{"type":"Polygon","coordinates":[[[6.03407,35.60626],[6.03347,35.6065],[6.03071,35.60542],[6.02943,35.60476],[6.0271,35.60418],[6.02458,35.6034],[6.02262,35.60224],[6.02206,35.60219],[6.01953,35.60072],[6.01927,35.59925],[6.01793,35.59785],[6.01739,35.596],[6.01867,35.59495],[6.02064,35.59544],[6.022,35.59661],[6.02275,35.59639],[6.02201,35.5952],[6.02206,35.59441],[6.02304,35.59481],[6.02363,35.59547],[6.02354,35.59642],[6.02499,35.5979],[6.02656,35.59894],[6.02765,35.59927],[6.02864,35.60051],[6.02928,35.60101],[6.02967,35.60178],[6.03039,35.60223],[6.03121,35.60238],[6.03209,35.60326],[6.03303,35.60375],[6.0337,35.60453],[6.03467,35.60512],[6.03417,35.60513],[6.03377,35.60557],[6.03375,35.60579],[6.03388,35.60588],[6.03407,35.60626]]]}},{"type":"Feature","properties":{"OCCUPATION":"CEDRAIE"},"geometry":{"type":"Polygon","coordinates":[[[5.98032,35.59831],[5.97993,35.59787],[5.97938,35.59786],[5.97957,35.59742],[5.97991,35.59732],[5.98048,35.59752],[5.98137,35.59735],[5.98136,35.59742],[5.98254,35.5975],[5.98242,35.59786],[5.98218,35.5981],[5.98114,35.59883],[5.98016,35.59943],[5.97971,35.59931],[5.98032,35.59831]]]}},{"type":"Feature","properties":{"OCCUPATION":"CEDRAIE"},"geometry":{"type":"Polygon","coordinates":[[[5.98245,35.59636],[5.98172,35.59702],[5.98158,35.59676],[5.98071,35.59647],[5.98072,35.59591],[5.98001,35.59538],[5.9801,35.59516],[5.98073,35.59463],[5.9811,35.59456],[5.98116,35.59447],[5.98103,35.59333],[5.98082,35.59299],[5.9806,35.5929],[5.98103,35.59282],[5.98132,35.59442],[5.98193,35.59579],[5.98245,35.59636]]]}},{"type":"Feature","properties":{"OCCUPATION":"CEDRAIE"},"geometry":{"type":"Polygon","coordinates":[[[5.97691,35.60013],[5.97644,35.59962],[5.97675,35.59921],[5.97685,35.59835],[5.97648,35.59795],[5.97867,35.59671],[5.97794,35.59714],[5.97774,35.59758],[5.97784,35.59781],[5.9785,35.59811],[5.97826,35.59822],[5.97773,35.59929],[5.97716,35.59944],[5.97691,35.60013]]]}},{"type":"Feature","properties":{"OCCUPATION":"CEDRAIE"},"geometry":{"type":"Polygon","coordinates":[[[5.97456,35.57634],[5.97335,35.57662],[5.97478,35.57553],[5.97595,35.57487],[5.97627,35.57456],[5.97668,35.57444],[5.9771,35.5746],[5.97685,35.57519],[5.97565,35.57591],[5.97456,35.57634]]]}},{"type":"Feature","properties":{"OCCUPATION":"CEDRAIE"},"geometry":{"type":"Polygon","coordinates":[[[5.97947,35.57406],[5.9793,35.57435],[5.97894,35.5744],[5.97905,35.57384],[5.97892,35.57299],[5.97828,35.57195],[5.97762,35.57171],[5.97733,35.5717],[5.97681,35.57194],[5.97482,35.57331],[5.97422,35.57353],[5.97366,35.57352],[5.97433,35.57322],[5.97548,35.57245],[5.97601,35.57194],[5.97719,35.57146],[5.978,35.57146],[5.9785,35.57184],[5.97871,35.57218],[5.97879,35.57264],[5.97908,35.57297],[5.97924,35.57334],[5.97947,35.57406]]]}},{"type":"Feature","properties":{"OCCUPATION":"CEDRAIE"},"geometry":{"type":"Polygon","coordinates":[[[5.96644,35.57418],[5.96878,35.57476],[5.9672,35.57468],[5.96644,35.57418]]]}},{"type":"Feature","properties":{"OCCUPATION":"CEDRAIE"},"geometry":{"type":"Polygon","coordinates":[[[5.97895,35.57861],[5.97776,35.57861],[5.97655,35.57896],[5.97549,35.57908],[5.97603,35.57835],[5.97767,35.57775],[5.97951,35.57732],[5.98194,35.57693],[5.98165,35.577],[5.97895,35.57861]]]}},{"type":"Feature","properties":{"OCCUPATION":"CEDRAIE"},"geometry":{"type":"MultiPolygon","coordinates":[[[[6.00151,35.56984],[6.00132,35.56953],[6.00152,35.56955],[6.00203,35.57005],[6.00195,35.5703],[6.00135,35.57113],[6.00112,35.57126],[6.00075,35.5713],[6.00015,35.57193],[5.99993,35.57193],[5.99943,35.57165],[6.00002,35.5714],[6.0013,35.57061],[6.00151,35.57008],[6.00151,35.56984]]],[[[5.99941,35.57164],[5.99941,35.57164],[5.99941,35.57164],[5.99941,35.57164]]]]}},{"type":"Feature","properties":{"OCCUPATION":"CEDRAIE"},"geometry":{"type":"Polygon","coordinates":[[[5.99812,35.57338],[5.99803,35.57313],[5.99849,35.57237],[5.999,35.57198],[5.999,35.57217],[5.99912,35.57231],[5.99942,35.5724],[5.99997,35.57235],[6.00023,35.5725],[6.00007,35.5727],[5.99968,35.57293],[5.99946,35.57294],[5.99907,35.57278],[5.99875,35.57289],[5.9985,35.57314],[5.99844,35.57339],[5.9991,35.57317],[5.99901,35.57339],[5.99764,35.57389],[5.99812,35.57338]]]}},{"type":"Feature","properties":{"OCCUPATION":"CEDRAIE"},"geometry":{"type":"Polygon","coordinates":[[[5.98779,35.57167],[5.98724,35.57152],[5.98716,35.5715],[5.98767,35.57145],[5.98779,35.57167]]]}},{"type":"Feature","properties":{"OCCUPATION":"CEDRAIE"},"geometry":{"type":"Polygon","coordinates":[[[5.98803,35.57302],[5.98907,35.57224],[5.98909,35.57221],[5.98883,35.57267],[5.98803,35.57302]]]}},{"type":"Feature","properties":{"OCCUPATION":"CEDRAIE"},"geometry":{"type":"Polygon","coordinates":[[[6.05653,35.59729],[6.05572,35.59764],[6.05653,35.59728],[6.0576,35.59609],[6.05935,35.59485],[6.05756,35.59623],[6.05653,35.59729]]]}},{"type":"Feature","properties":{"OCCUPATION":"CEDRAIE"},"geometry":{"type":"Polygon","coordinates":[[[6.05935,35.59485],[6.06025,35.59406],[6.06041,35.59407],[6.0604,35.59409],[6.05935,35.59485]]]}},{"type":"Feature","properties":{"OCCUPATION":"CEDRAIE"},"geometry":{"type":"Polygon","coordinates":[[[6.04696,35.60206],[6.04861,35.60156],[6.05,35.6014],[6.05264,35.60059],[6.04965,35.60156],[6.04806,35.60189],[6.04707,35.60249],[6.04713,35.60227],[6.04696,35.60206]]]}},{"type":"Feature","properties":{"OCCUPATION":"CEDRAIE"},"geometry":{"type":"Polygon","coordinates":[[[5.93312,35.55714],[5.9332,35.55714],[5.93372,35.557],[5.93361,35.55725],[5.93341,35.55735],[5.93312,35.55714]]]}},{"type":"Feature","properties":{"OCCUPATION":"CEDRAIE"},"geometry":{"type":"Polygon","coordinates":[[[5.93309,35.55703],[5.93309,35.55703],[5.93309,35.55706],[5.93309,35.55703]]]}},{"type":"Feature","properties":{"OCCUPATION":"CEDRAIE"},"geometry":{"type":"Polygon","coordinates":[[[5.93237,35.55713],[5.93174,35.55759],[5.93121,35.5578],[5.93133,35.55757],[5.93237,35.55713]]]}},{"type":"Feature","properties":{"OCCUPATION":"CEDRAIE"},"geometry":{"type":"Polygon","coordinates":[[[5.93116,35.5582],[5.93116,35.5582],[5.93116,35.5582],[5.93116,35.5582]]]}},{"type":"Feature","properties":{"OCCUPATION":"CEDRAIE"},"geometry":{"type":"Polygon","coordinates":[[[5.93155,35.55979],[5.9313,35.55996],[5.93127,35.55925],[5.93135,35.55936],[5.93155,35.55979]]]}},{"type":"Feature","properties":{"OCCUPATION":"CEDRAIE"},"geometry":{"type":"Polygon","coordinates":[[[5.93172,35.55704],[5.93172,35.55704],[5.93169,35.55706],[5.93172,35.55704]]]}},{"type":"Feature","properties":{"OCCUPATION":"CEDRAIE"},"geometry":{"type":"Polygon","coordinates":[[[5.93517,35.56876],[5.93673,35.56783],[5.93695,35.5674],[5.93772,35.56639],[5.93698,35.56786],[5.93649,35.56825],[5.93517,35.56876]]]}},{"type":"Feature","properties":{"OCCUPATION":"CEDRAIE"},"geometry":{"type":"Polygon","coordinates":[[[5.93333,35.57135],[5.93354,35.57063],[5.93397,35.56982],[5.93429,35.56923],[5.93454,35.56909],[5.93425,35.56946],[5.93328,35.57183],[5.93284,35.57219],[5.93333,35.57135]]]}},{"type":"Feature","properties":{"OCCUPATION":"CEDRAIE"},"geometry":{"type":"Polygon","coordinates":[[[5.96336,35.57686],[5.96344,35.57586],[5.96353,35.57601],[5.96367,35.57654],[5.96436,35.57753],[5.96439,35.57776],[5.96426,35.57788],[5.96388,35.57781],[5.96356,35.57765],[5.96343,35.57731],[5.9632,35.57726],[5.96333,35.57782],[5.96307,35.57829],[5.96273,35.57845],[5.96294,35.57816],[5.96311,35.57729],[5.96336,35.57686]]]}},{"type":"Feature","properties":{"OCCUPATION":"CEDRAIE"},"geometry":{"type":"Polygon","coordinates":[[[5.96469,35.57424],[5.96499,35.57411],[5.96498,35.57437],[5.96482,35.57471],[5.96505,35.57505],[5.96502,35.57528],[5.96449,35.57564],[5.9642,35.57568],[5.96359,35.5755],[5.96382,35.57505],[5.96469,35.57424]]]}},{"type":"Feature","properties":{"OCCUPATION":"CEDRAIE"},"geometry":{"type":"Polygon","coordinates":[[[6.03585,35.58121],[6.03553,35.58105],[6.03541,35.58084],[6.03563,35.58043],[6.03547,35.57999],[6.03554,35.57984],[6.03594,35.57953],[6.03649,35.57928],[6.03608,35.57891],[6.03671,35.57907],[6.03669,35.57931],[6.03662,35.57947],[6.03617,35.57971],[6.03575,35.58009],[6.03589,35.58031],[6.03589,35.58058],[6.03573,35.58083],[6.03585,35.58121]]]}},{"type":"Feature","properties":{"OCCUPATION":"CEDRAIE"},"geometry":{"type":"Polygon","coordinates":[[[6.0352,35.57858],[6.03567,35.57876],[6.03539,35.57876],[6.0352,35.57858]]]}},{"type":"Feature","properties":{"OCCUPATION":"CEDRAIE"},"geometry":{"type":"Polygon","coordinates":[[[6.0353,35.57812],[6.0352,35.57857],[6.03526,35.57812],[6.03546,35.57796],[6.03552,35.57796],[6.03557,35.57797],[6.0353,35.57812]]]}},{"type":"Feature","properties":{"OCCUPATION":"CEDRAIE"},"geometry":{"type":"Polygon","coordinates":[[[6.03775,35.57829],[6.03739,35.57813],[6.03791,35.57818],[6.038,35.57812],[6.03791,35.57791],[6.03692,35.57757],[6.03679,35.57739],[6.03689,35.57711],[6.03736,35.57753],[6.03838,35.57771],[6.03864,35.5779],[6.03878,35.57822],[6.03863,35.57847],[6.03782,35.57832],[6.03763,35.5786],[6.03781,35.57877],[6.03828,35.57871],[6.03843,35.57886],[6.03845,35.57899],[6.03844,35.57919],[6.03827,35.57877],[6.0379,35.57888],[6.03763,35.57885],[6.0374,35.57907],[6.0374,35.57881],[6.03775,35.57829]]]}},{"type":"Feature","properties":{"OCCUPATION":"CEDRAIE"},"geometry":{"type":"Polygon","coordinates":[[[6.0374,35.57911],[6.03745,35.57922],[6.03744,35.57926],[6.03741,35.5793],[6.03739,35.57933],[6.03738,35.57935],[6.0374,35.57911]]]}},{"type":"Feature","properties":{"OCCUPATION":"CEDRAIE"},"geometry":{"type":"Polygon","coordinates":[[[6.03843,35.57924],[6.03811,35.57934],[6.03766,35.57936],[6.03835,35.57918],[6.03843,35.57924]]]}},{"type":"Feature","properties":{"OCCUPATION":"CEDRAIE"},"geometry":{"type":"Polygon","coordinates":[[[6.03696,35.58114],[6.03735,35.58083],[6.03741,35.58083],[6.03696,35.58114]]]}},{"type":"Feature","properties":{"OCCUPATION":"CEDRAIE"},"geometry":{"type":"Polygon","coordinates":[[[6.03741,35.58083],[6.03857,35.58068],[6.03873,35.5807],[6.03741,35.58083]]]}},{"type":"Feature","properties":{"OCCUPATION":"CEDRAIE"},"geometry":{"type":"Polygon","coordinates":[[[6.04274,35.58107],[6.03932,35.58074],[6.03938,35.5806],[6.03929,35.58023],[6.0391,35.58],[6.03963,35.57973],[6.04127,35.58035],[6.04161,35.58007],[6.04069,35.57919],[6.04119,35.57957],[6.0417,35.57959],[6.04139,35.57943],[6.04142,35.57929],[6.0412,35.57894],[6.04121,35.57872],[6.04074,35.57852],[6.04052,35.57863],[6.04049,35.57866],[6.04063,35.57895],[6.04066,35.57909],[6.04065,35.57911],[6.04064,35.57913],[6.04064,35.57913],[6.04044,35.57872],[6.0402,35.57847],[6.04049,35.57819],[6.04072,35.5782],[6.04124,35.57859],[6.04178,35.57846],[6.04244,35.5787],[6.04287,35.57832],[6.04277,35.57809],[6.04322,35.578],[6.04322,35.57817],[6.04398,35.57829],[6.04398,35.57854],[6.04435,35.57861],[6.04434,35.57878],[6.04445,35.57889],[6.04308,35.57832],[6.04296,35.57838],[6.04254,35.57881],[6.04201,35.57979],[6.04135,35.58045],[6.04197,35.58097],[6.04278,35.58106],[6.04313,35.58144],[6.04274,35.58107]]]}},{"type":"Feature","properties":{"OCCUPATION":"CEDRAIE"},"geometry":{"type":"Polygon","coordinates":[[[6.0455,35.57922],[6.04509,35.57924],[6.04492,35.57915],[6.04516,35.57915],[6.0455,35.57922]]]}},{"type":"Feature","properties":{"OCCUPATION":"CEDRAIE"},"geometry":{"type":"Polygon","coordinates":[[[6.04791,35.57974],[6.0475,35.57933],[6.0472,35.57935],[6.04698,35.57915],[6.04682,35.57909],[6.04663,35.579],[6.04658,35.57897],[6.04655,35.57894],[6.04817,35.57959],[6.04791,35.57974]]]}},{"type":"Feature","properties":{"OCCUPATION":"CEDRAIE"},"geometry":{"type":"Polygon","coordinates":[[[6.04844,35.58013],[6.04797,35.5798],[6.04796,35.57979],[6.04816,35.57989],[6.04844,35.58013]]]}},{"type":"Feature","properties":{"OCCUPATION":"CEDRAIE"},"geometry":{"type":"Polygon","coordinates":[[[6.04929,35.58018],[6.04879,35.58024],[6.04965,35.57986],[6.04929,35.58018]]]}},{"type":"Feature","properties":{"OCCUPATION":"CEDRAIE"},"geometry":{"type":"Polygon","coordinates":[[[6.04881,35.57954],[6.04899,35.57957],[6.04886,35.5798],[6.04877,35.57973],[6.04881,35.57954]]]}},{"type":"Feature","properties":{"OCCUPATION":"CEDRAIE"},"geometry":{"type":"Polygon","coordinates":[[[6.04853,35.57961],[6.04844,35.57952],[6.04864,35.57952],[6.04853,35.57961]]]}},{"type":"Feature","properties":{"OCCUPATION":"CEDRAIE"},"geometry":{"type":"Polygon","coordinates":[[[6.04551,35.57862],[6.04555,35.57856],[6.04554,35.57878],[6.04549,35.5787],[6.04551,35.57862]]]}},{"type":"Feature","properties":{"OCCUPATION":"CEDRAIE"},"geometry":{"type":"Polygon","coordinates":[[[6.04357,35.57746],[6.04337,35.57772],[6.04321,35.57788],[6.04324,35.5776],[6.04348,35.57738],[6.04343,35.57724],[6.04357,35.57746]]]}},{"type":"Feature","properties":{"OCCUPATION":"CEDRAIE"},"geometry":{"type":"Polygon","coordinates":[[[6.04321,35.57678],[6.0434,35.5772],[6.04342,35.57724],[6.04287,35.57698],[6.04321,35.57678]]]}},{"type":"Feature","properties":{"OCCUPATION":"CEDRAIE"},"geometry":{"type":"Polygon","coordinates":[[[6.04272,35.57662],[6.04249,35.57702],[6.04195,35.57701],[6.04074,35.57673],[6.04054,35.57653],[6.04213,35.57676],[6.0423,35.5767],[6.04222,35.57658],[6.04258,35.57656],[6.04272,35.57662]]]}},{"type":"Feature","properties":{"OCCUPATION":"CEDRAIE"},"geometry":{"type":"Polygon","coordinates":[[[6.04115,35.5771],[6.04101,35.57699],[6.04129,35.57716],[6.04124,35.57721],[6.04121,35.57721],[6.04112,35.57725],[6.04105,35.57726],[6.04103,35.57727],[6.04115,35.5771]]]}},{"type":"Feature","properties":{"OCCUPATION":"CEDRAIE"},"geometry":{"type":"Polygon","coordinates":[[[6.04089,35.57753],[6.04092,35.57747],[6.04106,35.57753],[6.04089,35.57753]]]}},{"type":"Feature","properties":{"OCCUPATION":"CEDRAIE"},"geometry":{"type":"Polygon","coordinates":[[[6.04147,35.57755],[6.0418,35.57746],[6.0424,35.57747],[6.04169,35.57764],[6.04147,35.57755]]]}}]}