{"type":"FeatureCollection","features":[{"type":"Feature","properties":{"id":"0","TYPE":"MAQUIS","Name":"0"},"geometry":{"type":"Polygon","coordinates":[[[6.00658,35.62649],[6.00658,35.62649],[6.00658,35.62649],[6.00658,35.62649]]]}},{"type":"Feature","properties":{"id":"0","TYPE":"MAQUIS","Name":"0"},"geometry":{"type":"Polygon","coordinates":[[[6.00613,35.62627],[6.00635,35.62649],[6.00579,35.62616],[6.00613,35.62627]]]}},{"type":"Feature","properties":{"id":"0","TYPE":"MATORRAL","Name":"0"},"geometry":{"type":"Polygon","coordinates":[[[6.04103,35.60357],[6.039,35.60432],[6.03833,35.6054],[6.03689,35.60716],[6.03698,35.60788],[6.03766,35.60856],[6.04256,35.60674],[6.04385,35.60683],[6.0446,35.6065],[6.04517,35.60648],[6.04648,35.60662],[6.04735,35.6075],[6.04871,35.60852],[6.05187,35.61133],[6.053,35.61162],[6.05516,35.61266],[6.0561,35.61294],[6.05688,35.61296],[6.05812,35.61261],[6.05911,35.61273],[6.05993,35.61304],[6.06241,35.61462],[6.06214,35.61461],[6.06134,35.61518],[6.06055,35.61541],[6.05859,35.61553],[6.05797,35.61604],[6.05741,35.61625],[6.05562,35.61656],[6.05437,35.61643],[6.054,35.61671],[6.05398,35.61692],[6.05414,35.61712],[6.05482,35.61733],[6.05594,35.61739],[6.05606,35.61771],[6.05537,35.61818],[6.05384,35.61818],[6.05313,35.61866],[6.05114,35.61968],[6.04982,35.62],[6.04817,35.62005],[6.04773,35.61985],[6.04665,35.61858],[6.04648,35.61868],[6.04663,35.61929],[6.04645,35.62001],[6.04366,35.6211],[6.04307,35.62124],[6.04226,35.62123],[6.03877,35.62072],[6.03777,35.62011],[6.03755,35.61978],[6.03778,35.61885],[6.03716,35.61837],[6.03707,35.61804],[6.03724,35.61766],[6.03721,35.61675],[6.03688,35.61607],[6.03577,35.61527],[6.03539,35.61489],[6.03552,35.6149],[6.03523,35.61445],[6.03514,35.614],[6.03558,35.61276],[6.03578,35.61249],[6.0347,35.61219],[6.03448,35.6141],[6.03458,35.61412],[6.0344,35.61479],[6.03352,35.61494],[6.03186,35.61464],[6.0316,35.61485],[6.03203,35.61504],[6.03231,35.61546],[6.03271,35.61553],[6.03397,35.61631],[6.03433,35.61642],[6.03444,35.61669],[6.03518,35.61736],[6.03575,35.61736],[6.0358,35.61752],[6.03575,35.61738],[6.03562,35.61773],[6.03534,35.6177],[6.03525,35.61792],[6.03551,35.61871],[6.03608,35.61901],[6.03624,35.61985],[6.03618,35.62047],[6.0365,35.62002],[6.03606,35.62073],[6.03508,35.62116],[6.03423,35.6219],[6.03264,35.62246],[6.03141,35.62247],[6.03114,35.62215],[6.03104,35.62172],[6.03076,35.62145],[6.02996,35.62166],[6.02977,35.62152],[6.02923,35.62154],[6.02887,35.6218],[6.02794,35.62182],[6.02695,35.6234],[6.02557,35.62396],[6.02454,35.62473],[6.02443,35.62551],[6.02421,35.62599],[6.02422,35.6259],[6.02259,35.62661],[6.02151,35.62619],[6.02116,35.6258],[6.02087,35.62536],[6.02098,35.62472],[6.02077,35.62458],[6.02036,35.6249],[6.02016,35.626],[6.02017,35.62574],[6.01889,35.62582],[6.01717,35.62619],[6.01694,35.62696],[6.01655,35.62701],[6.01629,35.62655],[6.01579,35.6263],[6.01593,35.62656],[6.01567,35.62613],[6.01527,35.62594],[6.01507,35.62533],[6.01479,35.62481],[6.0146,35.62423],[6.01417,35.62383],[6.01363,35.62295],[6.01443,35.62489],[6.01435,35.62543],[6.01449,35.62632],[6.01411,35.6266],[6.01372,35.62667],[6.01333,35.62666],[6.01383,35.62639],[6.01361,35.626],[6.0132,35.62567],[6.01241,35.6255],[6.01078,35.62555],[6.01055,35.62597],[6.01036,35.62606],[6.00971,35.62593],[6.00867,35.62609],[6.00771,35.62559],[6.00664,35.62549],[6.00568,35.62554],[6.00394,35.62589],[6.00388,35.626],[5.99927,35.62502],[5.99854,35.62447],[5.99849,35.62341],[5.99882,35.62284],[5.99929,35.62262],[5.99951,35.62189],[5.99942,35.62126],[5.99973,35.62069],[5.99918,35.62002],[5.99918,35.61958],[5.99904,35.61935],[6.00044,35.61866],[6.00146,35.61761],[6.00171,35.61676],[6.00137,35.61647],[6.00107,35.61645],[6.00108,35.61684],[6.00089,35.61715],[6.00072,35.61802],[6.00009,35.61857],[5.99903,35.61875],[5.99868,35.61913],[5.99813,35.61909],[5.99785,35.61926],[5.99815,35.62042],[5.9981,35.62105],[5.99706,35.62102],[5.99699,35.62127],[5.99786,35.62266],[5.99785,35.62313],[5.99725,35.62315],[5.997,35.62371],[5.99718,35.62408],[5.99707,35.62447],[5.99641,35.62513],[5.99519,35.62511],[5.99398,35.62489],[5.99295,35.62506],[5.99214,35.62481],[5.99176,35.62492],[5.9917,35.62556],[5.99223,35.62619],[5.9923,35.62668],[5.99215,35.62681],[5.9924,35.62712],[5.99239,35.62726],[5.99196,35.62755],[5.9909,35.62765],[5.99021,35.6273],[5.99014,35.62696],[5.99037,35.62636],[5.99081,35.62605],[5.99073,35.62548],[5.99042,35.62555],[5.99008,35.62545],[5.99021,35.62576],[5.98993,35.62658],[5.98962,35.62685],[5.98951,35.62715],[5.98916,35.6272],[5.9895,35.62744],[5.98916,35.62755],[5.9891,35.62791],[5.98887,35.62803],[5.98768,35.62747],[5.98751,35.62726],[5.98573,35.6268],[5.98496,35.62633],[5.98474,35.62654],[5.98473,35.62687],[5.98472,35.62655],[5.98408,35.62612],[5.98406,35.62594],[5.98433,35.62607],[5.98448,35.62601],[5.98466,35.62537],[5.98499,35.62491],[5.98493,35.62462],[5.98456,35.62475],[5.98415,35.62563],[5.98329,35.62506],[5.98298,35.62513],[5.98277,35.62561],[5.9822,35.62554],[5.98183,35.62523],[5.98181,35.62503],[5.98196,35.62485],[5.98157,35.62447],[5.98146,35.62457],[5.98155,35.62502],[5.98117,35.62503],[5.98101,35.62536],[5.98091,35.62535],[5.98097,35.6252],[5.97888,35.62544],[5.97874,35.62555],[5.97833,35.6254],[5.97807,35.62552],[5.97798,35.62534],[5.97733,35.62496],[5.97668,35.62407],[5.97651,35.62444],[5.97596,35.62451],[5.97566,35.62494],[5.97492,35.62508],[5.9743,35.62455],[5.97416,35.62389],[5.97396,35.62367],[5.97373,35.6248],[5.97342,35.62514],[5.97316,35.62495],[5.97292,35.62499],[5.97259,35.6255],[5.97271,35.62558],[5.97259,35.62603],[5.9731,35.62611],[5.97313,35.62671],[5.97277,35.62744],[5.97276,35.62809],[5.97248,35.62817],[5.97217,35.62858],[5.96914,35.62858],[5.96746,35.62816],[5.96736,35.62792],[5.96662,35.6276],[5.96602,35.62774],[5.96586,35.62792],[5.96552,35.62787],[5.96495,35.62828],[5.96512,35.62798],[5.96492,35.62787],[5.96433,35.62794],[5.96417,35.62832],[5.96093,35.62825],[5.96063,35.62808],[5.96056,35.6277],[5.95994,35.62743],[5.96005,35.6271],[5.9599,35.62685],[5.95991,35.62657],[5.95969,35.62663],[5.95969,35.62635],[5.95942,35.62645],[5.95881,35.62389],[5.95852,35.62388],[5.95802,35.62344],[5.95727,35.6225],[5.95731,35.62237],[5.95749,35.62249],[5.95761,35.62226],[5.95816,35.62196],[5.95777,35.62233],[5.9579,35.62253],[5.95846,35.62201],[5.95855,35.62174],[5.95926,35.62201],[5.95873,35.62185],[5.95878,35.62222],[5.95893,35.62231],[5.95984,35.62213],[5.9601,35.62232],[5.96056,35.62217],[5.96049,35.6219],[5.9603,35.62186],[5.96042,35.62163],[5.96011,35.62173],[5.9597,35.62102],[5.96009,35.62087],[5.96009,35.62106],[5.96059,35.62161],[5.96111,35.62154],[5.96125,35.62138],[5.96122,35.62089],[5.96138,35.62046],[5.96126,35.62049],[5.96149,35.62041],[5.9612,35.62005],[5.96083,35.61978],[5.95816,35.61889],[5.95856,35.61854],[5.95905,35.61843],[5.95822,35.61728],[5.9601,35.61185],[5.96047,35.61182],[5.96087,35.61159],[5.96163,35.61076],[5.96247,35.61022],[5.96543,35.60911],[5.96543,35.60885],[5.96491,35.60827],[5.9649,35.60796],[5.96523,35.60771],[5.96769,35.60645],[5.96889,35.60632],[5.97113,35.60561],[5.9713,35.60539],[5.97233,35.60532],[5.9724,35.60485],[5.97201,35.60405],[5.97209,35.60382],[5.97255,35.60343],[5.97356,35.60294],[5.97372,35.60279],[5.97376,35.60241],[5.97323,35.6021],[5.97294,35.60213],[5.9729,35.60193],[5.9725,35.60196],[5.97161,35.60252],[5.97117,35.60239],[5.97085,35.60266],[5.97101,35.60292],[5.97089,35.60333],[5.97044,35.6034],[5.96973,35.60329],[5.96913,35.60343],[5.96868,35.60343],[5.96913,35.60339],[5.96884,35.60316],[5.96912,35.60288],[5.96871,35.60282],[5.96861,35.60326],[5.96818,35.60329],[5.96819,35.60341],[5.96801,35.60342],[5.96794,35.60358],[5.9674,35.60374],[5.96701,35.60371],[5.96681,35.60403],[5.96596,35.60467],[5.96576,35.60465],[5.9651,35.60506],[5.96375,35.60499],[5.96265,35.6047],[5.96212,35.60416],[5.96162,35.60322],[5.96057,35.60249],[5.96091,35.60307],[5.96051,35.6036],[5.96012,35.60362],[5.95988,35.60378],[5.9593,35.60354],[5.95871,35.60302],[5.95847,35.60304],[5.95754,35.60362],[5.95696,35.60369],[5.95619,35.60336],[5.95609,35.60309],[5.9548,35.60262],[5.95497,35.6033],[5.95476,35.60352],[5.95489,35.60359],[5.95463,35.6044],[5.95341,35.60462],[5.95317,35.60498],[5.95298,35.60566],[5.95126,35.60568],[5.95062,35.60583],[5.95041,35.6057],[5.95028,35.60524],[5.95006,35.6052],[5.94997,35.60418],[5.94957,35.60445],[5.94861,35.60439],[5.94728,35.60558],[5.94679,35.60585],[5.94628,35.60587],[5.94478,35.60553],[5.94378,35.60476],[5.94324,35.60449],[5.94316,35.60392],[5.94327,35.6029],[5.94291,35.60269],[5.94185,35.60293],[5.9417,35.60277],[5.94198,35.60246],[5.94128,35.60238],[5.94092,35.60206],[5.94122,35.60154],[5.94113,35.60131],[5.94124,35.60103],[5.94176,35.60065],[5.94186,35.60016],[5.94174,35.60005],[5.94237,35.60002],[5.94235,35.5999],[5.94127,35.59982],[5.94038,35.59948],[5.94118,35.59917],[5.9413,35.59891],[5.94166,35.59879],[5.94169,35.5986],[5.94136,35.59865],[5.94088,35.59812],[5.93939,35.59763],[5.93901,35.59718],[5.9389,35.5964],[5.93979,35.59562],[5.9422,35.59473],[5.94255,35.59435],[5.94314,35.59278],[5.94219,35.59232],[5.94285,35.59144],[5.94449,35.58986],[5.94348,35.58965],[5.94371,35.58924],[5.94507,35.58754],[5.9454,35.58767],[5.94596,35.58741],[5.94723,35.5862],[5.94766,35.58603],[5.9478,35.58579],[5.94837,35.5859],[5.94901,35.58584],[5.94968,35.58558],[5.95019,35.58585],[5.95048,35.58547],[5.95051,35.58514],[5.95098,35.58506],[5.95109,35.58455],[5.95275,35.58474],[5.9538,35.58432],[5.95523,35.58324],[5.95563,35.58262],[5.95672,35.58223],[5.95727,35.58165],[5.95789,35.58125],[5.95781,35.58122],[5.96119,35.57976],[5.96104,35.57974],[5.96179,35.57951],[5.96221,35.57855],[5.96256,35.57852],[5.96214,35.57874],[5.96231,35.57928],[5.962,35.57963],[5.96098,35.57995],[5.96113,35.58011],[5.96214,35.58015],[5.96296,35.57987],[5.96409,35.5797],[5.96522,35.57979],[5.96571,35.57961],[5.96587,35.57966],[5.96613,35.57938],[5.96726,35.57927],[5.96819,35.57864],[5.96811,35.57843],[5.96823,35.5783],[5.9691,35.57828],[5.96905,35.57855],[5.96915,35.57875],[5.96983,35.57935],[5.97235,35.57962],[5.97409,35.57952],[5.97454,35.5796],[5.9754,35.58009],[5.97599,35.58004],[5.97558,35.57951],[5.97654,35.58038],[5.97795,35.58092],[5.97959,35.58084],[5.98146,35.5818],[5.98171,35.58217],[5.98166,35.58258],[5.98108,35.58301],[5.97994,35.58325],[5.97878,35.58333],[5.97728,35.58267],[5.97373,35.5818],[5.97119,35.58223],[5.97065,35.58276],[5.97052,35.58364],[5.97087,35.58463],[5.97128,35.58522],[5.97189,35.58561],[5.97444,35.58641],[5.97502,35.58722],[5.97508,35.58797],[5.9749,35.58881],[5.97456,35.5893],[5.97352,35.59013],[5.97074,35.59115],[5.96963,35.59117],[5.9681,35.59056],[5.9662,35.5915],[5.96609,35.59427],[5.96706,35.59519],[5.96752,35.59687],[5.96798,35.59733],[5.96899,35.5975],[5.96986,35.59752],[5.97072,35.59733],[5.97125,35.59697],[5.97229,35.59586],[5.97322,35.5946],[5.97354,35.59471],[5.97369,35.59508],[5.97364,35.59591],[5.97407,35.59659],[5.97462,35.59703],[5.97553,35.59827],[5.97624,35.5989],[5.97619,35.59961],[5.97644,35.59962],[5.97691,35.60013],[5.9778,35.60065],[5.97883,35.60095],[5.97949,35.60102],[5.98131,35.60059],[5.98286,35.59852],[5.98509,35.59738],[5.98563,35.59726],[5.98666,35.59779],[5.98723,35.59959],[5.98696,35.6008],[5.98616,35.60274],[5.98391,35.60502],[5.98297,35.60563],[5.98245,35.60735],[5.98243,35.60788],[5.98065,35.60885],[5.98022,35.60975],[5.98058,35.61108],[5.98109,35.61176],[5.98286,35.61259],[5.98481,35.61241],[5.98529,35.61176],[5.98575,35.60837],[5.98719,35.60722],[5.98899,35.60694],[5.98986,35.60705],[5.99086,35.60758],[5.99148,35.60846],[5.99225,35.60886],[5.99323,35.60916],[5.99484,35.60854],[5.99559,35.60771],[5.99551,35.6063],[5.99499,35.60536],[5.994,35.60339],[5.99392,35.60279],[5.99429,35.60227],[5.99516,35.60163],[5.99593,35.60135],[5.99628,35.60139],[5.99697,35.60175],[5.99802,35.60201],[6.00018,35.60398],[6.00053,35.60485],[6.00055,35.60603],[6.0003,35.6077],[6.00043,35.60824],[6.0009,35.60847],[6.00123,35.60831],[6.00182,35.60735],[6.00344,35.6062],[6.00445,35.60558],[6.00527,35.60575],[6.00585,35.60534],[6.00683,35.60435],[6.00749,35.60419],[6.00761,35.60405],[6.0075,35.60352],[6.00827,35.60262],[6.00861,35.60242],[6.01,35.60211],[6.0107,35.60216],[6.01085,35.60292],[6.00894,35.60581],[6.00887,35.60652],[6.00972,35.60778],[6.01125,35.60942],[6.01409,35.61184],[6.01443,35.61271],[6.01438,35.61309],[6.01408,35.61306],[6.01348,35.6124],[6.01197,35.61139],[6.01131,35.61172],[6.01122,35.61218],[6.01144,35.6133],[6.01142,35.6138],[6.01196,35.61524],[6.01299,35.61551],[6.01322,35.61546],[6.01326,35.61525],[6.01351,35.61534],[6.0135,35.61554],[6.01434,35.61639],[6.0143,35.61651],[6.01475,35.61684],[6.01514,35.61692],[6.0154,35.61625],[6.01508,35.6151],[6.01588,35.61426],[6.01568,35.61285],[6.01543,35.61208],[6.01569,35.6119],[6.01647,35.61174],[6.0171,35.6113],[6.01771,35.61187],[6.02054,35.6129],[6.02175,35.61282],[6.0224,35.61242],[6.02284,35.61175],[6.02308,35.61107],[6.0234,35.61083],[6.02395,35.61081],[6.02437,35.61123],[6.02529,35.61178],[6.02591,35.61134],[6.02637,35.61028],[6.02603,35.60948],[6.02527,35.6091],[6.02443,35.60905],[6.02351,35.60917],[6.02279,35.60972],[6.0221,35.61056],[6.02051,35.61022],[6.01989,35.6102],[6.01824,35.6106],[6.01683,35.61034],[6.01588,35.61078],[6.01574,35.6106],[6.01645,35.60992],[6.01773,35.60975],[6.01944,35.60891],[6.02054,35.60904],[6.02197,35.60774],[6.02312,35.60727],[6.02462,35.60772],[6.0263,35.60758],[6.03146,35.60753],[6.03407,35.60627],[6.03425,35.60708],[6.03429,35.60629],[6.03455,35.60608],[6.03457,35.60637],[6.03442,35.60662],[6.03466,35.60694],[6.03448,35.60736],[6.03493,35.60741],[6.03507,35.60723],[6.03475,35.60726],[6.03502,35.60687],[6.03493,35.60673],[6.03499,35.60637],[6.03485,35.6062],[6.03493,35.60595],[6.03478,35.60566],[6.03494,35.60546],[6.03477,35.60511],[6.03458,35.60525],[6.03495,35.60472],[6.03535,35.60445],[6.0356,35.60308],[6.03613,35.60254],[6.03827,35.60193],[6.03937,35.60124],[6.04206,35.60087],[6.04274,35.60106],[6.0416,35.60257],[6.04103,35.60357]],[[6.03506,35.60899],[6.03541,35.60837],[6.03502,35.60786],[6.03484,35.60775],[6.03449,35.6078],[6.03427,35.60813],[6.03468,35.60884],[6.03506,35.60899]],[[6.03284,35.60937],[6.03341,35.60866],[6.03335,35.60848],[6.03281,35.60818],[6.03194,35.60803],[6.03184,35.60815],[6.03259,35.60865],[6.03286,35.60897],[6.03284,35.60937]],[[6.0343,35.60918],[6.03419,35.60999],[6.03437,35.61],[6.03456,35.60968],[6.03465,35.61033],[6.03483,35.61014],[6.03477,35.60946],[6.03448,35.60949],[6.0343,35.60918]],[[6.03449,35.6114],[6.0346,35.61126],[6.03445,35.61065],[6.0342,35.61132],[6.03443,35.6116],[6.03399,35.61172],[6.0339,35.61161],[6.03381,35.61172],[6.03405,35.61183],[6.03427,35.61179],[6.0343,35.61222],[6.03447,35.61209],[6.03449,35.6114]],[[6.03466,35.61142],[6.0346,35.612],[6.03462,35.61205],[6.03486,35.61181],[6.03481,35.61144],[6.03466,35.61142]],[[6.04558,35.61425],[6.04578,35.61393],[6.04567,35.61374],[6.04552,35.61384],[6.04547,35.6141],[6.04558,35.61425]],[[6.04543,35.61533],[6.04533,35.61495],[6.04522,35.61511],[6.04508,35.61504],[6.04503,35.6154],[6.04543,35.61533]],[[6.04643,35.61587],[6.04601,35.61567],[6.0459,35.61589],[6.04608,35.61709],[6.04678,35.61645],[6.04643,35.61587]],[[6.0487,35.6167],[6.04888,35.61707],[6.04871,35.6173],[6.04886,35.61745],[6.04935,35.61745],[6.04933,35.61736],[6.04966,35.6172],[6.05057,35.6172],[6.05049,35.61679],[6.05023,35.6168],[6.05027,35.61693],[6.05007,35.61708],[6.04954,35.61653],[6.0487,35.6167]],[[6.05194,35.61718],[6.05216,35.6169],[6.0518,35.6168],[6.05164,35.61697],[6.05194,35.61718]],[[6.03229,35.61277],[6.03178,35.61293],[6.03156,35.61312],[6.03181,35.61313],[6.03195,35.61298],[6.03228,35.61303],[6.03237,35.61338],[6.0325,35.61344],[6.03262,35.61318],[6.03255,35.61306],[6.03279,35.61295],[6.03276,35.61283],[6.03229,35.61277]],[[6.02191,35.61384],[6.02179,35.61359],[6.02163,35.61374],[6.0217,35.61416],[6.02217,35.61408],[6.02223,35.61394],[6.02216,35.61373],[6.02191,35.61384]],[[6.02784,35.61505],[6.02728,35.61455],[6.02685,35.61465],[6.02708,35.61495],[6.02731,35.61488],[6.02784,35.61505]],[[6.0023,35.61734],[6.00253,35.6168],[6.0027,35.6151],[6.0029,35.61448],[6.00309,35.6143],[6.00276,35.61321],[6.00235,35.61255],[6.00271,35.61331],[6.00197,35.61714],[6.00205,35.61731],[6.0023,35.61734]],[[5.97143,35.61718],[5.9713,35.61701],[5.97092,35.61701],[5.97123,35.61725],[5.97143,35.61718]],[[6.02622,35.61871],[6.02614,35.6186],[6.0259,35.61882],[6.02612,35.61896],[6.02622,35.61871]],[[6.03603,35.6194],[6.03567,35.61938],[6.03563,35.61945],[6.03591,35.61955],[6.03603,35.6194]],[[6.03387,35.62036],[6.03399,35.6201],[6.03371,35.62003],[6.03377,35.62029],[6.03353,35.62042],[6.03387,35.62036]],[[6.0138,35.62173],[6.01386,35.62148],[6.01376,35.62147],[6.01359,35.62276],[6.01385,35.62277],[6.01377,35.62214],[6.01389,35.62184],[6.0138,35.62173]],[[6.01343,35.62215],[6.01359,35.62171],[6.01341,35.62184],[6.01312,35.62172],[6.01307,35.6219],[6.01343,35.62215]],[[6.02267,35.62169],[6.02224,35.62187],[6.02232,35.62209],[6.02327,35.62189],[6.02296,35.62186],[6.02287,35.6217],[6.02278,35.62182],[6.02267,35.62169]],[[6.02693,35.62189],[6.0275,35.62184],[6.02752,35.62172],[6.02727,35.6214],[6.02701,35.62142],[6.02693,35.62189]],[[6.02571,35.62172],[6.02536,35.62158],[6.02499,35.62185],[6.02523,35.6217],[6.02536,35.62189],[6.02571,35.62172]],[[6.025,35.62345],[6.02537,35.62324],[6.02586,35.62254],[6.02505,35.62251],[6.02502,35.62281],[6.02475,35.62324],[6.025,35.62345]],[[6.01497,35.62467],[6.01485,35.62432],[6.01473,35.62437],[6.01484,35.62445],[6.01482,35.6248],[6.01503,35.62522],[6.01526,35.62504],[6.01511,35.62459],[6.01497,35.62467]],[[6.01764,35.6245],[6.01784,35.62475],[6.0181,35.62459],[6.01786,35.62436],[6.01764,35.6245]],[[6.01073,35.62343],[6.01054,35.62332],[6.01056,35.62373],[6.01127,35.62367],[6.01121,35.62339],[6.01099,35.62352],[6.01089,35.62331],[6.01073,35.62343]],[[6.01434,35.62545],[6.01437,35.62519],[6.01376,35.62543],[6.01387,35.62561],[6.01438,35.62584],[6.01434,35.62545]],[[5.96167,35.619],[5.96151,35.61875],[5.96126,35.61884],[5.9614,35.619],[5.96167,35.619]],[[5.9705,35.61952],[5.97031,35.61928],[5.96984,35.61936],[5.96954,35.61949],[5.96988,35.61941],[5.9705,35.61952]],[[5.96591,35.62159],[5.96571,35.62141],[5.96555,35.62162],[5.96565,35.62171],[5.96591,35.62159]],[[5.96384,35.62175],[5.96339,35.62195],[5.96308,35.6225],[5.96308,35.62276],[5.96327,35.62291],[5.96368,35.62253],[5.96369,35.62227],[5.96393,35.62193],[5.96384,35.62175]],[[5.98391,35.62347],[5.98383,35.62315],[5.9833,35.62314],[5.98342,35.62346],[5.98391,35.62347]],[[5.98782,35.62486],[5.98824,35.62421],[5.98785,35.62393],[5.98774,35.62422],[5.98737,35.62407],[5.98707,35.62424],[5.98728,35.62445],[5.98728,35.62466],[5.98695,35.62488],[5.98731,35.62497],[5.98782,35.62486]],[[5.98841,35.62491],[5.9888,35.625],[5.98896,35.62489],[5.98839,35.6247],[5.98841,35.62491]],[[5.96492,35.62507],[5.96512,35.62481],[5.965,35.62449],[5.96486,35.62456],[5.96476,35.62492],[5.96492,35.62507]],[[5.96364,35.62614],[5.96298,35.62565],[5.96255,35.62574],[5.96261,35.62609],[5.96286,35.62622],[5.96437,35.62657],[5.96459,35.62638],[5.96435,35.62604],[5.96364,35.62614]],[[5.96979,35.62636],[5.96996,35.62653],[5.97099,35.62647],[5.97156,35.62663],[5.97192,35.62637],[5.97156,35.62609],[5.97094,35.62603],[5.97023,35.62576],[5.96987,35.62583],[5.96979,35.62636]],[[5.96737,35.62636],[5.96731,35.62611],[5.9668,35.62611],[5.96695,35.62637],[5.96737,35.62636]],[[5.97463,35.6114],[5.97455,35.61177],[5.97484,35.612],[5.97493,35.61148],[5.97463,35.6114]],[[5.96486,35.61115],[5.96505,35.61139],[5.96535,35.61116],[5.96566,35.61122],[5.96565,35.611],[5.96542,35.61073],[5.96515,35.61068],[5.96439,35.61106],[5.96466,35.61132],[5.96486,35.61115]],[[5.96312,35.61],[5.96299,35.61013],[5.96311,35.61026],[5.96374,35.61039],[5.96399,35.61025],[5.96312,35.61]],[[5.9659,35.60994],[5.96626,35.60969],[5.96628,35.60949],[5.96602,35.60927],[5.96577,35.60911],[5.96514,35.60938],[5.96513,35.6096],[5.96541,35.60951],[5.96581,35.60964],[5.9659,35.60994]],[[5.96921,35.60234],[5.96903,35.60171],[5.9686,35.60156],[5.96862,35.60214],[5.96881,35.60248],[5.96921,35.60234]],[[5.96758,35.60158],[5.96737,35.60181],[5.9674,35.60228],[5.96761,35.602],[5.96758,35.60158]],[[5.96623,35.60231],[5.96565,35.60243],[5.96539,35.60257],[5.96538,35.60277],[5.96509,35.60285],[5.96646,35.60276],[5.9664,35.60265],[5.96614,35.60266],[5.96623,35.60231]],[[5.96765,35.60282],[5.96786,35.60287],[5.96794,35.60264],[5.96755,35.60262],[5.96765,35.60282]],[[5.96427,35.60334],[5.96404,35.60318],[5.96386,35.60325],[5.96407,35.60368],[5.96431,35.60357],[5.96427,35.60334]],[[5.97429,35.60015],[5.97483,35.60005],[5.97526,35.599],[5.97567,35.5989],[5.97564,35.59874],[5.97529,35.59851],[5.97524,35.59808],[5.97496,35.59775],[5.97446,35.59752],[5.97393,35.59767],[5.97367,35.5984],[5.97387,35.59887],[5.97393,35.6],[5.97429,35.60015]],[[5.96331,35.59857],[5.96385,35.59805],[5.96367,35.59765],[5.96348,35.59769],[5.96293,35.59827],[5.96296,35.59835],[5.96318,35.59823],[5.96313,35.59848],[5.96331,35.59857]],[[5.94825,35.59574],[5.94839,35.59563],[5.94812,35.59548],[5.94774,35.59552],[5.94782,35.59575],[5.94803,35.59562],[5.94825,35.59574]],[[5.95361,35.59427],[5.9543,35.59439],[5.95439,35.59372],[5.95395,35.59387],[5.95377,35.59374],[5.95349,35.59378],[5.95354,35.59393],[5.95375,35.59395],[5.95361,35.59427]],[[5.94906,35.59404],[5.94958,35.59343],[5.95061,35.59298],[5.95004,35.59293],[5.94928,35.59354],[5.94906,35.59404]],[[5.95496,35.5934],[5.95543,35.59348],[5.9557,35.59317],[5.95489,35.59328],[5.95496,35.5934]],[[5.95592,35.59242],[5.95622,35.59258],[5.95647,35.59243],[5.95681,35.59254],[5.95745,35.592],[5.95659,35.5923],[5.95605,35.59225],[5.95592,35.59242]],[[5.96507,35.59105],[5.96501,35.59132],[5.96527,35.59161],[5.96559,35.59163],[5.96583,35.5914],[5.96545,35.59096],[5.96507,35.59105]],[[5.94621,35.59],[5.9452,35.59008],[5.94554,35.59019],[5.94563,35.59054],[5.94628,35.59011],[5.94621,35.59]],[[5.96664,35.5892],[5.96681,35.58917],[5.96708,35.58868],[5.96615,35.58867],[5.96676,35.58822],[5.96679,35.58801],[5.96647,35.58821],[5.96614,35.58815],[5.96578,35.58838],[5.96539,35.58831],[5.96586,35.58876],[5.96658,35.58887],[5.96664,35.5892]],[[5.94631,35.58896],[5.94565,35.5882],[5.94584,35.58783],[5.94561,35.58784],[5.94524,35.58824],[5.945,35.58892],[5.94531,35.58926],[5.94576,35.58919],[5.94631,35.58896]],[[5.94665,35.58927],[5.94644,35.58931],[5.94633,35.58944],[5.94665,35.58948],[5.94665,35.58927]],[[5.96143,35.58149],[5.96101,35.58182],[5.96119,35.58187],[5.96128,35.5821],[5.96168,35.58167],[5.96143,35.58149]],[[5.96674,35.58123],[5.96723,35.58147],[5.96703,35.58094],[5.96709,35.58072],[5.96731,35.5813],[5.96741,35.58125],[5.96734,35.58088],[5.96753,35.58007],[5.9672,35.58003],[5.96731,35.57973],[5.96705,35.5797],[5.96663,35.58017],[5.96694,35.58074],[5.96696,35.58103],[5.96674,35.58123]],[[6.00902,35.61123],[6.00905,35.61144],[6.00934,35.61113],[6.00924,35.61087],[6.00877,35.61104],[6.00885,35.61121],[6.00902,35.61123]],[[6.00771,35.60901],[6.00772,35.60929],[6.0081,35.60985],[6.00807,35.6101],[6.00787,35.61032],[6.00791,35.61044],[6.00826,35.6102],[6.00851,35.60971],[6.00831,35.60944],[6.00832,35.60916],[6.00771,35.60901]],[[5.99644,35.60564],[5.99658,35.6059],[5.99642,35.60646],[5.99654,35.60659],[5.99719,35.6062],[5.99761,35.6052],[5.99727,35.60424],[5.99662,35.60386],[5.99647,35.60441],[5.99519,35.60482],[5.99498,35.60521],[5.99525,35.6056],[5.99644,35.60564]],[[6.00725,35.60737],[6.007,35.60776],[6.00706,35.60817],[6.00724,35.60809],[6.0076,35.60755],[6.00751,35.60738],[6.00725,35.60737]]]}},{"type":"Feature","properties":{"id":"0","TYPE":"MAQUIS","Name":"0"},"geometry":{"type":"Polygon","coordinates":[[[6.02287,35.62671],[6.02292,35.6267],[6.02288,35.62671],[6.02287,35.62671]]]}},{"type":"Feature","properties":{"id":"0","TYPE":"MAQUIS","Name":"0"},"geometry":{"type":"Polygon","coordinates":[[[6.02319,35.62661],[6.02347,35.6265],[6.0233,35.62657],[6.02319,35.62661]]]}},{"type":"Feature","properties":{"id":"0","TYPE":"MAQUIS","Name":"0"},"geometry":{"type":"Polygon","coordinates":[[[6.03633,35.61882],[6.03625,35.61872],[6.03632,35.61879],[6.03633,35.61882]]]}},{"type":"Feature","properties":{"id":"0","TYPE":"MAQUIS","Name":"0"},"geometry":{"type":"Polygon","coordinates":[[[6.01444,35.62488],[6.01446,35.62488],[6.01444,35.62488],[6.01444,35.62488]]]}},{"type":"Feature","properties":{"id":"0","TYPE":"MAQUIS","Name":"0"},"geometry":{"type":"Polygon","coordinates":[[[6.01454,35.62486],[6.01469,35.62483],[6.01472,35.62483],[6.01454,35.62486]]]}},{"type":"Feature","properties":{"id":"0","TYPE":"MAQUIS","Name":"0"},"geometry":{"type":"Polygon","coordinates":[[[6.03451,35.60537],[6.03452,35.60538],[6.03451,35.60537],[6.03451,35.60537]]]}},{"type":"Feature","properties":{"id":"0","TYPE":"MAQUIS","Name":"0"},"geometry":{"type":"MultiPolygon","coordinates":[[[[6.03461,35.60556],[6.03458,35.60593],[6.03454,35.60541],[6.03461,35.60556]]],[[[6.03452,35.60538],[6.03453,35.60539],[6.03452,35.60538],[6.03452,35.60538]]]]}},{"type":"Feature","properties":{"id":"0","TYPE":"MAQUIS","Name":"0"},"geometry":{"type":"Polygon","coordinates":[[[6.03439,35.60605],[6.03439,35.60605],[6.03439,35.60606],[6.03439,35.60605]]]}},{"type":"Feature","properties":{"id":"0","Name":"0"},"geometry":{"type":"Polygon","coordinates":[[[6.03435,35.60572],[6.03435,35.60572],[6.03435,35.60574],[6.03435,35.60572]]]}},{"type":"Feature","properties":{"id":"0","Name":"0"},"geometry":{"type":"Polygon","coordinates":[[[6.03432,35.6055],[6.03432,35.60549],[6.03432,35.60549],[6.03432,35.6055]]]}},{"type":"Feature","properties":{"id":"0","Name":"0"},"geometry":{"type":"MultiPolygon","coordinates":[[[[6.03421,35.60518],[6.03421,35.60518],[6.03421,35.60518],[6.03421,35.60518]]],[[[6.03429,35.60536],[6.03429,35.60535],[6.03429,35.60536],[6.03429,35.60536]]]]}},{"type":"Feature","properties":{"id":"0","Name":"0"},"geometry":{"type":"Polygon","coordinates":[[[6.0339,35.60589],[6.03391,35.60589],[6.0339,35.60589],[6.0339,35.60589]]]}},{"type":"Feature","properties":{"id":"0","Name":"0"},"geometry":{"type":"MultiPolygon","coordinates":[[[[6.03397,35.60593],[6.03398,35.60595],[6.03396,35.60592],[6.03397,35.60593]]],[[[6.03392,35.60589],[6.03394,35.6059],[6.03392,35.60589],[6.03392,35.60589]]]]}},{"type":"Feature","properties":{"id":"0","Name":"0"},"geometry":{"type":"Polygon","coordinates":[[[6.03404,35.60606],[6.03404,35.60606],[6.03404,35.60605],[6.03404,35.60606]]]}},{"type":"Feature","properties":{"id":"0","Name":"0"},"geometry":{"type":"Polygon","coordinates":[[[5.98144,35.59736],[5.98144,35.59736],[5.98143,35.59736],[5.98144,35.59736]]]}},{"type":"Feature","properties":{"id":"0","Name":"0"},"geometry":{"type":"MultiPolygon","coordinates":[[[[5.98169,35.59717],[5.98169,35.59717],[5.98166,35.59723],[5.98169,35.59717]]],[[[5.98164,35.59725],[5.98166,35.59723],[5.98162,35.59726],[5.98164,35.59725]]]]}},{"type":"Feature","properties":{"id":"0","Name":"0"},"geometry":{"type":"Polygon","coordinates":[[[5.96935,35.5782],[5.96942,35.57816],[5.96942,35.57816],[5.96935,35.5782]]]}},{"type":"Feature","properties":{"id":"0","Name":"0"},"geometry":{"type":"MultiPolygon","coordinates":[[[[5.96983,35.57786],[5.96983,35.57786],[5.96983,35.57786],[5.96983,35.57786]]],[[[5.96979,35.57792],[5.96983,35.57786],[5.96979,35.57792],[5.96979,35.57792]]]]}},{"type":"Feature","properties":{"id":"0","Name":"0"},"geometry":{"type":"MultiPolygon","coordinates":[[[[5.97016,35.57774],[5.97015,35.57775],[5.97004,35.57777],[5.97016,35.57774]]],[[[5.96997,35.57779],[5.97004,35.57777],[5.96997,35.57779],[5.96997,35.57779]]]]}},{"type":"Feature","properties":{"id":"0","Name":"0"},"geometry":{"type":"Polygon","coordinates":[[[5.97116,35.57771],[5.97124,35.57771],[5.97116,35.57771],[5.97116,35.57771]]]}},{"type":"Feature","properties":{"id":"0","Name":"0"},"geometry":{"type":"MultiPolygon","coordinates":[[[[5.97152,35.57773],[5.97156,35.57771],[5.97156,35.57771],[5.97152,35.57773]]],[[[5.97145,35.57773],[5.97148,35.57773],[5.97145,35.57773],[5.97145,35.57773]]]]}},{"type":"Feature","properties":{"id":"0","Name":"0"},"geometry":{"type":"Polygon","coordinates":[[[5.97187,35.57764],[5.97187,35.57764],[5.97184,35.57765],[5.97187,35.57764]]]}},{"type":"Feature","properties":{"id":"0","Name":"0"},"geometry":{"type":"Polygon","coordinates":[[[5.97228,35.57742],[5.97228,35.57742],[5.97227,35.57743],[5.97228,35.57742]]]}},{"type":"Feature","properties":{"id":"0","Name":"0"},"geometry":{"type":"Polygon","coordinates":[[[5.97237,35.5773],[5.97237,35.57728],[5.97237,35.5773],[5.97237,35.5773]]]}},{"type":"Feature","properties":{"id":"0","Name":"0"},"geometry":{"type":"Polygon","coordinates":[[[5.96338,35.57575],[5.9634,35.57579],[5.96338,35.57575],[5.96338,35.57575]]]}},{"type":"Feature","properties":{"id":"0","Name":"0"},"geometry":{"type":"Polygon","coordinates":[[[5.96048,35.57989],[5.96049,35.57989],[5.96048,35.57989],[5.96048,35.57989]]]}},{"type":"Feature","properties":{"id":"0","TYPE":"MATORRAL","Name":"0"},"geometry":{"type":"MultiPolygon","coordinates":[[[[5.9563,35.58147],[5.95732,35.58138],[5.9568,35.58171],[5.95605,35.58159],[5.95528,35.58183],[5.95501,35.58152],[5.95484,35.58153],[5.95492,35.58177],[5.95456,35.58162],[5.95436,35.58193],[5.95469,35.58242],[5.95457,35.58264],[5.95474,35.58302],[5.95437,35.58363],[5.95405,35.5836],[5.95298,35.58409],[5.95288,35.58389],[5.95161,35.5838],[5.95088,35.58358],[5.95008,35.5839],[5.94987,35.58378],[5.94955,35.58381],[5.94885,35.58418],[5.94588,35.58484],[5.94559,35.58392],[5.94521,35.58357],[5.9442,35.58365],[5.94347,35.58356],[5.94319,35.58367],[5.94243,35.58323],[5.94208,35.58354],[5.94167,35.58364],[5.9417,35.58411],[5.94116,35.58483],[5.94097,35.58531],[5.94118,35.58528],[5.94137,35.58496],[5.94223,35.58464],[5.94266,35.58481],[5.94293,35.58511],[5.94338,35.58527],[5.94312,35.58563],[5.94326,35.58604],[5.94352,35.58617],[5.94245,35.5865],[5.94171,35.58653],[5.94115,35.58638],[5.94016,35.58577],[5.93948,35.58573],[5.93894,35.58553],[5.93884,35.58561],[5.93899,35.58682],[5.93872,35.5877],[5.93895,35.58824],[5.93882,35.58902],[5.93799,35.58969],[5.93636,35.59058],[5.9356,35.59082],[5.93445,35.59156],[5.93399,35.59178],[5.93338,35.59169],[5.933,35.59197],[5.93237,35.59214],[5.93142,35.59279],[5.93073,35.59295],[5.92954,35.59301],[5.92828,35.5928],[5.92731,35.59285],[5.9261,35.59328],[5.92518,35.59331],[5.92497,35.59354],[5.92488,35.59408],[5.92374,35.59284],[5.92357,35.59287],[5.92334,35.59333],[5.92305,35.59456],[5.92271,35.595],[5.92244,35.59692],[5.92251,35.59776],[5.92209,35.59824],[5.92175,35.59837],[5.92015,35.60027],[5.91879,35.60134],[5.91839,35.60133],[5.9177,35.60091],[5.91679,35.60171],[5.91612,35.60193],[5.91467,35.60201],[5.91427,35.60171],[5.91355,35.60152],[5.91277,35.60091],[5.91242,35.60089],[5.91202,35.60062],[5.91139,35.60073],[5.91099,35.60066],[5.90967,35.60084],[5.90916,35.60063],[5.90871,35.60009],[5.90764,35.59947],[5.90706,35.59885],[5.90612,35.59812],[5.90401,35.59603],[5.90346,35.595],[5.90365,35.59518],[5.90399,35.59523],[5.90422,35.5951],[5.90418,35.59484],[5.90362,35.59421],[5.90344,35.59415],[5.90315,35.59434],[5.90306,35.59397],[5.90346,35.59399],[5.90388,35.59339],[5.9041,35.59352],[5.90395,35.59382],[5.90403,35.59401],[5.90425,35.59411],[5.90459,35.59389],[5.90453,35.59321],[5.90428,35.59258],[5.90444,35.59203],[5.90428,35.59193],[5.90385,35.5921],[5.90341,35.5919],[5.90406,35.59037],[5.90397,35.59081],[5.9042,35.59106],[5.90377,35.59133],[5.90376,35.59167],[5.90414,35.59166],[5.90424,35.59114],[5.90443,35.59153],[5.90463,35.59144],[5.90475,35.59094],[5.90498,35.59097],[5.90538,35.59145],[5.90585,35.59032],[5.90624,35.59005],[5.90678,35.58854],[5.90786,35.58783],[5.90864,35.58622],[5.90902,35.58603],[5.90933,35.58569],[5.90976,35.58451],[5.91016,35.58403],[5.91019,35.58366],[5.91045,35.5837],[5.91068,35.58358],[5.91078,35.58334],[5.91061,35.583],[5.91125,35.58248],[5.91138,35.58216],[5.91166,35.58193],[5.91164,35.58173],[5.91214,35.58151],[5.91223,35.58131],[5.9121,35.58093],[5.91404,35.5804],[5.91539,35.58032],[5.91478,35.58038],[5.91479,35.58108],[5.91505,35.58048],[5.91561,35.58041],[5.91579,35.58048],[5.91584,35.58075],[5.91603,35.58086],[5.91668,35.58065],[5.91739,35.58092],[5.91773,35.58072],[5.91821,35.57965],[5.92011,35.57973],[5.92109,35.5794],[5.92203,35.57888],[5.92275,35.57893],[5.92282,35.5788],[5.92416,35.57873],[5.92582,35.57798],[5.93023,35.57506],[5.93149,35.57399],[5.93228,35.57299],[5.93176,35.57418],[5.93324,35.57508],[5.93344,35.57543],[5.9334,35.57583],[5.93308,35.57595],[5.93204,35.57591],[5.9318,35.57585],[5.9316,35.57551],[5.93143,35.57552],[5.93146,35.5759],[5.93066,35.57623],[5.93036,35.57649],[5.93046,35.57759],[5.93258,35.57765],[5.93326,35.57753],[5.93375,35.5772],[5.93419,35.576],[5.93411,35.57548],[5.93439,35.57412],[5.93531,35.57417],[5.93589,35.57399],[5.93607,35.57357],[5.93609,35.57263],[5.93627,35.57232],[5.93664,35.57238],[5.93789,35.57317],[5.93807,35.57339],[5.93837,35.57459],[5.93853,35.5748],[5.9389,35.57475],[5.93926,35.57439],[5.93925,35.57345],[5.93946,35.57237],[5.93974,35.57216],[5.9401,35.5721],[5.94076,35.57286],[5.94165,35.57357],[5.94353,35.57465],[5.94572,35.57617],[5.94603,35.5765],[5.94608,35.57705],[5.94642,35.57735],[5.94685,35.57749],[5.94782,35.57751],[5.94849,35.57645],[5.94945,35.57592],[5.94986,35.57583],[5.95087,35.57593],[5.95096,35.57644],[5.95121,35.57677],[5.95222,35.57612],[5.95333,35.57582],[5.9549,35.57615],[5.95664,35.57631],[5.95819,35.57671],[5.95946,35.57795],[5.95889,35.57808],[5.959,35.57835],[5.95962,35.57836],[5.95943,35.57899],[5.95853,35.5797],[5.95804,35.57934],[5.9568,35.5791],[5.9559,35.58026],[5.95533,35.58035],[5.95516,35.58062],[5.95521,35.58095],[5.95538,35.58109],[5.95633,35.58061],[5.95587,35.58093],[5.95577,35.58121],[5.9563,35.58147]],[[5.91288,35.59552],[5.91241,35.59556],[5.91248,35.59591],[5.9126,35.5957],[5.91299,35.59578],[5.91288,35.59552]],[[5.91068,35.58516],[5.91202,35.58507],[5.91276,35.58467],[5.91247,35.58465],[5.91143,35.58496],[5.9112,35.58487],[5.91136,35.5843],[5.9126,35.58413],[5.9131,35.58393],[5.91253,35.58372],[5.91204,35.58377],[5.91173,35.58418],[5.91138,35.58398],[5.9113,35.58369],[5.91104,35.58422],[5.91044,35.58495],[5.91068,35.58516]],[[5.91123,35.58637],[5.912,35.58643],[5.91175,35.58629],[5.91123,35.58637]],[[5.90713,35.58898],[5.90679,35.58917],[5.90677,35.58966],[5.90713,35.58931],[5.90713,35.58898]],[[5.90602,35.59056],[5.90633,35.59042],[5.90701,35.58976],[5.90676,35.58992],[5.90645,35.58992],[5.90582,35.59044],[5.90602,35.59056]],[[5.91322,35.59106],[5.91293,35.59144],[5.91307,35.59172],[5.91331,35.59144],[5.91322,35.59106]],[[5.90581,35.59291],[5.90634,35.59277],[5.90619,35.59233],[5.90625,35.59179],[5.90603,35.59191],[5.90547,35.59179],[5.90536,35.5921],[5.90597,35.59245],[5.90593,35.59265],[5.90564,35.59284],[5.90581,35.59291]],[[5.90893,35.59403],[5.90884,35.59375],[5.90813,35.59352],[5.90804,35.59332],[5.90787,35.59337],[5.9078,35.59366],[5.908,35.59386],[5.90836,35.59373],[5.90863,35.59408],[5.90893,35.59403]],[[5.9092,35.59355],[5.90932,35.59379],[5.90917,35.59401],[5.90954,35.59377],[5.90942,35.59356],[5.9092,35.59355]],[[5.90971,35.59894],[5.90953,35.59881],[5.90968,35.59868],[5.90939,35.59844],[5.90897,35.59859],[5.9091,35.59879],[5.90971,35.59894]],[[5.91243,35.59984],[5.91223,35.59962],[5.91186,35.59962],[5.91203,35.59978],[5.91243,35.59984]],[[5.91056,35.59982],[5.91085,35.59997],[5.91094,35.59995],[5.91079,35.59977],[5.91056,35.59982]],[[5.91164,35.60065],[5.9117,35.60056],[5.9114,35.60041],[5.91132,35.60059],[5.9106,35.60022],[5.91111,35.60058],[5.91164,35.60065]],[[5.91886,35.58051],[5.91946,35.58014],[5.91907,35.57985],[5.91898,35.58007],[5.91857,35.58041],[5.91883,35.58065],[5.91886,35.58051]],[[5.91562,35.58059],[5.91537,35.58129],[5.91585,35.58159],[5.91626,35.58163],[5.91583,35.58103],[5.91578,35.5806],[5.91562,35.58059]],[[5.92096,35.58166],[5.92125,35.58134],[5.92171,35.58132],[5.92178,35.58106],[5.92159,35.58107],[5.92124,35.58086],[5.92127,35.58127],[5.92111,35.58133],[5.92103,35.58089],[5.92092,35.58089],[5.92087,35.58106],[5.92046,35.58132],[5.92065,35.58162],[5.92096,35.58166]],[[5.91378,35.5815],[5.91435,35.58138],[5.91463,35.58119],[5.9144,35.58108],[5.91393,35.58124],[5.91378,35.5815]],[[5.9145,35.58153],[5.91418,35.58186],[5.91436,35.58217],[5.91464,35.58198],[5.91464,35.58158],[5.9145,35.58153]],[[5.91733,35.58259],[5.91682,35.58255],[5.91664,35.58264],[5.91664,35.58279],[5.91706,35.5829],[5.91733,35.58259]],[[5.91631,35.58308],[5.91458,35.58236],[5.91431,35.58272],[5.91457,35.58288],[5.91476,35.58268],[5.91496,35.58269],[5.91601,35.58318],[5.91634,35.5832],[5.91631,35.58308]],[[5.91852,35.58383],[5.91963,35.58326],[5.91975,35.58309],[5.91773,35.58373],[5.9179,35.58384],[5.91852,35.58383]],[[5.9145,35.58592],[5.91341,35.58572],[5.91316,35.5858],[5.9145,35.58592]],[[5.91555,35.58656],[5.91569,35.58645],[5.91554,35.58629],[5.91519,35.58637],[5.91523,35.5865],[5.91555,35.58656]],[[5.91733,35.59742],[5.91784,35.59722],[5.91792,35.59714],[5.91766,35.59691],[5.91753,35.59696],[5.91722,35.59728],[5.91733,35.59742]],[[5.91677,35.59981],[5.91667,35.59942],[5.91659,35.59951],[5.91642,35.59946],[5.91645,35.59965],[5.91665,35.59973],[5.91652,35.59982],[5.91677,35.59981]],[[5.91924,35.60026],[5.91891,35.59979],[5.91881,35.59989],[5.91868,35.59983],[5.91852,35.6002],[5.91894,35.60043],[5.91924,35.60026]],[[5.91331,35.60015],[5.91295,35.60062],[5.91313,35.60077],[5.91311,35.60092],[5.9134,35.60102],[5.91321,35.60066],[5.91348,35.60025],[5.91331,35.60015]],[[5.9147,35.60151],[5.91453,35.60146],[5.91449,35.60159],[5.91471,35.60167],[5.9147,35.60151]],[[5.94068,35.5762],[5.94055,35.57636],[5.94091,35.57657],[5.94068,35.5762]],[[5.93869,35.57727],[5.93909,35.57787],[5.93928,35.57795],[5.93939,35.57766],[5.93919,35.57742],[5.93878,35.57721],[5.93869,35.57727]],[[5.94956,35.57868],[5.95048,35.57865],[5.95057,35.57836],[5.95047,35.57812],[5.95012,35.57808],[5.95007,35.57831],[5.94956,35.57868]],[[5.92893,35.58131],[5.92847,35.58135],[5.92809,35.58078],[5.92767,35.58049],[5.92661,35.58036],[5.92528,35.58066],[5.92483,35.58091],[5.92447,35.58213],[5.9236,35.58236],[5.92092,35.58216],[5.92026,35.58258],[5.92012,35.58315],[5.92079,35.58453],[5.92131,35.58485],[5.92182,35.58459],[5.9222,35.58361],[5.92243,35.58345],[5.92327,35.58366],[5.92378,35.58455],[5.92397,35.58462],[5.9242,35.58442],[5.92451,35.58316],[5.9253,35.58275],[5.92601,35.58263],[5.92661,35.58266],[5.927,35.58283],[5.92741,35.58418],[5.92776,35.58411],[5.92837,35.5834],[5.92864,35.58338],[5.92892,35.58352],[5.92913,35.58435],[5.92933,35.58443],[5.93083,35.58237],[5.93093,35.58186],[5.93087,35.58098],[5.93154,35.58093],[5.93304,35.58173],[5.93336,35.58178],[5.93344,35.58149],[5.93328,35.58106],[5.93378,35.58079],[5.93348,35.58008],[5.93301,35.57967],[5.93261,35.57954],[5.93189,35.5797],[5.93175,35.57933],[5.93139,35.57903],[5.9307,35.57956],[5.93031,35.57961],[5.9298,35.57867],[5.92939,35.57843],[5.92908,35.57844],[5.92901,35.57855],[5.92967,35.57905],[5.92954,35.57964],[5.92937,35.57958],[5.92956,35.57939],[5.92951,35.5793],[5.92921,35.57952],[5.92914,35.57995],[5.92876,35.58035],[5.92811,35.58035],[5.92818,35.58051],[5.92855,35.58066],[5.92866,35.58084],[5.92858,35.581],[5.92892,35.58095],[5.92877,35.58117],[5.92893,35.58131]],[[5.94121,35.5825],[5.94117,35.58222],[5.94073,35.58207],[5.94043,35.58163],[5.9403,35.58117],[5.94047,35.58098],[5.94046,35.58008],[5.9403,35.57979],[5.94019,35.5799],[5.94035,35.58047],[5.9403,35.58097],[5.94006,35.58105],[5.94003,35.58124],[5.93987,35.5812],[5.9401,35.58071],[5.94002,35.58046],[5.94016,35.58021],[5.93977,35.5796],[5.93976,35.57923],[5.9392,35.57884],[5.93939,35.5795],[5.93971,35.57962],[5.93963,35.57976],[5.93983,35.58038],[5.93961,35.58079],[5.93974,35.58154],[5.94093,35.58248],[5.94121,35.5825]],[[5.92335,35.58107],[5.92412,35.5808],[5.92397,35.5803],[5.92341,35.57993],[5.92296,35.57991],[5.92303,35.58013],[5.92336,35.5801],[5.92333,35.58056],[5.92284,35.58027],[5.92277,35.58004],[5.92224,35.58016],[5.92201,35.58049],[5.92232,35.58073],[5.92231,35.5811],[5.92202,35.58137],[5.92221,35.58159],[5.92249,35.58158],[5.92335,35.58107]],[[5.93129,35.58358],[5.93168,35.58327],[5.93162,35.58316],[5.93148,35.58309],[5.93106,35.58321],[5.93117,35.58336],[5.93112,35.58356],[5.93129,35.58358]],[[5.92599,35.59111],[5.92619,35.59087],[5.92616,35.59078],[5.92582,35.59104],[5.92599,35.59111]],[[5.93272,35.59118],[5.93304,35.59103],[5.93305,35.59097],[5.93239,35.59111],[5.93272,35.59118]],[[5.92767,35.59086],[5.92745,35.59092],[5.92757,35.59142],[5.92777,35.59129],[5.92761,35.59101],[5.92767,35.59086]],[[5.92392,35.59101],[5.92362,35.59116],[5.92383,35.59149],[5.92401,35.59124],[5.92392,35.59101]],[[5.92254,35.59121],[5.92229,35.59131],[5.92226,35.59146],[5.92244,35.59167],[5.92276,35.59178],[5.92291,35.59143],[5.92254,35.59121]]],[[[5.92949,35.58004],[5.92952,35.58019],[5.92995,35.58008],[5.93026,35.58006],[5.93036,35.58029],[5.93017,35.58051],[5.92978,35.58058],[5.92996,35.5804],[5.92977,35.58015],[5.9295,35.58027],[5.92949,35.58004]]],[[[5.92971,35.58058],[5.9295,35.58068],[5.92944,35.58062],[5.92956,35.58054],[5.92971,35.58058]]],[[[5.9292,35.58085],[5.92928,35.58086],[5.92919,35.58094],[5.9292,35.58085]]]]}},{"type":"Feature","properties":{"id":"0","Name":"0"},"geometry":{"type":"Polygon","coordinates":[[[5.92919,35.58125],[5.92919,35.58125],[5.92918,35.58125],[5.92919,35.58125]]]}},{"type":"Feature","properties":{"id":"0","Name":"0"},"geometry":{"type":"Polygon","coordinates":[[[5.92923,35.58118],[5.92923,35.58118],[5.92923,35.58118],[5.92923,35.58118]],[[5.92922,35.5812],[5.92922,35.5812],[5.92922,35.58119],[5.92922,35.5812]]]}},{"type":"Feature","properties":{"id":"0","Name":"0"},"geometry":{"type":"MultiPolygon","coordinates":[[[[5.9293,35.58087],[5.9293,35.58087],[5.92929,35.58086],[5.9293,35.58087]]],[[[5.92933,35.58088],[5.92933,35.58088],[5.92932,35.58087],[5.92933,35.58088]]],[[[5.92919,35.58089],[5.92928,35.58086],[5.92919,35.58094],[5.92919,35.58089]]]]}},{"type":"Feature","properties":{"id":"0","Name":"0"},"geometry":{"type":"MultiPolygon","coordinates":[[[[5.92935,35.58089],[5.92937,35.5809],[5.92937,35.5809],[5.92935,35.58089]]],[[[5.92935,35.58089],[5.92935,35.58089],[5.92935,35.58089],[5.92935,35.58089]]]]}},{"type":"Feature","properties":{"id":"0","Name":"0"},"geometry":{"type":"Polygon","coordinates":[[[5.92944,35.58094],[5.92946,35.58096],[5.92944,35.58094],[5.92944,35.58094]]]}},{"type":"Feature","properties":{"id":"0","Name":"0"},"geometry":{"type":"MultiPolygon","coordinates":[[[[5.92956,35.581],[5.92956,35.581],[5.92955,35.581],[5.92956,35.581]]],[[[5.92953,35.58101],[5.92953,35.58101],[5.92953,35.58101],[5.92953,35.58101]]]]}},{"type":"Feature","properties":{"id":"0","Name":"0"},"geometry":{"type":"MultiPolygon","coordinates":[[[[5.92961,35.5809],[5.92961,35.58089],[5.92961,35.5809],[5.92961,35.5809]]],[[[5.9296,35.58095],[5.9296,35.58094],[5.9296,35.58095],[5.9296,35.58095]]]]}},{"type":"Feature","properties":{"id":"0","Name":"0"},"geometry":{"type":"MultiPolygon","coordinates":[[[[5.92962,35.58086],[5.92962,35.58086],[5.92962,35.58088],[5.92962,35.58086]]],[[[5.92962,35.58088],[5.92962,35.58088],[5.92962,35.58088],[5.92962,35.58088]]]]}},{"type":"Feature","properties":{"id":"0","Name":"0"},"geometry":{"type":"Polygon","coordinates":[[[5.92973,35.58058],[5.92949,35.58067],[5.92944,35.58062],[5.92956,35.58054],[5.92973,35.58058]]]}},{"type":"Feature","properties":{"id":"0","Name":"0"},"geometry":{"type":"Polygon","coordinates":[[[5.93026,35.58006],[5.93036,35.58029],[5.93017,35.58051],[5.92979,35.58057],[5.92996,35.58045],[5.92981,35.58019],[5.92954,35.58028],[5.92946,35.5802],[5.9295,35.58003],[5.92952,35.58019],[5.93026,35.58006]]]}},{"type":"Feature","properties":{"id":"0","Name":"0"},"geometry":{"type":"Polygon","coordinates":[[[5.92954,35.57993],[5.92954,35.57993],[5.92954,35.57993],[5.92954,35.57993]]]}},{"type":"Feature","properties":{"id":"0","Name":"0"},"geometry":{"type":"MultiPolygon","coordinates":[[[[5.92959,35.57986],[5.9296,35.57985],[5.92959,35.57986],[5.92959,35.57986]]],[[[5.92958,35.57987],[5.92959,35.57987],[5.92958,35.57987],[5.92958,35.57987]]]]}},{"type":"Feature","properties":{"id":"0","Name":"0"},"geometry":{"type":"Polygon","coordinates":[[[5.92966,35.57977],[5.92966,35.57977],[5.92965,35.57978],[5.92966,35.57977]]]}},{"type":"Feature","properties":{"id":"0","Name":"0"},"geometry":{"type":"Polygon","coordinates":[[[5.92963,35.57971],[5.92963,35.57971],[5.92963,35.57971],[5.92963,35.57971]]]}},{"type":"Feature","properties":{"id":"0","Name":"0"},"geometry":{"type":"MultiPolygon","coordinates":[[[[5.95652,35.58057],[5.95654,35.58056],[5.95652,35.58057],[5.95652,35.58057]]],[[[5.95647,35.58057],[5.95651,35.58057],[5.95647,35.58057],[5.95647,35.58057]]]]}},{"type":"Feature","properties":{"id":"0","Name":"0"},"geometry":{"type":"Polygon","coordinates":[[[5.95769,35.58038],[5.95769,35.58038],[5.95765,35.5804],[5.95769,35.58038]]]}},{"type":"Feature","properties":{"id":"0","Name":"0"},"geometry":{"type":"Polygon","coordinates":[[[5.9578,35.58035],[5.95781,35.58034],[5.95781,35.58034],[5.9578,35.58035]]]}},{"type":"Feature","properties":{"id":"0","Name":"0"},"geometry":{"type":"Polygon","coordinates":[[[5.95819,35.58032],[5.9582,35.58032],[5.95819,35.58032],[5.95819,35.58032]]]}},{"type":"Feature","properties":{"id":"0","Name":"0"},"geometry":{"type":"Polygon","coordinates":[[[5.95855,35.58015],[5.95855,35.58015],[5.95855,35.58016],[5.95855,35.58015]]]}},{"type":"Feature","properties":{"id":"0","Name":"0"},"geometry":{"type":"Polygon","coordinates":[[[5.95857,35.58006],[5.95858,35.58003],[5.95857,35.58006],[5.95857,35.58006]],[[5.95858,35.58003],[5.95858,35.58003],[5.95858,35.58003],[5.95858,35.58003]]]}},{"type":"Feature","properties":{"id":"0","Name":"0"},"geometry":{"type":"Polygon","coordinates":[[[5.95854,35.57992],[5.95854,35.57992],[5.95854,35.57992],[5.95854,35.57992]]]}},{"type":"Feature","properties":{"id":"0","Name":"0"},"geometry":{"type":"Polygon","coordinates":[[[5.95855,35.57981],[5.95855,35.57979],[5.95855,35.57981],[5.95855,35.57981]]]}},{"type":"Feature","properties":{"id":"0","Name":"0"},"geometry":{"type":"Polygon","coordinates":[[[5.95967,35.57832],[5.95967,35.57831],[5.95967,35.57832],[5.95967,35.57832]]]}},{"type":"Feature","properties":{"id":"0","Name":"0"},"geometry":{"type":"Polygon","coordinates":[[[5.95952,35.57794],[5.95952,35.57794],[5.95952,35.57794],[5.95952,35.57794]]]}},{"type":"Feature","properties":{"id":"0","Name":"0"},"geometry":{"type":"Polygon","coordinates":[[[5.9442,35.5857],[5.9436,35.58613],[5.94349,35.58564],[5.94373,35.58529],[5.94429,35.58488],[5.94406,35.58417],[5.94428,35.58413],[5.94478,35.58451],[5.94534,35.58459],[5.94542,35.58495],[5.9452,35.58523],[5.94489,35.58553],[5.9442,35.5857]]]}},{"type":"Feature","properties":{"id":"0","Name":"0"},"geometry":{"type":"Polygon","coordinates":[[[5.95076,35.58437],[5.95078,35.58437],[5.95085,35.58442],[5.95076,35.58437]]]}},{"type":"Feature","properties":{"id":"0","Name":"0"},"geometry":{"type":"Polygon","coordinates":[[[5.97208,35.60251],[5.97156,35.60286],[5.97141,35.60287],[5.9714,35.6027],[5.97208,35.60251]]]}},{"type":"Feature","properties":{"id":"0","Name":"0"},"geometry":{"type":"Polygon","coordinates":[[[5.9847,35.62697],[5.98472,35.62697],[5.98473,35.62698],[5.9847,35.62697]]]}},{"type":"Feature","properties":{"id":"0","Name":"0"},"geometry":{"type":"Polygon","coordinates":[[[5.97548,35.5791],[5.97558,35.5795],[5.97544,35.57916],[5.97548,35.5791]]]}},{"type":"Feature","properties":{"id":"0","Name":"0"},"geometry":{"type":"Polygon","coordinates":[[[6.06902,35.61586],[6.06854,35.61571],[6.06916,35.61584],[6.06922,35.61603],[6.06953,35.61581],[6.0693,35.61609],[6.06919,35.61604],[6.06902,35.61586]]]}},{"type":"Feature","properties":{"id":"0","Name":"0"},"geometry":{"type":"Polygon","coordinates":[[[6.06949,35.61579],[6.06949,35.61579],[6.06949,35.6158],[6.06949,35.61579]]]}},{"type":"Feature","properties":{"id":"0","Name":"0"},"geometry":{"type":"MultiPolygon","coordinates":[[[[6.06949,35.61576],[6.06949,35.61576],[6.06949,35.61577],[6.06949,35.61576]]],[[[6.06949,35.61578],[6.06949,35.61578],[6.06949,35.61578],[6.06949,35.61578]]]]}},{"type":"Feature","properties":{"id":"0","Name":"0"},"geometry":{"type":"Polygon","coordinates":[[[6.06945,35.61567],[6.06945,35.61567],[6.06945,35.61567],[6.06945,35.61567]]]}},{"type":"Feature","properties":{"id":"0","Name":"0"},"geometry":{"type":"Polygon","coordinates":[[[6.06917,35.61578],[6.06917,35.61579],[6.06917,35.61579],[6.06917,35.61578]]]}},{"type":"Feature","properties":{"id":"0","Name":"0"},"geometry":{"type":"Polygon","coordinates":[[[6.07342,35.61611],[6.07311,35.61603],[6.07247,35.61593],[6.07325,35.61601],[6.07372,35.61592],[6.07342,35.61611]]]}},{"type":"Feature","properties":{"id":"0","Name":"0"},"geometry":{"type":"MultiPolygon","coordinates":[[[[6.07726,35.61579],[6.07726,35.61579],[6.07726,35.61579],[6.07726,35.61579]]],[[[6.07731,35.61582],[6.07731,35.61582],[6.0773,35.6158],[6.07731,35.61582]]],[[[6.07738,35.61585],[6.07738,35.61585],[6.07738,35.61585],[6.07738,35.61585]]]]}},{"type":"Feature","properties":{"id":"0","Name":"0"},"geometry":{"type":"Polygon","coordinates":[[[6.07742,35.61588],[6.07744,35.61588],[6.07742,35.61588],[6.07742,35.61588]]]}},{"type":"Feature","properties":{"id":"0","Name":"0"},"geometry":{"type":"Polygon","coordinates":[[[6.07748,35.6159],[6.07748,35.6159],[6.07748,35.6159],[6.07748,35.6159]]]}},{"type":"Feature","properties":{"id":"0","Name":"0"},"geometry":{"type":"MultiPolygon","coordinates":[[[[6.07769,35.61591],[6.07769,35.61591],[6.07765,35.61592],[6.07765,35.61592],[6.07769,35.61591]]],[[[6.07772,35.61591],[6.07781,35.61591],[6.07776,35.61591],[6.07772,35.61591]]],[[[6.07791,35.61589],[6.07788,35.6159],[6.07786,35.6159],[6.07791,35.61589]]]]}},{"type":"Feature","properties":{"id":"0","Name":"0"},"geometry":{"type":"Polygon","coordinates":[[[6.07803,35.61583],[6.078,35.61585],[6.07796,35.61587],[6.07803,35.61583]]]}},{"type":"Feature","properties":{"id":"0","Name":"0"},"geometry":{"type":"Polygon","coordinates":[[[6.07817,35.61579],[6.07825,35.61578],[6.07817,35.61579],[6.07817,35.61579]]]}},{"type":"Feature","properties":{"id":"0","Name":"0"},"geometry":{"type":"Polygon","coordinates":[[[6.07827,35.61578],[6.07829,35.61577],[6.07829,35.61577],[6.07827,35.61578]]]}},{"type":"Feature","properties":{"id":"0","Name":"0"},"geometry":{"type":"MultiPolygon","coordinates":[[[[6.0786,35.61564],[6.0786,35.61564],[6.07858,35.61566],[6.0786,35.61564]]],[[[6.07855,35.61567],[6.07856,35.61567],[6.07854,35.61568],[6.07855,35.61567]]]]}},{"type":"Feature","properties":{"id":"0","Name":"0"},"geometry":{"type":"MultiPolygon","coordinates":[[[[6.07874,35.61566],[6.07874,35.61566],[6.07872,35.61565],[6.07874,35.61566]]],[[[6.0787,35.61565],[6.07872,35.61564],[6.0787,35.61565],[6.0787,35.61565]]]]}},{"type":"Feature","properties":{"id":"0","Name":"0"},"geometry":{"type":"Polygon","coordinates":[[[6.079,35.61581],[6.079,35.61581],[6.079,35.61581],[6.079,35.61581]]]}},{"type":"Feature","properties":{"id":"0","Name":"0"},"geometry":{"type":"Polygon","coordinates":[[[6.07914,35.61585],[6.07914,35.61585],[6.07914,35.61585],[6.07914,35.61585]]]}},{"type":"Feature","properties":{"id":"0","Name":"0"},"geometry":{"type":"MultiPolygon","coordinates":[[[[6.07915,35.61585],[6.07915,35.61585],[6.07915,35.61585],[6.07915,35.61585]]],[[[6.07924,35.61589],[6.07924,35.61589],[6.07924,35.61588],[6.07924,35.61589]]],[[[6.07923,35.61587],[6.07923,35.61587],[6.07921,35.61586],[6.07923,35.61587]]]]}},{"type":"Feature","properties":{"id":"0","Name":"0"},"geometry":{"type":"Polygon","coordinates":[[[6.07927,35.61592],[6.07927,35.61592],[6.07926,35.61592],[6.07927,35.61592]]]}},{"type":"Feature","properties":{"id":"0","Name":"0"},"geometry":{"type":"MultiPolygon","coordinates":[[[[6.07934,35.61598],[6.07935,35.61599],[6.07934,35.61598],[6.07934,35.61598]]],[[[6.07932,35.61596],[6.07933,35.61598],[6.07932,35.61596],[6.07932,35.61596]]]]}},{"type":"Feature","properties":{"id":"0","Name":"0"},"geometry":{"type":"Polygon","coordinates":[[[6.0794,35.61602],[6.0794,35.61603],[6.0794,35.61602],[6.0794,35.61602]]]}},{"type":"Feature","properties":{"id":"0","Name":"0"},"geometry":{"type":"Polygon","coordinates":[[[6.0795,35.61607],[6.07951,35.61608],[6.07951,35.61608],[6.0795,35.61607]]]}},{"type":"Feature","properties":{"id":"0","Name":"0"},"geometry":{"type":"Polygon","coordinates":[[[6.07959,35.61614],[6.07958,35.61613],[6.07959,35.61614],[6.07959,35.61614]]]}},{"type":"Feature","properties":{"id":"0","Name":"0"},"geometry":{"type":"MultiPolygon","coordinates":[[[[6.07973,35.61629],[6.07973,35.61629],[6.07972,35.61628],[6.07973,35.61629]]],[[[6.0796,35.61614],[6.07962,35.61617],[6.0796,35.61614],[6.0796,35.61614]]]]}},{"type":"Feature","properties":{"id":"0","Name":"0"},"geometry":{"type":"Polygon","coordinates":[[[6.07987,35.61641],[6.07987,35.61641],[6.07987,35.61641],[6.07987,35.61641]]]}},{"type":"Feature","properties":{"id":"0","Name":"0"},"geometry":{"type":"Polygon","coordinates":[[[6.08053,35.61651],[6.08053,35.61651],[6.08053,35.61651],[6.08053,35.61651]]]}},{"type":"Feature","properties":{"id":"0","Name":"0"},"geometry":{"type":"Polygon","coordinates":[[[6.08092,35.61655],[6.08092,35.61655],[6.08092,35.61655],[6.08092,35.61655]]]}},{"type":"Feature","properties":{"id":"0","Name":"0"},"geometry":{"type":"Polygon","coordinates":[[[6.08144,35.61648],[6.08144,35.61648],[6.08144,35.61648],[6.08144,35.61648]]]}},{"type":"Feature","properties":{"id":"0","Name":"0"},"geometry":{"type":"Polygon","coordinates":[[[6.08145,35.61644],[6.08144,35.6164],[6.08145,35.61642],[6.08145,35.61644]]]}},{"type":"Feature","properties":{"id":"0","Name":"0"},"geometry":{"type":"Polygon","coordinates":[[[6.08142,35.61633],[6.08142,35.61633],[6.08142,35.61633],[6.08142,35.61633]]]}},{"type":"Feature","properties":{"id":"0","Name":"0"},"geometry":{"type":"Polygon","coordinates":[[[6.0813,35.61628],[6.0813,35.61628],[6.0813,35.61628],[6.0813,35.61628]]]}},{"type":"Feature","properties":{"id":"0","Name":"0"},"geometry":{"type":"Polygon","coordinates":[[[6.08027,35.61621],[6.08026,35.61621],[6.08027,35.61621],[6.08027,35.61621]]]}},{"type":"Feature","properties":{"id":"0","Name":"0"},"geometry":{"type":"Polygon","coordinates":[[[6.07998,35.61611],[6.07998,35.61611],[6.08001,35.61612],[6.07998,35.61611]]]}},{"type":"Feature","properties":{"id":"0","Name":"0"},"geometry":{"type":"Polygon","coordinates":[[[6.07949,35.61586],[6.07949,35.61586],[6.07949,35.61586],[6.07949,35.61586]]]}},{"type":"Feature","properties":{"id":"0","Name":"0"},"geometry":{"type":"Polygon","coordinates":[[[6.07939,35.6158],[6.07937,35.61579],[6.07938,35.6158],[6.07939,35.6158]]]}},{"type":"Feature","properties":{"id":"0","Name":"0"},"geometry":{"type":"Polygon","coordinates":[[[6.07928,35.61572],[6.07928,35.61572],[6.07928,35.61572],[6.07928,35.61572]]]}},{"type":"Feature","properties":{"id":"0","Name":"0"},"geometry":{"type":"Polygon","coordinates":[[[6.07912,35.61563],[6.07912,35.61563],[6.07912,35.61563],[6.07912,35.61563]]]}},{"type":"Feature","properties":{"id":"0","Name":"0"},"geometry":{"type":"MultiPolygon","coordinates":[[[[6.07864,35.61544],[6.07864,35.61544],[6.07864,35.61544],[6.07864,35.61544]]],[[[6.0785,35.61544],[6.07848,35.61544],[6.07853,35.61544],[6.0785,35.61544]]],[[[6.07836,35.61544],[6.07836,35.61544],[6.07838,35.61544],[6.07836,35.61544]]]]}},{"type":"Feature","properties":{"id":"0","Name":"0"},"geometry":{"type":"Polygon","coordinates":[[[6.07818,35.61538],[6.07818,35.61538],[6.07818,35.61538],[6.07818,35.61538]]]}},{"type":"Feature","properties":{"id":"0","Name":"0"},"geometry":{"type":"MultiPolygon","coordinates":[[[[6.07792,35.61504],[6.07791,35.615],[6.07794,35.61507],[6.07792,35.61504]]],[[[6.07799,35.61514],[6.07796,35.6151],[6.07801,35.61517],[6.07799,35.61514]]]]}},{"type":"Feature","properties":{"id":"0","Name":"0"},"geometry":{"type":"Polygon","coordinates":[[[6.07786,35.61492],[6.07786,35.61492],[6.07786,35.61492],[6.07786,35.61492]]]}},{"type":"Feature","properties":{"id":"0","Name":"0"},"geometry":{"type":"Polygon","coordinates":[[[6.07783,35.61482],[6.07783,35.61481],[6.07783,35.61482],[6.07783,35.61482]]]}},{"type":"Feature","properties":{"id":"0","Name":"0"},"geometry":{"type":"Polygon","coordinates":[[[6.07783,35.61474],[6.07783,35.61474],[6.07783,35.61474],[6.07783,35.61474]]]}},{"type":"Feature","properties":{"id":"0","Name":"0"},"geometry":{"type":"Polygon","coordinates":[[[6.07779,35.61455],[6.07779,35.61452],[6.07779,35.61452],[6.07779,35.61455]]]}},{"type":"Feature","properties":{"id":"0","Name":"0"},"geometry":{"type":"Polygon","coordinates":[[[6.07783,35.61435],[6.07783,35.61435],[6.07783,35.61436],[6.07783,35.61435]]]}},{"type":"Feature","properties":{"id":"0","Name":"0"},"geometry":{"type":"Polygon","coordinates":[[[6.07781,35.61429],[6.07781,35.61429],[6.07783,35.61431],[6.07781,35.61429]]]}},{"type":"Feature","properties":{"id":"0","Name":"0"},"geometry":{"type":"MultiPolygon","coordinates":[[[[6.07761,35.61373],[6.07761,35.61373],[6.07763,35.61374],[6.07761,35.61373]]],[[[6.07767,35.61376],[6.07763,35.61374],[6.07767,35.61376],[6.07767,35.61376]]]]}},{"type":"Feature","properties":{"id":"0","Name":"0"},"geometry":{"type":"Polygon","coordinates":[[[6.07693,35.61585],[6.07693,35.61585],[6.07693,35.61585],[6.07693,35.61585]]]}},{"type":"Feature","properties":{"id":"0","Name":"0"},"geometry":{"type":"MultiPolygon","coordinates":[[[[6.07707,35.61583],[6.07707,35.61583],[6.07705,35.61584],[6.07707,35.61583]]],[[[6.07702,35.61585],[6.07702,35.61585],[6.07702,35.61585],[6.07702,35.61585]]]]}},{"type":"Feature","properties":{"id":"0","Name":"0"},"geometry":{"type":"Polygon","coordinates":[[[6.08054,35.61815],[6.0804,35.618],[6.0806,35.61773],[6.0809,35.61818],[6.08054,35.61815]]]}},{"type":"Feature","properties":{"id":"0","Name":"0"},"geometry":{"type":"Polygon","coordinates":[[[6.082,35.61906],[6.08179,35.61893],[6.08201,35.61905],[6.082,35.61906]]]}},{"type":"Feature","properties":{"id":"0","Name":"0"},"geometry":{"type":"Polygon","coordinates":[[[6.08214,35.61917],[6.08211,35.61917],[6.08211,35.61916],[6.08214,35.61917]]]}},{"type":"Feature","properties":{"id":"0","Name":"0"},"geometry":{"type":"Polygon","coordinates":[[[6.08705,35.62039],[6.0867,35.61994],[6.08496,35.61977],[6.08553,35.6197],[6.08623,35.6194],[6.08776,35.61956],[6.08873,35.61946],[6.08754,35.62034],[6.08705,35.62039]]]}},{"type":"Feature","properties":{"id":"0","Name":"0"},"geometry":{"type":"Polygon","coordinates":[[[6.09185,35.61968],[6.08976,35.61917],[6.09056,35.61878],[6.09262,35.61829],[6.09309,35.61846],[6.09428,35.61961],[6.09511,35.62012],[6.09564,35.62006],[6.09598,35.61975],[6.09734,35.61906],[6.09854,35.61909],[6.09974,35.61953],[6.09982,35.61989],[6.1003,35.62004],[6.10053,35.61987],[6.10076,35.61998],[6.10223,35.62134],[6.10255,35.62121],[6.1028,35.62091],[6.10302,35.62113],[6.1042,35.6207],[6.10557,35.62071],[6.10592,35.62057],[6.10718,35.6233],[6.10853,35.62407],[6.10968,35.62424],[6.1116,35.62383],[6.11192,35.62321],[6.11189,35.62216],[6.11235,35.62193],[6.11224,35.62262],[6.11234,35.62344],[6.11249,35.62365],[6.11222,35.62434],[6.11224,35.62391],[6.11208,35.62381],[6.11061,35.62527],[6.11015,35.62504],[6.1098,35.6245],[6.10958,35.62448],[6.10929,35.62475],[6.10878,35.62471],[6.10865,35.62504],[6.10825,35.62538],[6.10785,35.62546],[6.10728,35.62521],[6.10631,35.62449],[6.10455,35.62369],[6.10231,35.62228],[6.10131,35.6222],[6.0984,35.62318],[6.09784,35.62313],[6.09754,35.6228],[6.09811,35.62248],[6.09815,35.62228],[6.09642,35.62232],[6.09509,35.62195],[6.09483,35.62165],[6.0949,35.6207],[6.09475,35.62042],[6.09398,35.61983],[6.09336,35.6195],[6.09185,35.61968]]]}},{"type":"Feature","properties":{"id":"0","Name":"0"},"geometry":{"type":"Polygon","coordinates":[[[6.10596,35.62052],[6.10603,35.62049],[6.10594,35.62055],[6.10596,35.62052]]]}},{"type":"Feature","properties":{"id":"0","Name":"0"},"geometry":{"type":"Polygon","coordinates":[[[6.10618,35.6204],[6.10622,35.62037],[6.10615,35.62042],[6.10618,35.6204]]]}},{"type":"Feature","properties":{"id":"0","Name":"0"},"geometry":{"type":"Polygon","coordinates":[[[6.10628,35.62034],[6.10628,35.62034],[6.10628,35.62034],[6.10628,35.62034]]]}},{"type":"Feature","properties":{"id":"0","Name":"0"},"geometry":{"type":"Polygon","coordinates":[[[6.10632,35.62033],[6.10638,35.62031],[6.10638,35.62031],[6.10632,35.62033]]]}},{"type":"Feature","properties":{"id":"0","Name":"0"},"geometry":{"type":"Polygon","coordinates":[[[6.10638,35.62031],[6.10646,35.62023],[6.10641,35.62028],[6.10638,35.62031]]]}},{"type":"Feature","properties":{"id":"0","Name":"0"},"geometry":{"type":"Polygon","coordinates":[[[6.10654,35.62012],[6.10655,35.62011],[6.10654,35.62012],[6.10654,35.62012]]]}},{"type":"Feature","properties":{"id":"0","Name":"0"},"geometry":{"type":"Polygon","coordinates":[[[6.10668,35.61999],[6.10668,35.61999],[6.10667,35.61999],[6.10668,35.61999]]]}},{"type":"Feature","properties":{"id":"0","Name":"0"},"geometry":{"type":"Polygon","coordinates":[[[6.10673,35.61995],[6.10673,35.61995],[6.10671,35.61996],[6.10673,35.61995]]]}},{"type":"Feature","properties":{"id":"0","Name":"0"},"geometry":{"type":"Polygon","coordinates":[[[6.10675,35.61994],[6.10678,35.61988],[6.10675,35.61994],[6.10675,35.61994]]]}},{"type":"Feature","properties":{"id":"0","Name":"0"},"geometry":{"type":"Polygon","coordinates":[[[6.10686,35.61974],[6.10686,35.61974],[6.10684,35.61976],[6.10686,35.61974]]]}},{"type":"Feature","properties":{"id":"0","Name":"0"},"geometry":{"type":"MultiPolygon","coordinates":[[[[6.10714,35.61955],[6.10715,35.61954],[6.10712,35.61956],[6.10714,35.61955]]],[[[6.10718,35.6195],[6.10718,35.6195],[6.10717,35.61953],[6.10718,35.6195]]]]}},{"type":"Feature","properties":{"id":"0","Name":"0"},"geometry":{"type":"Polygon","coordinates":[[[6.10718,35.61937],[6.10719,35.61935],[6.10718,35.61937],[6.10718,35.61937]]]}},{"type":"Feature","properties":{"id":"0","Name":"0"},"geometry":{"type":"Polygon","coordinates":[[[6.10723,35.61902],[6.10721,35.6191],[6.1072,35.61911],[6.10722,35.61904],[6.10723,35.61902]]]}},{"type":"Feature","properties":{"id":"0","Name":"0"},"geometry":{"type":"Polygon","coordinates":[[[6.10729,35.61889],[6.10729,35.61888],[6.10729,35.61889],[6.10729,35.61889]]]}},{"type":"Feature","properties":{"id":"0","Name":"0"},"geometry":{"type":"MultiPolygon","coordinates":[[[[6.10729,35.61877],[6.10729,35.61877],[6.10729,35.6188],[6.10729,35.61877]]],[[[6.10733,35.61866],[6.10733,35.61866],[6.10731,35.61872],[6.10733,35.61866]]]]}},{"type":"Feature","properties":{"id":"0","Name":"0"},"geometry":{"type":"MultiPolygon","coordinates":[[[[6.10749,35.61843],[6.10745,35.61848],[6.10742,35.6185],[6.10749,35.61843]]],[[[6.10738,35.61855],[6.10739,35.61853],[6.10738,35.61855],[6.10738,35.61855]]]]}},{"type":"Feature","properties":{"id":"0","Name":"0"},"geometry":{"type":"MultiPolygon","coordinates":[[[[6.10756,35.61832],[6.10756,35.61832],[6.10755,35.61833],[6.10756,35.61832]]],[[[6.10753,35.61836],[6.10754,35.61834],[6.10753,35.61836],[6.10753,35.61836]]]]}},{"type":"Feature","properties":{"id":"0","Name":"0"},"geometry":{"type":"MultiPolygon","coordinates":[[[[6.10772,35.61831],[6.10772,35.61831],[6.10764,35.61829],[6.10772,35.61831]]],[[[6.10763,35.61829],[6.10763,35.61829],[6.10763,35.61829],[6.10763,35.61829]]]]}},{"type":"Feature","properties":{"id":"0","Name":"0"},"geometry":{"type":"Polygon","coordinates":[[[6.1079,35.61848],[6.1079,35.61848],[6.10788,35.61844],[6.1079,35.61848]]]}},{"type":"Feature","properties":{"id":"0","Name":"0"},"geometry":{"type":"Polygon","coordinates":[[[6.10775,35.61942],[6.10775,35.61942],[6.10775,35.61942],[6.10775,35.61942]]]}},{"type":"Feature","properties":{"id":"0","Name":"0"},"geometry":{"type":"MultiPolygon","coordinates":[[[[6.10797,35.61939],[6.10798,35.61939],[6.10798,35.61939],[6.10797,35.61939]]],[[[6.10797,35.61939],[6.10797,35.61939],[6.10795,35.6194],[6.10797,35.61939]]]]}},{"type":"Feature","properties":{"id":"0","Name":"0"},"geometry":{"type":"Polygon","coordinates":[[[6.10818,35.61931],[6.10819,35.61931],[6.10818,35.61931],[6.10818,35.61931]]]}},{"type":"Feature","properties":{"id":"0","Name":"0"},"geometry":{"type":"Polygon","coordinates":[[[6.1083,35.61923],[6.10833,35.61917],[6.10832,35.61919],[6.1083,35.61923]]]}},{"type":"Feature","properties":{"id":"0","Name":"0"},"geometry":{"type":"Polygon","coordinates":[[[6.10837,35.61909],[6.10837,35.61909],[6.10835,35.61913],[6.10837,35.61909]]]}},{"type":"Feature","properties":{"id":"0","Name":"0"},"geometry":{"type":"Polygon","coordinates":[[[6.10855,35.61884],[6.10847,35.6189],[6.10844,35.61894],[6.10855,35.61884]]]}},{"type":"Feature","properties":{"id":"0","Name":"0"},"geometry":{"type":"Polygon","coordinates":[[[6.10877,35.61868],[6.10882,35.61865],[6.10882,35.61865],[6.10877,35.61868]]]}},{"type":"Feature","properties":{"id":"0","Name":"0"},"geometry":{"type":"MultiPolygon","coordinates":[[[[6.10916,35.61824],[6.10917,35.61821],[6.10916,35.61824],[6.10916,35.61824]]],[[[6.10916,35.61831],[6.10916,35.61826],[6.10916,35.61831],[6.10916,35.61831]]]]}},{"type":"Feature","properties":{"id":"0","Name":"0"},"geometry":{"type":"Polygon","coordinates":[[[6.10915,35.61803],[6.10915,35.61803],[6.10914,35.61805],[6.10915,35.61803]]]}},{"type":"Feature","properties":{"id":"0","Name":"0"},"geometry":{"type":"Polygon","coordinates":[[[6.10906,35.61798],[6.10906,35.61798],[6.10906,35.61798],[6.10906,35.61798]]]}},{"type":"Feature","properties":{"id":"0","Name":"0"},"geometry":{"type":"Polygon","coordinates":[[[6.1084,35.61809],[6.1084,35.61809],[6.1084,35.61809],[6.1084,35.61809]]]}},{"type":"Feature","properties":{"id":"0","Name":"0"},"geometry":{"type":"Polygon","coordinates":[[[6.10764,35.61772],[6.10764,35.61772],[6.10764,35.61772],[6.10764,35.61772]]]}},{"type":"Feature","properties":{"id":"0","Name":"0"},"geometry":{"type":"Polygon","coordinates":[[[6.10702,35.61818],[6.10702,35.61818],[6.10701,35.61815],[6.10702,35.61818]]]}},{"type":"Feature","properties":{"id":"0","Name":"0"},"geometry":{"type":"Polygon","coordinates":[[[6.10517,35.61927],[6.10517,35.61927],[6.10519,35.61926],[6.10517,35.61927]]]}},{"type":"Feature","properties":{"id":"0","Name":"0"},"geometry":{"type":"Polygon","coordinates":[[[6.10449,35.61966],[6.10446,35.61966],[6.10449,35.61966],[6.10449,35.61966]]]}},{"type":"Feature","properties":{"id":"0","Name":"0"},"geometry":{"type":"Polygon","coordinates":[[[6.10366,35.61961],[6.10363,35.61959],[6.10366,35.61961],[6.10366,35.61961],[6.10366,35.61961]]]}},{"type":"Feature","properties":{"id":"0","Name":"0"},"geometry":{"type":"Polygon","coordinates":[[[6.10334,35.61937],[6.10332,35.61933],[6.10333,35.61935],[6.10334,35.61937]]]}},{"type":"Feature","properties":{"id":"0","Name":"0"},"geometry":{"type":"Polygon","coordinates":[[[6.10298,35.6191],[6.10298,35.6191],[6.10298,35.6191],[6.10298,35.6191]]]}},{"type":"Feature","properties":{"id":"0","Name":"0"},"geometry":{"type":"Polygon","coordinates":[[[6.1028,35.62031],[6.10257,35.62013],[6.10252,35.61997],[6.10263,35.62017],[6.1028,35.62031]]]}},{"type":"Feature","properties":{"id":"0","Name":"0"},"geometry":{"type":"MultiPolygon","coordinates":[[[[6.10283,35.62037],[6.10283,35.62038],[6.10283,35.62037],[6.10283,35.62037]]],[[[6.10282,35.62036],[6.10283,35.62037],[6.10282,35.62036],[6.10282,35.62036]]]]}},{"type":"Feature","properties":{"id":"0","Name":"0"},"geometry":{"type":"Polygon","coordinates":[[[6.10044,35.61969],[6.10044,35.61969],[6.10044,35.61969],[6.10044,35.61969]]]}},{"type":"Feature","properties":{"id":"0","Name":"0"},"geometry":{"type":"Polygon","coordinates":[[[6.10035,35.61962],[6.10035,35.61962],[6.10035,35.61962],[6.10035,35.61962]]]}},{"type":"Feature","properties":{"id":"0","Name":"0"},"geometry":{"type":"Polygon","coordinates":[[[6.10027,35.61953],[6.10027,35.61953],[6.10028,35.61954],[6.10027,35.61953]]]}},{"type":"Feature","properties":{"id":"0","Name":"0"},"geometry":{"type":"Polygon","coordinates":[[[6.10023,35.61948],[6.10023,35.61948],[6.10023,35.61948],[6.10023,35.61948]]]}},{"type":"Feature","properties":{"id":"0","Name":"0"},"geometry":{"type":"Polygon","coordinates":[[[6.10019,35.61943],[6.10018,35.61943],[6.10018,35.61943],[6.10019,35.61943]]]}},{"type":"Feature","properties":{"id":"0","Name":"0"},"geometry":{"type":"Polygon","coordinates":[[[6.11523,35.62124],[6.1145,35.62179],[6.11383,35.62128],[6.11344,35.62152],[6.11293,35.6215],[6.11272,35.6216],[6.11281,35.62137],[6.11273,35.62132],[6.11335,35.62131],[6.11384,35.62115],[6.11491,35.62134],[6.11511,35.62123],[6.11512,35.62099],[6.11523,35.62124]]]}},{"type":"Feature","properties":{"id":"0","Name":"0"},"geometry":{"type":"Polygon","coordinates":[[[6.11591,35.61941],[6.11621,35.61942],[6.11638,35.61964],[6.11606,35.61947],[6.11591,35.61941]]]}},{"type":"Feature","properties":{"id":"0","Name":"0"},"geometry":{"type":"Polygon","coordinates":[[[6.1168,35.61993],[6.1168,35.61993],[6.1168,35.61993],[6.1168,35.61993]]]}},{"type":"Feature","properties":{"id":"0","Name":"0"},"geometry":{"type":"Polygon","coordinates":[[[6.11776,35.62021],[6.11789,35.62016],[6.11786,35.62024],[6.11776,35.62021]]]}},{"type":"Feature","properties":{"id":"0","Name":"0"},"geometry":{"type":"Polygon","coordinates":[[[6.15037,35.63586],[6.1489,35.63553],[6.14974,35.63557],[6.14962,35.63532],[6.14922,35.63532],[6.14912,35.63525],[6.14923,35.63515],[6.14891,35.635],[6.14861,35.63508],[6.14846,35.63492],[6.14834,35.63524],[6.14868,35.6355],[6.14784,35.63559],[6.14634,35.63548],[6.14543,35.63513],[6.14396,35.63383],[6.14284,35.63311],[6.1411,35.63214],[6.1405,35.63223],[6.14097,35.63206],[6.14223,35.63218],[6.14284,35.632],[6.14313,35.63222],[6.14321,35.63302],[6.14371,35.63306],[6.14383,35.63345],[6.14434,35.63375],[6.14465,35.63316],[6.14431,35.63298],[6.1435,35.63208],[6.14285,35.63177],[6.14251,35.63138],[6.14215,35.63121],[6.14181,35.63055],[6.14109,35.63061],[6.14022,35.63021],[6.13963,35.63074],[6.13896,35.63107],[6.13906,35.63127],[6.13964,35.63156],[6.1397,35.63176],[6.138,35.63088],[6.13738,35.63042],[6.13639,35.63021],[6.13744,35.63001],[6.13736,35.62985],[6.13632,35.62929],[6.13509,35.62897],[6.13285,35.62778],[6.13269,35.62782],[6.13267,35.62796],[6.13321,35.62831],[6.13264,35.62816],[6.13104,35.62671],[6.13011,35.62617],[6.12919,35.62535],[6.12898,35.62489],[6.12913,35.62442],[6.12986,35.62365],[6.13017,35.62303],[6.13302,35.62411],[6.13552,35.6247],[6.13692,35.62446],[6.137,35.62325],[6.13443,35.62187],[6.13066,35.62123],[6.12843,35.62133],[6.12511,35.62019],[6.12426,35.62022],[6.12355,35.61988],[6.12193,35.62099],[6.12211,35.62065],[6.12261,35.62038],[6.12284,35.62002],[6.12323,35.61974],[6.12347,35.61972],[6.12446,35.62017],[6.12522,35.61997],[6.12504,35.61981],[6.12452,35.61968],[6.12435,35.61933],[6.12409,35.61932],[6.12393,35.61945],[6.12432,35.61976],[6.12369,35.61967],[6.12347,35.61897],[6.1232,35.61902],[6.12289,35.6188],[6.12221,35.61869],[6.12204,35.61884],[6.12238,35.61852],[6.122,35.61837],[6.1192,35.61773],[6.11878,35.61776],[6.11959,35.61716],[6.11957,35.61699],[6.11899,35.61646],[6.11834,35.61676],[6.1181,35.61673],[6.11864,35.61753],[6.11744,35.61733],[6.11627,35.6168],[6.11423,35.61556],[6.11465,35.61543],[6.11437,35.61491],[6.11299,35.61442],[6.11188,35.6143],[6.11157,35.61394],[6.11123,35.61378],[6.11004,35.61358],[6.1099,35.61343],[6.10998,35.61293],[6.10964,35.61259],[6.1089,35.61252],[6.10691,35.61197],[6.10705,35.61193],[6.10542,35.61097],[6.10451,35.61077],[6.10419,35.6105],[6.10383,35.61043],[6.10349,35.61071],[6.10308,35.61059],[6.10285,35.61066],[6.10271,35.6106],[6.10368,35.61039],[6.10379,35.61006],[6.10364,35.60976],[6.10239,35.60959],[6.10219,35.60944],[6.10204,35.60958],[6.10201,35.60994],[6.10226,35.61032],[6.10111,35.60987],[6.10002,35.61],[6.0988,35.60998],[6.09825,35.61019],[6.09803,35.61014],[6.09785,35.60985],[6.09728,35.60974],[6.09723,35.60986],[6.09746,35.61013],[6.0973,35.61033],[6.09739,35.61056],[6.09716,35.61042],[6.09677,35.61055],[6.09611,35.61033],[6.09511,35.60878],[6.09428,35.60845],[6.09457,35.60816],[6.0941,35.60777],[6.09159,35.60724],[6.09115,35.60727],[6.09061,35.607],[6.09029,35.60705],[6.09018,35.60733],[6.08862,35.60705],[6.0878,35.60661],[6.08769,35.6064],[6.08491,35.60537],[6.08442,35.60503],[6.0837,35.60503],[6.08145,35.60445],[6.08084,35.60411],[6.07993,35.60411],[6.07813,35.60362],[6.07785,35.60375],[6.07624,35.60325],[6.07497,35.60231],[6.07301,35.60142],[6.07194,35.60065],[6.07149,35.60006],[6.07101,35.59992],[6.06941,35.5989],[6.06905,35.5984],[6.0685,35.59812],[6.06738,35.59722],[6.06695,35.59669],[6.06591,35.59599],[6.06466,35.59473],[6.06356,35.59436],[6.06041,35.59407],[6.06059,35.59265],[6.05996,35.59168],[6.0581,35.59155],[6.05839,35.5904],[6.05849,35.58779],[6.05811,35.58762],[6.05537,35.58869],[6.05351,35.58871],[6.053,35.58962],[6.05115,35.59149],[6.04992,35.59138],[6.04817,35.59097],[6.04682,35.59041],[6.04562,35.58945],[6.04301,35.58781],[6.04359,35.58739],[6.04504,35.58515],[6.04473,35.58289],[6.04323,35.58154],[6.04476,35.58292],[6.04479,35.58316],[6.04551,35.58291],[6.04754,35.58114],[6.04817,35.581],[6.04913,35.58048],[6.04948,35.58015],[6.05005,35.58],[6.05035,35.58003],[6.05028,35.58011],[6.05052,35.5804],[6.05105,35.58067],[6.05114,35.58124],[6.05142,35.58142],[6.05163,35.58177],[6.05226,35.58162],[6.0525,35.58209],[6.05276,35.58208],[6.05311,35.5823],[6.05375,35.58203],[6.05376,35.58278],[6.05394,35.583],[6.05359,35.58335],[6.05352,35.58359],[6.05396,35.58377],[6.05455,35.58367],[6.0546,35.58318],[6.05494,35.58299],[6.05584,35.58317],[6.05618,35.58307],[6.05615,35.58244],[6.05675,35.58184],[6.05676,35.58156],[6.05739,35.58135],[6.05754,35.58103],[6.05826,35.58072],[6.05773,35.5804],[6.05715,35.58053],[6.05734,35.58022],[6.05671,35.58002],[6.05637,35.58014],[6.05643,35.57993],[6.05764,35.58022],[6.0584,35.58075],[6.05812,35.58088],[6.05808,35.58127],[6.06123,35.58065],[6.06149,35.58085],[6.06201,35.58097],[6.06208,35.58073],[6.06302,35.5804],[6.06337,35.58015],[6.06248,35.58007],[6.06261,35.57983],[6.06281,35.5798],[6.06262,35.57998],[6.06363,35.57997],[6.06417,35.58017],[6.06389,35.58047],[6.06299,35.58063],[6.06309,35.58083],[6.06349,35.58086],[6.06325,35.58141],[6.06339,35.58155],[6.06363,35.58133],[6.06365,35.58093],[6.06393,35.58075],[6.06655,35.58058],[6.06662,35.5804],[6.0661,35.58024],[6.06621,35.58006],[6.0665,35.57999],[6.06679,35.58007],[6.06703,35.58042],[6.06783,35.58021],[6.06812,35.58065],[6.06851,35.58066],[6.06889,35.58108],[6.06901,35.58103],[6.06904,35.58083],[6.07011,35.58084],[6.07019,35.58068],[6.07006,35.58043],[6.07034,35.58088],[6.07029,35.58116],[6.07216,35.58174],[6.07306,35.58174],[6.07374,35.58192],[6.07561,35.58152],[6.07558,35.58125],[6.07515,35.58123],[6.07466,35.58039],[6.07437,35.58042],[6.07353,35.58087],[6.07389,35.58064],[6.07383,35.58052],[6.07395,35.58044],[6.07363,35.58042],[6.07338,35.58023],[6.07374,35.58032],[6.07368,35.58011],[6.07263,35.57953],[6.07207,35.57943],[6.07226,35.57912],[6.07204,35.57915],[6.07239,35.57862],[6.07355,35.57772],[6.07294,35.57684],[6.07291,35.57656],[6.07218,35.57564],[6.07164,35.57526],[6.06924,35.57431],[6.06727,35.57316],[6.06633,35.572],[6.0648,35.57137],[6.06321,35.57179],[6.06209,35.57195],[6.06117,35.57194],[6.0606,35.57154],[6.05908,35.57102],[6.0581,35.57115],[6.05489,35.57045],[6.05451,35.57048],[6.05369,35.57027],[6.05323,35.56996],[6.05234,35.56964],[6.0501,35.56902],[6.04855,35.56895],[6.04811,35.5688],[6.04783,35.56828],[6.04769,35.56674],[6.04791,35.56626],[6.04836,35.566],[6.05049,35.56611],[6.0517,35.56657],[6.05241,35.56665],[6.05355,35.567],[6.05518,35.56702],[6.05651,35.56654],[6.05708,35.56668],[6.05904,35.56658],[6.05914,35.56632],[6.05878,35.56608],[6.05803,35.5661],[6.05684,35.56581],[6.05604,35.56591],[6.05457,35.56467],[6.05314,35.56322],[6.05265,35.56214],[6.05273,35.56143],[6.05309,35.56114],[6.05396,35.56104],[6.05503,35.56125],[6.05604,35.56119],[6.05683,35.56103],[6.0575,35.56056],[6.05868,35.56039],[6.05878,35.56025],[6.05865,35.56001],[6.05654,35.55907],[6.05533,35.5591],[6.05454,35.55972],[6.05426,35.55979],[6.05388,35.56018],[6.05332,35.56032],[6.05211,35.56103],[6.051,35.56115],[6.04979,35.56106],[6.0486,35.56075],[6.04848,35.56044],[6.04567,35.55923],[6.04525,35.55915],[6.04407,35.55834],[6.04362,35.55766],[6.04354,35.55716],[6.04232,35.55647],[6.04278,35.55453],[6.04451,35.55235],[6.04421,35.55154],[6.04396,35.55137],[6.04338,35.55051],[6.04331,35.54972],[6.04335,35.54959],[6.04385,35.54971],[6.04452,35.55013],[6.045,35.54991],[6.04545,35.54995],[6.04583,35.54971],[6.04592,35.54951],[6.04568,35.54935],[6.0455,35.54896],[6.04625,35.54891],[6.04647,35.54877],[6.04642,35.54862],[6.04599,35.54851],[6.04521,35.54854],[6.04534,35.54899],[6.04507,35.54944],[6.04477,35.54919],[6.04487,35.54869],[6.04453,35.54884],[6.0444,35.54955],[6.04428,35.54888],[6.04401,35.54892],[6.04384,35.54921],[6.04358,35.54916],[6.04476,35.54814],[6.04564,35.54848],[6.04614,35.54846],[6.04672,35.54822],[6.04679,35.54789],[6.04634,35.54749],[6.04566,35.54772],[6.04538,35.5476],[6.04469,35.54774],[6.04393,35.54723],[6.04175,35.54705],[6.04061,35.54638],[6.03808,35.54576],[6.03698,35.54593],[6.03628,35.54638],[6.03475,35.54663],[6.03414,35.54687],[6.03331,35.54746],[6.03263,35.54825],[6.03265,35.54941],[6.03277,35.54962],[6.03364,35.54991],[6.03471,35.5499],[6.03531,35.55004],[6.03574,35.55018],[6.03567,35.55048],[6.03661,35.55085],[6.03674,35.55074],[6.03679,35.55024],[6.03679,35.55097],[6.03729,35.55162],[6.03909,35.5521],[6.04199,35.55208],[6.04222,35.55216],[6.04239,35.55256],[6.0431,35.55293],[6.04313,35.55333],[6.04273,35.55282],[6.04237,35.55269],[6.04193,35.55295],[6.04193,35.5532],[6.0422,35.55356],[6.04228,35.55345],[6.0426,35.5535],[6.04258,35.55334],[6.04313,35.55336],[6.04239,35.55382],[6.04177,35.55587],[6.04173,35.55636],[6.04104,35.55643],[6.03982,35.55579],[6.03826,35.55597],[6.03729,35.55588],[6.03544,35.55531],[6.03284,35.55488],[6.03134,35.55497],[6.02869,35.55569],[6.02786,35.55579],[6.02624,35.55554],[6.02585,35.55533],[6.02358,35.55503],[6.01968,35.55408],[6.01758,35.55404],[6.01402,35.55364],[6.01203,35.55405],[6.01154,35.55449],[6.01404,35.55511],[6.01709,35.55615],[6.01809,35.55681],[6.01834,35.55678],[6.01827,35.55664],[6.01995,35.55701],[6.02068,35.55702],[6.02213,35.55728],[6.02206,35.55773],[6.02155,35.5578],[6.02125,35.55822],[6.0205,35.55851],[6.01971,35.55846],[6.01873,35.55876],[6.01748,35.55959],[6.01735,35.5598],[6.01786,35.55993],[6.01965,35.55962],[6.02028,35.55974],[6.02172,35.55966],[6.02228,35.55983],[6.02361,35.55991],[6.02511,35.55977],[6.02562,35.5599],[6.02834,35.55995],[6.02974,35.56018],[6.03225,35.56035],[6.03255,35.56049],[6.0347,35.56037],[6.03684,35.56072],[6.03825,35.5607],[6.03863,35.56046],[6.03903,35.55976],[6.03574,35.55902],[6.03301,35.55864],[6.03133,35.55893],[6.03166,35.55826],[6.03237,35.55763],[6.03372,35.55724],[6.03574,35.55692],[6.03599,35.55689],[6.0364,35.55716],[6.03653,35.55708],[6.03874,35.55772],[6.03968,35.55776],[6.04039,35.55862],[6.04049,35.55856],[6.04024,35.55823],[6.04076,35.55816],[6.04086,35.55848],[6.04164,35.55898],[6.0428,35.56065],[6.04323,35.5601],[6.04354,35.56024],[6.04523,35.56046],[6.04651,35.56103],[6.04767,35.56188],[6.04778,35.56215],[6.04736,35.5625],[6.04686,35.56269],[6.04596,35.56346],[6.04541,35.56416],[6.04369,35.56534],[6.04083,35.5655],[6.04002,35.56532],[6.03844,35.56541],[6.03644,35.5649],[6.03509,35.56469],[6.03311,35.56391],[6.03044,35.56329],[6.02835,35.56292],[6.0271,35.56288],[6.02616,35.56261],[6.02289,35.56254],[6.01717,35.5612],[6.01591,35.56055],[6.01565,35.55916],[6.01537,35.5585],[6.01494,35.55799],[6.01413,35.55786],[6.01299,35.55744],[6.01178,35.55789],[6.00959,35.55829],[6.00896,35.55811],[6.00861,35.55753],[6.00875,35.55649],[6.0085,35.55519],[6.00898,35.55472],[6.00917,35.55418],[6.00927,35.55331],[6.00891,35.55258],[6.00684,35.55199],[6.00674,35.55176],[6.0072,35.55158],[6.00728,35.55105],[6.00807,35.55048],[6.00802,35.5503],[6.00827,35.5501],[6.01009,35.55013],[6.01065,35.54974],[6.01038,35.54938],[6.01049,35.54928],[6.01146,35.54941],[6.01172,35.5495],[6.01194,35.54984],[6.01242,35.54967],[6.01229,35.54907],[6.01206,35.54896],[6.01179,35.54843],[6.01152,35.54831],[6.01208,35.54731],[6.01246,35.54739],[6.01278,35.54725],[6.01222,35.54694],[6.01184,35.54644],[6.01141,35.54541],[6.01152,35.54499],[6.01216,35.54409],[6.01293,35.54399],[6.01297,35.5438],[6.01283,35.54355],[6.01302,35.54321],[6.01277,35.54263],[6.01293,35.54231],[6.01322,35.54219],[6.01462,35.54223],[6.01551,35.54246],[6.01607,35.54245],[6.01716,35.5435],[6.01781,35.54397],[6.01844,35.54423],[6.01778,35.54374],[6.01759,35.54335],[6.01786,35.54321],[6.0177,35.54278],[6.01716,35.54226],[6.01707,35.54158],[6.01481,35.54094],[6.01453,35.53998],[6.01383,35.53951],[6.01289,35.53929],[6.01272,35.53898],[6.01184,35.53862],[6.01181,35.53847],[6.01211,35.53834],[6.01199,35.53811],[6.01131,35.53785],[6.01089,35.53741],[6.01166,35.53676],[6.01152,35.53655],[6.01112,35.53635],[6.00982,35.53679],[6.00911,35.53663],[6.00814,35.53597],[6.0066,35.53463],[6.00615,35.53456],[6.00555,35.53422],[6.00541,35.53394],[6.00487,35.53367],[6.00435,35.53379],[6.00417,35.53355],[6.0042,35.53332],[6.00288,35.53273],[6.00131,35.53176],[6.00129,35.53146],[6.00229,35.53058],[6.00238,35.5302],[6.00296,35.52998],[6.00443,35.53034],[6.00601,35.53047],[6.00773,35.53087],[6.00805,35.53128],[6.00867,35.5317],[6.01077,35.53262],[6.01118,35.53346],[6.01115,35.53375],[6.01149,35.534],[6.01176,35.5345],[6.01139,35.53531],[6.01112,35.53548],[6.0112,35.53577],[6.01138,35.53609],[6.01189,35.53622],[6.01296,35.53571],[6.0132,35.53538],[6.01435,35.5349],[6.01497,35.53443],[6.0151,35.53407],[6.01597,35.53354],[6.01652,35.5322],[6.01642,35.53176],[6.01582,35.53122],[6.01535,35.53029],[6.01498,35.53],[6.0135,35.52934],[6.01316,35.52892],[6.01315,35.52851],[6.01295,35.52826],[6.01243,35.52794],[6.01135,35.5277],[6.01069,35.52785],[6.0096,35.5272],[6.00899,35.52604],[6.00978,35.5267],[6.00986,35.5265],[6.00974,35.52532],[6.00858,35.52358],[6.00841,35.52303],[6.00607,35.52143],[6.00502,35.52032],[6.00483,35.52053],[6.00466,35.51962],[6.00476,35.51933],[6.00457,35.51882],[6.00575,35.51925],[6.00882,35.52188],[6.01151,35.52364],[6.01351,35.52433],[6.01362,35.52472],[6.01377,35.52472],[6.01395,35.52448],[6.02103,35.52684],[6.02492,35.52851],[6.03031,35.53054],[6.03331,35.53067],[6.03601,35.53136],[6.03854,35.53118],[6.04121,35.53162],[6.04441,35.53437],[6.04682,35.53554],[6.05376,35.53685],[6.05655,35.53792],[6.05819,35.53882],[6.05897,35.53878],[6.05743,35.53918],[6.05613,35.5392],[6.05517,35.53898],[6.05273,35.5396],[6.05251,35.53991],[6.05249,35.54041],[6.05285,35.54121],[6.05328,35.54154],[6.05509,35.54182],[6.05621,35.54141],[6.05718,35.54125],[6.05885,35.54163],[6.05921,35.54153],[6.05932,35.54132],[6.05994,35.54088],[6.06083,35.54072],[6.06495,35.5422],[6.06951,35.54415],[6.06783,35.54369],[6.06472,35.54383],[6.06429,35.54375],[6.06381,35.54338],[6.06327,35.54329],[6.06276,35.54294],[6.06161,35.54289],[6.06141,35.54296],[6.06117,35.54341],[6.06023,35.54315],[6.05961,35.54317],[6.05921,35.54348],[6.05933,35.54387],[6.05923,35.54458],[6.05846,35.54543],[6.05792,35.54578],[6.05783,35.54623],[6.05829,35.54662],[6.05827,35.54709],[6.0574,35.5475],[6.05534,35.5473],[6.05553,35.54733],[6.05542,35.5484],[6.05727,35.54925],[6.05782,35.54928],[6.05816,35.54901],[6.05858,35.54927],[6.05872,35.54923],[6.05916,35.54858],[6.05921,35.5483],[6.0586,35.54769],[6.05888,35.54736],[6.05995,35.54737],[6.06039,35.54754],[6.06106,35.54846],[6.06297,35.54826],[6.06392,35.54854],[6.06565,35.55009],[6.06712,35.55181],[6.06718,35.5525],[6.06596,35.5535],[6.06585,35.55436],[6.06625,35.5544],[6.06788,35.55374],[6.06873,35.55376],[6.0705,35.55419],[6.07271,35.55583],[6.07395,35.55748],[6.07403,35.55777],[6.07396,35.55804],[6.07344,35.55842],[6.07247,35.55853],[6.07162,35.55832],[6.07079,35.55833],[6.07093,35.55869],[6.0719,35.55866],[6.07232,35.55908],[6.07247,35.56016],[6.07268,35.56061],[6.07266,35.56102],[6.07232,35.56125],[6.06889,35.5618],[6.06858,35.56168],[6.06837,35.56144],[6.06764,35.56134],[6.06716,35.56094],[6.06695,35.56094],[6.06693,35.56125],[6.06727,35.56182],[6.0672,35.5626],[6.06525,35.56421],[6.06452,35.56416],[6.06443,35.56406],[6.06323,35.5645],[6.06238,35.56443],[6.06172,35.56482],[6.0611,35.56496],[6.05986,35.56492],[6.05948,35.56555],[6.0596,35.56574],[6.06051,35.56577],[6.06076,35.56627],[6.06136,35.56649],[6.06237,35.56623],[6.06266,35.5658],[6.06407,35.56585],[6.06531,35.56575],[6.06543,35.56553],[6.066,35.56547],[6.06651,35.56564],[6.06664,35.56556],[6.0665,35.56512],[6.06676,35.565],[6.06735,35.56514],[6.06749,35.56507],[6.06737,35.56484],[6.06752,35.56441],[6.068,35.56379],[6.06973,35.56301],[6.0706,35.56303],[6.07083,35.56321],[6.07108,35.5637],[6.07179,35.5637],[6.07219,35.56389],[6.07239,35.56436],[6.0727,35.56466],[6.07317,35.56327],[6.07407,35.56273],[6.07574,35.56234],[6.0764,35.56256],[6.07691,35.56289],[6.07697,35.56347],[6.07717,35.56398],[6.07738,35.56418],[6.07518,35.56438],[6.07474,35.5646],[6.07462,35.56481],[6.07477,35.56496],[6.07531,35.56504],[6.07731,35.56491],[6.07759,35.56505],[6.07756,35.56529],[6.07729,35.56564],[6.07611,35.56638],[6.07577,35.5664],[6.07533,35.56618],[6.07486,35.5656],[6.07391,35.56605],[6.07397,35.56617],[6.07382,35.5665],[6.0731,35.56697],[6.07279,35.56736],[6.07279,35.56767],[6.07309,35.56772],[6.07336,35.56819],[6.07314,35.56869],[6.07316,35.56954],[6.07296,35.57001],[6.07299,35.57038],[6.07314,35.57075],[6.0734,35.57099],[6.07414,35.57116],[6.07394,35.5714],[6.07418,35.57165],[6.07484,35.57174],[6.07487,35.57156],[6.07529,35.57152],[6.07524,35.57137],[6.07484,35.57113],[6.07427,35.57111],[6.07504,35.57099],[6.07559,35.57122],[6.07603,35.57169],[6.07627,35.57268],[6.07677,35.57307],[6.07742,35.57318],[6.07731,35.57338],[6.0775,35.57381],[6.07809,35.57401],[6.07845,35.57391],[6.0785,35.57416],[6.07931,35.57453],[6.07929,35.57484],[6.07872,35.57528],[6.07843,35.576],[6.07955,35.57451],[6.08038,35.57508],[6.07987,35.57557],[6.07931,35.57654],[6.07894,35.57656],[6.07858,35.57682],[6.07845,35.57728],[6.07792,35.57712],[6.07765,35.57767],[6.07687,35.57749],[6.07665,35.57813],[6.07576,35.57945],[6.07521,35.58107],[6.07528,35.58121],[6.07551,35.58117],[6.0757,35.58098],[6.07582,35.5804],[6.07644,35.58001],[6.07668,35.58012],[6.07674,35.58033],[6.07643,35.58062],[6.07644,35.58094],[6.07714,35.58139],[6.07772,35.58081],[6.07807,35.58064],[6.07942,35.58044],[6.07956,35.58052],[6.07961,35.58068],[6.07865,35.58067],[6.07766,35.58108],[6.07749,35.58129],[6.0773,35.58243],[6.07761,35.58341],[6.07788,35.58362],[6.0778,35.58376],[6.07831,35.58434],[6.0783,35.58508],[6.07934,35.58601],[6.08006,35.58723],[6.08048,35.58739],[6.0812,35.58811],[6.08204,35.5895],[6.08244,35.59077],[6.0822,35.59088],[6.08172,35.59066],[6.08102,35.5909],[6.0816,35.59133],[6.08181,35.59169],[6.08108,35.59127],[6.08086,35.59094],[6.08073,35.59145],[6.0811,35.59145],[6.08187,35.59192],[6.08191,35.59214],[6.08212,35.59185],[6.08198,35.59159],[6.08244,35.59167],[6.08229,35.59208],[6.08231,35.59237],[6.08246,35.59213],[6.08256,35.59218],[6.08235,35.59256],[6.08243,35.59266],[6.08268,35.59275],[6.08256,35.59237],[6.08302,35.59222],[6.0831,35.59241],[6.08363,35.59276],[6.08339,35.59295],[6.08308,35.59278],[6.08265,35.59296],[6.08273,35.59332],[6.083,35.59337],[6.08327,35.59364],[6.08348,35.59358],[6.08344,35.59397],[6.08361,35.59425],[6.08382,35.59418],[6.08365,35.5936],[6.08375,35.59305],[6.0841,35.59267],[6.08401,35.59215],[6.08433,35.59238],[6.0842,35.5929],[6.08399,35.59317],[6.08401,35.59366],[6.08421,35.59394],[6.08456,35.59409],[6.08519,35.59393],[6.08528,35.59318],[6.0851,35.59301],[6.0848,35.59302],[6.08446,35.59244],[6.09004,35.5955],[6.09145,35.59577],[6.09142,35.59598],[6.09104,35.59602],[6.09171,35.59635],[6.09197,35.59702],[6.09192,35.5973],[6.09149,35.59703],[6.09154,35.59681],[6.09123,35.5966],[6.09088,35.59675],[6.09088,35.59715],[6.0903,35.59725],[6.09006,35.59751],[6.09014,35.59767],[6.09033,35.5977],[6.09088,35.59748],[6.09083,35.59796],[6.09052,35.5983],[6.09078,35.59882],[6.09073,35.59946],[6.09104,35.59907],[6.091,35.59846],[6.09135,35.59783],[6.09139,35.59746],[6.09161,35.59737],[6.09209,35.59806],[6.09218,35.59845],[6.09272,35.59809],[6.09284,35.59837],[6.0929,35.59944],[6.09309,35.59953],[6.09308,35.59994],[6.09351,35.60056],[6.09413,35.60034],[6.09442,35.6],[6.09428,35.59921],[6.09438,35.59826],[6.0956,35.599],[6.09618,35.59901],[6.09673,35.59881],[6.09614,35.5983],[6.09613,35.59809],[6.09653,35.59787],[6.09702,35.59797],[6.09708,35.5976],[6.09684,35.59738],[6.09702,35.59724],[6.09584,35.59708],[6.09571,35.59695],[6.09701,35.59691],[6.09837,35.59828],[6.09919,35.59873],[6.10219,35.59908],[6.10328,35.5988],[6.10564,35.59773],[6.10786,35.59723],[6.10935,35.59706],[6.10975,35.59637],[6.11073,35.59553],[6.11123,35.59488],[6.11192,35.59492],[6.11273,35.59477],[6.11327,35.59387],[6.1142,35.5932],[6.11517,35.59322],[6.11598,35.5924],[6.11608,35.59205],[6.11703,35.59079],[6.11752,35.59083],[6.11866,35.59041],[6.11898,35.59046],[6.11829,35.59082],[6.11798,35.59112],[6.1181,35.59127],[6.11974,35.59101],[6.12094,35.59052],[6.12138,35.59012],[6.12186,35.58999],[6.12232,35.59004],[6.1236,35.59105],[6.12822,35.59067],[6.12856,35.59113],[6.12875,35.59209],[6.13011,35.59187],[6.1302,35.59247],[6.12987,35.59305],[6.13011,35.59342],[6.1316,35.59372],[6.13327,35.59273],[6.13498,35.59214],[6.13597,35.59235],[6.13758,35.59349],[6.13814,35.59365],[6.13922,35.59282],[6.13949,35.59279],[6.14036,35.59238],[6.1407,35.59206],[6.14253,35.5913],[6.14302,35.59205],[6.14871,35.5954],[6.14917,35.5968],[6.14903,35.59818],[6.14944,35.59943],[6.14995,35.59982],[6.15069,35.59994],[6.15135,35.59965],[6.15373,35.60083],[6.15462,35.60159],[6.15634,35.60188],[6.15804,35.60245],[6.15942,35.60246],[6.15994,35.60175],[6.15974,35.59925],[6.159,35.59821],[6.15743,35.59697],[6.15684,35.59556],[6.15689,35.59529],[6.1573,35.59588],[6.15834,35.59665],[6.16009,35.59732],[6.16159,35.59748],[6.16635,35.59929],[6.17127,35.60072],[6.17485,35.60231],[6.17728,35.60523],[6.17887,35.60661],[6.18036,35.60762],[6.18191,35.60821],[6.1836,35.60833],[6.18624,35.60907],[6.18503,35.61023],[6.18497,35.6108],[6.18513,35.61141],[6.18584,35.61193],[6.18557,35.61228],[6.1849,35.61265],[6.18457,35.61376],[6.18462,35.6141],[6.18505,35.6144],[6.18571,35.61547],[6.18664,35.61611],[6.1868,35.61634],[6.18674,35.61685],[6.18613,35.61758],[6.18597,35.618],[6.18594,35.61945],[6.18607,35.61994],[6.18551,35.62087],[6.18548,35.62136],[6.18584,35.62168],[6.18584,35.62204],[6.18505,35.62267],[6.18504,35.62311],[6.18517,35.62341],[6.18687,35.62367],[6.18782,35.62345],[6.18867,35.6235],[6.18935,35.62302],[6.19088,35.62293],[6.19225,35.62233],[6.19319,35.62221],[6.19381,35.62244],[6.19378,35.62289],[6.19314,35.62299],[6.19241,35.62331],[6.19216,35.62436],[6.19283,35.62465],[6.1941,35.62442],[6.19561,35.62438],[6.19662,35.62459],[6.19733,35.62433],[6.1977,35.62387],[6.19787,35.62282],[6.19821,35.62245],[6.19985,35.62249],[6.2007,35.62214],[6.20042,35.62077],[6.20056,35.62036],[6.20202,35.62042],[6.20456,35.62074],[6.20591,35.6221],[6.20705,35.62257],[6.20785,35.62307],[6.20813,35.62345],[6.20808,35.62368],[6.20729,35.6235],[6.20644,35.62425],[6.20602,35.62445],[6.20597,35.62491],[6.2055,35.62579],[6.20582,35.62645],[6.20585,35.6271],[6.20603,35.62762],[6.20652,35.62845],[6.20749,35.62878],[6.20778,35.6284],[6.20819,35.62854],[6.20785,35.62887],[6.20725,35.62888],[6.20725,35.62924],[6.20739,35.62913],[6.20776,35.62926],[6.20782,35.62941],[6.20789,35.62924],[6.20801,35.62943],[6.20829,35.62912],[6.20851,35.62908],[6.2087,35.62939],[6.20883,35.62937],[6.20884,35.62965],[6.20911,35.62982],[6.21024,35.63007],[6.21079,35.6301],[6.21106,35.62992],[6.21119,35.62965],[6.21143,35.62958],[6.21174,35.62991],[6.21218,35.62996],[6.21303,35.62925],[6.21324,35.62885],[6.2152,35.62732],[6.21531,35.62658],[6.21515,35.62597],[6.21604,35.62552],[6.21692,35.62558],[6.21877,35.62635],[6.22026,35.62715],[6.22052,35.62785],[6.22082,35.62824],[6.22074,35.62858],[6.22017,35.62864],[6.21805,35.6282],[6.21591,35.62879],[6.21657,35.62939],[6.21746,35.62984],[6.21784,35.62985],[6.21831,35.63018],[6.21973,35.63001],[6.22048,35.63021],[6.22222,35.62964],[6.22367,35.62967],[6.22361,35.62796],[6.22499,35.62845],[6.22534,35.62897],[6.22494,35.62958],[6.22588,35.6302],[6.22563,35.63058],[6.22507,35.63103],[6.2253,35.63142],[6.22566,35.63154],[6.22594,35.63148],[6.22624,35.63068],[6.22693,35.63003],[6.22746,35.63029],[6.22867,35.62962],[6.2307,35.62966],[6.23367,35.63114],[6.2337,35.63188],[6.23405,35.63251],[6.23437,35.63384],[6.23457,35.63419],[6.23464,35.63495],[6.23484,35.63532],[6.23519,35.63536],[6.23586,35.63504],[6.23617,35.63507],[6.23662,35.63539],[6.23724,35.63619],[6.2381,35.63681],[6.23846,35.63686],[6.23928,35.63663],[6.23962,35.63629],[6.23948,35.63558],[6.24105,35.63545],[6.24123,35.63523],[6.24096,35.6345],[6.241,35.63382],[6.24086,35.63333],[6.24076,35.63306],[6.24026,35.63279],[6.23962,35.63291],[6.23921,35.63335],[6.23927,35.6342],[6.23898,35.63532],[6.23864,35.63549],[6.23789,35.63516],[6.23721,35.63455],[6.23678,35.63335],[6.237,35.63251],[6.23585,35.63135],[6.23606,35.63114],[6.23575,35.62974],[6.23653,35.62895],[6.23809,35.6296],[6.23827,35.63074],[6.2394,35.63177],[6.23993,35.63199],[6.24118,35.63289],[6.24354,35.63544],[6.24318,35.63869],[6.2427,35.63975],[6.24115,35.64043],[6.2392,35.64095],[6.24037,35.64235],[6.23906,35.64094],[6.23737,35.63958],[6.23602,35.63907],[6.23498,35.63885],[6.23145,35.63738],[6.23079,35.63692],[6.22896,35.63485],[6.22803,35.63517],[6.22448,35.63415],[6.22411,35.63448],[6.2243,35.63506],[6.22473,35.63528],[6.22381,35.63586],[6.22119,35.63815],[6.22118,35.63886],[6.22103,35.63893],[6.22121,35.63918],[6.22146,35.63927],[6.22228,35.64027],[6.22284,35.64058],[6.22374,35.64072],[6.22391,35.64095],[6.22393,35.64149],[6.22349,35.6414],[6.22393,35.6417],[6.22298,35.64392],[6.22457,35.64458],[6.22626,35.64554],[6.22806,35.64689],[6.22958,35.64833],[6.23121,35.65015],[6.23225,35.65168],[6.2323,35.65262],[6.23135,35.65288],[6.22828,35.65187],[6.22722,35.65223],[6.2271,35.65319],[6.22429,35.65223],[6.22067,35.65209],[6.21902,35.65188],[6.21778,35.65086],[6.21657,35.65007],[6.21087,35.64779],[6.2092,35.64821],[6.20847,35.64814],[6.20756,35.6478],[6.20403,35.64793],[6.20264,35.64767],[6.20106,35.64674],[6.19587,35.64564],[6.19457,35.64447],[6.19407,35.64386],[6.19243,35.64312],[6.19107,35.64277],[6.18975,35.64305],[6.18924,35.64343],[6.18872,35.64354],[6.18764,35.64408],[6.18707,35.64397],[6.18571,35.64408],[6.18318,35.64311],[6.18093,35.64274],[6.17947,35.64135],[6.1785,35.64102],[6.17603,35.64062],[6.1737,35.64064],[6.17234,35.64043],[6.16914,35.63926],[6.16827,35.63943],[6.16755,35.64009],[6.16672,35.64007],[6.1652,35.64062],[6.16078,35.63837],[6.16016,35.63721],[6.15868,35.63621],[6.15674,35.63604],[6.15431,35.63546],[6.15193,35.63521],[6.15037,35.63586]],[[6.19053,35.63387],[6.19096,35.63431],[6.19164,35.6342],[6.19163,35.63389],[6.19176,35.63367],[6.19148,35.63333],[6.19124,35.63323],[6.191,35.63326],[6.1908,35.63352],[6.19023,35.63346],[6.19061,35.63367],[6.19053,35.63387]],[[6.20419,35.63404],[6.2045,35.63432],[6.20444,35.63485],[6.20453,35.6352],[6.20513,35.63509],[6.20504,35.63461],[6.20518,35.63448],[6.20519,35.63379],[6.20559,35.63294],[6.20563,35.63246],[6.20595,35.63189],[6.20644,35.63159],[6.20657,35.6313],[6.2073,35.63087],[6.20738,35.63071],[6.20723,35.63058],[6.20688,35.63055],[6.20636,35.63077],[6.20611,35.63038],[6.20573,35.6303],[6.2055,35.63093],[6.2054,35.63096],[6.20527,35.6308],[6.20527,35.63048],[6.20556,35.63002],[6.20647,35.62956],[6.20639,35.62939],[6.206,35.62927],[6.20602,35.62892],[6.2058,35.62863],[6.20561,35.62861],[6.20569,35.6282],[6.20522,35.62815],[6.2054,35.62842],[6.20521,35.62862],[6.20463,35.62846],[6.20438,35.62854],[6.20411,35.62924],[6.20348,35.62956],[6.20335,35.62931],[6.20347,35.62917],[6.20339,35.62888],[6.20296,35.62853],[6.20262,35.629],[6.2021,35.62916],[6.20206,35.62894],[6.20222,35.62857],[6.20193,35.62849],[6.20207,35.62816],[6.20194,35.62808],[6.20138,35.62859],[6.20116,35.62923],[6.20131,35.63051],[6.20179,35.63105],[6.20223,35.63099],[6.20275,35.63072],[6.20374,35.6306],[6.20421,35.631],[6.20391,35.63144],[6.20332,35.63182],[6.20259,35.63168],[6.20242,35.63179],[6.20296,35.63215],[6.20335,35.63218],[6.20363,35.63243],[6.20423,35.63235],[6.20429,35.63279],[6.20412,35.63338],[6.20419,35.63404]],[[6.19123,35.63468],[6.19114,35.63479],[6.19122,35.63489],[6.19166,35.63499],[6.19164,35.63482],[6.19123,35.63468]],[[6.18605,35.63502],[6.18571,35.63504],[6.1859,35.63555],[6.18604,35.63556],[6.18605,35.63502]],[[6.20072,35.63458],[6.20088,35.63489],[6.20099,35.6348],[6.20094,35.63447],[6.20072,35.63458]],[[6.20615,35.6349],[6.20631,35.63564],[6.20644,35.63565],[6.20678,35.63623],[6.20777,35.63624],[6.20791,35.63513],[6.2081,35.63507],[6.20805,35.63473],[6.2083,35.63439],[6.20901,35.6339],[6.2093,35.63393],[6.20963,35.63362],[6.20963,35.63375],[6.20978,35.63373],[6.20982,35.63348],[6.20996,35.63358],[6.21024,35.63352],[6.21046,35.63322],[6.21001,35.63308],[6.20948,35.6334],[6.20946,35.63322],[6.20915,35.63321],[6.20866,35.63364],[6.20845,35.63405],[6.20792,35.63421],[6.20796,35.6343],[6.20765,35.63462],[6.20671,35.6348],[6.20645,35.63474],[6.20615,35.6349]],[[6.19989,35.63597],[6.19931,35.63578],[6.19925,35.63603],[6.19911,35.63608],[6.19922,35.63627],[6.19989,35.63597]],[[6.162,35.63724],[6.16188,35.63714],[6.16113,35.63767],[6.16128,35.63784],[6.16112,35.63799],[6.16191,35.63845],[6.16234,35.63853],[6.16246,35.63842],[6.1623,35.63792],[6.16258,35.63777],[6.16226,35.63741],[6.162,35.6375],[6.162,35.63724]],[[6.1656,35.63845],[6.16629,35.6389],[6.16662,35.63872],[6.16609,35.63828],[6.16605,35.63844],[6.16576,35.63828],[6.1656,35.63845]],[[6.18588,35.63777],[6.18592,35.63792],[6.18615,35.63789],[6.18613,35.63769],[6.18588,35.63777]],[[6.21269,35.63649],[6.21309,35.63664],[6.21326,35.63611],[6.21284,35.63605],[6.21265,35.63621],[6.21269,35.63649]],[[6.21677,35.63608],[6.21745,35.63636],[6.21792,35.63621],[6.21796,35.63613],[6.21768,35.63614],[6.21764,35.63605],[6.21797,35.63591],[6.21814,35.6356],[6.21812,35.63502],[6.21837,35.63498],[6.21858,35.63468],[6.21889,35.6348],[6.21879,35.63456],[6.21893,35.63448],[6.21881,35.6344],[6.21885,35.63427],[6.21808,35.63402],[6.2177,35.63346],[6.21698,35.63381],[6.21699,35.63369],[6.21678,35.63371],[6.2168,35.63361],[6.21652,35.63347],[6.21655,35.6336],[6.21621,35.63378],[6.21607,35.63355],[6.2161,35.63308],[6.21597,35.63275],[6.21559,35.63298],[6.21521,35.63247],[6.21534,35.63195],[6.21548,35.63196],[6.21577,35.63162],[6.216,35.63101],[6.21682,35.63103],[6.21671,35.63068],[6.21689,35.63059],[6.21639,35.63046],[6.21636,35.63031],[6.21619,35.63034],[6.21622,35.63023],[6.21589,35.63019],[6.21573,35.62983],[6.2153,35.62983],[6.2149,35.63005],[6.2139,35.63017],[6.2134,35.63039],[6.21294,35.63101],[6.21302,35.63128],[6.21405,35.63122],[6.2145,35.6316],[6.21463,35.63223],[6.21488,35.6324],[6.21479,35.63253],[6.21488,35.63273],[6.21517,35.6327],[6.21539,35.6329],[6.21535,35.63312],[6.2155,35.63311],[6.2154,35.63349],[6.21566,35.63361],[6.2156,35.63368],[6.21579,35.63392],[6.21605,35.63378],[6.21621,35.63386],[6.21592,35.63414],[6.21605,35.63458],[6.21574,35.63463],[6.21579,35.63482],[6.21491,35.63477],[6.21489,35.63495],[6.2146,35.63497],[6.21448,35.63517],[6.214,35.6354],[6.21439,35.63528],[6.21466,35.63541],[6.21498,35.63533],[6.21511,35.63537],[6.21509,35.6355],[6.2155,35.63555],[6.21558,35.63582],[6.21574,35.63573],[6.2159,35.63585],[6.21634,35.63585],[6.21649,35.63604],[6.2167,35.63593],[6.21677,35.63608]],[[6.223,35.63548],[6.22322,35.63567],[6.22345,35.63565],[6.22355,35.63544],[6.22335,35.63515],[6.22369,35.6347],[6.22316,35.63419],[6.22338,35.63406],[6.22332,35.63377],[6.22317,35.63379],[6.22255,35.63326],[6.2221,35.63312],[6.222,35.63276],[6.2211,35.63214],[6.22136,35.63196],[6.22134,35.63184],[6.221,35.63145],[6.22084,35.63173],[6.22092,35.63206],[6.22054,35.63218],[6.22101,35.6327],[6.22108,35.63298],[6.2209,35.63309],[6.22094,35.63324],[6.22121,35.63341],[6.22132,35.63364],[6.22111,35.63438],[6.2212,35.63432],[6.2213,35.63457],[6.22184,35.63449],[6.22189,35.63477],[6.22258,35.63515],[6.22266,35.63531],[6.22293,35.63539],[6.22303,35.63529],[6.223,35.63548]],[[6.22028,35.63195],[6.21987,35.63149],[6.21992,35.63127],[6.2203,35.63098],[6.21973,35.63056],[6.21949,35.63058],[6.2193,35.63079],[6.21927,35.63054],[6.21874,35.63104],[6.21876,35.6312],[6.21837,35.63133],[6.21841,35.63158],[6.21862,35.63157],[6.21853,35.63178],[6.21866,35.63178],[6.21876,35.63201],[6.21919,35.6318],[6.21968,35.632],[6.22028,35.63195]],[[6.22456,35.63046],[6.22481,35.63092],[6.22492,35.63092],[6.22558,35.63045],[6.22537,35.63016],[6.22456,35.63046]],[[6.20114,35.62826],[6.20146,35.62784],[6.20136,35.62767],[6.20206,35.62734],[6.2023,35.62735],[6.2021,35.62726],[6.20214,35.62711],[6.2029,35.6273],[6.20336,35.6272],[6.20388,35.62739],[6.20442,35.62712],[6.20303,35.62672],[6.19996,35.62673],[6.19952,35.6269],[6.19941,35.62661],[6.19962,35.62661],[6.19962,35.6265],[6.19927,35.62644],[6.1992,35.62675],[6.19901,35.62646],[6.19805,35.62709],[6.19756,35.62702],[6.19625,35.62734],[6.19612,35.62729],[6.19624,35.62713],[6.19581,35.62717],[6.19533,35.62771],[6.19541,35.62781],[6.19585,35.62778],[6.19642,35.62733],[6.19787,35.62749],[6.19837,35.62785],[6.19853,35.62777],[6.19877,35.62812],[6.19956,35.62855],[6.19991,35.62858],[6.20048,35.62835],[6.20097,35.62845],[6.20083,35.62823],[6.20114,35.62826]],[[6.17911,35.62688],[6.1789,35.62689],[6.17856,35.62745],[6.17925,35.6272],[6.17911,35.62688]],[[6.1777,35.62691],[6.17774,35.62676],[6.17759,35.62685],[6.1774,35.62679],[6.17726,35.62686],[6.17738,35.627],[6.17689,35.62695],[6.17676,35.62704],[6.1767,35.6272],[6.17691,35.62738],[6.17691,35.62771],[6.17648,35.62806],[6.1768,35.62872],[6.17727,35.62842],[6.17774,35.62783],[6.17778,35.62764],[6.1776,35.62759],[6.17762,35.62745],[6.17806,35.62739],[6.17797,35.62693],[6.1777,35.62691]],[[6.17679,35.6268],[6.17692,35.62657],[6.17742,35.62654],[6.17729,35.62636],[6.17732,35.62597],[6.17752,35.62609],[6.17748,35.62652],[6.17769,35.62637],[6.17791,35.62587],[6.17762,35.62563],[6.17772,35.62518],[6.17729,35.62509],[6.17703,35.62537],[6.17606,35.62573],[6.17553,35.62606],[6.17527,35.62663],[6.17527,35.62747],[6.17545,35.6276],[6.1758,35.62728],[6.17679,35.6268]],[[6.19489,35.62575],[6.19505,35.62559],[6.19462,35.62554],[6.19445,35.62572],[6.19489,35.62575]],[[6.2019,35.62552],[6.20201,35.62527],[6.20178,35.62494],[6.20193,35.62443],[6.20187,35.62432],[6.2016,35.62429],[6.20155,35.62484],[6.2019,35.62552]],[[6.20152,35.62526],[6.20135,35.62451],[6.20109,35.62435],[6.20089,35.62438],[6.20078,35.62467],[6.20127,35.62492],[6.20124,35.62519],[6.20152,35.62526]],[[6.19912,35.62539],[6.19947,35.6249],[6.1993,35.62484],[6.19871,35.6251],[6.19908,35.6252],[6.19912,35.62539]],[[6.17546,35.62584],[6.17686,35.62537],[6.17741,35.62491],[6.1774,35.62469],[6.17811,35.62476],[6.17831,35.62463],[6.17739,35.62441],[6.17666,35.62448],[6.1762,35.62397],[6.17465,35.62343],[6.17429,35.62363],[6.17428,35.62328],[6.17403,35.623],[6.17355,35.62297],[6.17312,35.62262],[6.17286,35.62274],[6.17265,35.62314],[6.1724,35.62279],[6.17172,35.62264],[6.17183,35.62202],[6.17112,35.6216],[6.1712,35.62105],[6.17112,35.62056],[6.17209,35.61936],[6.17243,35.61849],[6.17156,35.61803],[6.17121,35.61802],[6.17094,35.61818],[6.17036,35.61927],[6.16984,35.61897],[6.17022,35.61869],[6.1702,35.61848],[6.17063,35.6179],[6.16938,35.61811],[6.16886,35.6179],[6.16793,35.61825],[6.16699,35.61758],[6.16642,35.61734],[6.16538,35.61734],[6.16468,35.61697],[6.16431,35.61695],[6.16401,35.6174],[6.16391,35.61803],[6.16305,35.61818],[6.16283,35.61838],[6.16292,35.61882],[6.1633,35.61919],[6.1633,35.61949],[6.16393,35.61962],[6.16408,35.61984],[6.1634,35.62074],[6.1634,35.62091],[6.1643,35.62091],[6.16509,35.6206],[6.1655,35.62009],[6.16572,35.62008],[6.16575,35.6197],[6.16635,35.61948],[6.16837,35.61964],[6.16924,35.61948],[6.16984,35.61923],[6.17002,35.61926],[6.17002,35.61942],[6.16924,35.61998],[6.16874,35.62015],[6.16816,35.62088],[6.16779,35.62099],[6.16783,35.62117],[6.16771,35.62134],[6.16726,35.62113],[6.16724,35.62079],[6.16786,35.62026],[6.16737,35.62028],[6.1667,35.62077],[6.16653,35.62075],[6.16652,35.62058],[6.16619,35.62061],[6.16434,35.62175],[6.16391,35.62174],[6.16235,35.62231],[6.16145,35.62217],[6.16113,35.62192],[6.15999,35.62177],[6.15917,35.62189],[6.15875,35.62219],[6.15853,35.62273],[6.15813,35.62263],[6.15818,35.6224],[6.15839,35.62232],[6.15833,35.62197],[6.15806,35.62198],[6.15805,35.6217],[6.15827,35.62132],[6.1564,35.62076],[6.15594,35.62034],[6.15521,35.62039],[6.15487,35.61954],[6.15412,35.61963],[6.154,35.61948],[6.15376,35.6196],[6.15266,35.61906],[6.1527,35.61891],[6.15294,35.61905],[6.15332,35.61892],[6.15315,35.61855],[6.1525,35.61854],[6.15245,35.61866],[6.15263,35.61889],[6.15245,35.61901],[6.15192,35.61877],[6.15194,35.61853],[6.15109,35.61846],[6.15059,35.61808],[6.14914,35.61755],[6.14882,35.6177],[6.14898,35.61795],[6.14869,35.6187],[6.14941,35.61913],[6.14947,35.61941],[6.14884,35.61961],[6.14825,35.61947],[6.148,35.61964],[6.14811,35.6198],[6.14834,35.61984],[6.14971,35.61956],[6.15054,35.61976],[6.15044,35.61993],[6.14996,35.6201],[6.15005,35.62034],[6.15032,35.62044],[6.15066,35.62031],[6.15066,35.61975],[6.15154,35.62021],[6.15241,35.6201],[6.15295,35.62021],[6.15312,35.6204],[6.15252,35.62083],[6.15253,35.62102],[6.15306,35.62097],[6.15315,35.62116],[6.15401,35.62146],[6.15484,35.6214],[6.15499,35.62176],[6.15546,35.62172],[6.1561,35.62194],[6.15619,35.62209],[6.15609,35.62223],[6.15558,35.62236],[6.15533,35.6221],[6.15477,35.62187],[6.1546,35.62165],[6.15426,35.62176],[6.15438,35.62207],[6.15491,35.62209],[6.15509,35.62228],[6.15485,35.62268],[6.15511,35.62289],[6.15556,35.62298],[6.15568,35.62315],[6.15628,35.62275],[6.15649,35.62247],[6.15728,35.62263],[6.15799,35.62258],[6.15817,35.62308],[6.15794,35.62348],[6.15766,35.62367],[6.15761,35.62415],[6.15744,35.62421],[6.15727,35.62387],[6.15677,35.6242],[6.15684,35.62508],[6.15636,35.62546],[6.15653,35.62678],[6.15624,35.62714],[6.15627,35.62729],[6.15689,35.62725],[6.15811,35.62678],[6.15917,35.62613],[6.1593,35.62616],[6.15924,35.6263],[6.15834,35.62714],[6.15821,35.62754],[6.15838,35.62765],[6.15864,35.62759],[6.15883,35.62727],[6.15891,35.62749],[6.16045,35.62693],[6.1606,35.62723],[6.16077,35.62724],[6.16127,35.62692],[6.16141,35.62701],[6.16137,35.6276],[6.1618,35.62803],[6.16235,35.62798],[6.16295,35.6273],[6.16326,35.62741],[6.16358,35.62735],[6.16386,35.62752],[6.1645,35.62745],[6.16481,35.62755],[6.16505,35.62772],[6.16518,35.62818],[6.16488,35.62842],[6.16502,35.62867],[6.16476,35.62867],[6.16448,35.6285],[6.16448,35.62832],[6.16409,35.62813],[6.1635,35.62849],[6.16333,35.62887],[6.16348,35.629],[6.1644,35.62909],[6.16403,35.62965],[6.16474,35.63001],[6.16484,35.63044],[6.16504,35.63066],[6.16616,35.63098],[6.16663,35.63149],[6.16641,35.63247],[6.16679,35.63257],[6.16818,35.6324],[6.16853,35.63186],[6.16876,35.6318],[6.16903,35.63208],[6.16956,35.63227],[6.16987,35.63213],[6.16983,35.63298],[6.17025,35.63334],[6.17061,35.63315],[6.17047,35.63296],[6.1705,35.63273],[6.1701,35.63268],[6.17008,35.63256],[6.17024,35.63246],[6.16983,35.63189],[6.1702,35.63086],[6.17068,35.63016],[6.17074,35.62969],[6.17084,35.62957],[6.17109,35.62969],[6.1711,35.62931],[6.17172,35.62927],[6.17226,35.62878],[6.17265,35.6289],[6.17308,35.62879],[6.17373,35.62801],[6.17462,35.62755],[6.17481,35.62732],[6.17519,35.62619],[6.17546,35.62584]],[[6.18965,35.62433],[6.18976,35.62445],[6.19034,35.62425],[6.19072,35.62403],[6.19077,35.62387],[6.19042,35.62356],[6.19002,35.62347],[6.18967,35.62373],[6.18965,35.62433]],[[6.15168,35.61757],[6.15173,35.61741],[6.15157,35.61722],[6.15139,35.61737],[6.15137,35.61714],[6.1512,35.61711],[6.15113,35.61737],[6.15079,35.61716],[6.15103,35.61687],[6.15057,35.6169],[6.15054,35.61713],[6.15095,35.61755],[6.15125,35.61769],[6.15168,35.61757]],[[6.14793,35.617],[6.1487,35.61655],[6.14829,35.61632],[6.14818,35.61587],[6.14848,35.61584],[6.14836,35.6157],[6.14813,35.61572],[6.14807,35.61609],[6.14772,35.6164],[6.14773,35.61657],[6.14796,35.61665],[6.14776,35.61679],[6.14793,35.617]],[[6.14959,35.61586],[6.14986,35.61623],[6.15007,35.61628],[6.15005,35.61608],[6.15033,35.6162],[6.15046,35.61601],[6.15033,35.61586],[6.1505,35.61574],[6.15031,35.61543],[6.15057,35.61522],[6.15026,35.61513],[6.15011,35.61565],[6.14959,35.61586]],[[6.1333,35.61606],[6.13298,35.61556],[6.13107,35.61489],[6.13083,35.61487],[6.13076,35.61506],[6.13013,35.61499],[6.13036,35.61471],[6.13101,35.61437],[6.13061,35.61403],[6.1298,35.61404],[6.12946,35.6143],[6.12955,35.61457],[6.12936,35.61463],[6.12945,35.61479],[6.1298,35.61482],[6.12991,35.61502],[6.12981,35.61527],[6.12999,35.6154],[6.12998,35.61514],[6.13021,35.61516],[6.13038,35.61552],[6.13092,35.61563],[6.13134,35.61594],[6.13186,35.61608],[6.13273,35.61608],[6.13332,35.61636],[6.13306,35.61609],[6.1333,35.61606]],[[6.13339,35.61503],[6.13355,35.61494],[6.13308,35.61446],[6.13285,35.61438],[6.13257,35.61459],[6.13304,35.61483],[6.13253,35.61475],[6.13269,35.61497],[6.13339,35.61503]],[[6.14867,35.61459],[6.14899,35.61466],[6.14911,35.61456],[6.14894,35.61413],[6.14872,35.61431],[6.14882,35.61409],[6.14866,35.61419],[6.14864,35.614],[6.14811,35.61394],[6.14816,35.61366],[6.14802,35.61383],[6.14783,35.61378],[6.14765,35.61412],[6.14806,35.61433],[6.14834,35.61429],[6.14867,35.61459]],[[6.14713,35.61386],[6.14682,35.61346],[6.14659,35.61356],[6.14671,35.6138],[6.14682,35.61374],[6.14679,35.61389],[6.14713,35.61386]],[[6.1401,35.61363],[6.14022,35.61345],[6.13988,35.61313],[6.13997,35.61268],[6.13988,35.61257],[6.13936,35.61339],[6.13963,35.61361],[6.1401,35.61363]],[[6.14213,35.61306],[6.14198,35.61315],[6.14198,35.61339],[6.14226,35.61346],[6.14243,35.61321],[6.14213,35.61306]],[[6.14835,35.61283],[6.14869,35.61279],[6.14871,35.61266],[6.14839,35.61269],[6.14835,35.61283]],[[6.14348,35.61294],[6.14347,35.61228],[6.14369,35.61224],[6.14334,35.61193],[6.1428,35.61195],[6.14235,35.61217],[6.14144,35.61179],[6.14135,35.61158],[6.141,35.61153],[6.14085,35.61172],[6.14089,35.61196],[6.14108,35.61208],[6.14152,35.61197],[6.14197,35.61208],[6.14217,35.61231],[6.14291,35.61243],[6.14315,35.6126],[6.14316,35.61243],[6.14329,35.61244],[6.14334,35.61274],[6.14324,35.61289],[6.14348,35.61294]],[[6.14384,35.61179],[6.14384,35.61206],[6.14401,35.61213],[6.14413,35.61182],[6.14384,35.61179]],[[6.13745,35.61183],[6.13753,35.61166],[6.13686,35.61156],[6.13704,35.61188],[6.13745,35.61183]],[[6.12771,35.61211],[6.12771,35.61183],[6.12714,35.61211],[6.12684,35.61262],[6.12698,35.61299],[6.1271,35.61303],[6.12737,35.61277],[6.12752,35.61244],[6.12744,35.61227],[6.12771,35.61211]],[[6.12674,35.61279],[6.12673,35.61251],[6.12669,35.61238],[6.12647,35.61262],[6.12644,35.61286],[6.1265,35.61294],[6.12674,35.61279]],[[6.13726,35.61251],[6.13713,35.61282],[6.13754,35.61285],[6.1374,35.61269],[6.13747,35.61256],[6.13726,35.61251]],[[6.14053,35.61243],[6.14081,35.61271],[6.14156,35.61277],[6.14111,35.61266],[6.14104,35.61251],[6.14089,35.61255],[6.14059,35.61231],[6.14053,35.61243]],[[6.13924,35.61174],[6.1392,35.61223],[6.13961,35.61228],[6.13941,35.61209],[6.13954,35.61187],[6.13924,35.61174]],[[6.13753,35.6119],[6.1378,35.61187],[6.13777,35.61176],[6.13753,35.6119]],[[6.14593,35.61424],[6.14604,35.61406],[6.14596,35.61398],[6.14574,35.61421],[6.14593,35.61424]],[[6.13262,35.6167],[6.13246,35.61665],[6.13238,35.61643],[6.13205,35.61646],[6.1318,35.61701],[6.13201,35.61704],[6.13227,35.61729],[6.13243,35.61705],[6.13266,35.61736],[6.13307,35.61726],[6.13302,35.61707],[6.13267,35.61698],[6.13262,35.6167]],[[6.1316,35.61677],[6.13119,35.61676],[6.13125,35.6171],[6.1316,35.61677]],[[6.12621,35.61728],[6.12577,35.61718],[6.12528,35.6175],[6.12539,35.61784],[6.12604,35.6178],[6.12621,35.61728]],[[6.14521,35.61723],[6.14509,35.61736],[6.14528,35.61749],[6.14509,35.61747],[6.14508,35.61765],[6.14495,35.61765],[6.14499,35.61783],[6.1448,35.61801],[6.14461,35.61864],[6.14479,35.61905],[6.14464,35.61996],[6.14488,35.62026],[6.14473,35.62074],[6.14444,35.62108],[6.1446,35.62131],[6.14497,35.62105],[6.14504,35.62086],[6.14486,35.62051],[6.14507,35.62018],[6.14534,35.62003],[6.1453,35.62088],[6.14493,35.62134],[6.14496,35.62145],[6.14637,35.62066],[6.14634,35.62017],[6.14582,35.62046],[6.1457,35.62036],[6.14607,35.62002],[6.14599,35.6196],[6.14613,35.61912],[6.14655,35.61878],[6.14622,35.61872],[6.14653,35.61854],[6.14603,35.61794],[6.14588,35.61785],[6.14568,35.61795],[6.14559,35.61771],[6.14541,35.61771],[6.14556,35.61741],[6.14521,35.61723]],[[6.12407,35.61806],[6.12342,35.6181],[6.12362,35.61888],[6.12391,35.61882],[6.12422,35.6185],[6.12485,35.61822],[6.12407,35.61806]],[[6.14721,35.61766],[6.14701,35.61832],[6.1479,35.61785],[6.14828,35.61731],[6.14778,35.61734],[6.14751,35.6176],[6.14737,35.61757],[6.1475,35.61712],[6.14691,35.61748],[6.14663,35.6174],[6.14673,35.6177],[6.14721,35.61766]],[[6.14472,35.61721],[6.14478,35.61712],[6.14461,35.61698],[6.14467,35.61659],[6.14418,35.61672],[6.1435,35.61659],[6.14394,35.61686],[6.14404,35.61707],[6.14431,35.61683],[6.14438,35.61705],[6.14472,35.61721]],[[6.1561,35.61751],[6.15594,35.61772],[6.15612,35.61785],[6.15685,35.61768],[6.1561,35.61751]],[[6.15236,35.61804],[6.15205,35.61779],[6.15176,35.61794],[6.15179,35.61817],[6.15154,35.61825],[6.15162,35.61835],[6.1519,35.61831],[6.15236,35.61804]],[[6.15717,35.6182],[6.1576,35.6183],[6.1578,35.61857],[6.15812,35.61837],[6.158,35.61818],[6.15763,35.61818],[6.15744,35.61793],[6.15715,35.61798],[6.15717,35.6182]],[[6.15511,35.61864],[6.15503,35.61842],[6.15467,35.61841],[6.155,35.61867],[6.15511,35.61864]],[[6.15856,35.61856],[6.15858,35.61896],[6.15904,35.6187],[6.15883,35.61847],[6.15856,35.61856]],[[6.15743,35.6204],[6.15708,35.62038],[6.15707,35.62091],[6.15848,35.62097],[6.15892,35.62119],[6.15888,35.62094],[6.15847,35.62055],[6.15793,35.62038],[6.15761,35.62063],[6.15743,35.6204]],[[6.16115,35.62109],[6.16046,35.62128],[6.16045,35.62148],[6.16121,35.62122],[6.16115,35.62109]],[[6.18394,35.63265],[6.18386,35.6328],[6.18393,35.63299],[6.18406,35.6327],[6.18394,35.63265]],[[6.20002,35.63181],[6.19977,35.63201],[6.20004,35.63215],[6.20021,35.63188],[6.20002,35.63181]],[[6.18318,35.63081],[6.1832,35.63094],[6.18304,35.63103],[6.18339,35.63163],[6.18392,35.6311],[6.18439,35.63017],[6.18491,35.62859],[6.18488,35.62835],[6.18561,35.62761],[6.18543,35.62705],[6.18511,35.62714],[6.18505,35.62775],[6.18413,35.62942],[6.18366,35.62951],[6.18372,35.62979],[6.184,35.63001],[6.18358,35.63106],[6.18329,35.63102],[6.18346,35.63075],[6.18318,35.63081]],[[6.19991,35.62972],[6.19951,35.63002],[6.19979,35.63007],[6.19979,35.63017],[6.19952,35.63035],[6.20006,35.63056],[6.20046,35.63038],[6.2006,35.62973],[6.20045,35.62964],[6.2,35.62972],[6.20064,35.62913],[6.20056,35.6289],[6.20024,35.62891],[6.19996,35.62934],[6.19947,35.62957],[6.19866,35.62979],[6.19914,35.62994],[6.19991,35.62972]],[[6.18578,35.62932],[6.1859,35.62922],[6.18593,35.629],[6.1857,35.62903],[6.18556,35.62924],[6.18578,35.62932]],[[6.18814,35.62896],[6.18839,35.62915],[6.18882,35.6287],[6.18844,35.62869],[6.18814,35.62896]],[[6.19578,35.6285],[6.19585,35.62864],[6.19591,35.62862],[6.19589,35.62845],[6.19578,35.6285]],[[6.19755,35.6284],[6.19879,35.62855],[6.19895,35.62849],[6.19768,35.62816],[6.19755,35.6284]],[[6.17912,35.62771],[6.17753,35.62856],[6.17736,35.62874],[6.17736,35.62892],[6.17749,35.62897],[6.17905,35.62817],[6.17939,35.62789],[6.17931,35.62773],[6.17912,35.62771]],[[6.1795,35.62855],[6.1786,35.62903],[6.17841,35.62935],[6.17898,35.62925],[6.1798,35.6287],[6.1795,35.62855]],[[6.18032,35.62891],[6.18074,35.62975],[6.18077,35.63],[6.18056,35.63015],[6.18067,35.63027],[6.18134,35.62959],[6.18178,35.62942],[6.18174,35.62929],[6.18199,35.62907],[6.18225,35.62854],[6.18198,35.62849],[6.18181,35.62905],[6.18143,35.62932],[6.18032,35.62891]],[[6.18176,35.63029],[6.18202,35.6303],[6.18195,35.63006],[6.18218,35.63002],[6.18264,35.63008],[6.18305,35.63041],[6.18357,35.63036],[6.18376,35.63014],[6.18332,35.62994],[6.18311,35.62964],[6.18316,35.62955],[6.1824,35.62934],[6.18233,35.62963],[6.182,35.62975],[6.18215,35.62994],[6.18171,35.63008],[6.18176,35.63029]],[[6.1991,35.63286],[6.19979,35.63288],[6.19958,35.63274],[6.19966,35.63263],[6.19911,35.63265],[6.1991,35.63286]],[[6.20189,35.6339],[6.20202,35.63379],[6.20207,35.63371],[6.20177,35.63381],[6.20189,35.6339]],[[6.13242,35.61085],[6.13251,35.61104],[6.13283,35.6111],[6.13275,35.61081],[6.13242,35.61085]],[[6.13579,35.61041],[6.13732,35.61078],[6.13759,35.61068],[6.13572,35.61026],[6.13579,35.61041]],[[6.12953,35.61038],[6.12922,35.61054],[6.12946,35.6109],[6.12977,35.6107],[6.12953,35.61038]],[[6.12723,35.61048],[6.12772,35.60998],[6.12766,35.60981],[6.12715,35.60992],[6.12702,35.61026],[6.12674,35.6104],[6.12679,35.6109],[6.12716,35.6108],[6.12723,35.61048]],[[6.12839,35.6098],[6.12832,35.61027],[6.12871,35.61022],[6.1288,35.60999],[6.12839,35.6098]],[[6.13206,35.6097],[6.1321,35.60982],[6.1323,35.60979],[6.13234,35.60951],[6.13206,35.6097]],[[6.13194,35.6096],[6.13195,35.60928],[6.13186,35.60919],[6.13166,35.60958],[6.13194,35.6096]],[[6.13002,35.60927],[6.12973,35.60925],[6.1296,35.60932],[6.13006,35.60945],[6.12995,35.60937],[6.13002,35.60927]],[[6.12595,35.60932],[6.12576,35.60977],[6.12568,35.60956],[6.12544,35.60976],[6.12509,35.60978],[6.12541,35.61001],[6.12532,35.61039],[6.1255,35.6103],[6.12555,35.61],[6.12597,35.60982],[6.12595,35.60932]],[[6.13299,35.60912],[6.13329,35.60905],[6.13343,35.60875],[6.13288,35.60843],[6.13271,35.60863],[6.13282,35.60901],[6.13299,35.60912]],[[6.12823,35.60917],[6.1291,35.60901],[6.1294,35.60858],[6.12931,35.60814],[6.12894,35.60771],[6.12851,35.60744],[6.1277,35.60732],[6.12768,35.60713],[6.12802,35.60683],[6.12659,35.60694],[6.12621,35.60686],[6.12631,35.60662],[6.12681,35.60612],[6.12782,35.60571],[6.12864,35.60562],[6.12909,35.60585],[6.12941,35.60619],[6.1298,35.60627],[6.13041,35.60615],[6.13049,35.60593],[6.13022,35.60552],[6.12729,35.60419],[6.12674,35.6041],[6.12583,35.60366],[6.1257,35.60339],[6.12575,35.60278],[6.12638,35.60241],[6.12616,35.60235],[6.12544,35.60295],[6.12477,35.60239],[6.12379,35.60212],[6.12342,35.60221],[6.12335,35.60248],[6.1235,35.60277],[6.12324,35.60321],[6.12299,35.60334],[6.12272,35.60404],[6.12256,35.60414],[6.12203,35.60402],[6.12151,35.60417],[6.12149,35.60432],[6.12176,35.60463],[6.12171,35.60488],[6.12093,35.60476],[6.12031,35.6045],[6.12003,35.60421],[6.12013,35.60401],[6.12052,35.60377],[6.12041,35.60356],[6.11872,35.60256],[6.11781,35.60186],[6.11735,35.60178],[6.1171,35.60276],[6.11641,35.60314],[6.11641,35.60342],[6.11684,35.60384],[6.1174,35.6038],[6.11869,35.6041],[6.11933,35.6044],[6.11976,35.60486],[6.12065,35.60485],[6.12104,35.60512],[6.12134,35.60545],[6.1215,35.60594],[6.12129,35.60636],[6.1207,35.60679],[6.12074,35.60692],[6.1211,35.60691],[6.12241,35.60646],[6.12319,35.60675],[6.12389,35.60671],[6.12427,35.607],[6.12441,35.60726],[6.12435,35.60741],[6.1238,35.60762],[6.12329,35.60833],[6.1225,35.60876],[6.12243,35.60927],[6.12222,35.60958],[6.12232,35.60978],[6.12266,35.60973],[6.12258,35.60956],[6.12275,35.60929],[6.12378,35.60887],[6.12488,35.60888],[6.1253,35.60937],[6.12556,35.6094],[6.12618,35.60894],[6.12705,35.60857],[6.12714,35.60843],[6.12687,35.60827],[6.12719,35.60802],[6.12766,35.60801],[6.12812,35.60829],[6.12763,35.60873],[6.12758,35.60895],[6.12823,35.60917]],[[6.13075,35.60675],[6.13148,35.60708],[6.13202,35.60705],[6.13218,35.60669],[6.13202,35.60606],[6.13218,35.60559],[6.13182,35.60574],[6.13166,35.60621],[6.13143,35.60614],[6.13132,35.60632],[6.13083,35.60644],[6.13075,35.60675]],[[6.13214,35.60407],[6.13215,35.60421],[6.13243,35.6043],[6.13293,35.60417],[6.13288,35.60404],[6.13266,35.60415],[6.13214,35.60407]],[[6.13364,35.60406],[6.13377,35.60421],[6.13443,35.60402],[6.13436,35.60386],[6.13399,35.60392],[6.13387,35.60409],[6.13364,35.60406]],[[6.11409,35.60205],[6.11401,35.60141],[6.11376,35.60086],[6.11301,35.60061],[6.11174,35.59993],[6.11183,35.59951],[6.11233,35.59923],[6.11324,35.59911],[6.11342,35.599],[6.11343,35.5988],[6.1133,35.59864],[6.11261,35.5985],[6.11192,35.59807],[6.11074,35.59772],[6.11074,35.59755],[6.11177,35.59778],[6.11205,35.59756],[6.11185,35.59702],[6.11087,35.59699],[6.11065,35.59685],[6.11117,35.59638],[6.11098,35.59623],[6.11061,35.59645],[6.11011,35.59714],[6.1096,35.59714],[6.10935,35.59756],[6.10854,35.59748],[6.10814,35.59767],[6.10803,35.59922],[6.10787,35.59971],[6.10755,35.60002],[6.10735,35.60046],[6.10693,35.60071],[6.10711,35.60088],[6.10709,35.60121],[6.10723,35.60128],[6.1066,35.60258],[6.10659,35.6029],[6.10668,35.60305],[6.10688,35.60307],[6.10727,35.60294],[6.10745,35.60316],[6.10796,35.603],[6.10824,35.60342],[6.10848,35.60344],[6.10887,35.60324],[6.10921,35.60348],[6.10936,35.60468],[6.10957,35.60491],[6.10963,35.60533],[6.10987,35.60548],[6.11023,35.60496],[6.11012,35.60439],[6.11067,35.60396],[6.11062,35.60372],[6.11083,35.60346],[6.11091,35.60259],[6.11203,35.60257],[6.11277,35.60284],[6.11325,35.60287],[6.11377,35.60268],[6.11374,35.60241],[6.11389,35.60232],[6.11394,35.60205],[6.11409,35.60205]],[[6.10652,35.5989],[6.10525,35.59856],[6.10496,35.59861],[6.10497,35.59875],[6.10557,35.59875],[6.10636,35.59897],[6.10683,35.59927],[6.10548,35.59895],[6.10572,35.59926],[6.10662,35.59943],[6.10704,35.59929],[6.10705,35.59941],[6.10745,35.59958],[6.10772,35.59951],[6.10777,35.59908],[6.10702,35.59915],[6.10652,35.5989]],[[6.10029,35.59925],[6.10057,35.59903],[6.10037,35.59897],[6.10002,35.59918],[6.09961,35.59915],[6.09932,35.59939],[6.09877,35.59955],[6.09848,35.6003],[6.09854,35.60064],[6.09888,35.60059],[6.09966,35.60013],[6.10016,35.60019],[6.10087,35.59972],[6.10098,35.59951],[6.10082,35.59943],[6.1002,35.59948],[6.10029,35.59925]],[[6.09816,35.59908],[6.09787,35.59877],[6.09716,35.59867],[6.09749,35.59896],[6.09723,35.59909],[6.09728,35.59916],[6.09758,35.59914],[6.0984,35.59944],[6.09912,35.5993],[6.09816,35.59908]],[[6.09791,35.60065],[6.09769,35.6008],[6.09783,35.6012],[6.09811,35.60089],[6.09791,35.60065]],[[6.09693,35.60118],[6.09703,35.60091],[6.09691,35.60091],[6.0968,35.60115],[6.09693,35.60118]],[[6.10385,35.60031],[6.10473,35.6006],[6.10557,35.60056],[6.10564,35.60035],[6.1052,35.60009],[6.10474,35.60015],[6.10391,35.59992],[6.10358,35.60004],[6.10372,35.59972],[6.10347,35.59966],[6.10328,35.59941],[6.10196,35.59941],[6.10144,35.59959],[6.10129,35.59935],[6.10104,35.59946],[6.1012,35.59986],[6.10193,35.59984],[6.10215,35.60002],[6.10238,35.59994],[6.10258,35.59958],[6.1027,35.59957],[6.10291,35.5997],[6.10308,35.60011],[6.10348,35.60025],[6.10359,35.60045],[6.10367,35.60031],[6.10385,35.60031]],[[6.09719,35.60278],[6.09766,35.60253],[6.0974,35.60215],[6.09716,35.60229],[6.09719,35.60278]],[[6.08091,35.60351],[6.08033,35.60318],[6.07975,35.60348],[6.08006,35.60382],[6.0805,35.60349],[6.08054,35.60399],[6.08148,35.60431],[6.0825,35.6046],[6.08297,35.60455],[6.08292,35.60427],[6.08242,35.6038],[6.08233,35.60354],[6.08128,35.60359],[6.08091,35.60351]],[[6.10829,35.60533],[6.10836,35.60521],[6.1083,35.60495],[6.10811,35.60525],[6.10829,35.60533]],[[6.11262,35.60511],[6.11251,35.60536],[6.11261,35.60547],[6.11281,35.60542],[6.11287,35.60524],[6.11285,35.60514],[6.11262,35.60511]],[[6.1145,35.60507],[6.11392,35.60555],[6.11399,35.60563],[6.11379,35.60578],[6.11367,35.60632],[6.11348,35.60643],[6.11365,35.60657],[6.11387,35.60647],[6.11415,35.60653],[6.11356,35.60677],[6.11312,35.6065],[6.11289,35.60658],[6.1127,35.60687],[6.11284,35.60715],[6.11326,35.60728],[6.1134,35.60745],[6.11406,35.60747],[6.11448,35.607],[6.11448,35.60657],[6.11484,35.6063],[6.11512,35.60628],[6.11519,35.60589],[6.11506,35.60586],[6.11528,35.60536],[6.11505,35.60509],[6.1149,35.60457],[6.11466,35.60451],[6.1145,35.60507]],[[6.112,35.60667],[6.11201,35.60621],[6.11094,35.60614],[6.11048,35.60578],[6.11018,35.60585],[6.11056,35.60623],[6.11102,35.60634],[6.11093,35.60661],[6.11103,35.60671],[6.11188,35.60677],[6.112,35.60667]],[[6.11904,35.60672],[6.11885,35.60682],[6.11885,35.6071],[6.11924,35.60751],[6.11985,35.60718],[6.11946,35.6068],[6.11904,35.60672]],[[6.12298,35.60727],[6.12239,35.60769],[6.12212,35.60746],[6.12184,35.60752],[6.122,35.60803],[6.1222,35.60808],[6.12226,35.60833],[6.12281,35.60817],[6.12322,35.60759],[6.12311,35.60729],[6.12298,35.60727]],[[6.11582,35.60821],[6.1157,35.60796],[6.11529,35.60797],[6.11503,35.60827],[6.11501,35.60855],[6.11511,35.60866],[6.11565,35.60865],[6.11582,35.60821]],[[6.11365,35.60885],[6.11359,35.60853],[6.11335,35.60852],[6.11328,35.60861],[6.11348,35.60879],[6.11305,35.6089],[6.11339,35.609],[6.11365,35.60885]],[[6.118,35.60857],[6.11762,35.60889],[6.11776,35.60913],[6.11761,35.60924],[6.11799,35.60941],[6.11846,35.60916],[6.11863,35.60862],[6.118,35.60857]],[[6.12113,35.60847],[6.12143,35.60852],[6.12169,35.60835],[6.12174,35.60809],[6.12156,35.60807],[6.12143,35.60829],[6.12113,35.60829],[6.12113,35.60847]],[[6.11086,35.60465],[6.11065,35.60434],[6.11056,35.60438],[6.11062,35.60465],[6.11086,35.60465]],[[6.11546,35.60424],[6.11582,35.60432],[6.11612,35.60415],[6.1155,35.60329],[6.11533,35.60349],[6.1152,35.60348],[6.1151,35.603],[6.11462,35.60275],[6.11443,35.60302],[6.11449,35.60357],[6.11501,35.60388],[6.11505,35.60403],[6.11528,35.60387],[6.11546,35.60424]],[[6.11385,35.60342],[6.11423,35.603],[6.11415,35.60277],[6.11395,35.60266],[6.11339,35.6029],[6.1131,35.60323],[6.11313,35.60363],[6.11353,35.60354],[6.11397,35.60378],[6.11395,35.60393],[6.11373,35.604],[6.1139,35.60422],[6.11415,35.60419],[6.11432,35.60394],[6.11424,35.60323],[6.11385,35.60342]],[[6.11372,35.60482],[6.11352,35.60524],[6.11361,35.60542],[6.11399,35.60496],[6.11392,35.60482],[6.11372,35.60482]],[[6.12405,35.60962],[6.12392,35.60982],[6.12349,35.61006],[6.12347,35.61017],[6.12362,35.61021],[6.12405,35.60998],[6.12419,35.60964],[6.12405,35.60962]],[[6.12324,35.61041],[6.12308,35.60994],[6.12285,35.61014],[6.12262,35.61011],[6.12258,35.61022],[6.12324,35.61041]],[[6.13081,35.6097],[6.13097,35.60938],[6.13095,35.60927],[6.13088,35.6094],[6.13076,35.6093],[6.13057,35.60939],[6.13081,35.6097]],[[6.09135,35.59945],[6.09147,35.59943],[6.09157,35.59917],[6.09187,35.59906],[6.09178,35.59883],[6.0916,35.59888],[6.09147,35.59925],[6.09125,35.59928],[6.09135,35.59945]],[[6.07743,35.59872],[6.07714,35.5989],[6.07723,35.59922],[6.07756,35.59914],[6.07776,35.59887],[6.07782,35.59862],[6.07767,35.59828],[6.07745,35.59839],[6.07743,35.59872]],[[6.08791,35.59883],[6.08886,35.59882],[6.08873,35.59844],[6.08888,35.59821],[6.08883,35.59806],[6.08793,35.59843],[6.08791,35.59883]],[[6.07531,35.59875],[6.07548,35.59834],[6.07589,35.59808],[6.07627,35.59758],[6.07665,35.59668],[6.07592,35.59694],[6.07531,35.59755],[6.07505,35.59861],[6.07531,35.59875]],[[6.08904,35.59712],[6.08994,35.59759],[6.09026,35.59723],[6.09021,35.59715],[6.08989,35.59743],[6.08917,35.59694],[6.0891,35.59704],[6.08872,35.597],[6.08871,35.59712],[6.08904,35.59712]],[[6.08857,35.59716],[6.08845,35.59637],[6.08868,35.59613],[6.08899,35.59606],[6.08879,35.59581],[6.08888,35.59563],[6.0888,35.59554],[6.08838,35.5955],[6.08773,35.59522],[6.08776,35.59551],[6.08742,35.59547],[6.08758,35.59577],[6.08746,35.59636],[6.08711,35.5962],[6.0869,35.59656],[6.08695,35.59609],[6.08682,35.59586],[6.08651,35.59562],[6.08625,35.59578],[6.08628,35.59626],[6.08712,35.59696],[6.08729,35.59698],[6.08744,35.59685],[6.08754,35.59708],[6.0879,35.59718],[6.08857,35.59716]],[[6.08921,35.59645],[6.08907,35.59669],[6.08941,35.59679],[6.08953,35.5967],[6.08941,35.59658],[6.08948,35.59637],[6.08961,35.59633],[6.08935,35.59601],[6.08938,35.59583],[6.08896,35.59573],[6.08901,35.596],[6.08899,35.59613],[6.08874,35.59624],[6.0888,35.59643],[6.08921,35.59645]],[[6.08552,35.59562],[6.08538,35.59474],[6.08561,35.59459],[6.08593,35.59478],[6.08596,35.59456],[6.08573,35.59441],[6.08598,35.59445],[6.08614,35.59393],[6.08611,35.59357],[6.08553,35.59321],[6.08529,35.59362],[6.08531,35.5945],[6.08515,35.59498],[6.08487,35.59524],[6.08469,35.59587],[6.08473,35.59613],[6.08452,35.59641],[6.08469,35.59671],[6.08516,35.59666],[6.08519,35.59598],[6.08552,35.59562]],[[6.08667,35.59386],[6.08658,35.59403],[6.0871,35.59412],[6.08702,35.59389],[6.08667,35.59386]],[[6.08331,35.59458],[6.08299,35.59412],[6.08269,35.59393],[6.08215,35.59386],[6.08201,35.59341],[6.08151,35.59356],[6.08155,35.59381],[6.0819,35.5942],[6.08241,35.59399],[6.08261,35.59425],[6.08287,35.5943],[6.08291,35.59467],[6.08331,35.59458]],[[6.07909,35.59378],[6.07933,35.59296],[6.07955,35.59299],[6.07964,35.59331],[6.07986,35.59337],[6.08036,35.59294],[6.07938,35.59279],[6.07838,35.59326],[6.07789,35.59405],[6.07798,35.59443],[6.0787,35.59418],[6.07921,35.59437],[6.07909,35.59378]],[[6.07688,35.59288],[6.07725,35.59267],[6.07739,35.5923],[6.07751,35.59227],[6.07824,35.5922],[6.07912,35.5924],[6.08011,35.59229],[6.08026,35.59195],[6.08061,35.59179],[6.0807,35.59101],[6.08159,35.59057],[6.08185,35.59032],[6.08157,35.5889],[6.08132,35.58849],[6.08112,35.58835],[6.0808,35.58836],[6.08052,35.58862],[6.07966,35.58876],[6.07876,35.58762],[6.07841,35.58706],[6.07835,35.58673],[6.07852,35.58651],[6.07889,35.58643],[6.07891,35.58631],[6.07862,35.58556],[6.07829,35.5854],[6.07803,35.58505],[6.07804,35.58545],[6.07768,35.5861],[6.077,35.58684],[6.07667,35.58701],[6.0765,35.5876],[6.07628,35.5877],[6.07593,35.58765],[6.07584,35.58735],[6.07556,35.58723],[6.07536,35.58748],[6.07543,35.5878],[6.07525,35.58763],[6.07492,35.58764],[6.07517,35.58799],[6.07591,35.58825],[6.07617,35.58867],[6.07552,35.58871],[6.07521,35.58923],[6.07542,35.58981],[6.07599,35.59037],[6.07582,35.5905],[6.07464,35.59038],[6.07447,35.59049],[6.07442,35.59072],[6.07455,35.59097],[6.0748,35.59101],[6.07562,35.59072],[6.076,35.59078],[6.076,35.59092],[6.07543,35.59116],[6.07571,35.59155],[6.07569,35.59173],[6.07475,35.59259],[6.07382,35.59295],[6.07368,35.59337],[6.07389,35.59348],[6.07474,35.5934],[6.07568,35.59288],[6.07672,35.59326],[6.07695,35.59314],[6.07688,35.59288]],[[6.06885,35.58555],[6.06894,35.58523],[6.0686,35.58522],[6.06858,35.58546],[6.06885,35.58555]],[[6.05993,35.58603],[6.06027,35.58533],[6.06067,35.58505],[6.06083,35.58462],[6.06069,35.58408],[6.06043,35.58412],[6.06048,35.58458],[6.05987,35.58506],[6.05957,35.58561],[6.0586,35.58586],[6.05844,35.58611],[6.05916,35.58693],[6.05933,35.58678],[6.05944,35.58627],[6.05993,35.58603]],[[6.07109,35.58478],[6.07155,35.58495],[6.07166,35.58486],[6.07164,35.58428],[6.07226,35.58324],[6.07215,35.58273],[6.07234,35.58209],[6.07154,35.58181],[6.07095,35.58138],[6.07018,35.58115],[6.06978,35.58129],[6.06911,35.5811],[6.06897,35.58131],[6.06902,35.5818],[6.07055,35.583],[6.07093,35.58381],[6.07109,35.58478]],[[6.05784,35.58259],[6.05767,35.5825],[6.05739,35.58259],[6.05731,35.58301],[6.05793,35.58288],[6.05784,35.58259]],[[6.05874,35.58298],[6.05815,35.5835],[6.05817,35.58372],[6.05842,35.58394],[6.05909,35.58357],[6.05883,35.58335],[6.05894,35.58303],[6.05874,35.58298]],[[6.06124,35.58267],[6.06143,35.58309],[6.06169,35.58309],[6.0625,35.58262],[6.06233,35.58249],[6.06202,35.58272],[6.06159,35.58252],[6.06135,35.58254],[6.06124,35.58267]],[[6.06678,35.58278],[6.06702,35.58287],[6.06725,35.58275],[6.06715,35.5824],[6.06675,35.58262],[6.06678,35.58278]],[[6.07316,35.58627],[6.07275,35.58665],[6.07273,35.5869],[6.07312,35.58674],[6.07345,35.5868],[6.07386,35.58669],[6.07316,35.58627]],[[6.06797,35.58536],[6.06772,35.58593],[6.06832,35.58592],[6.06838,35.58577],[6.06797,35.58536]],[[6.07194,35.59365],[6.07307,35.59326],[6.07308,35.59316],[6.07277,35.59303],[6.07236,35.59311],[6.07199,35.59338],[6.07194,35.59365]],[[6.08063,35.59474],[6.08029,35.59467],[6.08001,35.59531],[6.07976,35.59542],[6.07972,35.59558],[6.08002,35.59636],[6.08006,35.59685],[6.08065,35.59754],[6.08088,35.59717],[6.08108,35.59716],[6.08111,35.59705],[6.081,35.59659],[6.08107,35.59609],[6.08084,35.5959],[6.08073,35.59533],[6.08082,35.59493],[6.08063,35.59474]],[[6.07748,35.5954],[6.07718,35.59511],[6.07719,35.59476],[6.07702,35.59483],[6.07697,35.59514],[6.07667,35.5953],[6.07639,35.59525],[6.07633,35.59497],[6.07621,35.59492],[6.07572,35.59575],[6.0759,35.59592],[6.07624,35.59594],[6.07629,35.59553],[6.07671,35.59544],[6.07717,35.59564],[6.07748,35.5954]],[[6.07914,35.59639],[6.07835,35.59604],[6.07809,35.59609],[6.07832,35.59671],[6.07859,35.59689],[6.07917,35.59663],[6.07914,35.59639]],[[6.08419,35.59569],[6.08399,35.59595],[6.08391,35.59624],[6.0842,35.59608],[6.08419,35.59569]],[[6.04931,35.58388],[6.0495,35.58354],[6.05043,35.58292],[6.05033,35.5827],[6.05057,35.58228],[6.05035,35.58226],[6.05034,35.58241],[6.04972,35.58293],[6.04966,35.58326],[6.04899,35.58381],[6.04931,35.58388]],[[6.0517,35.55788],[6.05161,35.55857],[6.05186,35.55859],[6.05275,35.55793],[6.05237,35.55721],[6.05236,35.5567],[6.05271,35.55618],[6.05276,35.55583],[6.05236,35.55512],[6.05266,35.55498],[6.0525,35.55465],[6.05299,35.55439],[6.0542,35.55449],[6.05458,35.55421],[6.05481,35.5534],[6.05463,35.55317],[6.05428,35.55304],[6.05298,35.55309],[6.05226,35.55297],[6.05174,35.55267],[6.05117,35.55273],[6.04933,35.55172],[6.04937,35.552],[6.04965,35.55234],[6.04953,35.5527],[6.04956,35.5531],[6.04929,35.55333],[6.04986,35.55382],[6.04914,35.55377],[6.04767,35.55325],[6.04725,35.55334],[6.04718,35.55378],[6.04733,35.554],[6.04768,35.55414],[6.0477,35.55451],[6.04787,35.55466],[6.04891,35.55453],[6.04983,35.55486],[6.04997,35.55513],[6.04993,35.55548],[6.05022,35.55543],[6.0506,35.55512],[6.05084,35.55531],[6.05116,35.55528],[6.05137,35.55559],[6.05198,35.55562],[6.05182,35.556],[6.05202,35.5563],[6.05187,35.55669],[6.05207,35.55691],[6.05204,35.55711],[6.0519,35.55726],[6.05105,35.55745],[6.05097,35.55758],[6.05131,35.55829],[6.05159,35.55787],[6.0517,35.55788]],[[6.05784,35.55653],[6.05705,35.55705],[6.05675,35.55734],[6.05719,35.55743],[6.05727,35.55723],[6.0575,35.55736],[6.05799,35.55735],[6.05817,35.55723],[6.05764,35.55703],[6.05854,35.55697],[6.0587,35.5568],[6.05867,35.55663],[6.0583,35.55649],[6.05784,35.55653]],[[6.06354,35.5525],[6.06398,35.55236],[6.06414,35.55176],[6.06335,35.55115],[6.06318,35.55063],[6.06251,35.55097],[6.06228,35.55161],[6.06354,35.5525]],[[6.04749,35.55206],[6.04867,35.55133],[6.0486,35.5511],[6.04771,35.55146],[6.04729,35.55197],[6.04749,35.55206]],[[6.04518,35.55457],[6.04504,35.55417],[6.04486,35.55413],[6.04438,35.55413],[6.04392,35.55429],[6.04412,35.55451],[6.04492,35.55487],[6.04556,35.55503],[6.04591,35.55499],[6.04571,35.55467],[6.04518,35.55457]],[[6.04684,35.55464],[6.04659,35.55494],[6.04689,35.55509],[6.04703,35.55554],[6.0472,35.55554],[6.0471,35.55509],[6.04756,35.55515],[6.04762,35.55528],[6.048,35.55514],[6.04773,35.55499],[6.04719,35.555],[6.04704,35.55464],[6.04684,35.55464]],[[6.02018,35.54667],[6.02033,35.54649],[6.02021,35.54631],[6.02026,35.54607],[6.01991,35.54628],[6.02018,35.54667]],[[6.02222,35.54603],[6.02265,35.5459],[6.02271,35.54581],[6.02211,35.54572],[6.02205,35.54582],[6.02222,35.54603]],[[6.02182,35.54593],[6.02164,35.5456],[6.02106,35.54556],[6.02116,35.54583],[6.02182,35.54593]],[[6.01954,35.54557],[6.01937,35.54538],[6.01926,35.54544],[6.01929,35.54555],[6.01954,35.54557]],[[6.01393,35.54853],[6.01404,35.54846],[6.01409,35.54807],[6.01367,35.54809],[6.01344,35.54831],[6.01393,35.54853]],[[6.0185,35.55033],[6.01827,35.55005],[6.0184,35.54969],[6.01813,35.54928],[6.01792,35.5493],[6.01769,35.54965],[6.01739,35.54962],[6.0178,35.55005],[6.01789,35.55042],[6.01733,35.55051],[6.0174,35.5507],[6.01806,35.55084],[6.01873,35.55065],[6.01876,35.55055],[6.01837,35.55059],[6.01835,35.5504],[6.0185,35.55033]],[[6.01341,35.55176],[6.01318,35.55164],[6.01288,35.55186],[6.01209,35.55187],[6.0121,35.55203],[6.01247,35.55215],[6.01245,35.5523],[6.01261,35.55242],[6.01175,35.55268],[6.01257,35.55281],[6.01243,35.55292],[6.01256,35.55324],[6.0123,35.55337],[6.01232,35.55347],[6.01253,35.55354],[6.01263,35.55328],[6.01322,35.55326],[6.01334,35.55313],[6.01352,35.55261],[6.01347,35.55232],[6.01382,35.55191],[6.01372,35.55177],[6.01383,35.55169],[6.01341,35.55176]],[[6.01639,35.55334],[6.01668,35.55357],[6.01687,35.5531],[6.01664,35.55299],[6.01672,35.55314],[6.01643,35.55319],[6.01639,35.55334]],[[6.01456,35.55257],[6.01481,35.55239],[6.01463,35.5522],[6.0143,35.55212],[6.01439,35.55249],[6.01456,35.55257]],[[6.0274,35.56281],[6.02753,35.56268],[6.02707,35.56226],[6.02687,35.56228],[6.02668,35.56256],[6.02697,35.56275],[6.0274,35.56281]],[[6.02071,35.54519],[6.02102,35.54514],[6.02063,35.54482],[6.02005,35.54472],[6.02016,35.54503],[6.02071,35.54519]],[[6.04714,35.5444],[6.04757,35.54433],[6.0485,35.5431],[6.04912,35.54278],[6.04828,35.54228],[6.04654,35.54163],[6.04539,35.5408],[6.0444,35.54033],[6.04252,35.53974],[6.04219,35.539],[6.04066,35.53841],[6.03768,35.53698],[6.03691,35.5368],[6.03664,35.53697],[6.03857,35.53768],[6.04008,35.53871],[6.04056,35.53917],[6.04092,35.53987],[6.04213,35.54107],[6.04372,35.54124],[6.04412,35.54155],[6.04442,35.54159],[6.04483,35.5425],[6.04575,35.54237],[6.04656,35.54282],[6.04654,35.54339],[6.04608,35.54377],[6.04642,35.5442],[6.04683,35.54394],[6.04714,35.5444]],[[6.0441,35.53844],[6.04411,35.53825],[6.04445,35.53803],[6.0443,35.53797],[6.0443,35.53784],[6.0439,35.53782],[6.04365,35.53809],[6.04368,35.5382],[6.04388,35.53844],[6.0441,35.53844]],[[6.03017,35.53718],[6.0302,35.53695],[6.02999,35.5365],[6.0301,35.53641],[6.03037,35.5365],[6.03026,35.53627],[6.03064,35.53637],[6.03101,35.53617],[6.03055,35.53626],[6.03033,35.53588],[6.02977,35.53549],[6.02966,35.53543],[6.02909,35.53566],[6.02902,35.53544],[6.02848,35.53556],[6.0285,35.53584],[6.02838,35.53593],[6.02785,35.53584],[6.02714,35.53606],[6.02693,35.53591],[6.02678,35.53633],[6.02656,35.53641],[6.02677,35.53665],[6.02667,35.53682],[6.02699,35.53688],[6.02663,35.53732],[6.02607,35.53742],[6.02641,35.53755],[6.0281,35.53762],[6.02842,35.53748],[6.02851,35.53719],[6.02906,35.53759],[6.0293,35.53744],[6.02943,35.53711],[6.02938,35.53684],[6.02967,35.53686],[6.02979,35.53667],[6.03017,35.53718]],[[6.02562,35.53554],[6.02598,35.53531],[6.02539,35.53522],[6.02542,35.53553],[6.02491,35.53558],[6.02506,35.53583],[6.02528,35.5359],[6.02548,35.53581],[6.02562,35.53554]],[[6.01831,35.53567],[6.01838,35.5355],[6.01823,35.5352],[6.01775,35.53526],[6.01793,35.53583],[6.01831,35.53567]],[[6.01704,35.53521],[6.01699,35.53501],[6.0166,35.53499],[6.01664,35.53518],[6.01704,35.53521]],[[6.02238,35.53488],[6.02261,35.53485],[6.02268,35.53464],[6.02292,35.53458],[6.02279,35.53426],[6.02255,35.5343],[6.02231,35.53475],[6.02238,35.53488]],[[6.01965,35.53426],[6.01982,35.53399],[6.01956,35.53358],[6.01936,35.5337],[6.01965,35.53426]],[[6.01625,35.5352],[6.01592,35.53547],[6.01629,35.53575],[6.01655,35.53566],[6.01681,35.53592],[6.01716,35.5359],[6.0169,35.53559],[6.0166,35.53552],[6.01625,35.5352]],[[6.02159,35.53582],[6.02186,35.53627],[6.02285,35.53675],[6.02316,35.53671],[6.02343,35.53648],[6.02462,35.5363],[6.02435,35.53585],[6.02416,35.53599],[6.02341,35.53593],[6.02295,35.53571],[6.0224,35.53588],[6.02195,35.53571],[6.02159,35.53582]],[[6.0175,35.53591],[6.01743,35.53556],[6.01721,35.53561],[6.01735,35.53585],[6.0175,35.53591]],[[6.03117,35.5374],[6.03193,35.53844],[6.03229,35.53847],[6.03201,35.53831],[6.03198,35.53783],[6.03138,35.53731],[6.03117,35.5374]],[[6.02883,35.53827],[6.02884,35.53818],[6.02829,35.53789],[6.02796,35.53802],[6.02819,35.53821],[6.02883,35.53827]],[[6.0335,35.54224],[6.03376,35.54206],[6.03396,35.54156],[6.03382,35.54132],[6.03322,35.54094],[6.03317,35.54053],[6.03328,35.54024],[6.03357,35.54015],[6.03389,35.53972],[6.03377,35.53955],[6.03298,35.53921],[6.03258,35.5393],[6.03239,35.53952],[6.03246,35.53979],[6.03286,35.54028],[6.03241,35.54008],[6.03212,35.54018],[6.03187,35.53993],[6.0316,35.53999],[6.03211,35.54039],[6.03196,35.54072],[6.03178,35.5404],[6.0313,35.54039],[6.03193,35.54151],[6.03255,35.54174],[6.03266,35.54193],[6.03301,35.5418],[6.03296,35.54214],[6.03309,35.54229],[6.0335,35.54224]],[[6.0196,35.54439],[6.01893,35.5438],[6.01876,35.54376],[6.019,35.54426],[6.0196,35.54439]],[[6.0191,35.5448],[6.01877,35.54472],[6.01913,35.54506],[6.0191,35.5448]],[[6.03532,35.53199],[6.03586,35.53186],[6.0351,35.53168],[6.03473,35.53184],[6.03443,35.53166],[6.03354,35.5316],[6.03319,35.53136],[6.03243,35.53127],[6.0326,35.53151],[6.03311,35.53152],[6.03314,35.53166],[6.03357,35.53184],[6.03532,35.53199]],[[6.23832,35.63317],[6.23824,35.63279],[6.23784,35.63259],[6.23743,35.63295],[6.23774,35.63309],[6.23771,35.63332],[6.23752,35.63343],[6.23762,35.63352],[6.23749,35.6338],[6.23767,35.63384],[6.23817,35.63347],[6.23814,35.63333],[6.23782,35.63315],[6.23832,35.63317]],[[6.21695,35.63791],[6.21536,35.63787],[6.2153,35.638],[6.21493,35.63805],[6.21569,35.63835],[6.21581,35.63855],[6.21606,35.63865],[6.21619,35.63842],[6.21672,35.63841],[6.21696,35.63817],[6.21686,35.63807],[6.21695,35.63791]],[[6.2045,35.64008],[6.20436,35.64021],[6.20453,35.64032],[6.20482,35.64031],[6.20492,35.64019],[6.2045,35.64008]],[[6.20685,35.64112],[6.20736,35.64107],[6.20716,35.64092],[6.20688,35.64097],[6.20685,35.64112]],[[6.2187,35.64345],[6.21843,35.64349],[6.21829,35.6437],[6.21839,35.64376],[6.21851,35.64366],[6.21849,35.64381],[6.21869,35.64369],[6.21895,35.64385],[6.21921,35.64377],[6.21903,35.64351],[6.21889,35.6436],[6.2187,35.64345]],[[6.21866,35.64418],[6.21802,35.64402],[6.21793,35.64414],[6.21832,35.64442],[6.21848,35.64436],[6.21862,35.64459],[6.21878,35.64446],[6.21866,35.64418]]]}},{"type":"Feature","properties":{"id":"0","Name":"0"},"geometry":{"type":"Polygon","coordinates":[[[6.12211,35.61935],[6.12206,35.61943],[6.12199,35.61925],[6.12211,35.61935]]]}},{"type":"Feature","properties":{"id":"0","Name":"0"},"geometry":{"type":"Polygon","coordinates":[[[6.12224,35.61969],[6.12222,35.61981],[6.12213,35.61959],[6.12224,35.61969]]]}},{"type":"Feature","properties":{"id":"0","Name":"0"},"geometry":{"type":"Polygon","coordinates":[[[6.12159,35.62075],[6.1216,35.62078],[6.12158,35.62076],[6.12159,35.62075]]]}},{"type":"Feature","properties":{"id":"0","Name":"0"},"geometry":{"type":"Polygon","coordinates":[[[6.12177,35.6208],[6.12178,35.62092],[6.12165,35.62082],[6.12177,35.6208]]]}},{"type":"Feature","properties":{"id":"0","Name":"0"},"geometry":{"type":"Polygon","coordinates":[[[6.13387,35.62909],[6.13335,35.62873],[6.13384,35.62871],[6.13404,35.62892],[6.13387,35.62909]]]}},{"type":"Feature","properties":{"id":"0","Name":"0"},"geometry":{"type":"Polygon","coordinates":[[[6.13607,35.63099],[6.13516,35.63044],[6.13557,35.63064],[6.13593,35.63027],[6.13623,35.63022],[6.13605,35.63045],[6.13624,35.63069],[6.13607,35.63099]]]}},{"type":"Feature","properties":{"id":"0","Name":"0"},"geometry":{"type":"Polygon","coordinates":[[[6.12832,35.63543],[6.12835,35.63543],[6.12831,35.63542],[6.12832,35.63543]]]}},{"type":"Feature","properties":{"id":"0","Name":"0"},"geometry":{"type":"Polygon","coordinates":[[[6.12479,35.63414],[6.12773,35.63524],[6.12666,35.63528],[6.1262,35.63512],[6.12497,35.63432],[6.12142,35.63249],[6.12071,35.63169],[6.12035,35.63068],[6.12038,35.6303],[6.12094,35.63012],[6.12169,35.6301],[6.12144,35.62985],[6.12272,35.62948],[6.12301,35.62889],[6.12274,35.62895],[6.12229,35.62936],[6.12157,35.62959],[6.12083,35.62962],[6.12046,35.62939],[6.12156,35.62955],[6.12266,35.62895],[6.1233,35.62867],[6.12414,35.62843],[6.12593,35.62914],[6.12573,35.62931],[6.12626,35.62945],[6.12668,35.62986],[6.12635,35.63006],[6.1262,35.6301],[6.12607,35.63011],[6.12424,35.62985],[6.12357,35.62985],[6.12334,35.63006],[6.1237,35.6303],[6.12448,35.63043],[6.12493,35.63068],[6.12534,35.63061],[6.1256,35.63087],[6.1254,35.6308],[6.1252,35.63097],[6.1241,35.63075],[6.12269,35.63069],[6.12166,35.63105],[6.12137,35.63144],[6.12293,35.63274],[6.12381,35.63299],[6.12462,35.63281],[6.12471,35.63316],[6.1245,35.6338],[6.12479,35.63414]],[[6.12599,35.62943],[6.12586,35.62948],[6.12595,35.62988],[6.12628,35.63008],[6.12639,35.62992],[6.12634,35.62973],[6.12599,35.62943]]]}},{"type":"Feature","properties":{"id":"0","Name":"0"},"geometry":{"type":"Polygon","coordinates":[[[6.12605,35.63118],[6.12588,35.63104],[6.12619,35.63104],[6.12636,35.63076],[6.12648,35.63088],[6.1264,35.63111],[6.12605,35.63118]]]}},{"type":"Feature","properties":{"id":"0","Name":"0"},"geometry":{"type":"Polygon","coordinates":[[[6.12554,35.63045],[6.12593,35.63052],[6.12604,35.63056],[6.12554,35.63045]]]}},{"type":"Feature","properties":{"id":"0","Name":"0"},"geometry":{"type":"Polygon","coordinates":[[[6.11888,35.63071],[6.11894,35.63067],[6.11885,35.63074],[6.11888,35.63071]]]}},{"type":"Feature","properties":{"id":"0","Name":"0"},"geometry":{"type":"Polygon","coordinates":[[[6.11867,35.6309],[6.11867,35.63089],[6.11865,35.63094],[6.11867,35.6309]]]}},{"type":"Feature","properties":{"id":"0","Name":"0"},"geometry":{"type":"Polygon","coordinates":[[[6.11863,35.63217],[6.11852,35.63157],[6.11866,35.63223],[6.11863,35.63217]]]}},{"type":"Feature","properties":{"id":"0","Name":"0"},"geometry":{"type":"Polygon","coordinates":[[[6.11921,35.63307],[6.11879,35.63245],[6.11931,35.63316],[6.11921,35.63307]]]}},{"type":"Feature","properties":{"id":"0","Name":"0"},"geometry":{"type":"Polygon","coordinates":[[[6.11943,35.63328],[6.11934,35.6332],[6.11958,35.63333],[6.11943,35.63328]]]}},{"type":"Feature","properties":{"id":"0","Name":"0"},"geometry":{"type":"Polygon","coordinates":[[[6.12065,35.63372],[6.12017,35.6336],[6.11994,35.63348],[6.12065,35.63372]]]}},{"type":"Feature","properties":{"id":"0","Name":"0"},"geometry":{"type":"Polygon","coordinates":[[[6.12195,35.63409],[6.12178,35.63403],[6.12212,35.63413],[6.12195,35.63409]]]}},{"type":"Feature","properties":{"id":"0","Name":"0"},"geometry":{"type":"Polygon","coordinates":[[[6.12351,35.63451],[6.12376,35.63462],[6.1234,35.63448],[6.12351,35.63451]]]}},{"type":"Feature","properties":{"id":"0","Name":"0"},"geometry":{"type":"Polygon","coordinates":[[[6.12468,35.63503],[6.12428,35.63484],[6.12501,35.63515],[6.12468,35.63503]]]}},{"type":"Feature","properties":{"id":"0","Name":"0"},"geometry":{"type":"Polygon","coordinates":[[[6.12915,35.63642],[6.12912,35.63642],[6.12911,35.63642],[6.12915,35.63642]]]}},{"type":"Feature","properties":{"id":"0","Name":"0"},"geometry":{"type":"Polygon","coordinates":[[[6.13057,35.63681],[6.13035,35.63677],[6.1307,35.63683],[6.13057,35.63681]]]}},{"type":"Feature","properties":{"id":"0","Name":"0"},"geometry":{"type":"Polygon","coordinates":[[[6.04091,35.55812],[6.04087,35.5581],[6.04091,35.55812],[6.04091,35.55812]]]}},{"type":"Feature","properties":{"id":"0","Name":"0"},"geometry":{"type":"Polygon","coordinates":[[[6.04068,35.55805],[6.04064,35.55801],[6.04073,35.55806],[6.04068,35.55805]]]}},{"type":"Feature","properties":{"id":"0","Name":"0"},"geometry":{"type":"Polygon","coordinates":[[[6.04063,35.558],[6.04062,35.558],[6.04062,35.558],[6.04063,35.558]]]}},{"type":"Feature","properties":{"id":"0","Name":"0"},"geometry":{"type":"Polygon","coordinates":[[[6.03908,35.55744],[6.04055,35.55797],[6.03883,35.55742],[6.03798,35.55692],[6.03709,35.55702],[6.03698,35.55688],[6.03631,35.55686],[6.03752,35.55671],[6.03846,35.55681],[6.03908,35.55744]]]}},{"type":"Feature","properties":{"id":"0","Name":"0"},"geometry":{"type":"MultiPolygon","coordinates":[[[[6.01822,35.55657],[6.01822,35.55657],[6.01822,35.55657],[6.01822,35.55657]]],[[[6.01822,35.55657],[6.01822,35.55657],[6.01822,35.55657],[6.01822,35.55657]]]]}},{"type":"Feature","properties":{"id":"0","Name":"0"},"geometry":{"type":"Polygon","coordinates":[[[6.01775,35.55636],[6.01775,35.55636],[6.01775,35.55636],[6.01775,35.55636]]]}},{"type":"Feature","properties":{"id":"0","Name":"0"},"geometry":{"type":"MultiPolygon","coordinates":[[[[6.01765,35.55634],[6.01765,35.55634],[6.01765,35.55634],[6.01765,35.55634]]],[[[6.01767,35.55634],[6.01765,35.55634],[6.01767,35.55634],[6.01767,35.55634]]]]}},{"type":"Feature","properties":{"id":"0","Name":"0"},"geometry":{"type":"Polygon","coordinates":[[[6.01756,35.55634],[6.01756,35.55634],[6.01756,35.55634],[6.01756,35.55634]]]}},{"type":"Feature","properties":{"id":"0","Name":"0"},"geometry":{"type":"Polygon","coordinates":[[[6.01746,35.55638],[6.01746,35.55638],[6.01746,35.55638],[6.01746,35.55638]]]}},{"type":"Feature","properties":{"id":"0","Name":"0"},"geometry":{"type":"Polygon","coordinates":[[[6.01749,35.5564],[6.01749,35.5564],[6.01749,35.5564],[6.01749,35.5564]]]}},{"type":"Feature","properties":{"id":"0","Name":"0"},"geometry":{"type":"Polygon","coordinates":[[[6.03651,35.55014],[6.03677,35.55017],[6.03677,35.55018],[6.03662,35.55018],[6.03651,35.55014]]]}},{"type":"Feature","properties":{"id":"0","Name":"0"},"geometry":{"type":"MultiPolygon","coordinates":[[[[6.03629,35.55006],[6.03629,35.55006],[6.03629,35.55006],[6.03629,35.55006]]],[[[6.03629,35.55006],[6.03629,35.55006],[6.03629,35.55006],[6.03629,35.55006]]],[[[6.03614,35.55003],[6.03626,35.55007],[6.03627,35.55006],[6.03625,35.55007],[6.03621,35.55008],[6.03614,35.55003]]]]}},{"type":"Feature","properties":{"id":"0","Name":"0"},"geometry":{"type":"Polygon","coordinates":[[[6.03611,35.54998],[6.03611,35.54998],[6.03611,35.54998],[6.03611,35.54998]]]}},{"type":"Feature","properties":{"id":"0","Name":"0"},"geometry":{"type":"Polygon","coordinates":[[[6.03593,35.55008],[6.03604,35.55006],[6.03595,35.55008],[6.03593,35.55008]]]}},{"type":"Feature","properties":{"id":"0","Name":"0"},"geometry":{"type":"Polygon","coordinates":[[[6.04347,35.54922],[6.04347,35.54922],[6.04347,35.54922],[6.04347,35.54922]]]}},{"type":"Feature","properties":{"id":"0","Name":"0"},"geometry":{"type":"Polygon","coordinates":[[[6.04353,35.54936],[6.04342,35.5494],[6.0435,35.54925],[6.04353,35.54936]]]}},{"type":"Feature","properties":{"id":"0","Name":"0"},"geometry":{"type":"Polygon","coordinates":[[[6.04337,35.54942],[6.04337,35.54942],[6.04337,35.54941],[6.04337,35.54942]],[[6.04337,35.54941],[6.04337,35.54941],[6.04337,35.54941],[6.04337,35.54941]]]}},{"type":"Feature","properties":{"id":"0","Name":"0"},"geometry":{"type":"Polygon","coordinates":[[[6.04329,35.54945],[6.04328,35.54946],[6.04329,35.54945],[6.04329,35.54945]]]}},{"type":"Feature","properties":{"id":"0","Name":"0"},"geometry":{"type":"Polygon","coordinates":[[[6.09026,35.60737],[6.09029,35.60739],[6.09024,35.60737],[6.09026,35.60737]]]}},{"type":"Feature","properties":{"id":"0","Name":"0"},"geometry":{"type":"MultiPolygon","coordinates":[[[[6.09041,35.60744],[6.09043,35.60745],[6.09039,35.60744],[6.09041,35.60744]]],[[[6.09047,35.60748],[6.09047,35.60748],[6.09045,35.60746],[6.09047,35.60748]]]]}},{"type":"Feature","properties":{"id":"0","Name":"0"},"geometry":{"type":"Polygon","coordinates":[[[6.09059,35.60753],[6.09061,35.60754],[6.09059,35.60753],[6.09059,35.60753]]]}},{"type":"Feature","properties":{"id":"0","Name":"0"},"geometry":{"type":"Polygon","coordinates":[[[6.0907,35.60762],[6.0907,35.60772],[6.09063,35.60755],[6.0907,35.60762]]]}},{"type":"Feature","properties":{"id":"0","Name":"0"},"geometry":{"type":"Polygon","coordinates":[[[6.09071,35.60787],[6.09071,35.60787],[6.09071,35.60787],[6.09071,35.60787]]]}},{"type":"Feature","properties":{"id":"0","Name":"0"},"geometry":{"type":"Polygon","coordinates":[[[6.09081,35.60789],[6.09083,35.60789],[6.09083,35.60789],[6.09081,35.60789]]]}},{"type":"Feature","properties":{"id":"0","Name":"0"},"geometry":{"type":"Polygon","coordinates":[[[6.0909,35.6079],[6.09092,35.60791],[6.09092,35.60791],[6.0909,35.6079]]]}},{"type":"Feature","properties":{"id":"0","Name":"0"},"geometry":{"type":"MultiPolygon","coordinates":[[[[6.091,35.60792],[6.09102,35.60792],[6.09102,35.60792],[6.091,35.60792]]],[[[6.09098,35.60792],[6.091,35.60792],[6.09098,35.60792],[6.09098,35.60792]]]]}},{"type":"Feature","properties":{"id":"0","Name":"0"},"geometry":{"type":"MultiPolygon","coordinates":[[[[6.09109,35.60789],[6.09111,35.60789],[6.09111,35.60789],[6.09109,35.60789]]],[[[6.09109,35.6079],[6.09109,35.60789],[6.09109,35.6079],[6.09109,35.6079]]]]}},{"type":"Feature","properties":{"id":"0","Name":"0"},"geometry":{"type":"Polygon","coordinates":[[[6.09186,35.60802],[6.09147,35.60797],[6.09114,35.60788],[6.09149,35.60788],[6.09186,35.60802]]]}},{"type":"Feature","properties":{"id":"0","Name":"0"},"geometry":{"type":"Polygon","coordinates":[[[6.09191,35.60807],[6.09194,35.6081],[6.09194,35.6081],[6.09191,35.60807]]]}},{"type":"Feature","properties":{"id":"0","Name":"0"},"geometry":{"type":"Polygon","coordinates":[[[6.09244,35.60834],[6.09221,35.60827],[6.09255,35.60833],[6.09298,35.6083],[6.09309,35.60832],[6.09341,35.60831],[6.09348,35.60831],[6.09349,35.60832],[6.09244,35.60834]]]}},{"type":"Feature","properties":{"id":"0","Name":"0"},"geometry":{"type":"Polygon","coordinates":[[[6.09355,35.60834],[6.09355,35.60834],[6.09354,35.60834],[6.09355,35.60834]]]}},{"type":"Feature","properties":{"id":"0","Name":"0"},"geometry":{"type":"Polygon","coordinates":[[[6.0936,35.60838],[6.09361,35.6084],[6.0936,35.60838],[6.0936,35.60838]]]}},{"type":"Feature","properties":{"id":"0","Name":"0"},"geometry":{"type":"Polygon","coordinates":[[[6.09365,35.60846],[6.09365,35.60846],[6.09364,35.60846],[6.09365,35.60846]]]}},{"type":"Feature","properties":{"id":"0","Name":"0"},"geometry":{"type":"MultiPolygon","coordinates":[[[[6.0937,35.60854],[6.0937,35.60854],[6.09368,35.60852],[6.0937,35.60854]]],[[[6.09366,35.60848],[6.09366,35.60849],[6.09366,35.60848],[6.09366,35.60848]]]]}},{"type":"Feature","properties":{"id":"0","Name":"0"},"geometry":{"type":"Polygon","coordinates":[[[6.09398,35.60852],[6.09398,35.60852],[6.09398,35.60852],[6.09398,35.60852]]]}},{"type":"Feature","properties":{"id":"0","Name":"0"},"geometry":{"type":"Polygon","coordinates":[[[6.09406,35.60849],[6.09406,35.60849],[6.09405,35.6085],[6.09406,35.60849]]]}},{"type":"Feature","properties":{"id":"0","Name":"0"},"geometry":{"type":"MultiPolygon","coordinates":[[[[6.09414,35.6085],[6.09414,35.6085],[6.09412,35.6085],[6.09414,35.6085]]],[[[6.09426,35.60854],[6.09426,35.60854],[6.09425,35.60854],[6.09426,35.60854]]]]}},{"type":"Feature","properties":{"id":"0","Name":"0"},"geometry":{"type":"Polygon","coordinates":[[[6.09431,35.60852],[6.09433,35.6085],[6.09431,35.60852],[6.09431,35.60852]]]}},{"type":"Feature","properties":{"id":"0","Name":"0"},"geometry":{"type":"MultiPolygon","coordinates":[[[[6.09747,35.61072],[6.09747,35.61072],[6.09745,35.61072],[6.09747,35.61072]]],[[[6.09742,35.61071],[6.09744,35.61072],[6.09742,35.61071],[6.09742,35.61071]]]]}},{"type":"Feature","properties":{"id":"0","Name":"0"},"geometry":{"type":"Polygon","coordinates":[[[6.09752,35.61077],[6.09753,35.61078],[6.09752,35.61077],[6.09752,35.61077]]]}},{"type":"Feature","properties":{"id":"0","Name":"0"},"geometry":{"type":"Polygon","coordinates":[[[6.09757,35.61091],[6.09759,35.61093],[6.09759,35.61093],[6.09757,35.61091],[6.09757,35.61091]]]}},{"type":"Feature","properties":{"id":"0","Name":"0"},"geometry":{"type":"Polygon","coordinates":[[[6.09761,35.61094],[6.09765,35.61097],[6.09761,35.61094],[6.09761,35.61094]]]}},{"type":"Feature","properties":{"id":"0","Name":"0"},"geometry":{"type":"Polygon","coordinates":[[[6.09776,35.61096],[6.09777,35.61095],[6.09777,35.61095],[6.09776,35.61096]]]}},{"type":"Feature","properties":{"id":"0","Name":"0"},"geometry":{"type":"MultiPolygon","coordinates":[[[[6.09782,35.61089],[6.09782,35.61089],[6.09781,35.61091],[6.09782,35.61089]]],[[[6.09779,35.61093],[6.09781,35.61091],[6.09779,35.61093],[6.09779,35.61093]]]]}},{"type":"Feature","properties":{"id":"0","Name":"0"},"geometry":{"type":"Polygon","coordinates":[[[6.09785,35.61084],[6.09785,35.61083],[6.09785,35.61083],[6.09785,35.61084]]]}},{"type":"Feature","properties":{"id":"0","Name":"0"},"geometry":{"type":"Polygon","coordinates":[[[6.09802,35.61077],[6.09802,35.61077],[6.098,35.61077],[6.09802,35.61077]]]}},{"type":"Feature","properties":{"id":"0","Name":"0"},"geometry":{"type":"Polygon","coordinates":[[[6.09814,35.61076],[6.09816,35.61076],[6.09814,35.61076],[6.09814,35.61076]]]}},{"type":"Feature","properties":{"id":"0","Name":"0"},"geometry":{"type":"MultiPolygon","coordinates":[[[[6.09817,35.61073],[6.09818,35.61069],[6.09818,35.61071],[6.09817,35.61073]]],[[[6.09816,35.61076],[6.09817,35.61073],[6.09816,35.61076],[6.09816,35.61076]]]]}},{"type":"Feature","properties":{"id":"0","Name":"0"},"geometry":{"type":"Polygon","coordinates":[[[6.09819,35.61066],[6.0982,35.61064],[6.0982,35.61064],[6.0982,35.61065],[6.09819,35.61066]]]}},{"type":"Feature","properties":{"id":"0","Name":"0"},"geometry":{"type":"MultiPolygon","coordinates":[[[[6.09825,35.61055],[6.09826,35.61052],[6.09825,35.61055],[6.09825,35.61055]]],[[[6.0984,35.61045],[6.09834,35.61046],[6.0983,35.61048],[6.0984,35.61045]]]]}},{"type":"Feature","properties":{"id":"0","Name":"0"},"geometry":{"type":"Polygon","coordinates":[[[6.09856,35.61035],[6.09856,35.61033],[6.09856,35.61033],[6.09856,35.61035]]]}},{"type":"Feature","properties":{"id":"0","Name":"0"},"geometry":{"type":"Polygon","coordinates":[[[6.10226,35.61032],[6.10227,35.61035],[6.10227,35.61035],[6.10226,35.61032]]]}},{"type":"Feature","properties":{"id":"0","Name":"0"},"geometry":{"type":"Polygon","coordinates":[[[6.10227,35.61036],[6.10231,35.61041],[6.1023,35.6104],[6.10227,35.61036],[6.10227,35.61036]]]}},{"type":"Feature","properties":{"id":"0","Name":"0"},"geometry":{"type":"Polygon","coordinates":[[[6.10251,35.61055],[6.10251,35.61055],[6.10249,35.61054],[6.10251,35.61055]]]}},{"type":"Feature","properties":{"id":"0","Name":"0"},"geometry":{"type":"Polygon","coordinates":[[[6.10667,35.61212],[6.10658,35.61208],[6.10682,35.61199],[6.10667,35.61212]]]}},{"type":"Feature","properties":{"id":"0","Name":"0"},"geometry":{"type":"Polygon","coordinates":[[[6.10636,35.61197],[6.10636,35.61197],[6.10636,35.61197],[6.10636,35.61197]]]}},{"type":"Feature","properties":{"id":"0","Name":"0"},"geometry":{"type":"Polygon","coordinates":[[[6.10611,35.61218],[6.10612,35.61219],[6.10611,35.61218],[6.10611,35.61218]]]}},{"type":"Feature","properties":{"id":"0","Name":"0"},"geometry":{"type":"Polygon","coordinates":[[[6.10621,35.61229],[6.10624,35.61232],[6.1062,35.61227],[6.10621,35.61229]]]}},{"type":"Feature","properties":{"id":"0","Name":"0"},"geometry":{"type":"Polygon","coordinates":[[[6.10627,35.61239],[6.10627,35.61239],[6.10626,35.61238],[6.10627,35.61239]]]}},{"type":"Feature","properties":{"id":"0","Name":"0"},"geometry":{"type":"Polygon","coordinates":[[[6.10626,35.61242],[6.10621,35.61248],[6.10627,35.61241],[6.10626,35.61242]]]}},{"type":"Feature","properties":{"id":"0","Name":"0"},"geometry":{"type":"Polygon","coordinates":[[[6.10598,35.61267],[6.10598,35.6127],[6.10598,35.61267],[6.10598,35.61267]]]}},{"type":"Feature","properties":{"id":"0","Name":"0"},"geometry":{"type":"MultiPolygon","coordinates":[[[[6.10535,35.61319],[6.10535,35.61319],[6.10535,35.61318],[6.10535,35.61319]]],[[[6.10535,35.61319],[6.10535,35.61319],[6.10535,35.61319],[6.10535,35.61319]]]]}},{"type":"Feature","properties":{"id":"0","Name":"0"},"geometry":{"type":"Polygon","coordinates":[[[6.10539,35.61323],[6.10539,35.61323],[6.10537,35.61323],[6.10539,35.61323]]]}},{"type":"Feature","properties":{"id":"0","Name":"0"},"geometry":{"type":"MultiPolygon","coordinates":[[[[6.10554,35.6134],[6.10553,35.61339],[6.10552,35.61336],[6.10554,35.6134]]],[[[6.1055,35.61333],[6.10551,35.61335],[6.1055,35.61333],[6.1055,35.61333]]]]}},{"type":"Feature","properties":{"id":"0","Name":"0"},"geometry":{"type":"Polygon","coordinates":[[[6.10564,35.61349],[6.10566,35.61349],[6.10566,35.61349],[6.10564,35.61349]]]}},{"type":"Feature","properties":{"id":"0","Name":"0"},"geometry":{"type":"Polygon","coordinates":[[[6.10573,35.61351],[6.10575,35.61351],[6.10573,35.61351],[6.10573,35.61351]]]}},{"type":"Feature","properties":{"id":"0","Name":"0"},"geometry":{"type":"Polygon","coordinates":[[[6.10596,35.61351],[6.10597,35.61352],[6.10597,35.61352],[6.10596,35.61351]]]}},{"type":"Feature","properties":{"id":"0","Name":"0"},"geometry":{"type":"Polygon","coordinates":[[[6.10601,35.6136],[6.10602,35.61361],[6.10601,35.6136],[6.10601,35.61359],[6.10601,35.6136]]]}},{"type":"Feature","properties":{"id":"0","Name":"0"},"geometry":{"type":"Polygon","coordinates":[[[6.10612,35.61376],[6.10614,35.61376],[6.10612,35.61376],[6.10612,35.61376]]]}},{"type":"Feature","properties":{"id":"0","Name":"0"},"geometry":{"type":"MultiPolygon","coordinates":[[[[6.10637,35.61363],[6.10637,35.61363],[6.10637,35.61365],[6.10637,35.61363]]],[[[6.10635,35.61368],[6.10636,35.61366],[6.10635,35.61368],[6.10635,35.61368]]]]}},{"type":"Feature","properties":{"id":"0","Name":"0"},"geometry":{"type":"Polygon","coordinates":[[[6.1064,35.61357],[6.10642,35.61352],[6.10642,35.61352],[6.1064,35.61357]]]}},{"type":"Feature","properties":{"id":"0","Name":"0"},"geometry":{"type":"MultiPolygon","coordinates":[[[[6.10647,35.6134],[6.10647,35.6134],[6.10647,35.61341],[6.10647,35.6134]]],[[[6.10652,35.61336],[6.10652,35.61336],[6.10651,35.61337],[6.10652,35.61336]]]]}},{"type":"Feature","properties":{"id":"0","Name":"0"},"geometry":{"type":"Polygon","coordinates":[[[6.10703,35.6136],[6.1068,35.61332],[6.10655,35.61333],[6.10675,35.61321],[6.10701,35.61334],[6.10752,35.61336],[6.10778,35.61362],[6.10703,35.6136]]]}},{"type":"Feature","properties":{"id":"0","Name":"0"},"geometry":{"type":"Polygon","coordinates":[[[6.10788,35.61381],[6.10788,35.61381],[6.10786,35.61379],[6.10788,35.61381]]]}},{"type":"Feature","properties":{"id":"0","Name":"0"},"geometry":{"type":"Polygon","coordinates":[[[6.10798,35.61388],[6.10802,35.61389],[6.10796,35.61388],[6.10798,35.61388]]]}},{"type":"Feature","properties":{"id":"0","Name":"0"},"geometry":{"type":"MultiPolygon","coordinates":[[[[6.10812,35.61387],[6.10812,35.61387],[6.1081,35.61389],[6.10812,35.61387]]],[[[6.10806,35.61389],[6.1081,35.61389],[6.10806,35.61389],[6.10806,35.61389]]]]}},{"type":"Feature","properties":{"id":"0","Name":"0"},"geometry":{"type":"Polygon","coordinates":[[[6.10816,35.61386],[6.10819,35.61383],[6.10816,35.61386],[6.10816,35.61386]]]}},{"type":"Feature","properties":{"id":"0","Name":"0"},"geometry":{"type":"Polygon","coordinates":[[[6.10823,35.61379],[6.10823,35.61379],[6.10822,35.61379],[6.10823,35.61379]]]}},{"type":"Feature","properties":{"id":"0","Name":"0"},"geometry":{"type":"Polygon","coordinates":[[[6.10842,35.61379],[6.10842,35.61379],[6.10827,35.61375],[6.10838,35.61373],[6.10842,35.61379]]]}},{"type":"Feature","properties":{"id":"0","Name":"0"},"geometry":{"type":"Polygon","coordinates":[[[6.10838,35.61406],[6.10839,35.61408],[6.10838,35.61406],[6.10838,35.61406]]]}},{"type":"Feature","properties":{"id":"0","Name":"0"},"geometry":{"type":"Polygon","coordinates":[[[6.10847,35.61413],[6.10847,35.61413],[6.10846,35.61412],[6.10847,35.61413]]]}},{"type":"Feature","properties":{"id":"0","Name":"0"},"geometry":{"type":"Polygon","coordinates":[[[6.10855,35.61416],[6.10858,35.61418],[6.10858,35.61418],[6.10855,35.61416]]]}},{"type":"Feature","properties":{"id":"0","Name":"0"},"geometry":{"type":"Polygon","coordinates":[[[6.10864,35.6142],[6.10865,35.61421],[6.10864,35.6142],[6.10864,35.6142]]]}},{"type":"Feature","properties":{"id":"0","Name":"0"},"geometry":{"type":"MultiPolygon","coordinates":[[[[6.10872,35.61424],[6.10874,35.61425],[6.10873,35.61424],[6.10872,35.61424]]],[[[6.10876,35.61425],[6.10877,35.61426],[6.10876,35.61425],[6.10876,35.61425]]]]}},{"type":"Feature","properties":{"id":"0","Name":"0"},"geometry":{"type":"Polygon","coordinates":[[[6.10886,35.61431],[6.10886,35.61431],[6.10884,35.61431],[6.10886,35.61431]]]}},{"type":"Feature","properties":{"id":"0","Name":"0"},"geometry":{"type":"MultiPolygon","coordinates":[[[[6.10895,35.61423],[6.10895,35.61423],[6.10893,35.61425],[6.10895,35.61423]]],[[[6.10892,35.61426],[6.10893,35.61425],[6.10892,35.61426],[6.10892,35.61426]]]]}},{"type":"Feature","properties":{"id":"0","Name":"0"},"geometry":{"type":"MultiPolygon","coordinates":[[[[6.10904,35.6142],[6.10904,35.6142],[6.10903,35.61419],[6.10904,35.6142]]],[[[6.10898,35.61421],[6.10901,35.61419],[6.10896,35.61423],[6.10898,35.61421]]]]}},{"type":"Feature","properties":{"id":"0","Name":"0"},"geometry":{"type":"Polygon","coordinates":[[[6.10906,35.6142],[6.10907,35.6142],[6.10906,35.6142],[6.10906,35.6142]]]}},{"type":"Feature","properties":{"id":"0","Name":"0"},"geometry":{"type":"Polygon","coordinates":[[[6.1091,35.61423],[6.1091,35.61423],[6.1091,35.61423],[6.1091,35.61423],[6.1091,35.61423]]]}},{"type":"Feature","properties":{"id":"0","Name":"0"},"geometry":{"type":"Polygon","coordinates":[[[6.10917,35.61433],[6.10917,35.61433],[6.10917,35.61433],[6.10917,35.61433]]]}},{"type":"Feature","properties":{"id":"0","Name":"0"},"geometry":{"type":"MultiPolygon","coordinates":[[[[6.10944,35.6142],[6.10944,35.6142],[6.10943,35.61421],[6.10944,35.6142]]],[[[6.10938,35.61424],[6.10937,35.61425],[6.10941,35.61422],[6.10938,35.61424]]]]}},{"type":"Feature","properties":{"id":"0","Name":"0"},"geometry":{"type":"MultiPolygon","coordinates":[[[[6.10948,35.61418],[6.10952,35.61416],[6.10948,35.61418],[6.10948,35.61418]]],[[[6.10957,35.61414],[6.10957,35.61414],[6.10955,35.61414],[6.10957,35.61414]]]]}},{"type":"Feature","properties":{"id":"0","Name":"0"},"geometry":{"type":"Polygon","coordinates":[[[6.10965,35.61416],[6.10966,35.61416],[6.10963,35.61415],[6.10965,35.61416]]]}},{"type":"Feature","properties":{"id":"0","Name":"0"},"geometry":{"type":"Polygon","coordinates":[[[6.10985,35.61424],[6.10985,35.61424],[6.10983,35.61423],[6.10985,35.61424]]]}},{"type":"Feature","properties":{"id":"0","Name":"0"},"geometry":{"type":"Polygon","coordinates":[[[6.10988,35.61425],[6.10989,35.61426],[6.10988,35.61425],[6.10988,35.61425]]]}},{"type":"Feature","properties":{"id":"0","Name":"0"},"geometry":{"type":"MultiPolygon","coordinates":[[[[6.11006,35.61435],[6.11006,35.61436],[6.11006,35.61435],[6.11006,35.61435]]],[[[6.11005,35.61435],[6.11006,35.61435],[6.11005,35.61435],[6.11005,35.61435]]]]}},{"type":"Feature","properties":{"id":"0","Name":"0"},"geometry":{"type":"Polygon","coordinates":[[[6.11037,35.61447],[6.11037,35.61447],[6.11034,35.61447],[6.11037,35.61447]]]}},{"type":"Feature","properties":{"id":"0","Name":"0"},"geometry":{"type":"MultiPolygon","coordinates":[[[[6.11043,35.61443],[6.11043,35.61443],[6.11041,35.61445],[6.11043,35.61443]]],[[[6.11037,35.61447],[6.1104,35.61446],[6.11037,35.61447],[6.11037,35.61447]]]]}},{"type":"Feature","properties":{"id":"0","Name":"0"},"geometry":{"type":"Polygon","coordinates":[[[6.1107,35.61443],[6.10979,35.61404],[6.10965,35.61384],[6.10975,35.61378],[6.11048,35.61418],[6.1107,35.61443]]]}},{"type":"Feature","properties":{"id":"0","Name":"0"},"geometry":{"type":"Polygon","coordinates":[[[6.11078,35.61458],[6.11078,35.61458],[6.11078,35.61457],[6.11078,35.61458]]]}},{"type":"Feature","properties":{"id":"0","Name":"0"},"geometry":{"type":"MultiPolygon","coordinates":[[[[6.11081,35.61462],[6.11081,35.61463],[6.11081,35.61462],[6.11081,35.61462]]],[[[6.11081,35.61462],[6.11081,35.61462],[6.1108,35.6146],[6.11081,35.61462]]]]}},{"type":"Feature","properties":{"id":"0","Name":"0"},"geometry":{"type":"Polygon","coordinates":[[[6.11095,35.61483],[6.11093,35.61482],[6.11093,35.61482],[6.11095,35.61483]]]}},{"type":"Feature","properties":{"id":"0","Name":"0"},"geometry":{"type":"Polygon","coordinates":[[[6.11189,35.61494],[6.1114,35.61501],[6.11108,35.61494],[6.11101,35.61486],[6.1115,35.61497],[6.11227,35.6148],[6.11313,35.615],[6.11342,35.61544],[6.1132,35.61515],[6.11189,35.61494]]]}},{"type":"Feature","properties":{"id":"0","Name":"0"},"geometry":{"type":"MultiPolygon","coordinates":[[[[6.11348,35.61551],[6.11348,35.61551],[6.11348,35.61551],[6.11348,35.61551]]],[[[6.11343,35.61546],[6.11343,35.61546],[6.11342,35.61545],[6.11343,35.61546]]],[[[6.11342,35.61545],[6.11342,35.61545],[6.11342,35.61544],[6.11342,35.61545]]]]}},{"type":"Feature","properties":{"id":"0","Name":"0"},"geometry":{"type":"Polygon","coordinates":[[[6.11353,35.61558],[6.11353,35.61558],[6.11352,35.61556],[6.11353,35.61558]]]}},{"type":"Feature","properties":{"id":"0","Name":"0"},"geometry":{"type":"MultiPolygon","coordinates":[[[[6.11393,35.61563],[6.11396,35.61561],[6.11396,35.61561],[6.11393,35.61563]]],[[[6.1139,35.61564],[6.11393,35.61563],[6.1139,35.61564],[6.1139,35.61564]]]]}},{"type":"Feature","properties":{"id":"0","Name":"0"},"geometry":{"type":"Polygon","coordinates":[[[6.11396,35.61561],[6.11399,35.6156],[6.11396,35.61561],[6.11396,35.61561]]]}},{"type":"Feature","properties":{"id":"0","Name":"0"},"geometry":{"type":"Polygon","coordinates":[[[6.11404,35.61559],[6.11404,35.61559],[6.11404,35.61559],[6.11404,35.61559]]]}},{"type":"Feature","properties":{"id":"0","Name":"0"},"geometry":{"type":"Polygon","coordinates":[[[6.01763,35.55651],[6.01763,35.55651],[6.01763,35.55651],[6.01763,35.55651]]]}},{"type":"Feature","properties":{"id":"0","Name":"0"},"geometry":{"type":"Polygon","coordinates":[[[6.13472,35.63888],[6.13467,35.6389],[6.13472,35.63886],[6.13472,35.63888]]]}},{"type":"Feature","properties":{"id":"0","Name":"0"},"geometry":{"type":"Polygon","coordinates":[[[6.13459,35.63911],[6.1346,35.63914],[6.13459,35.63912],[6.13459,35.63911]]]}},{"type":"Feature","properties":{"id":"0","Name":"0"},"geometry":{"type":"Polygon","coordinates":[[[6.1352,35.63959],[6.13504,35.63951],[6.1348,35.63935],[6.13478,35.63933],[6.1352,35.63959]]]}},{"type":"Feature","properties":{"id":"0","Name":"0"},"geometry":{"type":"Polygon","coordinates":[[[6.21139,35.62951],[6.21132,35.62947],[6.21139,35.62951],[6.21139,35.62951]]]}},{"type":"Feature","properties":{"id":"0","Name":"0"},"geometry":{"type":"Polygon","coordinates":[[[6.20903,35.62886],[6.21052,35.62903],[6.21122,35.62936],[6.21132,35.62947],[6.21073,35.62916],[6.21062,35.62935],[6.21046,35.62916],[6.20952,35.62915],[6.20903,35.62886]]]}},{"type":"Feature","properties":{"id":"0","Name":"0"},"geometry":{"type":"Polygon","coordinates":[[[6.2085,35.62838],[6.2085,35.62838],[6.2085,35.62838],[6.2085,35.62838]]]}},{"type":"Feature","properties":{"id":"0","Name":"0"},"geometry":{"type":"Polygon","coordinates":[[[6.20836,35.62832],[6.20836,35.62832],[6.20836,35.62832],[6.20836,35.62832]]]}},{"type":"Feature","properties":{"id":"0","Name":"0"},"geometry":{"type":"MultiPolygon","coordinates":[[[[6.20825,35.62845],[6.20825,35.62844],[6.20824,35.62847],[6.20825,35.62845]]],[[[6.2083,35.62837],[6.2083,35.62837],[6.20829,35.62838],[6.2083,35.62837]]]]}},{"type":"Feature","properties":{"id":"0","Name":"0"},"geometry":{"type":"Polygon","coordinates":[[[6.09545,35.59689],[6.09545,35.59689],[6.09545,35.59689],[6.09545,35.59689]]]}},{"type":"Feature","properties":{"id":"0","Name":"0"},"geometry":{"type":"Polygon","coordinates":[[[6.09519,35.59683],[6.09519,35.59683],[6.09519,35.59683],[6.09519,35.59683]]]}},{"type":"Feature","properties":{"id":"0","Name":"0"},"geometry":{"type":"Polygon","coordinates":[[[6.09508,35.59684],[6.09503,35.59683],[6.09499,35.59682],[6.09508,35.59684]]]}},{"type":"Feature","properties":{"id":"0","Name":"0"},"geometry":{"type":"Polygon","coordinates":[[[6.09498,35.59682],[6.09498,35.59682],[6.09498,35.59682],[6.09498,35.59682]]]}},{"type":"Feature","properties":{"id":"0","Name":"0"},"geometry":{"type":"Polygon","coordinates":[[[6.0941,35.59646],[6.09433,35.59663],[6.09452,35.5967],[6.09435,35.59669],[6.0941,35.59646]]]}},{"type":"Feature","properties":{"id":"0","Name":"0"},"geometry":{"type":"Polygon","coordinates":[[[6.09406,35.59637],[6.09406,35.59637],[6.09406,35.59637],[6.09406,35.59637]]]}},{"type":"Feature","properties":{"id":"0","Name":"0"},"geometry":{"type":"Polygon","coordinates":[[[6.09393,35.59628],[6.09362,35.59612],[6.09385,35.59619],[6.09393,35.59628]]]}},{"type":"Feature","properties":{"id":"0","Name":"0"},"geometry":{"type":"Polygon","coordinates":[[[6.09327,35.59603],[6.09321,35.59601],[6.09327,35.59603],[6.09327,35.59603]]]}},{"type":"Feature","properties":{"id":"0","Name":"0"},"geometry":{"type":"Polygon","coordinates":[[[6.0931,35.59598],[6.09293,35.59595],[6.09312,35.59598],[6.0931,35.59598]]]}},{"type":"Feature","properties":{"id":"0","Name":"0"},"geometry":{"type":"Polygon","coordinates":[[[6.0923,35.59627],[6.09291,35.59595],[6.09267,35.59623],[6.09282,35.59652],[6.09314,35.59637],[6.09371,35.59647],[6.09437,35.59701],[6.09405,35.59702],[6.09303,35.59649],[6.09285,35.59654],[6.09292,35.59701],[6.09273,35.5972],[6.0923,35.59627]]]}},{"type":"Feature","properties":{"id":"0","Name":"0"},"geometry":{"type":"MultiPolygon","coordinates":[[[[6.09222,35.59622],[6.09222,35.59622],[6.09222,35.59622],[6.09222,35.59622]]],[[[6.09217,35.59616],[6.09215,35.59613],[6.09217,35.59615],[6.09217,35.59616]]]]}},{"type":"Feature","properties":{"id":"0","Name":"0"},"geometry":{"type":"Polygon","coordinates":[[[6.09204,35.59601],[6.09204,35.59601],[6.09204,35.59601],[6.09204,35.59601]]]}},{"type":"Feature","properties":{"id":"0","Name":"0"},"geometry":{"type":"Polygon","coordinates":[[[6.09183,35.59581],[6.09183,35.59581],[6.09183,35.59581],[6.09183,35.59581]]]}},{"type":"Feature","properties":{"id":"0","Name":"0"},"geometry":{"type":"Polygon","coordinates":[[[6.08434,35.59237],[6.08433,35.59237],[6.08435,35.59237],[6.08434,35.59237]]]}},{"type":"Feature","properties":{"id":"0","Name":"0"},"geometry":{"type":"Polygon","coordinates":[[[6.08401,35.59214],[6.08401,35.59214],[6.08401,35.59214],[6.08401,35.59214]]]}},{"type":"Feature","properties":{"id":"0","Name":"0"},"geometry":{"type":"Polygon","coordinates":[[[6.08312,35.59168],[6.084,35.59214],[6.08375,35.59226],[6.08373,35.5921],[6.0835,35.59198],[6.08326,35.59202],[6.08306,35.5918],[6.08297,35.59154],[6.08271,35.59124],[6.08264,35.59102],[6.08312,35.59168]]]}},{"type":"Feature","properties":{"id":"0","Name":"0"},"geometry":{"type":"Polygon","coordinates":[[[6.07833,35.58382],[6.07816,35.58376],[6.07831,35.58381],[6.07833,35.58382]]]}},{"type":"Feature","properties":{"id":"0","Name":"0"},"geometry":{"type":"MultiPolygon","coordinates":[[[[6.07995,35.58077],[6.07995,35.58077],[6.07992,35.5808],[6.07995,35.58077]]],[[[6.07988,35.58081],[6.07992,35.5808],[6.07988,35.58081],[6.07988,35.58081]]]]}},{"type":"Feature","properties":{"id":"0","Name":"0"},"geometry":{"type":"Polygon","coordinates":[[[6.0803,35.5802],[6.08011,35.58058],[6.08008,35.58013],[6.07968,35.58],[6.07956,35.57973],[6.07956,35.57944],[6.07968,35.57939],[6.0797,35.5784],[6.08014,35.57795],[6.07971,35.57921],[6.0803,35.5802]]]}},{"type":"Feature","properties":{"id":"0","Name":"0"},"geometry":{"type":"Polygon","coordinates":[[[6.08022,35.57722],[6.08041,35.57694],[6.08063,35.57697],[6.08021,35.57776],[6.08039,35.57732],[6.08022,35.57722]]]}},{"type":"Feature","properties":{"id":"0","Name":"0"},"geometry":{"type":"Polygon","coordinates":[[[6.07418,35.57115],[6.07418,35.57115],[6.07417,35.57115],[6.07418,35.57115]]]}},{"type":"Feature","properties":{"id":"0","Name":"0"},"geometry":{"type":"Polygon","coordinates":[[[6.07203,35.57907],[6.07204,35.57904],[6.07203,35.57907],[6.07203,35.57907]]]}},{"type":"Feature","properties":{"id":"0","Name":"0"},"geometry":{"type":"Polygon","coordinates":[[[6.07207,35.57896],[6.07208,35.57894],[6.07207,35.57896],[6.07207,35.57896]],[[6.07208,35.57893],[6.07208,35.57894],[6.07208,35.57893],[6.07208,35.57893]]]}},{"type":"Feature","properties":{"id":"0","Name":"0"},"geometry":{"type":"Polygon","coordinates":[[[6.07185,35.57864],[6.07166,35.57859],[6.07195,35.57869],[6.07185,35.57864]]]}},{"type":"Feature","properties":{"id":"0","Name":"0"},"geometry":{"type":"Polygon","coordinates":[[[6.07115,35.57902],[6.07097,35.57878],[6.0712,35.57859],[6.07159,35.57859],[6.07111,35.57869],[6.07115,35.57902]]]}},{"type":"Feature","properties":{"id":"0","Name":"0"},"geometry":{"type":"MultiPolygon","coordinates":[[[[6.07118,35.57907],[6.07118,35.57907],[6.07118,35.57907],[6.07118,35.57907]]],[[[6.0712,35.57909],[6.0712,35.57909],[6.07119,35.57908],[6.0712,35.57909]]]]}},{"type":"Feature","properties":{"id":"0","Name":"0"},"geometry":{"type":"Polygon","coordinates":[[[6.07122,35.57911],[6.07128,35.57916],[6.07128,35.57917],[6.07125,35.57916],[6.07122,35.57911]]]}},{"type":"Feature","properties":{"id":"0","Name":"0"},"geometry":{"type":"Polygon","coordinates":[[[6.07137,35.57925],[6.07137,35.57925],[6.07137,35.57925],[6.07137,35.57925]]]}},{"type":"Feature","properties":{"id":"0","Name":"0"},"geometry":{"type":"Polygon","coordinates":[[[6.07142,35.57927],[6.07143,35.57927],[6.07142,35.57927],[6.07142,35.57927]]]}},{"type":"Feature","properties":{"id":"0","Name":"0"},"geometry":{"type":"MultiPolygon","coordinates":[[[[6.07148,35.57928],[6.07148,35.57928],[6.07148,35.57928],[6.07148,35.57928]]],[[[6.07151,35.57929],[6.07151,35.57929],[6.0715,35.57928],[6.07151,35.57929]]]]}},{"type":"Feature","properties":{"id":"0","Name":"0"},"geometry":{"type":"Polygon","coordinates":[[[6.07166,35.57935],[6.07166,35.57935],[6.07165,35.57934],[6.07166,35.57935]]]}},{"type":"Feature","properties":{"id":"0","Name":"0"},"geometry":{"type":"Polygon","coordinates":[[[6.07171,35.57947],[6.07171,35.57947],[6.07171,35.57947],[6.07171,35.57947]]]}},{"type":"Feature","properties":{"id":"0","Name":"0"},"geometry":{"type":"Polygon","coordinates":[[[6.07167,35.57951],[6.07167,35.57951],[6.07167,35.57951],[6.07167,35.57951]]]}},{"type":"Feature","properties":{"id":"0","Name":"0"},"geometry":{"type":"Polygon","coordinates":[[[6.07137,35.57956],[6.07105,35.57943],[6.07156,35.57959],[6.07137,35.57956]]]}},{"type":"Feature","properties":{"id":"0","Name":"0"},"geometry":{"type":"Polygon","coordinates":[[[6.071,35.57941],[6.07099,35.5794],[6.071,35.57941],[6.071,35.57941]]]}},{"type":"Feature","properties":{"id":"0","Name":"0"},"geometry":{"type":"Polygon","coordinates":[[[6.07087,35.57939],[6.07087,35.57939],[6.07089,35.57939],[6.07087,35.57939]]]}},{"type":"Feature","properties":{"id":"0","Name":"0"},"geometry":{"type":"Polygon","coordinates":[[[6.07069,35.57944],[6.07069,35.57944],[6.07069,35.57944],[6.07069,35.57944]]]}},{"type":"Feature","properties":{"id":"0","Name":"0"},"geometry":{"type":"Polygon","coordinates":[[[6.07051,35.57969],[6.07051,35.57968],[6.07051,35.57968],[6.07051,35.57969]]]}},{"type":"Feature","properties":{"id":"0","Name":"0"},"geometry":{"type":"Polygon","coordinates":[[[6.07054,35.57981],[6.07055,35.57982],[6.07055,35.57982],[6.07054,35.57981]]]}},{"type":"Feature","properties":{"id":"0","Name":"0"},"geometry":{"type":"Polygon","coordinates":[[[6.07055,35.57982],[6.07077,35.58035],[6.07052,35.5799],[6.07055,35.57982]]]}},{"type":"Feature","properties":{"id":"0","Name":"0"},"geometry":{"type":"Polygon","coordinates":[[[6.07108,35.58057],[6.07111,35.58057],[6.07111,35.58057],[6.07108,35.58057]]]}},{"type":"Feature","properties":{"id":"0","Name":"0"},"geometry":{"type":"MultiPolygon","coordinates":[[[[6.07216,35.58033],[6.07119,35.58058],[6.07193,35.58032],[6.0727,35.58026],[6.07303,35.58042],[6.07216,35.58033]]],[[[6.07116,35.58058],[6.07116,35.58058],[6.07115,35.58058],[6.07116,35.58058]]]]}},{"type":"Feature","properties":{"id":"0","Name":"0"},"geometry":{"type":"Polygon","coordinates":[[[6.07304,35.58045],[6.07304,35.58045],[6.07304,35.58044],[6.07304,35.58045]]]}},{"type":"Feature","properties":{"id":"0","Name":"0"},"geometry":{"type":"Polygon","coordinates":[[[6.07303,35.58059],[6.07304,35.58062],[6.07303,35.58059],[6.07303,35.58059]]]}},{"type":"Feature","properties":{"id":"0","Name":"0"},"geometry":{"type":"Polygon","coordinates":[[[6.07312,35.58082],[6.0733,35.5809],[6.07309,35.58089],[6.07312,35.58082]]]}},{"type":"Feature","properties":{"id":"0","Name":"0"},"geometry":{"type":"Polygon","coordinates":[[[6.07341,35.58089],[6.07352,35.58087],[6.07331,35.5809],[6.07341,35.58089]]]}},{"type":"Feature","properties":{"id":"0","Name":"0"},"geometry":{"type":"Polygon","coordinates":[[[6.06596,35.57939],[6.06618,35.57962],[6.06936,35.58006],[6.06984,35.58023],[6.06994,35.58032],[6.06905,35.58006],[6.06616,35.57976],[6.06597,35.57964],[6.06594,35.57959],[6.06596,35.57939]]]}},{"type":"Feature","properties":{"id":"0","Name":"0"},"geometry":{"type":"Polygon","coordinates":[[[6.06595,35.57934],[6.06595,35.57931],[6.06596,35.57937],[6.06595,35.57934]]]}},{"type":"Feature","properties":{"id":"0","Name":"0"},"geometry":{"type":"Polygon","coordinates":[[[6.06595,35.57926],[6.06595,35.57926],[6.06595,35.57926],[6.06595,35.57926]]]}},{"type":"Feature","properties":{"id":"0","Name":"0"},"geometry":{"type":"Polygon","coordinates":[[[6.06577,35.57913],[6.06593,35.5791],[6.06594,35.57926],[6.0659,35.57919],[6.06577,35.57913]]]}},{"type":"Feature","properties":{"id":"0","Name":"0"},"geometry":{"type":"Polygon","coordinates":[[[6.06504,35.57942],[6.06559,35.57916],[6.06566,35.57915],[6.06524,35.57934],[6.06504,35.57942]]]}},{"type":"Feature","properties":{"id":"0","Name":"0"},"geometry":{"type":"Polygon","coordinates":[[[6.065,35.57943],[6.065,35.57943],[6.065,35.57943],[6.065,35.57943]]]}},{"type":"Feature","properties":{"id":"0","Name":"0"},"geometry":{"type":"Polygon","coordinates":[[[6.06469,35.57949],[6.06393,35.57949],[6.06496,35.57943],[6.06469,35.57949]]]}},{"type":"Feature","properties":{"id":"0","Name":"0"},"geometry":{"type":"Polygon","coordinates":[[[6.06364,35.57961],[6.06335,35.5796],[6.06388,35.5795],[6.06364,35.57961]]]}},{"type":"Feature","properties":{"id":"0","Name":"0"},"geometry":{"type":"MultiPolygon","coordinates":[[[[6.06325,35.57961],[6.06325,35.57961],[6.06325,35.57961],[6.06325,35.57961]]],[[[6.06328,35.5796],[6.06328,35.5796],[6.06328,35.5796],[6.06328,35.5796]]]]}},{"type":"Feature","properties":{"id":"0","Name":"0"},"geometry":{"type":"Polygon","coordinates":[[[6.06292,35.57973],[6.06292,35.57973],[6.06292,35.57973],[6.06292,35.57973]]]}},{"type":"Feature","properties":{"id":"0","Name":"0"},"geometry":{"type":"Polygon","coordinates":[[[6.05633,35.58016],[6.05633,35.58016],[6.05633,35.58016],[6.05633,35.58016]]]}},{"type":"Feature","properties":{"id":"0","Name":"0"},"geometry":{"type":"Polygon","coordinates":[[[6.05502,35.58046],[6.0557,35.58026],[6.05611,35.58025],[6.05518,35.5806],[6.05513,35.58121],[6.05484,35.58132],[6.05441,35.58133],[6.05268,35.58088],[6.05233,35.58074],[6.05218,35.58044],[6.05166,35.58039],[6.05131,35.5801],[6.05068,35.57997],[6.05102,35.57995],[6.05143,35.58013],[6.05169,35.57986],[6.05242,35.57992],[6.05254,35.58002],[6.05299,35.57992],[6.05299,35.58018],[6.05289,35.58018],[6.05284,35.57998],[6.05263,35.58006],[6.05236,35.57997],[6.05198,35.58009],[6.05218,35.5802],[6.05164,35.58012],[6.05154,35.58026],[6.05233,35.58044],[6.05241,35.58073],[6.05304,35.58081],[6.05365,35.58107],[6.05507,35.58122],[6.05502,35.58046]]]}},{"type":"Feature","properties":{"id":"0","Name":"0"},"geometry":{"type":"Polygon","coordinates":[[[6.05232,35.58021],[6.05233,35.58021],[6.05232,35.58021],[6.05232,35.58021]]]}},{"type":"Feature","properties":{"id":"0","Name":"0"},"geometry":{"type":"MultiPolygon","coordinates":[[[[6.05249,35.5802],[6.0525,35.5802],[6.0525,35.5802],[6.05249,35.5802]]],[[[6.05246,35.5802],[6.05246,35.5802],[6.05244,35.58021],[6.05246,35.5802]]],[[[6.05242,35.58021],[6.05244,35.58021],[6.05242,35.58021],[6.05242,35.58021]]]]}},{"type":"Feature","properties":{"id":"0","Name":"0"},"geometry":{"type":"MultiPolygon","coordinates":[[[[6.05258,35.58018],[6.05279,35.5802],[6.05253,35.58019],[6.05258,35.58018]]],[[[6.05279,35.5802],[6.05279,35.5802],[6.05279,35.5802],[6.05279,35.5802]]]]}},{"type":"Feature","properties":{"id":"0","Name":"0"},"geometry":{"type":"Polygon","coordinates":[[[6.0504,35.58002],[6.05038,35.58002],[6.05041,35.58001],[6.0504,35.58002]]]}},{"type":"Feature","properties":{"id":"0","Name":"0"},"geometry":{"type":"Polygon","coordinates":[[[6.07311,35.58023],[6.073,35.5802],[6.07318,35.58021],[6.07311,35.58023]]]}},{"type":"Feature","properties":{"id":"0","Name":"0"},"geometry":{"type":"Polygon","coordinates":[[[6.07297,35.58017],[6.07297,35.5801],[6.073,35.5802],[6.07297,35.58017]]]}},{"type":"Feature","properties":{"id":"0","Name":"0"},"geometry":{"type":"Polygon","coordinates":[[[6.07294,35.57988],[6.07292,35.57988],[6.07294,35.57988],[6.07294,35.57988]]]}},{"type":"Feature","properties":{"id":"0","Name":"0"},"geometry":{"type":"Polygon","coordinates":[[[6.07273,35.57993],[6.07237,35.57976],[6.07285,35.57993],[6.07273,35.57993]]]}},{"type":"Feature","properties":{"id":"0","Name":"0"},"geometry":{"type":"Polygon","coordinates":[[[6.07226,35.5797],[6.07224,35.57969],[6.07226,35.5797],[6.07226,35.5797]]]}},{"type":"Feature","properties":{"id":"0","Name":"0"},"geometry":{"type":"Polygon","coordinates":[[[6.07194,35.57967],[6.07194,35.57966],[6.07194,35.57966],[6.07194,35.57967]]]}},{"type":"Feature","properties":{"id":"0","Name":"0"},"geometry":{"type":"Polygon","coordinates":[[[6.1329,35.60412],[6.1329,35.60412],[6.1329,35.60412],[6.1329,35.60412]]]}},{"type":"Feature","properties":{"id":"0","Name":"0"},"geometry":{"type":"MultiPolygon","coordinates":[[[[6.1329,35.60405],[6.1329,35.60405],[6.1329,35.60405],[6.1329,35.60405]]],[[[6.1329,35.6041],[6.1329,35.6041],[6.1329,35.60409],[6.1329,35.6041]]]]}},{"type":"Feature","properties":{"id":"0","Name":"0"},"geometry":{"type":"Polygon","coordinates":[[[6.13281,35.60407],[6.13281,35.60407],[6.13279,35.60408],[6.13281,35.60407]]]}},{"type":"Feature","properties":{"id":"0","Name":"0"},"geometry":{"type":"Polygon","coordinates":[[[6.13273,35.60411],[6.13273,35.60411],[6.13275,35.6041],[6.13273,35.60411]]]}},{"type":"Feature","properties":{"id":"0","Name":"0"},"geometry":{"type":"Polygon","coordinates":[[[6.13269,35.60413],[6.1327,35.60413],[6.13268,35.60414],[6.13269,35.60413]]]}},{"type":"Feature","properties":{"id":"0","Name":"0"},"geometry":{"type":"Polygon","coordinates":[[[6.13261,35.60414],[6.13256,35.60411],[6.13268,35.60414],[6.13261,35.60414]]]}},{"type":"Feature","properties":{"id":"0","Name":"0"},"geometry":{"type":"Polygon","coordinates":[[[6.13247,35.6041],[6.13236,35.60412],[6.13228,35.60408],[6.13247,35.6041]]]}},{"type":"Feature","properties":{"id":"0","Name":"0"},"geometry":{"type":"Polygon","coordinates":[[[6.13228,35.60408],[6.13224,35.60407],[6.13228,35.60408],[6.13228,35.60408]]]}},{"type":"Feature","properties":{"id":"0","Name":"0"},"geometry":{"type":"Polygon","coordinates":[[[6.25993,35.67804],[6.25993,35.67804],[6.25993,35.67804],[6.25993,35.67804]]]}},{"type":"Feature","properties":{"id":"0","Name":"0"},"geometry":{"type":"Polygon","coordinates":[[[6.2599,35.67797],[6.2599,35.67797],[6.2599,35.67797],[6.2599,35.67797]]]}},{"type":"Feature","properties":{"id":"0","Name":"0"},"geometry":{"type":"Polygon","coordinates":[[[6.25981,35.67787],[6.25981,35.67787],[6.25979,35.67786],[6.25981,35.67787]]]}},{"type":"Feature","properties":{"id":"0","Name":"0"},"geometry":{"type":"MultiPolygon","coordinates":[[[[6.25969,35.67782],[6.2597,35.67782],[6.25974,35.67784],[6.25969,35.67782]]],[[[6.25974,35.67784],[6.25974,35.67784],[6.25974,35.67784],[6.25974,35.67784]]]]}},{"type":"Feature","properties":{"id":"0","Name":"0"},"geometry":{"type":"Polygon","coordinates":[[[6.26239,35.65854],[6.26239,35.65854],[6.26239,35.65854],[6.26239,35.65854]]]}},{"type":"Feature","properties":{"id":"0","Name":"0"},"geometry":{"type":"Polygon","coordinates":[[[6.26344,35.65909],[6.26325,35.65886],[6.2631,35.65868],[6.26344,35.65909]]]}},{"type":"Feature","properties":{"id":"0","Name":"0"},"geometry":{"type":"Polygon","coordinates":[[[6.26351,35.65969],[6.26351,35.65968],[6.26344,35.65909],[6.26351,35.65969]]]}},{"type":"Feature","properties":{"id":"0","Name":"0"},"geometry":{"type":"Polygon","coordinates":[[[6.26396,35.6617],[6.26394,35.66148],[6.26393,35.66141],[6.26396,35.6617]]]}},{"type":"Feature","properties":{"id":"0","Name":"0"},"geometry":{"type":"Polygon","coordinates":[[[6.2656,35.66263],[6.26575,35.6627],[6.26581,35.66272],[6.2656,35.66263]]]}},{"type":"Feature","properties":{"id":"0","Name":"0"},"geometry":{"type":"Polygon","coordinates":[[[6.26796,35.66257],[6.26684,35.66291],[6.26644,35.66282],[6.26684,35.66291],[6.26796,35.66257]]]}},{"type":"Feature","properties":{"id":"0","Name":"0"},"geometry":{"type":"Polygon","coordinates":[[[6.26916,35.66356],[6.26845,35.66318],[6.26796,35.66257],[6.26845,35.66318],[6.26916,35.66356]]]}},{"type":"Feature","properties":{"id":"0","Name":"0"},"geometry":{"type":"Polygon","coordinates":[[[6.26977,35.66412],[6.2697,35.66405],[6.26976,35.66411],[6.26977,35.66412]]]}},{"type":"Feature","properties":{"id":"0","Name":"0"},"geometry":{"type":"Polygon","coordinates":[[[6.27024,35.66463],[6.27028,35.66469],[6.27017,35.66454],[6.27024,35.66463]]]}},{"type":"Feature","properties":{"id":"0","Name":"0"},"geometry":{"type":"Polygon","coordinates":[[[6.27075,35.66559],[6.27105,35.66606],[6.27068,35.66549],[6.27075,35.66559]]]}},{"type":"Feature","properties":{"id":"0","Name":"0"},"geometry":{"type":"MultiPolygon","coordinates":[[[[6.27308,35.66687],[6.27329,35.66714],[6.27308,35.66687],[6.27308,35.66687]]],[[[6.27294,35.66677],[6.27301,35.66681],[6.27308,35.66687],[6.27294,35.66677]]]]}},{"type":"Feature","properties":{"id":"0","Name":"0"},"geometry":{"type":"Polygon","coordinates":[[[6.27318,35.66916],[6.27325,35.66912],[6.27301,35.66924],[6.27318,35.66916]]]}},{"type":"Feature","properties":{"id":"0","Name":"0"},"geometry":{"type":"Polygon","coordinates":[[[6.27076,35.66808],[6.27088,35.6682],[6.27094,35.66826],[6.27076,35.66808]]]}},{"type":"Feature","properties":{"id":"0","Name":"0"},"geometry":{"type":"Polygon","coordinates":[[[6.27161,35.66902],[6.27153,35.66899],[6.27171,35.66904],[6.27161,35.66902]]]}},{"type":"Feature","properties":{"id":"0","Name":"0"},"geometry":{"type":"Polygon","coordinates":[[[6.27188,35.66913],[6.27193,35.66915],[6.27187,35.66912],[6.27188,35.66913]]]}},{"type":"Feature","properties":{"id":"0","Name":"0"},"geometry":{"type":"Polygon","coordinates":[[[6.27239,35.66975],[6.27244,35.66979],[6.27248,35.66981],[6.27239,35.66975]]]}},{"type":"Feature","properties":{"id":"0","Name":"0"},"geometry":{"type":"Polygon","coordinates":[[[6.27345,35.67051],[6.27345,35.67051],[6.27327,35.67049],[6.27345,35.67051]]]}},{"type":"Feature","properties":{"id":"0","Name":"0"},"geometry":{"type":"Polygon","coordinates":[[[6.2734,35.6706],[6.2734,35.6706],[6.2734,35.6706],[6.2734,35.6706]]]}},{"type":"Feature","properties":{"id":"0","Name":"0"},"geometry":{"type":"Polygon","coordinates":[[[6.27469,35.6717],[6.27471,35.67163],[6.27472,35.67159],[6.27469,35.6717]]]}},{"type":"Feature","properties":{"id":"0","Name":"0"},"geometry":{"type":"MultiPolygon","coordinates":[[[[6.27498,35.67202],[6.27483,35.67196],[6.27481,35.67195],[6.27498,35.67202]]],[[[6.27505,35.67202],[6.27498,35.67202],[6.27517,35.67201],[6.27505,35.67202]]]]}},{"type":"Feature","properties":{"id":"0","Name":"0"},"geometry":{"type":"Polygon","coordinates":[[[6.2757,35.67213],[6.2757,35.67213],[6.27556,35.67225],[6.2757,35.67213]]]}},{"type":"Feature","properties":{"id":"0","Name":"0"},"geometry":{"type":"Polygon","coordinates":[[[6.27468,35.6738],[6.27469,35.67378],[6.27473,35.67371],[6.27468,35.6738]]]}},{"type":"Feature","properties":{"id":"0","Name":"0"},"geometry":{"type":"Polygon","coordinates":[[[6.2779,35.67618],[6.2779,35.67618],[6.27768,35.67615],[6.2779,35.67618]]]}},{"type":"Feature","properties":{"id":"0","Name":"0"},"geometry":{"type":"Polygon","coordinates":[[[6.27917,35.67737],[6.27917,35.67737],[6.2793,35.6772],[6.27917,35.67737]]]}},{"type":"Feature","properties":{"id":"0","Name":"0"},"geometry":{"type":"Polygon","coordinates":[[[6.27973,35.67677],[6.27972,35.67677],[6.27983,35.67676],[6.27973,35.67677]]]}},{"type":"Feature","properties":{"id":"0","Name":"0"},"geometry":{"type":"MultiPolygon","coordinates":[[[[6.28084,35.6771],[6.28082,35.67699],[6.2809,35.67746],[6.28084,35.6771]]],[[[6.28029,35.67668],[6.28075,35.67695],[6.28082,35.67699],[6.28076,35.67695],[6.28029,35.67668]]]]}},{"type":"Feature","properties":{"id":"0","Name":"0"},"geometry":{"type":"MultiPolygon","coordinates":[[[[6.28158,35.67855],[6.28159,35.67854],[6.28151,35.6786],[6.28158,35.67855]]],[[[6.28151,35.6786],[6.28149,35.67851],[6.28151,35.6786],[6.28151,35.6786]]]]}},{"type":"Feature","properties":{"id":"0","Name":"0"},"geometry":{"type":"MultiPolygon","coordinates":[[[[6.28141,35.67705],[6.28158,35.67769],[6.28141,35.67705],[6.28141,35.67705]]],[[[6.28173,35.67828],[6.28171,35.67819],[6.28158,35.67769],[6.28168,35.67806],[6.28173,35.67828]]]]}},{"type":"Feature","properties":{"id":"0","Name":"0"},"geometry":{"type":"MultiPolygon","coordinates":[[[[6.28172,35.67667],[6.28172,35.67667],[6.28172,35.67667],[6.28172,35.67667]]],[[[6.28164,35.67672],[6.28167,35.6767],[6.28172,35.67667],[6.28164,35.67672]]]]}},{"type":"Feature","properties":{"id":"0","Name":"0"},"geometry":{"type":"Polygon","coordinates":[[[6.28164,35.67573],[6.28166,35.67589],[6.28162,35.67556],[6.28164,35.67573]]]}},{"type":"Feature","properties":{"id":"0","Name":"0"},"geometry":{"type":"Polygon","coordinates":[[[6.28317,35.67451],[6.28337,35.67454],[6.28296,35.67448],[6.28317,35.67451]]]}},{"type":"Feature","properties":{"id":"0","Name":"0"},"geometry":{"type":"Polygon","coordinates":[[[6.283,35.67403],[6.2831,35.67395],[6.28302,35.67402],[6.283,35.67403]]]}},{"type":"Feature","properties":{"id":"0","Name":"0"},"geometry":{"type":"Polygon","coordinates":[[[6.27256,35.69112],[6.27256,35.69112],[6.27256,35.69112],[6.27256,35.69112]]]}},{"type":"Feature","properties":{},"geometry":{"type":"Polygon","coordinates":[[[5.9671,35.53161],[5.96849,35.5312],[5.97122,35.53108],[5.97371,35.5314],[5.97591,35.53252],[5.98102,35.53411],[5.98301,35.53456],[5.98371,35.53398],[5.9857,35.53408],[5.98798,35.53446],[5.99052,35.53465],[5.99136,35.53495],[5.99148,35.53531],[5.9911,35.53572],[5.99095,35.53597],[5.99099,35.53628],[5.99062,35.53666],[5.98963,35.53827],[5.98992,35.53938],[5.99711,35.54102],[5.99895,35.5412],[6.0012,35.5422],[6.00317,35.54254],[6.00412,35.54316],[6.00675,35.54274],[6.00976,35.54294],[6.00952,35.54367],[6.00844,35.54469],[6.00781,35.54551],[6.00764,35.54594],[6.00537,35.54754],[6.00487,35.54823],[6.00434,35.54843],[6.0041,35.54914],[6.00292,35.54934],[6.00291,35.54947],[6.00302,35.5494],[6.00332,35.54966],[6.00321,35.5498],[6.00364,35.54982],[6.00389,35.55021],[6.00483,35.55033],[6.00492,35.55049],[6.0048,35.55062],[6.00461,35.55047],[6.00438,35.55054],[6.0041,35.55036],[6.00381,35.55041],[6.00463,35.55081],[6.00452,35.55093],[6.0037,35.55131],[6.00303,35.55132],[6.00211,35.55171],[6.00177,35.55171],[6.00164,35.55196],[6.00031,35.55201],[6.00162,35.55201],[6.00179,35.55229],[6.00243,35.55202],[6.0035,35.55202],[6.00349,35.55245],[6.00375,35.55279],[6.00398,35.55281],[6.00386,35.55229],[6.004,35.55225],[6.0041,35.55244],[6.00426,35.55244],[6.00457,35.55272],[6.00542,35.55293],[6.00566,35.55316],[6.00545,35.55331],[6.00562,35.55352],[6.0062,35.55357],[6.00651,35.55421],[6.00612,35.55507],[6.00587,35.55521],[6.00579,35.55545],[6.00611,35.55551],[6.00635,35.5552],[6.00709,35.55477],[6.00718,35.55519],[6.00841,35.55636],[6.00789,35.55849],[6.00845,35.55941],[6.00901,35.55988],[6.0108,35.55977],[6.0118,35.56026],[6.01245,35.56176],[6.01274,35.56177],[6.01258,35.56191],[6.01257,35.56215],[6.01216,35.56243],[6.01254,35.56265],[6.01302,35.56234],[6.01303,35.56272],[6.01365,35.56279],[6.01425,35.56303],[6.01486,35.5637],[6.01629,35.56469],[6.01634,35.5657],[6.01648,35.56604],[6.01791,35.56672],[6.01851,35.5672],[6.01826,35.56778],[6.01758,35.56771],[6.01634,35.56701],[6.01362,35.56477],[6.0115,35.56422],[6.01059,35.5649],[6.01111,35.56551],[6.01287,35.56659],[6.01465,35.56723],[6.01581,35.56824],[6.01728,35.56828],[6.01807,35.56815],[6.01853,35.56831],[6.01752,35.56838],[6.01673,35.56868],[6.01644,35.56849],[6.016,35.56853],[6.01602,35.56915],[6.01539,35.56903],[6.01502,35.56918],[6.01513,35.57027],[6.01426,35.57124],[6.0141,35.57128],[6.01366,35.57082],[6.01344,35.57027],[6.01352,35.56974],[6.01396,35.56904],[6.014,35.5687],[6.01284,35.56886],[6.01197,35.56846],[6.01167,35.56848],[6.01138,35.56868],[6.01135,35.56899],[6.01157,35.56916],[6.01186,35.56918],[6.01199,35.569],[6.01219,35.56903],[6.01218,35.56942],[6.01243,35.56948],[6.01241,35.56963],[6.0117,35.56976],[6.01113,35.57007],[6.01081,35.56989],[6.01042,35.56914],[6.01078,35.56876],[6.01062,35.56827],[6.01052,35.56823],[6.01035,35.56842],[6.01017,35.56763],[6.0099,35.5677],[6.00983,35.56734],[6.00997,35.56654],[6.0096,35.56528],[6.00943,35.56526],[6.00914,35.56471],[6.00878,35.56448],[6.00836,35.56481],[6.00747,35.5651],[6.00694,35.56576],[6.00709,35.56536],[6.0076,35.56485],[6.00753,35.56476],[6.00675,35.56511],[6.00634,35.56486],[6.006,35.56484],[6.00583,35.56494],[6.00585,35.56517],[6.00648,35.56535],[6.00647,35.56575],[6.006,35.56614],[6.00509,35.56642],[6.00463,35.56632],[6.0043,35.56553],[6.0038,35.56515],[6.00313,35.56507],[6.00264,35.56526],[6.00188,35.56591],[6.00141,35.56662],[6.00134,35.56711],[6.00183,35.56817],[6.00219,35.56857],[6.00197,35.56903],[6.0012,35.56933],[5.99948,35.56791],[5.99798,35.56628],[5.99743,35.5661],[5.99627,35.56604],[5.99353,35.56651],[5.99222,35.566],[5.99137,35.5651],[5.99252,35.56468],[5.99293,35.56438],[5.99288,35.56396],[5.99247,35.56368],[5.99118,35.56346],[5.98758,35.56378],[5.98498,35.563],[5.98344,35.56232],[5.98312,35.56185],[5.98299,35.56117],[5.98326,35.56127],[5.98343,35.56116],[5.98353,35.56097],[5.98347,35.56041],[5.98441,35.55961],[5.98462,35.55918],[5.98402,35.55827],[5.98202,35.55743],[5.98119,35.55679],[5.98015,35.55632],[5.97877,35.55607],[5.97641,35.55637],[5.97618,35.55612],[5.97582,35.55602],[5.97618,35.55645],[5.97399,35.55697],[5.97304,35.55745],[5.97186,35.55788],[5.97114,35.55798],[5.97071,35.55823],[5.96932,35.55809],[5.9687,35.55768],[5.96807,35.55722],[5.96801,35.55676],[5.9688,35.55596],[5.96819,35.55554],[5.9682,35.55509],[5.96791,35.55488],[5.96719,35.5547],[5.96569,35.55471],[5.96503,35.55437],[5.96554,35.55399],[5.96615,35.55375],[5.96661,35.55326],[5.96769,35.55274],[5.96797,35.55247],[5.96746,35.55051],[5.96658,35.54864],[5.96761,35.5487],[5.9684,35.54923],[5.9692,35.54924],[5.97034,35.54905],[5.97253,35.54847],[5.97428,35.54823],[5.97535,35.54767],[5.97739,35.54745],[5.97927,35.54626],[5.97963,35.54623],[5.97961,35.54641],[5.97924,35.54664],[5.97881,35.54715],[5.9786,35.54762],[5.97808,35.54735],[5.97566,35.54794],[5.9749,35.54835],[5.97453,35.54889],[5.97416,35.54907],[5.97359,35.54912],[5.97299,35.54883],[5.97228,35.549],[5.97182,35.54923],[5.97091,35.55008],[5.9704,35.55036],[5.96992,35.5503],[5.96925,35.54969],[5.96827,35.54945],[5.96759,35.54888],[5.96709,35.54904],[5.96703,35.54951],[5.96798,35.55095],[5.96851,35.55148],[5.9687,35.55224],[5.96895,35.55237],[5.96976,35.5522],[5.96932,35.55265],[5.96932,35.55279],[5.97028,35.55306],[5.9704,35.55349],[5.97098,35.5534],[5.97129,35.55392],[5.97208,35.55348],[5.97292,35.55342],[5.97311,35.55297],[5.97344,35.55274],[5.97398,35.55196],[5.97459,35.55184],[5.97525,35.55195],[5.97582,35.55188],[5.97741,35.55223],[5.97719,35.55193],[5.97632,35.55171],[5.97615,35.55151],[5.9751,35.55133],[5.97478,35.55112],[5.97432,35.5504],[5.97394,35.55045],[5.97388,35.55094],[5.97356,35.5514],[5.97257,35.5514],[5.97244,35.55134],[5.97249,35.55097],[5.97279,35.55044],[5.97286,35.54985],[5.97311,35.54974],[5.97409,35.5497],[5.97478,35.54987],[5.97535,35.54984],[5.97592,35.55003],[5.97631,35.54996],[5.9766,35.54969],[5.97669,35.54922],[5.97699,35.54896],[5.97704,35.5485],[5.97784,35.5479],[5.97827,35.54792],[5.97666,35.54965],[5.97665,35.5499],[5.97693,35.55033],[5.97685,35.55081],[5.97662,35.55082],[5.97637,35.55038],[5.97613,35.55066],[5.97531,35.55025],[5.9751,35.55074],[5.97531,35.55106],[5.97749,35.55165],[5.9782,35.55145],[5.97891,35.55103],[5.97919,35.55123],[5.98007,35.55114],[5.97974,35.55136],[5.98001,35.55167],[5.98063,35.55141],[5.98104,35.55141],[5.98128,35.55125],[5.98244,35.55103],[5.9841,35.55104],[5.98455,35.55119],[5.98309,35.55105],[5.98243,35.55117],[5.98216,35.55136],[5.98596,35.55266],[5.9853,35.55273],[5.98426,35.55254],[5.98387,35.55261],[5.9841,35.55314],[5.98505,35.55305],[5.98582,35.55405],[5.98644,35.55431],[5.98622,35.55477],[5.98542,35.55508],[5.98598,35.55519],[5.98618,35.55543],[5.98533,35.55548],[5.98514,35.55561],[5.98514,35.55587],[5.98568,35.55669],[5.9857,35.557],[5.98549,35.55746],[5.9847,35.55794],[5.98453,35.55879],[5.98483,35.55914],[5.98604,35.55829],[5.98971,35.55695],[5.99046,35.5569],[5.99306,35.55715],[5.99346,35.55723],[5.99374,35.55747],[5.99362,35.55768],[5.99318,35.55752],[5.99306,35.55779],[5.99327,35.55812],[5.99386,35.55849],[5.99341,35.55873],[5.99354,35.55897],[5.99584,35.55943],[5.99633,35.56004],[5.99653,35.56053],[5.99675,35.56056],[5.9969,35.56042],[5.99644,35.55989],[5.99648,35.55981],[5.99668,35.55983],[5.99767,35.56081],[5.99781,35.56079],[5.9977,35.56036],[5.9972,35.55984],[5.99628,35.55917],[5.99547,35.55907],[5.99517,35.55887],[5.99452,35.55778],[5.9947,35.55733],[5.99449,35.55623],[5.9946,35.55575],[5.99453,35.55554],[5.99408,35.55533],[5.994,35.55513],[5.99459,35.55438],[5.99519,35.55462],[5.99561,35.55447],[5.99542,35.55414],[5.99498,35.55399],[5.99532,35.55363],[5.9949,35.55344],[5.99451,35.55358],[5.99429,35.55421],[5.99399,35.55451],[5.99371,35.55444],[5.99266,35.55361],[5.99428,35.55319],[5.99527,35.55317],[5.99556,35.55295],[5.99554,35.55285],[5.9942,35.55272],[5.99292,35.55284],[5.99033,35.55213],[5.99008,35.55192],[5.99058,35.55178],[5.99149,35.55197],[5.99279,35.55197],[5.99311,35.55173],[5.99318,35.55152],[5.99272,35.55104],[5.99228,35.55085],[5.99156,35.5509],[5.99291,35.55052],[5.99406,35.54977],[5.99463,35.54917],[5.9921,35.54793],[5.99089,35.54748],[5.98942,35.54709],[5.98751,35.54732],[5.9874,35.54724],[5.9876,35.54712],[5.98754,35.54694],[5.98711,35.54701],[5.98647,35.54691],[5.98567,35.54652],[5.98342,35.54606],[5.98243,35.54594],[5.98155,35.546],[5.98117,35.54585],[5.98086,35.54596],[5.9809,35.54608],[5.97999,35.54614],[5.97584,35.5453],[5.97432,35.54539],[5.97084,35.5453],[5.97025,35.54499],[5.97057,35.54489],[5.97073,35.54467],[5.97078,35.54431],[5.97057,35.5439],[5.96934,35.54361],[5.96889,35.54336],[5.96838,35.54305],[5.96767,35.5422],[5.9653,35.54238],[5.96452,35.54213],[5.96443,35.54234],[5.96307,35.54085],[5.96196,35.54039],[5.96142,35.53962],[5.96148,35.53932],[5.96182,35.53903],[5.96213,35.53911],[5.96237,35.53902],[5.96244,35.53873],[5.96275,35.53835],[5.96418,35.53857],[5.96425,35.53847],[5.96392,35.53823],[5.96406,35.53817],[5.96453,35.53835],[5.96498,35.53893],[5.96623,35.53979],[5.96654,35.53971],[5.96658,35.53955],[5.9664,35.53921],[5.96653,35.53892],[5.96712,35.53872],[5.96661,35.53978],[5.96742,35.5398],[5.9681,35.53967],[5.97115,35.53859],[5.97199,35.53846],[5.97268,35.53881],[5.97368,35.53907],[5.97471,35.53872],[5.97543,35.53877],[5.97626,35.53863],[5.97738,35.53823],[5.9775,35.53796],[5.97746,35.53745],[5.97727,35.53715],[5.97569,35.53762],[5.97532,35.53785],[5.97436,35.53786],[5.9742,35.53778],[5.97408,35.53763],[5.97477,35.53783],[5.97515,35.5378],[5.97535,35.53762],[5.97507,35.53768],[5.97503,35.53758],[5.97552,35.53736],[5.97536,35.53729],[5.97504,35.53749],[5.97486,35.5374],[5.97495,35.53703],[5.97404,35.53752],[5.97405,35.53733],[5.97444,35.53692],[5.97462,35.53647],[5.97454,35.53626],[5.97435,35.53618],[5.97309,35.53625],[5.97175,35.53658],[5.96886,35.53689],[5.96792,35.53677],[5.96741,35.53648],[5.96696,35.53593],[5.96688,35.53517],[5.96771,35.53416],[5.96893,35.53401],[5.97037,35.534],[5.97094,35.53373],[5.97187,35.5336],[5.97238,35.53325],[5.97465,35.53303],[5.97481,35.53283],[5.97465,35.53242],[5.97437,35.53217],[5.97125,35.53142],[5.96815,35.5315],[5.96744,35.53188],[5.96742,35.53201],[5.9671,35.53161]],[[5.99979,35.56803],[6.00003,35.56788],[5.99988,35.56748],[5.9997,35.56759],[5.99967,35.56795],[5.99979,35.56803]]]}},{"type":"Feature","properties":{},"geometry":{"type":"Polygon","coordinates":[[[6.03409,35.58215],[6.03197,35.58349],[6.03168,35.58384],[6.03079,35.58442],[6.03024,35.58457],[6.02555,35.58357],[6.02474,35.58224],[6.02024,35.57997],[6.0188,35.58016],[6.01552,35.5791],[6.01342,35.57882],[6.01012,35.57901],[6.00875,35.5787],[6.00725,35.57871],[6.0055,35.57786],[6.00337,35.57755],[6.00137,35.57708],[5.99802,35.57712],[5.99781,35.57649],[5.99609,35.57491],[5.99534,35.57443],[5.99554,35.57418],[5.99676,35.57404],[5.99636,35.57416],[5.99616,35.57452],[5.99699,35.57525],[5.99742,35.57533],[5.9978,35.57564],[5.99815,35.57547],[5.99914,35.57532],[5.99932,35.57501],[5.99902,35.57426],[5.99923,35.57397],[6.00066,35.57364],[6.00123,35.57307],[6.00177,35.57278],[6.00212,35.57231],[6.00228,35.57185],[6.00224,35.57079],[6.00304,35.56973],[6.00336,35.5696],[6.00392,35.56975],[6.00479,35.5697],[6.00521,35.56992],[6.00527,35.57012],[6.00517,35.57029],[6.00395,35.57088],[6.00346,35.57142],[6.00363,35.57186],[6.00468,35.5721],[6.00465,35.57302],[6.00413,35.57356],[6.0028,35.5745],[6.00273,35.57491],[6.00303,35.57512],[6.00513,35.57502],[6.00605,35.57522],[6.0071,35.57585],[6.00803,35.57598],[6.0083,35.57587],[6.00851,35.57558],[6.00755,35.57476],[6.00796,35.57327],[6.00822,35.57295],[6.011,35.57298],[6.01167,35.57195],[6.01298,35.57159],[6.0138,35.57212],[6.01406,35.57261],[6.01401,35.57289],[6.01352,35.57305],[6.01343,35.57325],[6.01378,35.57325],[6.01465,35.57297],[6.01504,35.57331],[6.01517,35.57378],[6.0154,35.57382],[6.01561,35.57295],[6.01657,35.57254],[6.01695,35.57206],[6.01725,35.57194],[6.01828,35.57195],[6.01888,35.57241],[6.01935,35.57233],[6.01966,35.57189],[6.0198,35.57108],[6.01935,35.57075],[6.01952,35.57036],[6.01927,35.56997],[6.01944,35.56979],[6.02075,35.56938],[6.02053,35.5692],[6.01953,35.56895],[6.01927,35.56868],[6.02074,35.56925],[6.02173,35.5706],[6.02179,35.5709],[6.02221,35.57156],[6.02314,35.57238],[6.02498,35.57367],[6.02605,35.57538],[6.02571,35.57529],[6.02415,35.57561],[6.02417,35.57575],[6.02486,35.57623],[6.02519,35.57675],[6.02526,35.57714],[6.02501,35.57783],[6.02548,35.57808],[6.0256,35.57839],[6.02649,35.57871],[6.02663,35.57958],[6.02779,35.58115],[6.02784,35.58257],[6.02823,35.5828],[6.0288,35.58278],[6.02922,35.58351],[6.02991,35.5835],[6.03027,35.58327],[6.03112,35.5834],[6.03184,35.58317],[6.03194,35.58303],[6.03171,35.58262],[6.03219,35.58235],[6.03177,35.58197],[6.03176,35.58181],[6.03209,35.5816],[6.03099,35.5813],[6.03022,35.58065],[6.02958,35.58056],[6.02937,35.58004],[6.02796,35.57939],[6.02758,35.57796],[6.02741,35.57783],[6.02694,35.57796],[6.02677,35.57739],[6.02624,35.57759],[6.02669,35.57691],[6.02648,35.57635],[6.02609,35.57636],[6.02626,35.57582],[6.02641,35.57606],[6.02668,35.57591],[6.0268,35.57666],[6.02732,35.57746],[6.02772,35.57778],[6.02783,35.5777],[6.0276,35.57744],[6.02763,35.57698],[6.0278,35.57689],[6.02783,35.57659],[6.02748,35.57649],[6.02756,35.57639],[6.02739,35.57628],[6.02708,35.57554],[6.02685,35.57556],[6.02726,35.57493],[6.02815,35.57489],[6.03292,35.57585],[6.03452,35.57671],[6.0348,35.57654],[6.03557,35.57661],[6.035,35.57664],[6.03524,35.57709],[6.03511,35.57724],[6.03436,35.57679],[6.034,35.57688],[6.03347,35.57668],[6.03322,35.57673],[6.03307,35.57696],[6.03361,35.57749],[6.03374,35.5778],[6.0337,35.57809],[6.03345,35.57826],[6.03299,35.5781],[6.03231,35.57733],[6.03167,35.57722],[6.03094,35.57729],[6.03067,35.57753],[6.03083,35.57812],[6.0303,35.57844],[6.03099,35.57893],[6.03149,35.57979],[6.03197,35.58],[6.03242,35.57988],[6.03235,35.57944],[6.03255,35.57902],[6.03329,35.57876],[6.03415,35.57891],[6.03438,35.57958],[6.03498,35.58022],[6.03457,35.58086],[6.03409,35.58215]],[[6.01514,35.57572],[6.01485,35.57595],[6.01502,35.57616],[6.01517,35.57623],[6.01546,35.57606],[6.01543,35.57558],[6.01556,35.57512],[6.01529,35.57513],[6.01514,35.57572]]]}},{"type":"Feature","properties":{},"geometry":{"type":"Polygon","coordinates":[[[6.07891,35.57039],[6.07875,35.57175],[6.07629,35.57043],[6.075,35.57021],[6.07489,35.56961],[6.07511,35.56935],[6.07547,35.56975],[6.0763,35.57024],[6.07766,35.57016],[6.07838,35.57082],[6.07891,35.57039]]]}},{"type":"Feature","properties":{},"geometry":{"type":"Polygon","coordinates":[[[6.07843,35.56873],[6.07812,35.56893],[6.07773,35.56879],[6.07754,35.56838],[6.07676,35.56781],[6.07674,35.56725],[6.07704,35.56677],[6.07768,35.56626],[6.07892,35.56587],[6.07915,35.56566],[6.0801,35.56642],[6.08058,35.56711],[6.0805,35.5682],[6.07972,35.56859],[6.07843,35.56873]]]}},{"type":"Feature","properties":{"id":"0","TYPE":"MATORRAL","Name":"0"},"geometry":{"type":"Polygon","coordinates":[[[6.18764,35.64408],[6.18753,35.64415],[6.18802,35.64471],[6.19001,35.64658],[6.19258,35.65001],[6.1927,35.65221],[6.19344,35.65396],[6.19438,35.65566],[6.19579,35.65776],[6.19674,35.65867],[6.20126,35.66082],[6.20188,35.66154],[6.20182,35.66195],[6.20164,35.66188],[6.20058,35.66226],[6.20041,35.66316],[6.19939,35.66387],[6.19892,35.66411],[6.19819,35.66411],[6.19719,35.6637],[6.19562,35.66346],[6.19515,35.66378],[6.19428,35.66375],[6.19244,35.66321],[6.19229,35.66341],[6.19231,35.66393],[6.19211,35.66427],[6.19227,35.66448],[6.1922,35.66479],[6.19182,35.66512],[6.1917,35.66478],[6.19141,35.66486],[6.19125,35.66469],[6.19109,35.6642],[6.19087,35.66402],[6.18902,35.66377],[6.18881,35.66321],[6.18846,35.66272],[6.18851,35.6622],[6.18829,35.66197],[6.18668,35.66166],[6.18554,35.66105],[6.18534,35.66058],[6.18477,35.65995],[6.18433,35.65991],[6.18381,35.65965],[6.18325,35.65908],[6.18301,35.659],[6.18275,35.65926],[6.18256,35.65927],[6.18238,35.65907],[6.18196,35.65893],[6.18195,35.65854],[6.1817,35.65842],[6.18148,35.6585],[6.1813,35.65878],[6.1808,35.65872],[6.18018,35.65831],[6.17962,35.65844],[6.17928,35.65838],[6.17884,35.65803],[6.17808,35.65806],[6.17772,35.6578],[6.17667,35.6575],[6.17659,35.65729],[6.17683,35.65681],[6.17518,35.65648],[6.17504,35.65626],[6.175,35.65542],[6.17449,35.65451],[6.17445,35.65418],[6.1738,35.65387],[6.17303,35.65384],[6.17288,35.65335],[6.17189,35.65324],[6.17113,35.65297],[6.17064,35.65297],[6.16958,35.65266],[6.16931,35.65267],[6.1689,35.65293],[6.1681,35.65281],[6.1676,35.65312],[6.16729,35.65312],[6.16718,35.65276],[6.16736,35.65231],[6.16722,35.65205],[6.16686,35.65189],[6.16619,35.65187],[6.16566,35.65158],[6.16514,35.65167],[6.16481,35.65154],[6.16469,35.65116],[6.16473,35.65063],[6.16372,35.64979],[6.16416,35.64926],[6.16391,35.64886],[6.16348,35.64851],[6.16316,35.64786],[6.16258,35.6478],[6.1609,35.64702],[6.16,35.64714],[6.15888,35.64696],[6.15809,35.64654],[6.15773,35.64597],[6.15719,35.64573],[6.15644,35.64554],[6.15534,35.6455],[6.15503,35.64524],[6.15274,35.64441],[6.15229,35.64458],[6.15083,35.64408],[6.14923,35.64399],[6.14869,35.6441],[6.14565,35.64317],[6.14473,35.64277],[6.14415,35.64237],[6.14301,35.64202],[6.14193,35.64199],[6.1414,35.6418],[6.14064,35.64176],[6.14025,35.64147],[6.14017,35.6412],[6.13906,35.64099],[6.13861,35.64073],[6.13838,35.64043],[6.13723,35.64033],[6.13701,35.64014],[6.13654,35.64025],[6.13521,35.63922],[6.13519,35.63903],[6.13552,35.63867],[6.13513,35.63848],[6.13508,35.63858],[6.13509,35.6384],[6.13356,35.63782],[6.13218,35.63709],[6.13143,35.63694],[6.13129,35.63672],[6.12976,35.6359],[6.13042,35.63566],[6.13405,35.6366],[6.13578,35.6375],[6.13661,35.63814],[6.13951,35.63894],[6.14045,35.63871],[6.14105,35.63825],[6.14214,35.63707],[6.14263,35.6367],[6.14305,35.63666],[6.1439,35.63726],[6.14459,35.63757],[6.14532,35.63785],[6.14661,35.63811],[6.14798,35.63869],[6.14818,35.63856],[6.14811,35.63839],[6.14653,35.63671],[6.14574,35.63605],[6.14593,35.636],[6.14598,35.63623],[6.14615,35.63633],[6.147,35.63631],[6.14659,35.63616],[6.14758,35.63622],[6.14738,35.63632],[6.14743,35.63645],[6.14839,35.63673],[6.14855,35.63663],[6.14853,35.63649],[6.14823,35.63634],[6.14759,35.63622],[6.1478,35.6362],[6.14833,35.63635],[6.14901,35.63676],[6.15082,35.63737],[6.15374,35.63936],[6.15397,35.63934],[6.15429,35.63905],[6.15359,35.6381],[6.15194,35.63668],[6.15037,35.63586],[6.15193,35.63521],[6.15431,35.63546],[6.15674,35.63604],[6.15868,35.63621],[6.16016,35.63721],[6.16078,35.63837],[6.1652,35.64062],[6.16672,35.64007],[6.16755,35.64009],[6.16827,35.63943],[6.16914,35.63926],[6.17234,35.64043],[6.1737,35.64064],[6.17603,35.64062],[6.1785,35.64102],[6.17947,35.64135],[6.18093,35.64274],[6.18318,35.64311],[6.18571,35.64408],[6.18707,35.64397],[6.18764,35.64408]],[[6.15762,35.6454],[6.15728,35.64553],[6.15725,35.64566],[6.15751,35.6457],[6.15762,35.6454]],[[6.15906,35.64557],[6.15941,35.64585],[6.15978,35.6457],[6.15956,35.6455],[6.15942,35.64565],[6.15921,35.64537],[6.15906,35.64557]],[[6.17352,35.64767],[6.17404,35.64753],[6.17416,35.64734],[6.17372,35.64655],[6.17264,35.64594],[6.17208,35.64628],[6.17212,35.64662],[6.17277,35.64696],[6.17352,35.64767]],[[6.16734,35.65034],[6.16762,35.6496],[6.1676,35.64875],[6.16712,35.64897],[6.16633,35.649],[6.16604,35.64886],[6.16553,35.64905],[6.16529,35.64935],[6.16586,35.64953],[6.1659,35.64966],[6.16572,35.64974],[6.16482,35.6495],[6.16463,35.64906],[6.16432,35.6493],[6.16429,35.64964],[6.16445,35.65002],[6.16502,35.65035],[6.16527,35.65036],[6.16602,35.64992],[6.16638,35.64989],[6.16699,35.65014],[6.16716,35.65036],[6.16734,35.65034]],[[6.17327,35.65311],[6.17332,35.65285],[6.17318,35.65248],[6.17259,35.65246],[6.17222,35.6527],[6.17232,35.65296],[6.17307,35.65316],[6.17327,35.65311]],[[6.19253,35.66265],[6.19236,35.6617],[6.19209,35.66138],[6.19165,35.66173],[6.19172,35.66248],[6.192,35.66273],[6.19238,35.66282],[6.19253,35.66265]],[[6.19085,35.66261],[6.19109,35.66192],[6.19064,35.66172],[6.19039,35.66188],[6.19027,35.66233],[6.19049,35.66261],[6.19085,35.66261]],[[6.15581,35.64434],[6.1557,35.64473],[6.15603,35.6447],[6.15597,35.64432],[6.15581,35.64434]],[[6.15869,35.64407],[6.15862,35.64438],[6.1589,35.64448],[6.15869,35.64407]],[[6.1563,35.64206],[6.15607,35.64238],[6.15663,35.64238],[6.15652,35.64219],[6.15635,35.64223],[6.1563,35.64206]],[[6.15513,35.64128],[6.15553,35.6417],[6.15588,35.64168],[6.15569,35.64142],[6.15587,35.64125],[6.15573,35.64111],[6.15522,35.64111],[6.15513,35.64128]],[[6.14097,35.64145],[6.14099,35.64113],[6.14046,35.64111],[6.14056,35.6415],[6.14115,35.64165],[6.14097,35.64145]],[[6.13875,35.64026],[6.13873,35.64068],[6.13931,35.64096],[6.13911,35.64038],[6.13875,35.64026]],[[6.15326,35.63981],[6.15312,35.64005],[6.15329,35.64018],[6.15351,35.6401],[6.1537,35.63979],[6.15392,35.63989],[6.15368,35.63956],[6.15343,35.63958],[6.15306,35.63926],[6.15288,35.63951],[6.15326,35.63981]],[[6.13727,35.64029],[6.13756,35.64024],[6.13751,35.64001],[6.13721,35.64009],[6.13727,35.64029]],[[6.15183,35.63864],[6.15219,35.63887],[6.15241,35.63871],[6.15234,35.63858],[6.15202,35.63851],[6.15183,35.63864]]]}},{"type":"Feature","properties":{},"geometry":{"type":"Polygon","coordinates":[[[5.94873,35.53724],[5.94903,35.53739],[5.94923,35.53733],[5.94923,35.53568],[5.95022,35.5346],[5.95033,35.53466],[5.95087,35.53443],[5.95131,35.53466],[5.95193,35.53474],[5.95318,35.53464],[5.95355,35.53483],[5.95421,35.53467],[5.95472,35.53482],[5.95544,35.53451],[5.95644,35.53433],[5.95661,35.53386],[5.95692,35.53383],[5.95702,35.53354],[5.95737,35.53359],[5.95744,35.53345],[5.95853,35.53355],[5.95888,35.53385],[5.96073,35.53441],[5.96258,35.53463],[5.9626,35.53466],[5.96282,35.53476],[5.96286,35.53479],[5.96274,35.53479],[5.9633,35.53532],[5.9637,35.53537],[5.96333,35.53522],[5.96314,35.53493],[5.9643,35.53572],[5.96424,35.53601],[5.96412,35.53579],[5.9638,35.53583],[5.96394,35.53625],[5.96367,35.53669],[5.96347,35.53621],[5.96292,35.53608],[5.9617,35.53716],[5.96122,35.53726],[5.96031,35.53787],[5.959,35.5379],[5.95738,35.53866],[5.95624,35.53868],[5.95709,35.53923],[5.95761,35.54009],[5.95752,35.54031],[5.95743,35.54031],[5.9574,35.53999],[5.9572,35.53998],[5.95699,35.53923],[5.95636,35.53904],[5.95611,35.53919],[5.95601,35.539],[5.95567,35.53888],[5.95561,35.53899],[5.95583,35.53956],[5.95578,35.54005],[5.95619,35.54041],[5.95565,35.5407],[5.95513,35.54135],[5.95445,35.5417],[5.95401,35.54154],[5.95342,35.54102],[5.95498,35.54067],[5.95515,35.54054],[5.95501,35.54031],[5.95385,35.53976],[5.95302,35.53915],[5.95167,35.53873],[5.95099,35.53838],[5.94916,35.53801],[5.94867,35.53772],[5.94873,35.53724]]]}}]}