{"type":"FeatureCollection","features":[{"type":"Feature","properties":{"Name":"Circuit 01 (58.2 Km)"},"geometry":{"type":"LineString","coordinates":[[6.16623,35.54999],[6.13775,35.57449],[6.11946,35.58678],[6.11925,35.58937],[6.11674,35.59136],[6.11507,35.59331],[6.1142,35.59324],[6.11321,35.59433],[6.11242,35.59498],[6.11134,35.59499],[6.11117,35.59562],[6.11085,35.59649],[6.11203,35.59779],[6.11323,35.59754],[6.11377,35.59644],[6.115,35.59445],[6.1164,35.59337],[6.11979,35.59221],[6.12322,35.59095],[6.12477,35.59057],[6.12931,35.58976],[6.13198,35.59009],[6.13793,35.59357],[6.13907,35.59256],[6.13956,35.59173],[6.14062,35.59147],[6.1404,35.59099],[6.14192,35.59056],[6.14301,35.59068],[6.14454,35.59013],[6.14931,35.58979],[6.15089,35.59166],[6.15234,35.59089],[6.15416,35.59066],[6.15788,35.5925],[6.15924,35.59294],[6.16024,35.5929],[6.1595,35.5919],[6.15976,35.59085],[6.16089,35.59053],[6.16267,35.59102],[6.16284,35.59189],[6.16342,35.59152],[6.16409,35.59126],[6.16518,35.59138],[6.16606,35.59164],[6.1663,35.59239],[6.16648,35.59264],[6.16693,35.59227],[6.16731,35.59213],[6.1677,35.59162],[6.16814,35.59071],[6.16826,35.59014],[6.1692,35.59016],[6.17039,35.59045],[6.1712,35.59045],[6.17199,35.59066],[6.17253,35.59109],[6.17336,35.59234],[6.17342,35.59283],[6.17254,35.59394],[6.17318,35.59417],[6.17603,35.59413],[6.17697,35.59535],[6.17686,35.59635],[6.17702,35.59677],[6.1781,35.59753],[6.18493,35.59644],[6.18663,35.59715],[6.18823,35.59537],[6.19262,35.59451],[6.19598,35.59486],[6.19997,35.59316],[6.20627,35.5936],[6.2115,35.59511],[6.21298,35.59824],[6.2104,35.60158],[6.20794,35.60211],[6.20747,35.60297],[6.2074,35.60561],[6.20796,35.60646],[6.20664,35.6085],[6.20519,35.60895],[6.20341,35.61004],[6.20001,35.61176],[6.19851,35.61183],[6.19782,35.61254],[6.19651,35.61251],[6.19349,35.61276],[6.19147,35.61318],[6.19051,35.61389],[6.18935,35.6142],[6.18873,35.61499],[6.1874,35.61529],[6.18752,35.6157],[6.18816,35.61625],[6.18936,35.61741],[6.19166,35.61921],[6.19257,35.61945],[6.1945,35.619],[6.19577,35.61895],[6.20005,35.61991],[6.20392,35.62023],[6.20681,35.62231],[6.20925,35.62432],[6.20827,35.62477],[6.20817,35.62509],[6.20861,35.6255],[6.20883,35.62652],[6.20784,35.62723],[6.20843,35.62716],[6.20919,35.62731],[6.20975,35.62811],[6.21082,35.62926],[6.21145,35.62984],[6.21251,35.63071],[6.2152,35.63262],[6.21781,35.63581],[6.21891,35.63602],[6.22043,35.63711],[6.22034,35.63824],[6.22105,35.63919],[6.22183,35.64003],[6.2226,35.64048],[6.22374,35.64059],[6.2246,35.64085],[6.22547,35.6413],[6.22734,35.64157],[6.22858,35.64272],[6.23068,35.64237],[6.23208,35.64281],[6.23341,35.64295],[6.23454,35.64279],[6.23635,35.6431],[6.24025,35.64335],[6.24179,35.64362],[6.24292,35.64326],[6.24397,35.64324],[6.24512,35.64388],[6.24616,35.64471],[6.24713,35.64575],[6.24879,35.64664],[6.25018,35.64751],[6.251,35.6481],[6.25224,35.64834],[6.25293,35.64906],[6.25369,35.64913],[6.25377,35.64945],[6.25497,35.64973],[6.25898,35.65002],[6.26075,35.65022],[6.26488,35.65558],[6.26452,35.65822],[6.26321,35.65936],[6.2636,35.66152],[6.26344,35.6623],[6.26411,35.66399],[6.26327,35.66507],[6.26117,35.66659],[6.25985,35.66986],[6.26056,35.67305],[6.26171,35.6778],[6.26284,35.67764],[6.2644,35.67793],[6.26767,35.68018],[6.27,35.68023],[6.2728,35.67871],[6.27396,35.67699],[6.27884,35.67583],[6.28526,35.6725],[6.28613,35.67133],[6.28743,35.67159],[6.29037,35.67269],[6.29336,35.67306],[6.29352,35.67266],[6.29321,35.67168],[6.29317,35.66943],[6.30439,35.65988],[6.28996,35.65521],[6.28919,35.6548],[6.2748,35.63972],[6.27367,35.63896],[6.27163,35.63701],[6.26825,35.63245],[6.26284,35.62853],[6.26086,35.6272],[6.25875,35.62529],[6.2394,35.61285],[6.23479,35.61138],[6.23015,35.60801],[6.22261,35.60364],[6.20686,35.5911],[6.20333,35.58793],[6.19248,35.58035],[6.18627,35.57517],[6.17273,35.55835],[6.1728,35.55705],[6.17444,35.5561],[6.17111,35.55355],[6.16623,35.54999]]}},{"type":"Feature","properties":{"Name":"Circuit 02 (44.2 Km)"},"geometry":{"type":"LineString","coordinates":[[6.16616,35.5502],[6.15911,35.55605],[6.15654,35.55439],[6.14716,35.55439],[6.12935,35.55128],[6.1173,35.5498],[6.11293,35.54953],[6.10971,35.5501],[6.10397,35.54825],[6.09169,35.54462],[6.08554,35.54253],[6.08112,35.54017],[6.08145,35.5497],[6.08344,35.55588],[6.08182,35.56242],[6.07983,35.57401],[6.07627,35.57942],[6.07398,35.58138],[6.07083,35.58131],[6.06428,35.57969],[6.05971,35.57944],[6.05889,35.58051],[6.05717,35.57977],[6.05443,35.58003],[6.05297,35.58069],[6.05125,35.58229],[6.05014,35.58118],[6.04814,35.58086],[6.04706,35.57974],[6.04693,35.57871],[6.04385,35.57854],[6.04287,35.57724],[6.0432,35.57635],[6.03715,35.57591],[6.03315,35.57581],[6.02893,35.57529],[6.02617,35.57426],[6.02633,35.57236],[6.02547,35.57088],[6.01857,35.56627],[6.01558,35.56321],[6.01447,35.56112],[6.01257,35.56231],[6.0119,35.56085],[6.0108,35.55959],[6.00791,35.55987],[6.00786,35.55796],[6.00751,35.55587],[6.00604,35.55225],[6.00597,35.54994],[6.0109,35.5456],[6.0105,35.54226],[6.00886,35.54008],[6.00673,35.53742],[6.00268,35.53468],[5.99982,35.53218],[5.9996,35.53035],[5.99987,35.52652],[6.00017,35.52328],[6.00217,35.52215],[6.0038,35.51978],[6.00359,35.517],[6.00472,35.51476],[6.00479,35.51241],[6.00508,35.51001],[6.0052,35.5063],[6.00549,35.50561],[6.01517,35.50657],[6.01741,35.50856],[6.0194,35.5085],[6.02206,35.50962],[6.03468,35.50988],[6.03943,35.51098],[6.04178,35.51127],[6.05687,35.51464],[6.06987,35.5185],[6.07403,35.52049],[6.08648,35.5244],[6.10317,35.5312],[6.11933,35.53396],[6.13141,35.53755],[6.13634,35.53815],[6.14723,35.55443],[6.15676,35.55454],[6.15876,35.55576],[6.16616,35.5502]]}},{"type":"Feature","properties":{"Name":"Circuit 03 (36.7 Km)"},"geometry":{"type":"LineString","coordinates":[[6.16616,35.5502],[6.15911,35.55605],[6.15654,35.55439],[6.14716,35.55439],[6.12935,35.55128],[6.1173,35.5498],[6.11293,35.54953],[6.10971,35.5501],[6.10397,35.54825],[6.09169,35.54462],[6.08554,35.54253],[6.08112,35.54017],[6.08145,35.5497],[6.08344,35.55588],[6.08182,35.56242],[6.07983,35.57401],[6.07627,35.57942],[6.07398,35.58138],[6.07083,35.58131],[6.06428,35.57969],[6.05971,35.57944],[6.05889,35.58051],[6.05717,35.57977],[6.05443,35.58003],[6.05297,35.58069],[6.05125,35.58229],[6.05014,35.58118],[6.04814,35.58086],[6.04706,35.57974],[6.04693,35.57871],[6.04385,35.57854],[6.04298,35.57802],[6.04304,35.57688],[6.03728,35.57617],[6.03661,35.57643],[6.03678,35.57812],[6.03588,35.5784],[6.03608,35.57885],[6.03604,35.57922],[6.03509,35.57945],[6.03535,35.58024],[6.03484,35.58145],[6.03446,35.58205],[6.03376,35.5823],[6.03323,35.5836],[6.03441,35.58291],[6.03289,35.58432],[6.03195,35.58553],[6.0312,35.58606],[6.03267,35.58569],[6.03393,35.58449],[6.03289,35.58595],[6.03252,35.5884],[6.03684,35.58815],[6.04003,35.58874],[6.04342,35.59075],[6.04543,35.59136],[6.04654,35.59178],[6.04801,35.59325],[6.0508,35.59401],[6.05397,35.59428],[6.05571,35.59539],[6.05733,35.59693],[6.05921,35.59533],[6.06074,35.59257],[6.06062,35.59156],[6.06133,35.59047],[6.06247,35.58967],[6.06384,35.59009],[6.065,35.59166],[6.06695,35.59156],[6.06769,35.59211],[6.0692,35.59266],[6.06902,35.5944],[6.07042,35.59495],[6.07319,35.59817],[6.07507,35.59947],[6.07806,35.59985],[6.08066,35.60051],[6.08272,35.60044],[6.08381,35.60052],[6.08653,35.60046],[6.0882,35.60085],[6.0905,35.60069],[6.09247,35.60092],[6.09422,35.6017],[6.09554,35.60161],[6.09574,35.60303],[6.09635,35.6037],[6.0975,35.60289],[6.09849,35.60209],[6.1003,35.60151],[6.10149,35.60213],[6.1018,35.60306],[6.10273,35.60241],[6.104,35.60163],[6.1063,35.60181],[6.10786,35.60283],[6.10968,35.60275],[6.11379,35.60234],[6.11228,35.60121],[6.11167,35.60098],[6.11105,35.60033],[6.11117,35.59938],[6.1097,35.59936],[6.10698,35.59779],[6.11031,35.59641],[6.11156,35.59505],[6.11275,35.59487],[6.11412,35.59334],[6.11539,35.59334],[6.11636,35.59137],[6.11963,35.58911],[6.11958,35.58721],[6.12007,35.5861],[6.1368,35.57563],[6.143,35.57149],[6.15886,35.55942],[6.16103,35.55675],[6.15924,35.55581]]}},{"type":"Feature","properties":{"Name":"Circuit 04 (59.8 Km)"},"geometry":{"type":"LineString","coordinates":[[6.16623,35.54999],[6.13775,35.57449],[6.11946,35.58678],[6.11925,35.58937],[6.11674,35.59136],[6.11507,35.59331],[6.1142,35.59324],[6.11321,35.59433],[6.11242,35.59498],[6.11134,35.59499],[6.11085,35.5956],[6.10969,35.59653],[6.10939,35.59707],[6.10858,35.59712],[6.10713,35.59752],[6.10698,35.59779],[6.10792,35.59857],[6.10853,35.59857],[6.10995,35.59946],[6.1109,35.59943],[6.11113,35.60054],[6.11181,35.60107],[6.11359,35.60193],[6.11345,35.60251],[6.11311,35.60286],[6.11329,35.60329],[6.11419,35.60394],[6.11447,35.60442],[6.116,35.60444],[6.11751,35.6043],[6.11833,35.60446],[6.11963,35.60491],[6.12096,35.6064],[6.12037,35.60719],[6.1203,35.60771],[6.11999,35.60805],[6.12015,35.6092],[6.12125,35.61007],[6.1229,35.61059],[6.12317,35.61126],[6.12345,35.61168],[6.12303,35.61222],[6.12335,35.61261],[6.12416,35.6128],[6.12487,35.61339],[6.12628,35.61397],[6.12809,35.61381],[6.12846,35.61405],[6.12883,35.61421],[6.13189,35.61523],[6.13382,35.61573],[6.13441,35.61578],[6.13499,35.61676],[6.13643,35.61761],[6.13808,35.61822],[6.1415,35.62003],[6.14227,35.62095],[6.14202,35.62242],[6.14129,35.62292],[6.14117,35.62365],[6.14089,35.62407],[6.14017,35.62452],[6.13957,35.62479],[6.13933,35.62513],[6.14037,35.62556],[6.14093,35.62591],[6.14229,35.62591],[6.14354,35.62552],[6.14545,35.62469],[6.14731,35.62366],[6.14862,35.62389],[6.14999,35.62454],[6.15084,35.62513],[6.15129,35.62589],[6.15138,35.62648],[6.14994,35.62744],[6.14944,35.62835],[6.14879,35.62862],[6.1486,35.62893],[6.14743,35.62946],[6.14673,35.62964],[6.14632,35.62981],[6.14691,35.63036],[6.14706,35.6307],[6.14711,35.63116],[6.1479,35.631],[6.1489,35.63135],[6.14907,35.63188],[6.14956,35.63202],[6.14983,35.6322],[6.15028,35.63212],[6.15121,35.63209],[6.15194,35.63226],[6.15228,35.63291],[6.15295,35.633],[6.15431,35.63254],[6.155,35.63258],[6.15541,35.63305],[6.15551,35.63366],[6.15635,35.63399],[6.1574,35.6334],[6.15859,35.63305],[6.15938,35.63295],[6.16026,35.63317],[6.16084,35.63347],[6.16089,35.63417],[6.16053,35.63532],[6.16066,35.63606],[6.16113,35.63682],[6.16098,35.63748],[6.16071,35.63791],[6.15927,35.63761],[6.15831,35.63783],[6.15792,35.63834],[6.15722,35.63794],[6.15667,35.63786],[6.15611,35.6374],[6.15592,35.63773],[6.15486,35.63742],[6.15386,35.63729],[6.15331,35.63717],[6.15425,35.63923],[6.15374,35.63952],[6.1538,35.64043],[6.15423,35.64126],[6.15319,35.6416],[6.1525,35.64137],[6.15179,35.64138],[6.1513,35.64147],[6.15051,35.64104],[6.15008,35.64068],[6.14959,35.64065],[6.14954,35.64087],[6.14922,35.64101],[6.14893,35.641],[6.14883,35.64152],[6.14804,35.6415],[6.1473,35.64136],[6.14683,35.64138],[6.14606,35.64088],[6.14561,35.64119],[6.14555,35.64141],[6.1448,35.64096],[6.14438,35.64051],[6.14415,35.64074],[6.14298,35.64093],[6.14274,35.64104],[6.14229,35.64098],[6.14203,35.64042],[6.14135,35.64064],[6.13823,35.64012],[6.13717,35.64008],[6.13676,35.64049],[6.13766,35.64103],[6.13959,35.64265],[6.14033,35.64367],[6.14095,35.64462],[6.14257,35.64591],[6.14393,35.6469],[6.14527,35.64743],[6.1461,35.64823],[6.14911,35.64914],[6.15035,35.64996],[6.15094,35.65054],[6.15278,35.65143],[6.15375,35.65179],[6.15455,35.65252],[6.15447,35.65334],[6.15556,35.65433],[6.15641,35.65436],[6.15722,35.65481],[6.15773,35.65527],[6.15772,35.65577],[6.15828,35.65606],[6.15858,35.65651],[6.15836,35.65693],[6.1587,35.65735],[6.15956,35.65734],[6.16049,35.65746],[6.16139,35.65781],[6.16186,35.65813],[6.16283,35.65838],[6.16404,35.65826],[6.16507,35.65828],[6.16523,35.65951],[6.1661,35.66038],[6.16677,35.66091],[6.16756,35.66113],[6.16863,35.66186],[6.16939,35.66205],[6.17002,35.66244],[6.17033,35.6637],[6.17033,35.66415],[6.1706,35.6645],[6.17147,35.66521],[6.17269,35.66634],[6.17419,35.66973],[6.17519,35.67025],[6.17722,35.6686],[6.17886,35.66852],[6.1807,35.66852],[6.18133,35.66912],[6.18113,35.67026],[6.18143,35.67105],[6.17975,35.6721],[6.17935,35.67272],[6.17899,35.67413],[6.1789,35.67483],[6.18017,35.67564],[6.18025,35.67768],[6.18103,35.68053],[6.18096,35.6816],[6.1813,35.68429],[6.18124,35.68545],[6.18138,35.68626],[6.18197,35.68708],[6.1832,35.68691],[6.18443,35.68737],[6.18656,35.68748],[6.18883,35.68911],[6.19113,35.69102],[6.19977,35.68638],[6.20794,35.68666],[6.23834,35.68518],[6.24308,35.68527],[6.24395,35.68278],[6.24554,35.68236],[6.24663,35.68272],[6.25025,35.68245],[6.25115,35.68231],[6.25202,35.68177],[6.25247,35.6803],[6.25336,35.68054],[6.25402,35.67971],[6.25466,35.67975],[6.25556,35.67943],[6.25744,35.67954],[6.26022,35.678],[6.26138,35.67848],[6.26171,35.6778],[6.26284,35.67764],[6.2644,35.67793],[6.26767,35.68018],[6.27,35.68023],[6.2728,35.67871],[6.27396,35.67699],[6.27884,35.67583],[6.28526,35.6725],[6.28613,35.67133],[6.28743,35.67159],[6.29037,35.67269],[6.29336,35.67306],[6.29352,35.67266],[6.29321,35.67168],[6.29317,35.66943],[6.30439,35.65988],[6.28996,35.65521],[6.28919,35.6548],[6.2748,35.63972],[6.27367,35.63896],[6.27163,35.63701],[6.26825,35.63245],[6.26284,35.62853],[6.26086,35.6272],[6.25875,35.62529],[6.2394,35.61285],[6.23479,35.61138],[6.23015,35.60801],[6.22261,35.60364],[6.20686,35.5911],[6.20333,35.58793],[6.19248,35.58035],[6.18627,35.57517],[6.17273,35.55835],[6.1728,35.55705],[6.17444,35.5561],[6.17111,35.55355],[6.16623,35.54999]]}},{"type":"Feature","properties":{"Name":"Circuit 05 (72.8 Km)"},"geometry":{"type":"LineString","coordinates":[[6.16616,35.5502],[6.15911,35.55605],[6.15654,35.55439],[6.14716,35.55439],[6.12935,35.55128],[6.1173,35.5498],[6.11293,35.54953],[6.10971,35.5501],[6.10397,35.54825],[6.09169,35.54462],[6.08554,35.54253],[6.08112,35.54017],[6.08145,35.5497],[6.08344,35.55588],[6.08182,35.56242],[6.07983,35.57401],[6.07627,35.57942],[6.07398,35.58138],[6.07083,35.58131],[6.06428,35.57969],[6.05971,35.57944],[6.05889,35.58051],[6.05717,35.57977],[6.05443,35.58003],[6.05297,35.58069],[6.05125,35.58229],[6.05014,35.58118],[6.04814,35.58086],[6.04706,35.57974],[6.04693,35.57871],[6.04385,35.57854],[6.04298,35.57802],[6.04304,35.57688],[6.03728,35.57617],[6.03661,35.57643],[6.03678,35.57812],[6.03588,35.5784],[6.03608,35.57885],[6.03604,35.57922],[6.03509,35.57945],[6.03535,35.58024],[6.03484,35.58145],[6.03446,35.58205],[6.03376,35.5823],[6.03323,35.5836],[6.03441,35.58291],[6.03289,35.58432],[6.03195,35.58553],[6.0312,35.58606],[6.03267,35.58569],[6.03393,35.58449],[6.03289,35.58595],[6.03222,35.58786],[6.03247,35.5887],[6.03038,35.58884],[6.02475,35.58846],[6.02269,35.58897],[6.0195,35.5898],[6.0173,35.5926],[6.01736,35.59505],[6.01778,35.59707],[6.01747,35.59787],[6.01848,35.5995],[6.01889,35.60236],[6.01809,35.60304],[6.01702,35.60276],[6.01609,35.60221],[6.01524,35.60078],[6.01327,35.59872],[6.01079,35.5949],[6.00912,35.59322],[6.00616,35.59166],[6.00355,35.58999],[6.00074,35.59025],[5.99787,35.5909],[5.99544,35.58943],[5.99295,35.58673],[5.9917,35.58641],[5.98925,35.58634],[5.98799,35.58645],[5.98694,35.58915],[5.98578,35.59077],[5.98278,35.5902],[5.98058,35.58876],[5.9811,35.58716],[5.98182,35.58575],[5.98314,35.58442],[5.98448,35.58422],[5.9862,35.58319],[5.98669,35.58313],[5.98772,35.58246],[5.98799,35.5815],[5.98694,35.57994],[5.98691,35.57981],[5.98582,35.57948],[5.98589,35.57828],[5.98707,35.57683],[5.98971,35.57519],[5.98831,35.57517],[5.98654,35.57583],[5.98562,35.57646],[5.98492,35.57715],[5.98479,35.57665],[5.98283,35.57685],[5.98143,35.57681],[5.9762,35.57775],[5.97521,35.57929],[5.97286,35.57919],[5.96816,35.57968],[5.96704,35.58089],[5.96454,35.58008],[5.96179,35.58035],[5.95959,35.58],[5.95594,35.5826],[5.95389,35.58418],[5.95154,35.58444],[5.95018,35.58422],[5.94744,35.58448],[5.94444,35.58654],[5.94014,35.59228],[5.93686,35.59695],[5.93453,35.60692],[5.94552,35.61251],[5.95253,35.61418],[5.95665,35.61779],[5.95661,35.62564],[5.96897,35.63439],[5.97735,35.63426],[5.98583,35.63695],[5.99486,35.64546],[6.00217,35.64391],[6.00722,35.63907],[6.00753,35.63703],[6.00846,35.6367],[6.01042,35.6342],[6.01118,35.63389],[6.01121,35.63106],[6.01263,35.63112],[6.01337,35.63205],[6.01464,35.63125],[6.01577,35.63078],[6.01622,35.6286],[6.01544,35.62739],[6.01639,35.62764],[6.01833,35.62838],[6.01994,35.62706],[6.02047,35.62473],[6.02113,35.62456],[6.02229,35.6253],[6.02426,35.62342],[6.02616,35.62141],[6.02665,35.61992],[6.02841,35.62066],[6.03139,35.61974],[6.03331,35.62031],[6.03397,35.6193],[6.03325,35.6175],[6.03099,35.61538],[6.03057,35.61477],[6.02976,35.61395],[6.03136,35.61347],[6.03193,35.61197],[6.03175,35.61047],[6.03231,35.60998],[6.03266,35.60907],[6.03141,35.60757],[6.03283,35.60657],[6.03218,35.6049],[6.03035,35.60239],[6.02981,35.60193],[6.02976,35.60171],[6.03222,35.60107],[6.03346,35.59963],[6.03437,35.59822],[6.03542,35.60069],[6.03643,35.60017],[6.03701,35.59962],[6.03755,35.59961],[6.03801,35.59968],[6.03915,35.59946],[6.04018,35.5978],[6.04087,35.59743],[6.04158,35.59902],[6.04252,35.59926],[6.04459,35.59883],[6.04597,35.59938],[6.04575,35.5997],[6.0454,35.59977],[6.0446,35.60059],[6.04492,35.60123],[6.04422,35.60198],[6.04346,35.60186],[6.04258,35.60276],[6.04206,35.60311],[6.0416,35.60354],[6.04251,35.60405],[6.04356,35.60414],[6.04442,35.60499],[6.0448,35.60566],[6.0458,35.6051],[6.04724,35.60376],[6.05086,35.60324],[6.05224,35.60324],[6.05451,35.6041],[6.05533,35.60502],[6.05515,35.60588],[6.05478,35.60617],[6.05489,35.60712],[6.05634,35.60716],[6.05804,35.60628],[6.05734,35.60514],[6.05774,35.60208],[6.05842,35.6006],[6.05784,35.59953],[6.05696,35.59855],[6.05679,35.59742],[6.05729,35.59702],[6.05781,35.59603],[6.05908,35.59501],[6.06023,35.59397],[6.06079,35.59268],[6.06047,35.59243],[6.06037,35.59243],[6.06043,35.5921],[6.06133,35.59047],[6.06247,35.58967],[6.06384,35.59009],[6.065,35.59166],[6.06695,35.59156],[6.06769,35.59211],[6.0692,35.59266],[6.06902,35.5944],[6.07042,35.59495],[6.07319,35.59817],[6.07507,35.59947],[6.07806,35.59985],[6.08066,35.60051],[6.08272,35.60044],[6.08381,35.60052],[6.08653,35.60046],[6.0882,35.60085],[6.0905,35.60069],[6.09247,35.60092],[6.09422,35.6017],[6.09554,35.60161],[6.09574,35.60303],[6.09635,35.6037],[6.0975,35.60289],[6.09849,35.60209],[6.1003,35.60151],[6.10149,35.60213],[6.1018,35.60306],[6.10273,35.60241],[6.104,35.60163],[6.1063,35.60181],[6.10786,35.60283],[6.10968,35.60275],[6.11379,35.60234],[6.11228,35.60121],[6.11167,35.60098],[6.11105,35.60033],[6.11117,35.59938],[6.1097,35.59936],[6.10698,35.59779],[6.11031,35.59641],[6.11156,35.59505],[6.11275,35.59487],[6.11412,35.59334],[6.11539,35.59334],[6.11636,35.59137],[6.11963,35.58911],[6.11958,35.58721],[6.12007,35.5861],[6.1368,35.57563],[6.143,35.57149],[6.15886,35.55942],[6.16103,35.55675],[6.15938,35.55572]]}},{"type":"Feature","properties":{"Name":"Circuit 06 (102 Km)"},"geometry":{"type":"LineString","coordinates":[[6.05426,35.59443],[6.05729,35.59702],[6.05781,35.59603],[6.05908,35.59501],[6.06023,35.59397],[6.06079,35.59268],[6.06047,35.59243],[6.06037,35.59243],[6.06043,35.5921],[6.06133,35.59047],[6.06247,35.58967],[6.06384,35.59009],[6.065,35.59166],[6.06695,35.59156],[6.06769,35.59211],[6.0692,35.59266],[6.06902,35.5944],[6.07042,35.59495],[6.07319,35.59817],[6.07507,35.59947],[6.07806,35.59985],[6.08066,35.60051],[6.08272,35.60044],[6.08381,35.60052],[6.08653,35.60046],[6.0882,35.60085],[6.0905,35.60069],[6.09247,35.60092],[6.09422,35.6017],[6.09554,35.60161],[6.09574,35.60303],[6.09635,35.6037],[6.0975,35.60289],[6.09849,35.60209],[6.1003,35.60151],[6.10149,35.60213],[6.1018,35.60306],[6.10273,35.60241],[6.104,35.60163],[6.1063,35.60181],[6.10786,35.60283],[6.10968,35.60275],[6.11379,35.60234],[6.11228,35.60121],[6.11167,35.60098],[6.11105,35.60033],[6.11117,35.59938],[6.1097,35.59936],[6.10698,35.59779],[6.11031,35.59641],[6.11156,35.59505],[6.11275,35.59487],[6.11412,35.59334],[6.11539,35.59334],[6.11636,35.59137],[6.11963,35.58911],[6.11958,35.58721],[6.12007,35.5861],[6.1368,35.57563],[6.143,35.57149],[6.15886,35.55942],[6.16107,35.55717],[6.17414,35.56628],[6.17888,35.56587],[6.18535,35.57441],[6.20442,35.58896],[6.23274,35.61072],[6.24041,35.61334],[6.25968,35.62625],[6.26698,35.63183],[6.28986,35.65525],[6.30422,35.65905],[6.29278,35.66975],[6.29313,35.67199],[6.29372,35.67311],[6.2928,35.67339],[6.28932,35.67258],[6.28593,35.67148],[6.28509,35.67267],[6.27984,35.67554],[6.27431,35.677],[6.27257,35.67894],[6.27001,35.68017],[6.26697,35.68016],[6.26398,35.67797],[6.26262,35.67748],[6.26096,35.67848],[6.26028,35.67811],[6.25733,35.6798],[6.25565,35.67949],[6.25436,35.67969],[6.25337,35.68031],[6.25237,35.68044],[6.25146,35.68227],[6.24854,35.6826],[6.24631,35.68255],[6.2453,35.68231],[6.24392,35.68269],[6.24291,35.68534],[6.24182,35.68541],[6.22935,35.68553],[6.21882,35.68626],[6.2081,35.68676],[6.19995,35.68652],[6.19101,35.69042],[6.18721,35.69084],[6.18651,35.69278],[6.18335,35.69225],[6.1821,35.69608],[6.18203,35.69657],[6.18148,35.69722],[6.18141,35.69864],[6.1807,35.69934],[6.17828,35.6987],[6.17565,35.69615],[6.17496,35.69457],[6.17154,35.69145],[6.16875,35.69099],[6.16553,35.68857],[6.16503,35.68873],[6.16602,35.68995],[6.16743,35.69133],[6.16418,35.69011],[6.16322,35.68997],[6.16109,35.69],[6.15713,35.68932],[6.15731,35.68918],[6.15531,35.68826],[6.15507,35.68768],[6.14826,35.68548],[6.14449,35.68491],[6.1422,35.68519],[6.13917,35.68373],[6.13689,35.68318],[6.13304,35.67968],[6.13154,35.67721],[6.13047,35.67462],[6.12824,35.67253],[6.12556,35.67181],[6.12161,35.66913],[6.11845,35.66846],[6.11704,35.66906],[6.11557,35.66845],[6.11398,35.66881],[6.11226,35.66953],[6.10995,35.6685],[6.10831,35.66748],[6.10756,35.66585],[6.10414,35.66434],[6.10255,35.66331],[6.09705,35.65679],[6.09696,35.65575],[6.09461,35.65301],[6.09085,35.65196],[6.08633,35.65109],[6.0791,35.649],[6.07678,35.64839],[6.07317,35.64736],[6.06993,35.6468],[6.06571,35.64637],[6.06307,35.64601],[6.06202,35.64564],[6.06171,35.64503],[6.06164,35.64448],[6.05983,35.64326],[6.05034,35.64226],[6.04237,35.64065],[6.03282,35.63893],[6.02622,35.63585],[6.02455,35.63554],[6.01382,35.63871],[6.0093,35.639],[6.0087,35.6387],[6.00762,35.63869],[6.00685,35.63918],[6.0031,35.643],[5.99777,35.64478],[5.99159,35.64582],[5.98675,35.64612],[5.98499,35.64581],[5.98272,35.64618],[5.97798,35.64512],[5.96182,35.65099],[5.9588,35.65099],[5.95335,35.65286],[5.95144,35.65217],[5.94295,35.65004],[5.93876,35.64873],[5.93503,35.64724],[5.93281,35.64773],[5.92883,35.6471],[5.92575,35.64394],[5.92442,35.6414],[5.92198,35.64121],[5.92168,35.63916],[5.91792,35.63236],[5.91603,35.63125],[5.91414,35.63057],[5.91399,35.63002],[5.91224,35.62921],[5.91448,35.62576],[5.91426,35.6241],[5.91511,35.62214],[5.91528,35.61987],[5.91798,35.61814],[5.92041,35.61791],[5.92209,35.61622],[5.92317,35.61364],[5.92279,35.61192],[5.92339,35.60507],[5.92677,35.60489],[5.93414,35.60637],[5.93652,35.60099],[5.93731,35.59667],[5.93726,35.59538],[5.93989,35.59295],[5.94328,35.58793],[5.94551,35.58474],[5.94721,35.58444],[5.95008,35.58415],[5.95324,35.58413],[5.96008,35.57984],[5.96368,35.5799],[5.9645,35.57905],[5.9656,35.58072],[5.96749,35.58172],[5.96738,35.58027],[5.96894,35.57925],[5.97054,35.57943],[5.97224,35.57904],[5.97455,35.57915],[5.97512,35.57967],[5.97567,35.57754],[5.97895,35.57609],[5.97804,35.57769],[5.98089,35.57549],[5.98149,35.57522],[5.9795,35.57862],[5.98312,35.57563],[5.98447,35.57491],[5.98286,35.57692],[5.98374,35.57626],[5.98453,35.57588],[5.98525,35.57617],[5.98476,35.57684],[5.98935,35.57487],[5.99161,35.57543],[5.98912,35.57577],[5.98695,35.57712],[5.98573,35.57941],[5.98677,35.57976],[5.98814,35.58154],[5.98769,35.58223],[5.98655,35.58319],[5.98611,35.58306],[5.98458,35.58418],[5.98327,35.5842],[5.98185,35.58556],[5.98025,35.58854],[5.98275,35.59026],[5.98576,35.5907],[5.98697,35.58903],[5.98805,35.58656],[5.99273,35.58638],[5.99283,35.58646],[5.99309,35.58686],[5.99529,35.58911],[5.99802,35.59102],[6.001,35.59016],[6.00363,35.59],[6.0092,35.59329],[6.011,35.59521],[6.01322,35.59872],[6.01527,35.60062],[6.01626,35.60249],[6.01795,35.60308],[6.0189,35.60253],[6.01871,35.60087],[6.0183,35.59934],[6.01752,35.59804],[6.01758,35.59691],[6.01726,35.59387],[6.01741,35.59238],[6.01954,35.58958],[6.02516,35.58841],[6.03223,35.58873],[6.03694,35.58816],[6.03986,35.58885],[6.04389,35.59086],[6.0456,35.59143],[6.04802,35.5932],[6.05157,35.59421],[6.05369,35.59422],[6.05426,35.59443]]}},{"type":"Feature","properties":{"Name":"Circuit 07 (64.6 Km)"},"geometry":{"type":"LineString","coordinates":[[6.05426,35.59443],[6.05729,35.59702],[6.05781,35.59603],[6.05908,35.59501],[6.06023,35.59397],[6.06079,35.59268],[6.06047,35.59243],[6.06037,35.59243],[6.06043,35.5921],[6.06133,35.59047],[6.06247,35.58967],[6.06384,35.59009],[6.065,35.59166],[6.06695,35.59156],[6.06769,35.59211],[6.0692,35.59266],[6.06902,35.5944],[6.07042,35.59495],[6.07319,35.59817],[6.07507,35.59947],[6.07806,35.59985],[6.08066,35.60051],[6.08272,35.60044],[6.08381,35.60052],[6.08653,35.60046],[6.0882,35.60085],[6.0905,35.60069],[6.09247,35.60092],[6.09422,35.6017],[6.09554,35.60161],[6.09574,35.60303],[6.09635,35.6037],[6.0975,35.60289],[6.09849,35.60209],[6.1003,35.60151],[6.10149,35.60213],[6.1018,35.60306],[6.10273,35.60241],[6.104,35.60163],[6.1063,35.60181],[6.10786,35.60283],[6.10968,35.60275],[6.11379,35.60234],[6.11228,35.60121],[6.11167,35.60098],[6.11105,35.60033],[6.11117,35.59938],[6.1097,35.59936],[6.10698,35.59779],[6.11031,35.59641],[6.11156,35.59505],[6.11275,35.59487],[6.11412,35.59334],[6.11539,35.59334],[6.11636,35.59137],[6.11963,35.58911],[6.11958,35.58721],[6.12007,35.5861],[6.1368,35.57563],[6.143,35.57149],[6.15886,35.55942],[6.16108,35.55676],[6.15663,35.5546],[6.15218,35.55503],[6.14687,35.55405],[6.13577,35.53817],[6.13167,35.53656],[6.12918,35.53657],[6.12104,35.53435],[6.1135,35.53301],[6.10358,35.53114],[6.08922,35.52527],[6.05448,35.5139],[6.04334,35.51149],[6.03976,35.51148],[6.03478,35.51018],[6.02195,35.50965],[6.01965,35.50851],[6.01745,35.50823],[6.01507,35.50701],[6.01125,35.50623],[6.00743,35.50559],[6.00552,35.50577],[6.00481,35.50728],[6.00546,35.5102],[6.00479,35.51514],[6.00362,35.51708],[6.00359,35.52056],[6.00183,35.52288],[6.00042,35.52356],[6.0007,35.51779],[6.00013,35.51489],[5.99921,35.51362],[5.99861,35.51591],[5.9972,35.51699],[5.99575,35.51718],[5.99277,35.51779],[5.99129,35.51859],[5.99033,35.51852],[5.98786,35.51768],[5.99075,35.51624],[5.98927,35.51616],[5.98671,35.51588],[5.986,35.5149],[5.98158,35.51348],[5.97924,35.5129],[5.97758,35.51263],[5.97438,35.51113],[5.97191,35.5102],[5.97135,35.50928],[5.9702,35.50895],[5.96887,35.50804],[5.9681,35.50786],[5.96628,35.50817],[5.9645,35.5083],[5.96279,35.50903],[5.95995,35.50877],[5.95871,35.50895],[5.95704,35.50941],[5.95408,35.50868],[5.95263,35.50881],[5.95112,35.50921],[5.94936,35.50935],[5.94797,35.5101],[5.94584,35.51007],[5.94008,35.51178],[5.93807,35.51689],[5.93691,35.52717],[5.93405,35.53072],[5.93427,35.53376],[5.93775,35.533],[5.9378,35.53392],[5.93857,35.53542],[5.94385,35.53301],[5.93953,35.536],[5.94479,35.53446],[5.94139,35.53687],[5.94458,35.53564],[5.94441,35.53763],[5.94533,35.54053],[5.94524,35.54316],[5.94642,35.54567],[5.94842,35.54664],[5.94873,35.54782],[5.99161,35.57543],[5.98912,35.57577],[5.98695,35.57712],[5.98573,35.57941],[5.98677,35.57976],[5.98814,35.58154],[5.98769,35.58223],[5.98655,35.58319],[5.98611,35.58306],[5.98458,35.58418],[5.98327,35.5842],[5.98185,35.58556],[5.98025,35.58854],[5.98275,35.59026],[5.98576,35.5907],[5.98697,35.58903],[5.98805,35.58656],[5.99273,35.58638],[5.99283,35.58646],[5.99309,35.58686],[5.99529,35.58911],[5.99802,35.59102],[6.001,35.59016],[6.00363,35.59],[6.0092,35.59329],[6.011,35.59521],[6.01322,35.59872],[6.01527,35.60062],[6.01626,35.60249],[6.01795,35.60308],[6.0189,35.60253],[6.01871,35.60087],[6.0183,35.59934],[6.01752,35.59804],[6.01758,35.59691],[6.01726,35.59387],[6.01741,35.59238],[6.01954,35.58958],[6.02516,35.58841],[6.03223,35.58873],[6.03694,35.58816],[6.03986,35.58885],[6.04389,35.59086],[6.0456,35.59143],[6.04802,35.5932],[6.05157,35.59421],[6.05369,35.59422],[6.05426,35.59443]]}},{"type":"Feature","properties":{"Name":"Circuit 08 (171 Km)"},"geometry":{"type":"LineString","coordinates":[[5.99486,35.64546],[6.00217,35.64391],[6.00722,35.63907],[6.00753,35.63703],[6.00846,35.6367],[6.01042,35.6342],[6.01118,35.63389],[6.01121,35.63106],[6.01263,35.63112],[6.01337,35.63205],[6.01464,35.63125],[6.01577,35.63078],[6.01622,35.6286],[6.01544,35.62739],[6.01639,35.62764],[6.01833,35.62838],[6.01994,35.62706],[6.02047,35.62473],[6.02113,35.62456],[6.02229,35.6253],[6.02426,35.62342],[6.02616,35.62141],[6.02665,35.61992],[6.02841,35.62066],[6.03139,35.61974],[6.03331,35.62031],[6.03397,35.6193],[6.03325,35.6175],[6.03099,35.61538],[6.03057,35.61477],[6.02976,35.61395],[6.03136,35.61347],[6.03193,35.61197],[6.03175,35.61047],[6.03231,35.60998],[6.03266,35.60907],[6.03141,35.60757],[6.03283,35.60657],[6.03218,35.6049],[6.03035,35.60239],[6.02981,35.60193],[6.02976,35.60171],[6.03222,35.60107],[6.03346,35.59963],[6.03437,35.59822],[6.03542,35.60069],[6.03643,35.60017],[6.03701,35.59962],[6.03755,35.59961],[6.03801,35.59968],[6.03915,35.59946],[6.04018,35.5978],[6.04087,35.59743],[6.04158,35.59902],[6.04252,35.59926],[6.04459,35.59883],[6.04597,35.59938],[6.04575,35.5997],[6.0454,35.59977],[6.0446,35.60059],[6.04492,35.60123],[6.04422,35.60198],[6.04346,35.60186],[6.04258,35.60276],[6.04206,35.60311],[6.0416,35.60354],[6.04251,35.60405],[6.04356,35.60414],[6.04442,35.60499],[6.0448,35.60566],[6.0458,35.6051],[6.04724,35.60376],[6.05086,35.60324],[6.05224,35.60324],[6.05451,35.6041],[6.05533,35.60502],[6.05515,35.60588],[6.05478,35.60617],[6.05489,35.60712],[6.05634,35.60716],[6.05804,35.60628],[6.05734,35.60514],[6.05774,35.60208],[6.05842,35.6006],[6.05784,35.59953],[6.05696,35.59855],[6.05679,35.59742],[6.05729,35.59702],[6.05781,35.59603],[6.05908,35.59501],[6.06023,35.59397],[6.06079,35.59268],[6.06047,35.59243],[6.06037,35.59243],[6.06043,35.5921],[6.06133,35.59047],[6.06247,35.58967],[6.06384,35.59009],[6.065,35.59166],[6.06695,35.59156],[6.06769,35.59211],[6.0692,35.59266],[6.06902,35.5944],[6.07042,35.59495],[6.07319,35.59817],[6.07507,35.59947],[6.07806,35.59985],[6.08066,35.60051],[6.08272,35.60044],[6.08381,35.60052],[6.08653,35.60046],[6.0882,35.60085],[6.0905,35.60069],[6.09247,35.60092],[6.09422,35.6017],[6.09554,35.60161],[6.09574,35.60303],[6.09635,35.6037],[6.0975,35.60289],[6.09849,35.60209],[6.1003,35.60151],[6.10149,35.60213],[6.1018,35.60306],[6.10273,35.60241],[6.104,35.60163],[6.1063,35.60181],[6.10786,35.60283],[6.10968,35.60275],[6.11379,35.60234],[6.11228,35.60121],[6.11167,35.60098],[6.11105,35.60033],[6.11117,35.59938],[6.1097,35.59936],[6.10698,35.59779],[6.11031,35.59641],[6.11156,35.59505],[6.11275,35.59487],[6.11412,35.59334],[6.11539,35.59334],[6.11636,35.59137],[6.11963,35.58911],[6.11958,35.58721],[6.12007,35.5861],[6.1368,35.57563],[6.143,35.57149],[6.15886,35.55942],[6.16103,35.55675],[6.16384,35.55891],[6.18443,35.5429],[6.18456,35.53843],[6.19368,35.52847],[6.20505,35.52418],[6.21197,35.52059],[6.22059,35.51465],[6.22747,35.51174],[6.23195,35.50824],[6.23776,35.50305],[6.24518,35.49596],[6.26589,35.49072],[6.27048,35.4924],[6.27536,35.49565],[6.28019,35.49339],[6.2831,35.4903],[6.29026,35.4895],[6.29447,35.48546],[6.30343,35.48534],[6.31199,35.49233],[6.31348,35.49569],[6.31404,35.50131],[6.31403,35.50621],[6.31587,35.50837],[6.32183,35.5092],[6.32511,35.50775],[6.32792,35.50751],[6.33208,35.50497],[6.33893,35.50471],[6.34783,35.5042],[6.36395,35.5131],[6.37091,35.51721],[6.37711,35.52036],[6.3838,35.52114],[6.39516,35.52079],[6.40798,35.51866],[6.41539,35.51876],[6.42279,35.51874],[6.4298,35.51717],[6.43744,35.51371],[6.44347,35.51169],[6.45682,35.50634],[6.467,35.50742],[6.48021,35.5067],[6.48395,35.51014],[6.48779,35.52038],[6.48996,35.52731],[6.49347,35.53471],[6.49734,35.53582],[6.52454,35.53941],[6.52633,35.54259],[6.54529,35.55932],[6.5647,35.58416],[6.58362,35.60884],[6.60554,35.64033],[6.61608,35.64833],[6.64301,35.66853],[6.6433,35.67061],[6.64123,35.67677],[6.64325,35.68455],[6.6394,35.70321],[6.57875,35.69441],[6.56404,35.68963],[6.54917,35.68967],[6.4831,35.67881],[6.48063,35.68235],[6.47409,35.68657],[6.46653,35.69053],[6.45523,35.69146],[6.45088,35.69582],[6.43246,35.7076],[6.41752,35.70805],[6.39928,35.70906],[6.37342,35.70991],[6.34553,35.71743],[6.33713,35.71209],[6.33536,35.71136],[6.33029,35.71093],[6.3288,35.71006],[6.32697,35.71057],[6.31948,35.71953],[6.31591,35.72303],[6.31055,35.72522],[6.30514,35.72493],[6.29296,35.72262],[6.28353,35.72211],[6.27462,35.72407],[6.27045,35.72392],[6.25689,35.72124],[6.24561,35.71857],[6.24165,35.71827],[6.23857,35.71826],[6.23387,35.71937],[6.22859,35.72146],[6.21518,35.72791],[6.19801,35.7367],[6.19376,35.73809],[6.18943,35.73861],[6.18564,35.73876],[6.18306,35.73935],[6.17595,35.74304],[6.17047,35.74629],[6.16973,35.74714],[6.15953,35.75232],[6.14396,35.75733],[6.12119,35.7654],[6.10621,35.7717],[6.08932,35.77794],[6.07669,35.78211],[6.06387,35.78069],[6.05644,35.78376],[6.04974,35.78527],[6.04864,35.77926],[6.04753,35.77689],[6.04365,35.77613],[6.04202,35.77344],[6.03316,35.77162],[6.01375,35.76712],[6.00987,35.76642],[5.99869,35.758],[5.98723,35.74947],[5.97367,35.73395],[5.97593,35.72478],[5.97485,35.72148],[5.976,35.71716],[5.97716,35.71158],[5.97858,35.70723],[5.97794,35.70338],[5.97456,35.69829],[5.97408,35.69266],[5.9841,35.67775],[5.99836,35.66039],[5.99486,35.64546]]}},{"type":"Feature","properties":{"Name":"Circuit 09 (115 Km)"},"geometry":{"type":"LineString","coordinates":[[5.99486,35.64546],[6.00217,35.64391],[6.00722,35.63907],[6.00753,35.63703],[6.00846,35.6367],[6.01042,35.6342],[6.01118,35.63389],[6.01121,35.63106],[6.01263,35.63112],[6.01337,35.63205],[6.01464,35.63125],[6.01577,35.63078],[6.01622,35.6286],[6.01544,35.62739],[6.01639,35.62764],[6.01833,35.62838],[6.01994,35.62706],[6.02047,35.62473],[6.02113,35.62456],[6.02229,35.6253],[6.02426,35.62342],[6.02616,35.62141],[6.02665,35.61992],[6.02841,35.62066],[6.03139,35.61974],[6.03331,35.62031],[6.03397,35.6193],[6.03325,35.6175],[6.03099,35.61538],[6.03057,35.61477],[6.02976,35.61395],[6.03136,35.61347],[6.03193,35.61197],[6.03175,35.61047],[6.03231,35.60998],[6.03266,35.60907],[6.03141,35.60757],[6.03283,35.60657],[6.03218,35.6049],[6.03035,35.60239],[6.02981,35.60193],[6.02976,35.60171],[6.03222,35.60107],[6.03346,35.59963],[6.03437,35.59822],[6.03542,35.60069],[6.03643,35.60017],[6.03701,35.59962],[6.03755,35.59961],[6.03801,35.59968],[6.03915,35.59946],[6.04018,35.5978],[6.04087,35.59743],[6.04158,35.59902],[6.04252,35.59926],[6.04459,35.59883],[6.04597,35.59938],[6.04575,35.5997],[6.0454,35.59977],[6.0446,35.60059],[6.04492,35.60123],[6.04422,35.60198],[6.04346,35.60186],[6.04258,35.60276],[6.04206,35.60311],[6.0416,35.60354],[6.04251,35.60405],[6.04356,35.60414],[6.04442,35.60499],[6.0448,35.60566],[6.0458,35.6051],[6.04724,35.60376],[6.05086,35.60324],[6.05224,35.60324],[6.05451,35.6041],[6.05533,35.60502],[6.05515,35.60588],[6.05478,35.60617],[6.05489,35.60712],[6.05634,35.60716],[6.05804,35.60628],[6.05734,35.60514],[6.05774,35.60208],[6.05842,35.6006],[6.05784,35.59953],[6.05696,35.59855],[6.05679,35.59742],[6.05729,35.59702],[6.05781,35.59603],[6.05908,35.59501],[6.06023,35.59397],[6.06079,35.59268],[6.06047,35.59243],[6.06037,35.59243],[6.06043,35.5921],[6.06133,35.59047],[6.06247,35.58967],[6.06384,35.59009],[6.065,35.59166],[6.06695,35.59156],[6.06769,35.59211],[6.0692,35.59266],[6.06902,35.5944],[6.07042,35.59495],[6.07319,35.59817],[6.07507,35.59947],[6.07806,35.59985],[6.08066,35.60051],[6.08272,35.60044],[6.08381,35.60052],[6.08653,35.60046],[6.0882,35.60085],[6.0905,35.60069],[6.09247,35.60092],[6.09422,35.6017],[6.09554,35.60161],[6.09574,35.60303],[6.09635,35.6037],[6.0975,35.60289],[6.09849,35.60209],[6.1003,35.60151],[6.10149,35.60213],[6.1018,35.60306],[6.10273,35.60241],[6.104,35.60163],[6.1063,35.60181],[6.10786,35.60283],[6.10968,35.60275],[6.11379,35.60234],[6.11228,35.60121],[6.11167,35.60098],[6.11105,35.60033],[6.11117,35.59938],[6.1097,35.59936],[6.10698,35.59779],[6.11031,35.59641],[6.11156,35.59505],[6.11275,35.59487],[6.11412,35.59334],[6.11539,35.59334],[6.11636,35.59137],[6.11963,35.58911],[6.11958,35.58721],[6.12007,35.5861],[6.1368,35.57563],[6.143,35.57149],[6.15355,35.56368],[6.14681,35.55481],[6.13603,35.53831],[6.13186,35.53661],[6.12931,35.5365],[6.10136,35.53044],[6.08667,35.52437],[6.06087,35.5157],[6.04544,35.51201],[6.04011,35.51112],[6.03048,35.51012],[6.02185,35.50954],[6.01963,35.50871],[6.01768,35.50824],[6.01525,35.50726],[6.00981,35.50583],[6.00509,35.50582],[6.00485,35.50699],[6.0053,35.50915],[6.00539,35.51078],[6.00457,35.51494],[6.00362,35.51745],[6.00371,35.52055],[6.00272,35.5219],[6.00176,35.52297],[6.00046,35.52332],[6.00057,35.51934],[6.00033,35.51622],[5.99996,35.51439],[5.99925,35.51343],[5.99879,35.51566],[5.99795,35.51643],[5.99664,35.51686],[5.99548,35.51742],[5.99433,35.5174],[5.99249,35.51781],[5.99006,35.51864],[5.98816,35.51782],[5.99087,35.51639],[5.98957,35.51608],[5.98739,35.51595],[5.98638,35.51539],[5.9859,35.51499],[5.98402,35.51455],[5.98176,35.51343],[5.97869,35.5127],[5.97714,35.51254],[5.97324,35.51061],[5.97175,35.51014],[5.97139,35.5092],[5.97019,35.50889],[5.96762,35.50807],[5.96552,35.50831],[5.96407,35.5084],[5.96295,35.50901],[5.95977,35.50873],[5.95823,35.50903],[5.95725,35.50933],[5.95626,35.50922],[5.95487,35.50875],[5.95365,35.50859],[5.9518,35.50884],[5.94947,35.50957],[5.94793,35.50991],[5.94502,35.51036],[5.93997,35.51198],[5.9348,35.51317],[5.93154,35.51408],[5.92584,35.51559],[5.91882,35.5156],[5.91834,35.51554],[5.91824,35.51168],[5.91797,35.51088],[5.91653,35.51015],[5.9149,35.50915],[5.91152,35.51009],[5.91078,35.50923],[5.90991,35.50737],[5.90892,35.506],[5.90713,35.50567],[5.90402,35.50637],[5.90372,35.50734],[5.90211,35.50769],[5.90025,35.50766],[5.89684,35.50743],[5.89519,35.50784],[5.88652,35.51104],[5.88464,35.51141],[5.88178,35.51107],[5.87919,35.51066],[5.87127,35.51081],[5.86598,35.51078],[5.86383,35.50997],[5.86148,35.51012],[5.85951,35.51044],[5.85076,35.51092],[5.83895,35.51046],[5.83686,35.51015],[5.83396,35.51021],[5.83221,35.50904],[5.83079,35.50579],[5.82978,35.50535],[5.82631,35.50484],[5.8245,35.50468],[5.8233,35.50631],[5.8235,35.50713],[5.82272,35.50776],[5.82272,35.51012],[5.82307,35.51063],[5.81972,35.51225],[5.81934,35.51374],[5.81541,35.51884],[5.81464,35.51954],[5.81328,35.5209],[5.81306,35.52208],[5.81406,35.52403],[5.81678,35.52635],[5.81647,35.52844],[5.81558,35.53221],[5.81482,35.53316],[5.81422,35.53425],[5.81374,35.53549],[5.81419,35.5366],[5.81941,35.54066],[5.81926,35.54143],[5.81499,35.54268],[5.81182,35.54305],[5.80905,35.54291],[5.807,35.54349],[5.80623,35.54394],[5.80312,35.54658],[5.80131,35.54697],[5.79433,35.54657],[5.79256,35.54676],[5.79232,35.54654],[5.79372,35.54541],[5.79174,35.54401],[5.78955,35.54278],[5.78825,35.54196],[5.78509,35.54195],[5.783,35.54217],[5.78174,35.54308],[5.77977,35.54285],[5.77794,35.54271],[5.77601,35.54399],[5.77508,35.54644],[5.77459,35.54663],[5.77397,35.5457],[5.77336,35.54571],[5.77087,35.54848],[5.76936,35.55189],[5.76615,35.55372],[5.76489,35.55393],[5.76228,35.55603],[5.76128,35.55663],[5.75969,35.56018],[5.75962,35.56149],[5.76026,35.56228],[5.7602,35.56329],[5.75902,35.564],[5.75778,35.56524],[5.75322,35.56654],[5.74831,35.56675],[5.74932,35.56748],[5.74653,35.56725],[5.74598,35.56774],[5.7443,35.56799],[5.74485,35.57028],[5.74519,35.57447],[5.74041,35.57711],[5.74035,35.57769],[5.74897,35.58132],[5.7696,35.59371],[5.77462,35.59783],[5.80178,35.60518],[5.80014,35.60794],[5.79929,35.61078],[5.79576,35.61398],[5.79287,35.61748],[5.78918,35.61963],[5.79002,35.62123],[5.79111,35.62313],[5.79192,35.62324],[5.78937,35.62347],[5.7901,35.62451],[5.78766,35.6284],[5.79026,35.62786],[5.79053,35.63313],[5.79045,35.63564],[5.79272,35.64236],[5.79433,35.65104],[5.79515,35.65466],[5.82722,35.65744],[5.85019,35.6596],[5.85375,35.65961],[5.85772,35.65771],[5.87341,35.65382],[5.87856,35.6507],[5.8887,35.64438],[5.89445,35.64194],[5.89818,35.63796],[5.90528,35.6328],[5.91021,35.62885],[5.91651,35.63183],[5.92067,35.63603],[5.92212,35.64056],[5.92471,35.64156],[5.92845,35.6469],[5.93071,35.6473],[5.93479,35.64742],[5.94009,35.64898],[5.9458,35.65044],[5.95288,35.65246],[5.95547,35.65268],[5.9586,35.65135],[5.962,35.65124],[5.97636,35.64582],[5.97825,35.64505],[5.98354,35.64616],[5.98785,35.64627],[5.99486,35.64546]]}},{"type":"Feature","properties":{"Name":"PNB"},"geometry":{"type":"GeometryCollection","geometries":[{"type":"Polygon","coordinates":[[[6.30094,35.70301],[6.30062,35.70308],[6.30031,35.70309],[6.29982,35.70312],[6.29952,35.70312],[6.29923,35.70303],[6.29904,35.70282],[6.29889,35.70264],[6.29817,35.70209],[6.2977,35.70174],[6.29727,35.70149],[6.29681,35.70135],[6.29623,35.70128],[6.29581,35.7012],[6.29547,35.70112],[6.2953,35.70111],[6.29481,35.70125],[6.29448,35.70131],[6.29425,35.70127],[6.29383,35.70114],[6.2937,35.70112],[6.29346,35.7012],[6.29322,35.70124],[6.29299,35.70127],[6.29278,35.7013],[6.29254,35.70137],[6.29222,35.70139],[6.29192,35.7013],[6.29163,35.70117],[6.29141,35.70112],[6.29111,35.70113],[6.29097,35.70108],[6.29096,35.7012],[6.29054,35.70102],[6.29017,35.70075],[6.29011,35.70068],[6.28999,35.70067],[6.2898,35.70054],[6.28963,35.70029],[6.28938,35.70002],[6.28919,35.69981],[6.28876,35.6993],[6.28839,35.69889],[6.28802,35.69851],[6.28784,35.69827],[6.28767,35.69811],[6.28758,35.69787],[6.28753,35.69761],[6.28751,35.6973],[6.2875,35.69696],[6.28737,35.69686],[6.28675,35.69686],[6.28659,35.69678],[6.28651,35.69666],[6.28645,35.69644],[6.28641,35.69628],[6.28618,35.69619],[6.28597,35.69609],[6.28579,35.69601],[6.28559,35.69587],[6.28549,35.69572],[6.28546,35.69562],[6.28544,35.69536],[6.28542,35.69527],[6.28518,35.69518],[6.28488,35.69503],[6.28463,35.6949],[6.28434,35.69485],[6.28393,35.69478],[6.28354,35.69466],[6.28312,35.69461],[6.28274,35.69456],[6.28254,35.69458],[6.28205,35.69454],[6.28173,35.69458],[6.28152,35.69466],[6.28127,35.69465],[6.28103,35.69465],[6.28077,35.69448],[6.28056,35.69425],[6.28046,35.69398],[6.28057,35.69348],[6.28053,35.6932],[6.28052,35.69283],[6.2804,35.69251],[6.28029,35.69226],[6.28018,35.69206],[6.28004,35.6919],[6.27999,35.69177],[6.28,35.69148],[6.27982,35.69126],[6.27963,35.69135],[6.27928,35.69149],[6.27912,35.69166],[6.27893,35.69184],[6.27884,35.69206],[6.27879,35.69225],[6.27832,35.69258],[6.27788,35.69282],[6.27741,35.69311],[6.27706,35.69331],[6.27662,35.69348],[6.27628,35.69357],[6.27597,35.69362],[6.27542,35.69362],[6.27481,35.69364],[6.27462,35.69358],[6.27424,35.69356],[6.27405,35.69352],[6.27387,35.69342],[6.27361,35.69312],[6.27332,35.69257],[6.2732,35.69225],[6.27318,35.69197],[6.27316,35.6917],[6.27322,35.69132],[6.27322,35.69118],[6.27308,35.69106],[6.27295,35.69098],[6.27277,35.69098],[6.2726,35.69109],[6.27255,35.6913],[6.27228,35.69153],[6.27205,35.69171],[6.27186,35.69169],[6.27158,35.69154],[6.27086,35.69122],[6.27028,35.69108],[6.27007,35.69103],[6.26997,35.69114],[6.27007,35.69138],[6.27019,35.69158],[6.27023,35.69186],[6.27022,35.69227],[6.27016,35.69256],[6.27011,35.69269],[6.26993,35.69279],[6.26975,35.69288],[6.26957,35.69286],[6.269,35.69281],[6.26853,35.69269],[6.26812,35.69258],[6.26759,35.69254],[6.26718,35.69241],[6.26654,35.69221],[6.26623,35.6921],[6.26579,35.6918],[6.2655,35.69163],[6.26527,35.69151],[6.26508,35.69134],[6.26489,35.69113],[6.26484,35.69108],[6.26486,35.69067],[6.26496,35.69049],[6.26509,35.69046],[6.26517,35.69026],[6.26541,35.6901],[6.26566,35.68993],[6.26562,35.68971],[6.26572,35.68939],[6.26566,35.68906],[6.26554,35.68887],[6.26489,35.68832],[6.26455,35.68816],[6.26423,35.68806],[6.26389,35.68795],[6.26276,35.68763],[6.26224,35.6875],[6.26202,35.6873],[6.26156,35.68694],[6.26122,35.68649],[6.26079,35.68572],[6.26051,35.68543],[6.26006,35.68513],[6.25959,35.68489],[6.25946,35.68477],[6.25901,35.68452],[6.25875,35.68431],[6.25858,35.68415],[6.25833,35.68396],[6.25838,35.68369],[6.25844,35.68339],[6.25835,35.6832],[6.2584,35.68296],[6.25852,35.6827],[6.25877,35.68246],[6.25905,35.6823],[6.2594,35.68223],[6.26014,35.68236],[6.2604,35.68249],[6.26062,35.6825],[6.26097,35.68273],[6.26129,35.68285],[6.26162,35.68301],[6.26199,35.68329],[6.26246,35.68369],[6.26267,35.68373],[6.2627,35.6835],[6.26253,35.68332],[6.26237,35.68298],[6.26225,35.68257],[6.26217,35.68206],[6.26212,35.68133],[6.26216,35.68094],[6.26206,35.68049],[6.26185,35.67998],[6.26183,35.67896],[6.26159,35.67882],[6.26152,35.67856],[6.26164,35.6777],[6.2614,35.67756],[6.26113,35.67755],[6.26083,35.67773],[6.26033,35.67783],[6.25988,35.67792],[6.25934,35.6781],[6.25864,35.67814],[6.25838,35.67849],[6.25819,35.67882],[6.25795,35.67908],[6.25764,35.67922],[6.25726,35.67936],[6.25696,35.67956],[6.25579,35.67952],[6.25516,35.67958],[6.25476,35.67979],[6.2542,35.67979],[6.25373,35.68004],[6.25362,35.6803],[6.25339,35.68046],[6.2531,35.68046],[6.25256,35.68041],[6.25224,35.68046],[6.25209,35.68057],[6.25189,35.68094],[6.25183,35.68109],[6.25172,35.68128],[6.25167,35.68159],[6.25164,35.68193],[6.25146,35.68216],[6.25117,35.68244],[6.25076,35.68254],[6.25032,35.68258],[6.24966,35.68255],[6.24929,35.68247],[6.24909,35.68237],[6.2487,35.68234],[6.24821,35.68224],[6.24775,35.68212],[6.2473,35.68187],[6.24692,35.68155],[6.24669,35.68125],[6.24653,35.68086],[6.24649,35.6806],[6.24632,35.68028],[6.24616,35.68009],[6.24617,35.67991],[6.24622,35.67971],[6.24633,35.67954],[6.24641,35.67941],[6.24617,35.6794],[6.24598,35.67937],[6.2457,35.67949],[6.24529,35.67944],[6.24504,35.6793],[6.24481,35.67915],[6.24462,35.67911],[6.24439,35.67917],[6.24435,35.67926],[6.2441,35.67925],[6.24381,35.67918],[6.24357,35.67917],[6.24327,35.67905],[6.24298,35.67895],[6.24252,35.67893],[6.24216,35.67894],[6.24191,35.67907],[6.24169,35.67918],[6.24145,35.67918],[6.2411,35.67915],[6.24076,35.67913],[6.24036,35.67905],[6.23995,35.67889],[6.23969,35.67871],[6.23932,35.67851],[6.23897,35.67845],[6.23867,35.67838],[6.23846,35.67823],[6.23837,35.67801],[6.23844,35.67772],[6.23808,35.67786],[6.23775,35.67794],[6.23724,35.67795],[6.23657,35.67786],[6.23616,35.67766],[6.23567,35.67745],[6.23503,35.67708],[6.23438,35.67674],[6.23396,35.67651],[6.23352,35.67613],[6.23339,35.67591],[6.23322,35.67564],[6.23313,35.67543],[6.23314,35.67519],[6.23331,35.67502],[6.23336,35.6749],[6.23322,35.67462],[6.23335,35.67434],[6.23342,35.67421],[6.23355,35.67406],[6.23379,35.67397],[6.23399,35.67375],[6.23421,35.67349],[6.23417,35.67321],[6.23405,35.67304],[6.2337,35.67275],[6.23333,35.67253],[6.23323,35.67245],[6.23294,35.67212],[6.23266,35.67163],[6.23241,35.67115],[6.23236,35.67085],[6.23236,35.67066],[6.23219,35.67048],[6.23202,35.6704],[6.23162,35.6704],[6.23117,35.67049],[6.23094,35.6706],[6.23066,35.67089],[6.23049,35.67115],[6.23029,35.67142],[6.23015,35.6717],[6.23016,35.67199],[6.23029,35.67241],[6.23024,35.67256],[6.23033,35.67272],[6.23043,35.67308],[6.2305,35.67326],[6.23058,35.67355],[6.23067,35.67438],[6.23037,35.67451],[6.23008,35.67466],[6.22992,35.67494],[6.22972,35.67527],[6.22954,35.67545],[6.22927,35.67568],[6.22916,35.67594],[6.2291,35.67629],[6.22906,35.67661],[6.229,35.67688],[6.22888,35.67713],[6.22865,35.67747],[6.22831,35.67777],[6.22795,35.67802],[6.2276,35.67819],[6.22719,35.67824],[6.22671,35.67838],[6.22638,35.67855],[6.2261,35.67876],[6.22572,35.67886],[6.2254,35.6789],[6.22524,35.67905],[6.22492,35.67921],[6.22475,35.67931],[6.22434,35.67936],[6.22411,35.67939],[6.22388,35.67935],[6.22369,35.67928],[6.2237,35.67922],[6.22357,35.6792],[6.22343,35.67909],[6.22337,35.67884],[6.22343,35.67872],[6.22332,35.67865],[6.22333,35.67834],[6.22333,35.67814],[6.22345,35.678],[6.22357,35.6778],[6.22367,35.67763],[6.22339,35.6774],[6.22315,35.67714],[6.22307,35.67698],[6.22306,35.67668],[6.223,35.67638],[6.22283,35.67632],[6.22272,35.67594],[6.22263,35.67566],[6.22259,35.67532],[6.2224,35.67516],[6.22226,35.67501],[6.22223,35.67491],[6.22194,35.67493],[6.22162,35.67494],[6.22113,35.67495],[6.22063,35.67493],[6.22045,35.67477],[6.22021,35.67457],[6.22012,35.67449],[6.22004,35.67429],[6.21996,35.67415],[6.21993,35.67398],[6.21983,35.67362],[6.21993,35.67352],[6.22006,35.67349],[6.21995,35.67339],[6.22006,35.67318],[6.21992,35.673],[6.21978,35.67298],[6.21952,35.67282],[6.21929,35.67271],[6.21898,35.67265],[6.21883,35.6725],[6.21885,35.67232],[6.21878,35.67217],[6.21876,35.672],[6.21892,35.67176],[6.21884,35.67156],[6.21874,35.6714],[6.21854,35.6713],[6.21835,35.6713],[6.21809,35.67123],[6.2178,35.67118],[6.21747,35.67122],[6.21709,35.67124],[6.2168,35.67131],[6.21647,35.67139],[6.21631,35.67136],[6.216,35.67116],[6.21588,35.67104],[6.21577,35.67075],[6.21567,35.67055],[6.21559,35.67035],[6.21551,35.67001],[6.21499,35.66968],[6.21461,35.66957],[6.21394,35.66923],[6.21361,35.66893],[6.21343,35.66876],[6.21336,35.66843],[6.21329,35.66813],[6.21302,35.66788],[6.21267,35.66771],[6.21229,35.66755],[6.21179,35.66753],[6.21127,35.66743],[6.21076,35.66717],[6.21025,35.66682],[6.21004,35.66649],[6.20984,35.66596],[6.20941,35.66559],[6.20894,35.6653],[6.20823,35.66491],[6.20782,35.66452],[6.20762,35.66401],[6.2071,35.66336],[6.2067,35.66287],[6.20587,35.66231],[6.20478,35.66191],[6.20382,35.66189],[6.20333,35.66203],[6.20283,35.66255],[6.20264,35.66288],[6.20252,35.66304],[6.20233,35.66308],[6.20216,35.66298],[6.20194,35.66276],[6.20169,35.66258],[6.20129,35.66252],[6.20079,35.66251],[6.20022,35.66267],[6.19988,35.66285],[6.19968,35.66314],[6.19943,35.66364],[6.19911,35.6641],[6.19868,35.66445],[6.19831,35.66451],[6.19763,35.66451],[6.19703,35.66438],[6.19653,35.66432],[6.19632,35.66419],[6.196,35.6642],[6.19564,35.66411],[6.19542,35.664],[6.19518,35.66396],[6.19482,35.66384],[6.19455,35.66416],[6.19427,35.66425],[6.19379,35.66408],[6.19356,35.66384],[6.19328,35.66372],[6.19298,35.66372],[6.19261,35.66358],[6.19241,35.66359],[6.19214,35.66381],[6.19218,35.66434],[6.19219,35.66511],[6.19245,35.66523],[6.1924,35.66541],[6.19158,35.66544],[6.19143,35.66501],[6.19124,35.66503],[6.19102,35.66463],[6.19089,35.66428],[6.1906,35.66425],[6.19002,35.66412],[6.18965,35.66396],[6.18925,35.66398],[6.18896,35.66386],[6.18854,35.66344],[6.1884,35.66286],[6.18823,35.6624],[6.18802,35.6622],[6.18741,35.66206],[6.18685,35.662],[6.18643,35.66184],[6.18585,35.66156],[6.18549,35.66118],[6.18508,35.66078],[6.18493,35.66036],[6.18451,35.66018],[6.18407,35.66013],[6.18382,35.66001],[6.18359,35.65981],[6.18337,35.65962],[6.18318,35.65943],[6.18294,35.65939],[6.18269,35.65952],[6.18254,35.65957],[6.1823,35.65949],[6.18213,35.65932],[6.18195,35.65914],[6.18187,35.65886],[6.18174,35.65876],[6.1815,35.65881],[6.18121,35.65898],[6.18089,35.659],[6.18055,35.65894],[6.18037,35.6588],[6.18018,35.65864],[6.17982,35.65862],[6.17957,35.65878],[6.1793,35.6588],[6.17902,35.6586],[6.1788,35.65842],[6.17852,35.65833],[6.17809,35.65831],[6.17771,35.65824],[6.17746,35.6581],[6.17716,35.65805],[6.17702,35.6579],[6.17673,35.6578],[6.1765,35.65764],[6.17648,35.65747],[6.17663,35.6573],[6.17667,35.65716],[6.17652,35.65699],[6.17622,35.65695],[6.17583,35.65689],[6.1754,35.65681],[6.17513,35.65678],[6.17493,35.65643],[6.17487,35.65605],[6.17487,35.6556],[6.17473,35.65527],[6.17439,35.65466],[6.17421,35.6544],[6.17382,35.65424],[6.17356,35.65409],[6.1731,35.65409],[6.17294,35.65406],[6.17285,35.65394],[6.1728,35.65369],[6.17264,35.65356],[6.17207,35.65354],[6.17166,35.65353],[6.17132,35.65337],[6.17088,35.65329],[6.1704,35.65318],[6.16991,35.65306],[6.16941,35.65296],[6.16884,35.65309],[6.16838,35.65316],[6.16786,35.65307],[6.16773,35.65321],[6.16767,35.65335],[6.16736,35.65348],[6.16719,35.65324],[6.16715,35.65284],[6.16713,35.65252],[6.16699,35.65226],[6.16663,35.6521],[6.16606,35.65205],[6.16566,35.65184],[6.16507,35.65189],[6.1648,35.65186],[6.16463,35.65153],[6.16465,35.65119],[6.16454,35.65086],[6.1644,35.65061],[6.16407,35.65033],[6.1635,35.65008],[6.16371,35.64998],[6.16398,35.64968],[6.16405,35.64942],[6.16388,35.64916],[6.16354,35.64884],[6.16315,35.64848],[6.1629,35.64821],[6.16271,35.64818],[6.16235,35.648],[6.16188,35.64775],[6.16134,35.64758],[6.16093,35.64744],[6.16037,35.64742],[6.15981,35.64743],[6.15928,35.64735],[6.15865,35.6472],[6.15837,35.64705],[6.15803,35.64685],[6.1579,35.64662],[6.15768,35.64642],[6.15733,35.64615],[6.15686,35.646],[6.15639,35.64592],[6.15585,35.64592],[6.15543,35.6459],[6.15516,35.64585],[6.15497,35.64568],[6.15468,35.64548],[6.15434,35.64538],[6.15393,35.64529],[6.15353,35.64509],[6.15318,35.64498],[6.15294,35.64492],[6.15255,35.6448],[6.15217,35.64483],[6.15197,35.64473],[6.15156,35.64464],[6.15101,35.64454],[6.15084,35.64439],[6.14996,35.64447],[6.1495,35.64472],[6.14916,35.64498],[6.14898,35.64495],[6.14869,35.64461],[6.14842,35.64437],[6.14766,35.64412],[6.14718,35.64396],[6.1455,35.64331],[6.14478,35.64295],[6.14448,35.64292],[6.14399,35.64283],[6.14375,35.64265],[6.14358,35.64253],[6.14299,35.6424],[6.14274,35.64233],[6.1425,35.64223],[6.14198,35.64222],[6.14151,35.64215],[6.14123,35.64208],[6.14071,35.64205],[6.14042,35.64196],[6.14019,35.64179],[6.14,35.64154],[6.13998,35.64143],[6.13951,35.64141],[6.13918,35.64128],[6.13893,35.64118],[6.13856,35.64114],[6.13837,35.64093],[6.13816,35.64083],[6.1378,35.64079],[6.13757,35.64069],[6.13722,35.64069],[6.1371,35.6406],[6.13684,35.64036],[6.13657,35.64021],[6.13619,35.64008],[6.13566,35.6397],[6.13527,35.63955],[6.13516,35.63937],[6.1348,35.63937],[6.13426,35.63932],[6.13384,35.63925],[6.13359,35.63916],[6.13286,35.63891],[6.13262,35.63878],[6.13249,35.63868],[6.13227,35.63863],[6.1321,35.63862],[6.13191,35.63852],[6.13171,35.63836],[6.13143,35.63818],[6.13082,35.63783],[6.13051,35.63766],[6.13007,35.63751],[6.12988,35.63742],[6.12946,35.63738],[6.12879,35.63736],[6.12846,35.63733],[6.12815,35.6372],[6.1278,35.6371],[6.12748,35.63701],[6.12718,35.63695],[6.1268,35.63712],[6.12637,35.63711],[6.12563,35.63708],[6.12512,35.63701],[6.12459,35.63688],[6.12437,35.63669],[6.12365,35.6365],[6.12336,35.63636],[6.12324,35.63627],[6.12295,35.63634],[6.12265,35.63628],[6.12221,35.63628],[6.12177,35.63644],[6.12161,35.63648],[6.12125,35.63647],[6.12072,35.63647],[6.1205,35.63639],[6.12017,35.63617],[6.11975,35.63571],[6.1195,35.63559],[6.1194,35.63513],[6.11933,35.63489],[6.1193,35.63454],[6.11914,35.63396],[6.11884,35.63349],[6.1187,35.63319],[6.11851,35.63294],[6.11842,35.63269],[6.11823,35.63259],[6.11817,35.63244],[6.11837,35.63195],[6.11855,35.63164],[6.11859,35.63139],[6.11908,35.63096],[6.11953,35.63055],[6.12005,35.63029],[6.12087,35.63007],[6.12146,35.62995],[6.12199,35.62965],[6.12265,35.62955],[6.12318,35.62902],[6.12355,35.62884],[6.12422,35.62813],[6.1249,35.62771],[6.12604,35.62729],[6.12545,35.62749],[6.12479,35.62774],[6.12446,35.62797],[6.1242,35.62811],[6.12383,35.62851],[6.12377,35.62836],[6.12342,35.62846],[6.12312,35.62863],[6.1229,35.62889],[6.12257,35.62913],[6.12249,35.62928],[6.12212,35.62954],[6.12185,35.62963],[6.12141,35.62976],[6.12107,35.62981],[6.12067,35.6298],[6.12032,35.62967],[6.12029,35.62953],[6.12004,35.62944],[6.1198,35.6293],[6.11913,35.62921],[6.1184,35.62889],[6.11799,35.62873],[6.11728,35.6283],[6.11662,35.62785],[6.11629,35.62753],[6.11632,35.62734],[6.11626,35.62712],[6.11636,35.62696],[6.11637,35.62667],[6.11657,35.62664],[6.1169,35.62671],[6.11713,35.62669],[6.11717,35.62651],[6.11694,35.62639],[6.11684,35.62626],[6.1164,35.6262],[6.11612,35.62613],[6.1158,35.62608],[6.11559,35.62614],[6.11542,35.62617],[6.11515,35.62622],[6.11506,35.62606],[6.11552,35.62563],[6.11579,35.62504],[6.11636,35.62466],[6.11696,35.6246],[6.11749,35.62469],[6.11751,35.62446],[6.1176,35.62414],[6.11796,35.62399],[6.11853,35.62382],[6.11892,35.62382],[6.11905,35.62373],[6.11952,35.62366],[6.11983,35.62362],[6.12028,35.62322],[6.121,35.62263],[6.12129,35.6223],[6.1214,35.62243],[6.12147,35.62224],[6.12167,35.62198],[6.12183,35.62167],[6.12179,35.62129],[6.12198,35.62107],[6.12218,35.62085],[6.12261,35.6206],[6.12286,35.62028],[6.12319,35.61999],[6.12356,35.62003],[6.12384,35.62025],[6.12418,35.62031],[6.12458,35.62021],[6.12446,35.61997],[6.12421,35.6197],[6.12396,35.61966],[6.12365,35.61961],[6.12345,35.61954],[6.12336,35.61932],[6.12312,35.61913],[6.12298,35.61899],[6.12283,35.6189],[6.12255,35.61886],[6.12218,35.61888],[6.1219,35.61886],[6.12169,35.61908],[6.12172,35.61936],[6.12179,35.61969],[6.12188,35.62009],[6.12176,35.62041],[6.12156,35.62063],[6.12131,35.62091],[6.12116,35.62105],[6.12071,35.62131],[6.12031,35.62137],[6.11979,35.62137],[6.11946,35.62138],[6.11912,35.62132],[6.11878,35.62104],[6.11862,35.62087],[6.1187,35.62058],[6.1189,35.6203],[6.11909,35.62],[6.1192,35.61961],[6.11932,35.61926],[6.1193,35.61896],[6.11946,35.61872],[6.11956,35.61842],[6.11948,35.61815],[6.11924,35.61798],[6.11903,35.61796],[6.11863,35.61794],[6.11824,35.61797],[6.11808,35.61816],[6.11786,35.6185],[6.11773,35.61894],[6.11768,35.61948],[6.1176,35.61983],[6.11776,35.62017],[6.11774,35.62042],[6.1173,35.62047],[6.117,35.62036],[6.11658,35.62006],[6.11631,35.61986],[6.11592,35.61965],[6.11549,35.61948],[6.11523,35.61948],[6.11482,35.61974],[6.11408,35.62026],[6.11408,35.62051],[6.11435,35.62075],[6.11468,35.62084],[6.11517,35.62122],[6.11547,35.62143],[6.11555,35.62177],[6.1154,35.62201],[6.11515,35.62222],[6.11471,35.62275],[6.11435,35.62326],[6.11452,35.62366],[6.11471,35.62373],[6.11471,35.62399],[6.11456,35.62416],[6.11418,35.62448],[6.11398,35.62466],[6.11382,35.62468],[6.11334,35.62463],[6.11285,35.62445],[6.11255,35.62431],[6.11222,35.62445],[6.11209,35.62443],[6.112,35.62472],[6.11178,35.625],[6.11169,35.62524],[6.11123,35.62567],[6.11042,35.6262],[6.11019,35.62639],[6.10991,35.62641],[6.10963,35.62641],[6.10947,35.62628],[6.1092,35.62616],[6.10887,35.62601],[6.10836,35.62588],[6.10761,35.62558],[6.10714,35.62538],[6.10679,35.62513],[6.1065,35.62485],[6.10617,35.62466],[6.10544,35.62439],[6.10525,35.62423],[6.10485,35.6241],[6.10441,35.62385],[6.10314,35.62302],[6.1027,35.62276],[6.10246,35.62256],[6.10218,35.62245],[6.10164,35.62246],[6.10135,35.62269],[6.101,35.62293],[6.10061,35.62314],[6.1001,35.62325],[6.09972,35.62319],[6.09881,35.62313],[6.09789,35.62308],[6.09732,35.62292],[6.09689,35.62275],[6.0963,35.62263],[6.09554,35.62232],[6.09497,35.6221],[6.0947,35.62181],[6.09468,35.62125],[6.09477,35.62085],[6.09462,35.62057],[6.09385,35.61999],[6.09354,35.61981],[6.09324,35.61966],[6.09267,35.61968],[6.09246,35.61974],[6.09237,35.62003],[6.09259,35.62013],[6.09275,35.62029],[6.0927,35.62039],[6.09261,35.62048],[6.09254,35.62119],[6.0922,35.62119],[6.09159,35.62109],[6.09102,35.62081],[6.09067,35.62049],[6.09043,35.62031],[6.09008,35.62035],[6.0898,35.62051],[6.0895,35.62067],[6.08934,35.62081],[6.08871,35.62077],[6.0884,35.62052],[6.08813,35.62044],[6.08791,35.6203],[6.08773,35.62032],[6.08742,35.62049],[6.08714,35.62048],[6.08667,35.62021],[6.08627,35.61988],[6.0857,35.61991],[6.08507,35.61998],[6.08448,35.6198],[6.08415,35.61973],[6.08379,35.6197],[6.08332,35.61959],[6.08264,35.61948],[6.08227,35.61948],[6.08188,35.61926],[6.08169,35.61876],[6.08171,35.61825],[6.08163,35.61808],[6.08135,35.61803],[6.08088,35.61814],[6.08076,35.61813],[6.08069,35.61801],[6.08102,35.61774],[6.08142,35.61766],[6.08169,35.61755],[6.08198,35.6174],[6.08221,35.61718],[6.08208,35.6169],[6.08178,35.61683],[6.08146,35.61677],[6.08132,35.61661],[6.08131,35.61644],[6.08125,35.61629],[6.08109,35.61619],[6.08088,35.61619],[6.08055,35.6162],[6.08026,35.61617],[6.07986,35.61613],[6.07953,35.61598],[6.07908,35.61574],[6.07871,35.61558],[6.07846,35.61549],[6.07804,35.61546],[6.07778,35.61525],[6.0777,35.6151],[6.07765,35.6147],[6.07753,35.61403],[6.07744,35.61366],[6.07728,35.61362],[6.07709,35.61383],[6.07692,35.61416],[6.0769,35.61462],[6.07676,35.61519],[6.07665,35.61588],[6.07683,35.61596],[6.07723,35.61596],[6.0776,35.61591],[6.07793,35.61583],[6.07827,35.61583],[6.07821,35.61599],[6.07786,35.61619],[6.07761,35.61623],[6.07714,35.61622],[6.07667,35.6162],[6.07622,35.61618],[6.07592,35.6161],[6.07563,35.61595],[6.07557,35.61586],[6.07519,35.61583],[6.07485,35.61575],[6.07447,35.61572],[6.07412,35.61591],[6.07383,35.61619],[6.07367,35.61647],[6.07349,35.6166],[6.07322,35.61661],[6.07261,35.61646],[6.07179,35.6163],[6.07108,35.61613],[6.07,35.61605],[6.06961,35.61608],[6.06926,35.61631],[6.06891,35.61631],[6.06861,35.61617],[6.06832,35.61605],[6.06812,35.61598],[6.06795,35.6157],[6.06783,35.61559],[6.06711,35.61555],[6.06659,35.61548],[6.06574,35.61529],[6.06523,35.61518],[6.06489,35.61513],[6.06439,35.61501],[6.06414,35.61484],[6.0639,35.61465],[6.06383,35.61363],[6.06384,35.61328],[6.06405,35.61305],[6.06426,35.61308],[6.06455,35.61275],[6.06498,35.61248],[6.06523,35.61228],[6.06534,35.61172],[6.06524,35.61146],[6.06516,35.6114],[6.06487,35.61149],[6.06459,35.61159],[6.06442,35.6118],[6.06419,35.61205],[6.06405,35.61236],[6.06386,35.61275],[6.06363,35.61311],[6.06334,35.61362],[6.0633,35.61395],[6.06302,35.61417],[6.06291,35.61432],[6.06287,35.6147],[6.0626,35.61475],[6.06205,35.61473],[6.06161,35.61506],[6.06126,35.6153],[6.06083,35.61542],[6.06046,35.61552],[6.05991,35.61558],[6.05936,35.61558],[6.05881,35.61563],[6.05851,35.61564],[6.05822,35.61585],[6.05788,35.61615],[6.05764,35.61629],[6.05732,35.61636],[6.05689,35.61638],[6.05655,35.61646],[6.05604,35.61656],[6.05554,35.61667],[6.05514,35.61665],[6.05472,35.61655],[6.05429,35.61653],[6.05408,35.61663],[6.05391,35.61682],[6.05389,35.61703],[6.05406,35.61723],[6.05434,35.61731],[6.05453,35.61741],[6.05492,35.61741],[6.05551,35.61745],[6.05586,35.6175],[6.05591,35.61761],[6.05598,35.61782],[6.05574,35.61799],[6.05549,35.61821],[6.05528,35.61829],[6.05485,35.61832],[6.05433,35.61824],[6.05375,35.61828],[6.05354,35.61848],[6.05305,35.61877],[6.05219,35.61918],[6.0514,35.61957],[6.05106,35.61978],[6.04974,35.6201],[6.04917,35.6201],[6.04864,35.62017],[6.04809,35.62014],[6.04765,35.61995],[6.04735,35.61959],[6.04704,35.6192],[6.04679,35.61887],[6.04657,35.61868],[6.0464,35.61877],[6.04655,35.61939],[6.04649,35.61982],[6.04638,35.6201],[6.04605,35.62029],[6.04551,35.62048],[6.04516,35.6206],[6.04465,35.62074],[6.04432,35.62084],[6.04408,35.62094],[6.04359,35.62119],[6.04321,35.62127],[6.04299,35.62133],[6.04218,35.62132],[6.04142,35.62125],[6.04067,35.62111],[6.03996,35.62102],[6.03922,35.62092],[6.0387,35.62081],[6.03801,35.62048],[6.0377,35.62019],[6.03748,35.61986],[6.0376,35.61941],[6.03771,35.61893],[6.03709,35.61846],[6.037,35.61813],[6.03717,35.61775],[6.03721,35.61735],[6.03715,35.61684],[6.03697,35.61644],[6.03681,35.61615],[6.03637,35.61589],[6.03597,35.61562],[6.03571,35.61536],[6.03537,35.61503],[6.03497,35.61481],[6.03446,35.61488],[6.03391,35.61499],[6.03346,35.61503],[6.03273,35.61493],[6.03227,35.6148],[6.03207,35.61492],[6.03248,35.6153],[6.03301,35.61586],[6.0332,35.61597],[6.03364,35.61624],[6.03391,35.6164],[6.03424,35.61649],[6.03464,35.61676],[6.03503,35.61707],[6.03538,35.61713],[6.03567,35.61739],[6.03578,35.61773],[6.0358,35.61813],[6.03593,35.61852],[6.03625,35.61888],[6.03654,35.6196],[6.03642,35.62011],[6.03622,35.62043],[6.03599,35.62081],[6.03563,35.62104],[6.03532,35.62118],[6.03501,35.62124],[6.03467,35.62155],[6.03416,35.62198],[6.03371,35.62211],[6.03326,35.62225],[6.03296,35.62234],[6.03257,35.62254],[6.03206,35.62254],[6.03159,35.62257],[6.03134,35.62255],[6.03115,35.62237],[6.03107,35.62223],[6.03102,35.62202],[6.03097,35.62179],[6.03087,35.62163],[6.03069,35.62153],[6.03058,35.62152],[6.03037,35.62163],[6.03018,35.62165],[6.02989,35.62174],[6.02958,35.62186],[6.02941,35.62197],[6.02891,35.62195],[6.0286,35.62192],[6.02788,35.62189],[6.02762,35.62221],[6.02739,35.62271],[6.02717,35.62304],[6.02708,35.6232],[6.02689,35.62347],[6.02655,35.62363],[6.02629,35.62368],[6.0259,35.62392],[6.02551,35.62403],[6.02508,35.62436],[6.02448,35.62479],[6.02436,35.62558],[6.02414,35.62606],[6.0237,35.62643],[6.02324,35.62663],[6.02281,35.62677],[6.02165,35.6268],[6.02147,35.62684],[6.02126,35.62696],[6.02097,35.62705],[6.02065,35.62714],[6.02042,35.62721],[6.02021,35.62727],[6.0202,35.62757],[6.02012,35.62778],[6.02,35.62804],[6.02001,35.62838],[6.01992,35.62866],[6.01977,35.62876],[6.01943,35.62918],[6.01899,35.6293],[6.01862,35.62937],[6.01835,35.6295],[6.01798,35.62964],[6.01759,35.62973],[6.01732,35.62963],[6.01716,35.62944],[6.01697,35.62904],[6.01672,35.6286],[6.01647,35.6282],[6.0162,35.62795],[6.01598,35.62785],[6.01539,35.62798],[6.01538,35.62799],[6.01493,35.62763],[6.01473,35.62719],[6.00934,35.62691],[6.00632,35.62679],[6.00504,35.62663],[6.00366,35.62652],[6.00261,35.62624],[6.00206,35.62616],[6.00138,35.62599],[6.00074,35.62601],[5.99996,35.62605],[5.9989,35.62602],[5.99839,35.62619],[5.9977,35.62616],[5.99705,35.62585],[5.99671,35.62541],[5.99641,35.62538],[5.99594,35.62552],[5.99525,35.62548],[5.99478,35.62525],[5.9944,35.62533],[5.9942,35.62518],[5.99387,35.62528],[5.9934,35.62542],[5.99293,35.62542],[5.9926,35.62541],[5.99234,35.62525],[5.99199,35.62517],[5.99177,35.62532],[5.99173,35.62577],[5.99207,35.62603],[5.9922,35.62622],[5.99228,35.62689],[5.99242,35.62734],[5.99261,35.62758],[5.99241,35.62776],[5.9918,35.62794],[5.99134,35.62796],[5.99096,35.62795],[5.99043,35.62794],[5.99015,35.6277],[5.98991,35.62724],[5.98964,35.62724],[5.98948,35.6275],[5.98934,35.6277],[5.98926,35.62807],[5.98918,35.62827],[5.98902,35.62845],[5.98862,35.6284],[5.98828,35.6281],[5.98774,35.62793],[5.98735,35.62768],[5.98698,35.62751],[5.98643,35.62739],[5.98571,35.62716],[5.98529,35.62707],[5.98474,35.627],[5.98426,35.62688],[5.98407,35.62661],[5.98393,35.62615],[5.98378,35.62566],[5.98343,35.62558],[5.98285,35.62559],[5.98263,35.62567],[5.98236,35.62559],[5.9819,35.62549],[5.98131,35.62533],[5.98094,35.62538],[5.98067,35.6253],[5.98029,35.62558],[5.9798,35.62567],[5.97959,35.62583],[5.97933,35.6258],[5.97904,35.62574],[5.97865,35.62575],[5.97809,35.62581],[5.978,35.62592],[5.97757,35.62562],[5.97727,35.62521],[5.97696,35.62484],[5.97677,35.62446],[5.97662,35.62438],[5.97652,35.62465],[5.97632,35.62481],[5.97609,35.62486],[5.97555,35.6251],[5.97548,35.62536],[5.97488,35.62508],[5.97456,35.62483],[5.97419,35.62464],[5.97405,35.62433],[5.97408,35.624],[5.974,35.624],[5.97392,35.62409],[5.97379,35.62447],[5.97372,35.6248],[5.97328,35.62527],[5.97308,35.62535],[5.97288,35.62531],[5.97275,35.62545],[5.97264,35.62571],[5.97256,35.62588],[5.97257,35.62603],[5.97286,35.62604],[5.97309,35.62611],[5.97314,35.62637],[5.97311,35.62671],[5.97295,35.62704],[5.97275,35.62744],[5.97274,35.62824],[5.97258,35.62859],[5.97242,35.62883],[5.97218,35.629],[5.97204,35.6291],[5.97206,35.62925],[5.97225,35.62933],[5.97261,35.6294],[5.97291,35.62944],[5.97319,35.6294],[5.97351,35.62933],[5.97374,35.62909],[5.97393,35.62888],[5.97421,35.62883],[5.97457,35.62891],[5.97505,35.62894],[5.9755,35.62896],[5.97599,35.62907],[5.97591,35.62949],[5.97575,35.62962],[5.9754,35.62984],[5.975,35.62998],[5.97452,35.63014],[5.97418,35.63017],[5.97387,35.63034],[5.97345,35.63051],[5.97319,35.6305],[5.97293,35.6306],[5.97245,35.63066],[5.97243,35.63074],[5.97228,35.63077],[5.97205,35.63074],[5.97187,35.63056],[5.97158,35.63042],[5.97138,35.63014],[5.97119,35.62991],[5.97111,35.62966],[5.97083,35.62956],[5.97055,35.62958],[5.97022,35.62956],[5.97,35.62966],[5.96971,35.62988],[5.96954,35.63011],[5.96938,35.63024],[5.96907,35.6303],[5.9687,35.63036],[5.96853,35.6304],[5.96836,35.63057],[5.96804,35.6308],[5.96778,35.63085],[5.96765,35.63096],[5.96738,35.63098],[5.96709,35.63091],[5.96665,35.63094],[5.96645,35.63074],[5.96624,35.63057],[5.96627,35.63046],[5.96598,35.63041],[5.96575,35.63027],[5.96571,35.62999],[5.96571,35.62973],[5.96584,35.62961],[5.96614,35.62927],[5.96629,35.62911],[5.96638,35.62895],[5.96658,35.6289],[5.96701,35.62863],[5.96721,35.62851],[5.96702,35.62837],[5.96682,35.6282],[5.9667,35.62808],[5.96666,35.62824],[5.96631,35.6283],[5.96569,35.62831],[5.96518,35.6284],[5.96472,35.62857],[5.96436,35.62853],[5.96396,35.62849],[5.96327,35.62852],[5.96232,35.62851],[5.96159,35.62854],[5.96116,35.62845],[5.96062,35.62836],[5.95997,35.62802],[5.95954,35.62761],[5.95921,35.62704],[5.95898,35.62643],[5.95866,35.62503],[5.95856,35.62457],[5.9588,35.62398],[5.95847,35.62388],[5.9581,35.62395],[5.95776,35.62368],[5.95722,35.62302],[5.95683,35.62247],[5.9566,35.62196],[5.95614,35.62179],[5.95596,35.62141],[5.95547,35.62089],[5.95499,35.62022],[5.9549,35.61894],[5.95497,35.61767],[5.95527,35.6167],[5.9548,35.61632],[5.95456,35.61614],[5.95425,35.61459],[5.95453,35.61436],[5.95488,35.61434],[5.95508,35.61384],[5.9551,35.61327],[5.95479,35.61273],[5.95495,35.61259],[5.95589,35.61264],[5.95645,35.61265],[5.95718,35.61185],[5.95714,35.61154],[5.95655,35.6114],[5.95567,35.61143],[5.95497,35.61131],[5.95459,35.61116],[5.95451,35.61097],[5.95481,35.61083],[5.95511,35.61064],[5.95527,35.61066],[5.95546,35.61046],[5.95574,35.61039],[5.95615,35.61009],[5.95636,35.60985],[5.95636,35.6095],[5.95654,35.60947],[5.9567,35.60972],[5.95672,35.6099],[5.95689,35.60994],[5.9569,35.61017],[5.95706,35.61027],[5.9573,35.61051],[5.95747,35.61074],[5.95778,35.61076],[5.9581,35.61083],[5.95839,35.611],[5.95862,35.61112],[5.95877,35.61136],[5.95905,35.61157],[5.95947,35.61173],[5.95995,35.61177],[5.96011,35.61185],[5.96048,35.61182],[5.96089,35.61159],[5.96094,35.61143],[5.96115,35.61121],[5.96161,35.61092],[5.96165,35.61077],[5.96185,35.61068],[5.96194,35.61056],[5.96215,35.61052],[5.96248,35.61022],[5.96337,35.60992],[5.96387,35.60975],[5.96421,35.60949],[5.96467,35.60933],[5.96497,35.60932],[5.96529,35.60915],[5.96544,35.60912],[5.96545,35.60886],[5.96509,35.60855],[5.96503,35.60836],[5.96492,35.60828],[5.96492,35.60797],[5.96524,35.60772],[5.9659,35.60744],[5.96639,35.60717],[5.96705,35.60686],[5.96771,35.60647],[5.96849,35.60642],[5.96891,35.60634],[5.96943,35.60611],[5.97035,35.60586],[5.97114,35.60563],[5.97131,35.60541],[5.97176,35.60545],[5.97209,35.60543],[5.97234,35.60534],[5.97241,35.60487],[5.97215,35.60437],[5.97202,35.60407],[5.9721,35.60384],[5.97256,35.60345],[5.97317,35.60311],[5.97357,35.60296],[5.97373,35.60282],[5.97378,35.60244],[5.97344,35.6022],[5.97324,35.60213],[5.97289,35.60216],[5.97264,35.60226],[5.97222,35.60245],[5.97183,35.60271],[5.97157,35.60288],[5.97134,35.60289],[5.97109,35.60298],[5.97093,35.60315],[5.97091,35.60335],[5.97055,35.60349],[5.97018,35.60363],[5.96977,35.60364],[5.96909,35.60366],[5.96874,35.60367],[5.96844,35.60385],[5.96808,35.60405],[5.96768,35.60421],[5.96729,35.60435],[5.96683,35.60438],[5.96653,35.60427],[5.96613,35.60463],[5.96613,35.60485],[5.96586,35.60493],[5.96534,35.60521],[5.96491,35.60543],[5.96445,35.60529],[5.9639,35.60537],[5.96354,35.60536],[5.96308,35.60529],[5.96267,35.60507],[5.96234,35.60493],[5.96201,35.60458],[5.96182,35.60428],[5.96174,35.60408],[5.96175,35.60389],[5.96171,35.60377],[5.96157,35.60373],[5.9614,35.60356],[5.96101,35.60331],[5.96011,35.60392],[5.95923,35.60387],[5.95907,35.60381],[5.95888,35.60366],[5.95881,35.60365],[5.95868,35.60353],[5.95848,35.6035],[5.95811,35.60365],[5.95784,35.6038],[5.95758,35.60406],[5.95724,35.60423],[5.95699,35.60438],[5.95673,35.60445],[5.95652,35.60444],[5.95627,35.60431],[5.95624,35.60413],[5.95613,35.604],[5.95605,35.60379],[5.95588,35.60371],[5.95578,35.60359],[5.95561,35.60358],[5.95552,35.60345],[5.95541,35.60334],[5.95521,35.60331],[5.955,35.6033],[5.95479,35.60352],[5.95491,35.60359],[5.95484,35.60387],[5.95475,35.60408],[5.95466,35.6044],[5.95451,35.6045],[5.95407,35.6045],[5.9538,35.60452],[5.95362,35.60454],[5.95343,35.60462],[5.95328,35.60481],[5.9532,35.60498],[5.95316,35.6054],[5.95301,35.60566],[5.95279,35.60585],[5.95241,35.60601],[5.95202,35.60614],[5.95172,35.60623],[5.95138,35.60627],[5.95095,35.60628],[5.95073,35.60649],[5.95036,35.60664],[5.95006,35.60668],[5.94985,35.60664],[5.9497,35.60652],[5.94956,35.60649],[5.94943,35.60628],[5.94955,35.60598],[5.94982,35.60543],[5.94973,35.60524],[5.94953,35.60508],[5.9491,35.60487],[5.9486,35.60485],[5.94822,35.60507],[5.94787,35.60539],[5.9474,35.60587],[5.94696,35.60616],[5.94654,35.60626],[5.94572,35.60627],[5.94502,35.60616],[5.94463,35.60609],[5.9443,35.60598],[5.94403,35.60575],[5.94393,35.60556],[5.94385,35.60538],[5.94382,35.60527],[5.94367,35.60526],[5.94354,35.60511],[5.94335,35.60511],[5.94307,35.60488],[5.94309,35.60447],[5.9431,35.60407],[5.9432,35.6039],[5.94314,35.60372],[5.94316,35.60359],[5.94304,35.60338],[5.94272,35.60331],[5.94219,35.60331],[5.9418,35.60325],[5.94127,35.60302],[5.941,35.60275],[5.94083,35.60238],[5.9408,35.60213],[5.94108,35.6017],[5.94126,35.60153],[5.94117,35.6013],[5.94128,35.60101],[5.94153,35.6009],[5.94177,35.60082],[5.94185,35.60072],[5.94182,35.60046],[5.94169,35.60036],[5.94138,35.60033],[5.94116,35.60016],[5.94081,35.5999],[5.94067,35.59975],[5.94085,35.59952],[5.94128,35.5995],[5.94132,35.5992],[5.94106,35.59886],[5.94085,35.59863],[5.94051,35.59841],[5.94,35.59817],[5.93957,35.598],[5.93936,35.59786],[5.93925,35.59763],[5.93909,35.59748],[5.93904,35.59718],[5.93908,35.59691],[5.93929,35.59673],[5.93962,35.5963],[5.94007,35.59595],[5.94046,35.59578],[5.94094,35.59559],[5.94155,35.59529],[5.94183,35.59518],[5.94225,35.59473],[5.94246,35.59445],[5.9426,35.59435],[5.94269,35.59403],[5.94288,35.59359],[5.94269,35.59295],[5.94235,35.59274],[5.94211,35.59255],[5.94207,35.59238],[5.94232,35.59193],[5.94266,35.5916],[5.9431,35.59143],[5.94355,35.59135],[5.94388,35.5909],[5.94403,35.59061],[5.94432,35.59033],[5.94425,35.59013],[5.94407,35.58987],[5.94399,35.58963],[5.94402,35.5894],[5.9442,35.58923],[5.94425,35.589],[5.94394,35.58921],[5.94394,35.58896],[5.94446,35.58841],[5.94471,35.58833],[5.94515,35.58794],[5.9455,35.588],[5.94578,35.58781],[5.94621,35.58741],[5.94669,35.58687],[5.94708,35.58665],[5.94719,35.58637],[5.94722,35.58604],[5.94766,35.58591],[5.94794,35.58601],[5.94842,35.58618],[5.94902,35.58598],[5.94988,35.58571],[5.95023,35.58551],[5.9503,35.58525],[5.95054,35.585],[5.95106,35.58474],[5.95149,35.58472],[5.95275,35.58465],[5.95315,35.58457],[5.95351,35.5843],[5.95349,35.58417],[5.95281,35.58416],[5.95239,35.5841],[5.95193,35.58397],[5.9515,35.58394],[5.95101,35.58394],[5.95057,35.58405],[5.95006,35.58418],[5.94987,35.58432],[5.94936,35.58424],[5.94866,35.58447],[5.9482,35.58463],[5.94775,35.58474],[5.94709,35.58471],[5.94669,35.58456],[5.94615,35.58439],[5.9458,35.58415],[5.94546,35.58383],[5.94503,35.58355],[5.94475,35.58326],[5.9444,35.58314],[5.94406,35.58292],[5.94349,35.58278],[5.94303,35.58267],[5.94245,35.58258],[5.94185,35.58252],[5.94123,35.58246],[5.94067,35.58211],[5.94041,35.58185],[5.94031,35.58151],[5.94038,35.58102],[5.94045,35.58053],[5.94035,35.58031],[5.94003,35.58024],[5.93958,35.5803],[5.9394,35.58052],[5.93925,35.58064],[5.93923,35.5809],[5.93925,35.58104],[5.93936,35.58117],[5.93943,35.5814],[5.93956,35.5818],[5.9397,35.58221],[5.94006,35.5828],[5.94052,35.5832],[5.94117,35.58377],[5.94148,35.58425],[5.94152,35.58456],[5.94148,35.58476],[5.94128,35.5851],[5.94112,35.58521],[5.94124,35.58548],[5.94113,35.58576],[5.94092,35.58575],[5.9408,35.58611],[5.94054,35.58632],[5.94021,35.58634],[5.93978,35.58628],[5.93946,35.58613],[5.93885,35.58607],[5.93886,35.58632],[5.9391,35.58651],[5.93909,35.58681],[5.93898,35.58704],[5.93888,35.58733],[5.93878,35.58764],[5.93877,35.58864],[5.93887,35.58892],[5.93884,35.58945],[5.93864,35.58967],[5.93838,35.58986],[5.9381,35.59012],[5.93788,35.59023],[5.93766,35.59028],[5.93737,35.59039],[5.937,35.59052],[5.93671,35.59062],[5.9364,35.59085],[5.93572,35.59127],[5.93479,35.59168],[5.93444,35.59216],[5.93412,35.59237],[5.93377,35.59243],[5.93357,35.59246],[5.93339,35.59231],[5.93305,35.59224],[5.93283,35.59231],[5.9324,35.59253],[5.932,35.5927],[5.93161,35.59294],[5.93154,35.5932],[5.93163,35.59359],[5.93165,35.59373],[5.93199,35.59383],[5.93234,35.59379],[5.93277,35.59374],[5.93307,35.59373],[5.93355,35.59364],[5.93386,35.59356],[5.93412,35.59351],[5.93446,35.59345],[5.93473,35.59336],[5.93515,35.59308],[5.93566,35.59284],[5.93612,35.5925],[5.93672,35.5921],[5.93697,35.5919],[5.93763,35.59153],[5.93792,35.59148],[5.93825,35.5915],[5.93856,35.59161],[5.93888,35.5919],[5.93895,35.59218],[5.93883,35.59232],[5.93887,35.59261],[5.93891,35.59316],[5.93873,35.59355],[5.93845,35.59386],[5.93813,35.59412],[5.93815,35.59458],[5.93797,35.59496],[5.9377,35.59515],[5.9372,35.59533],[5.9369,35.5955],[5.93674,35.59585],[5.93657,35.59601],[5.93625,35.59626],[5.93607,35.59642],[5.93584,35.59671],[5.93568,35.59706],[5.93561,35.59747],[5.93553,35.59793],[5.93558,35.59807],[5.93541,35.5982],[5.9354,35.5985],[5.93547,35.59881],[5.93575,35.59918],[5.93591,35.59938],[5.93618,35.59962],[5.93639,35.59989],[5.93647,35.60037],[5.93632,35.60072],[5.9359,35.60103],[5.93553,35.60136],[5.9352,35.60168],[5.9347,35.60216],[5.93431,35.60235],[5.9338,35.60239],[5.93331,35.60236],[5.93282,35.60232],[5.93243,35.60227],[5.93194,35.60214],[5.93171,35.602],[5.93155,35.60199],[5.93127,35.6018],[5.93122,35.6016],[5.93116,35.60139],[5.93124,35.60103],[5.93119,35.60081],[5.93089,35.60073],[5.93062,35.60072],[5.93036,35.60067],[5.92993,35.6008],[5.92934,35.60084],[5.92911,35.60093],[5.9289,35.601],[5.92867,35.60085],[5.92848,35.60065],[5.92824,35.60048],[5.92797,35.60028],[5.92781,35.60011],[5.92746,35.60009],[5.92729,35.5999],[5.92717,35.59965],[5.92714,35.5993],[5.9271,35.599],[5.92714,35.59863],[5.92724,35.59828],[5.92737,35.5981],[5.92752,35.59794],[5.92759,35.59758],[5.92768,35.59717],[5.92785,35.59675],[5.92798,35.59654],[5.92834,35.59616],[5.92867,35.59595],[5.92904,35.59549],[5.92928,35.59533],[5.92937,35.59509],[5.92916,35.59499],[5.92887,35.59501],[5.92859,35.59527],[5.92817,35.59536],[5.92778,35.5954],[5.92723,35.59534],[5.92687,35.59535],[5.92648,35.59525],[5.92588,35.59504],[5.92563,35.59488],[5.92529,35.5947],[5.92518,35.59451],[5.92508,35.59428],[5.92479,35.59417],[5.92458,35.59394],[5.92426,35.59377],[5.92392,35.59358],[5.92369,35.59343],[5.92355,35.59345],[5.92351,35.59367],[5.92358,35.594],[5.92352,35.59435],[5.92335,35.5944],[5.92332,35.59471],[5.92311,35.59495],[5.92291,35.59519],[5.92278,35.59562],[5.92284,35.59602],[5.92266,35.59621],[5.92262,35.59646],[5.92253,35.59662],[5.92253,35.59709],[5.92261,35.5977],[5.92254,35.59804],[5.92222,35.59848],[5.92155,35.59906],[5.92102,35.59949],[5.92085,35.59999],[5.92026,35.60058],[5.91971,35.60087],[5.91956,35.60119],[5.91912,35.6015],[5.91891,35.60169],[5.91849,35.6017],[5.91819,35.60168],[5.91801,35.60164],[5.91779,35.60144],[5.91763,35.60139],[5.91748,35.60137],[5.91714,35.60172],[5.91685,35.60198],[5.91634,35.60218],[5.91573,35.60234],[5.91519,35.6024],[5.91468,35.60235],[5.91418,35.60217],[5.91372,35.60194],[5.91323,35.60176],[5.91299,35.60141],[5.91273,35.60111],[5.912,35.60101],[5.91161,35.6011],[5.91121,35.60105],[5.91068,35.60083],[5.91061,35.6008],[5.91042,35.60091],[5.91036,35.60107],[5.91007,35.6012],[5.90974,35.60126],[5.90946,35.60117],[5.9092,35.60105],[5.90899,35.60081],[5.90888,35.60064],[5.90862,35.60049],[5.90834,35.60036],[5.90813,35.60001],[5.90776,35.59965],[5.90722,35.59933],[5.90682,35.59897],[5.90643,35.59862],[5.90633,35.59834],[5.90615,35.59813],[5.90582,35.59807],[5.90552,35.5978],[5.9054,35.59754],[5.90519,35.5974],[5.90497,35.59722],[5.90466,35.5968],[5.90444,35.59626],[5.90413,35.59547],[5.90412,35.59522],[5.90408,35.59502],[5.90394,35.5949],[5.90377,35.59461],[5.90367,35.59432],[5.9037,35.59405],[5.90376,35.59364],[5.90361,35.59345],[5.9031,35.59263],[5.90315,35.59216],[5.90322,35.59183],[5.90342,35.59162],[5.90365,35.59146],[5.90394,35.59136],[5.90425,35.59156],[5.90443,35.59174],[5.90457,35.59174],[5.90472,35.59203],[5.90466,35.59218],[5.9048,35.59224],[5.90496,35.59209],[5.90522,35.59199],[5.90536,35.59173],[5.90554,35.59141],[5.90608,35.59092],[5.90623,35.59064],[5.9067,35.59056],[5.90692,35.59026],[5.907,35.58987],[5.90698,35.58932],[5.90692,35.58916],[5.90727,35.5888],[5.90773,35.58834],[5.90825,35.58768],[5.90822,35.58756],[5.90848,35.58737],[5.90873,35.58698],[5.90924,35.58628],[5.90964,35.58582],[5.90972,35.58546],[5.90987,35.58515],[5.90987,35.58493],[5.9102,35.58451],[5.9102,35.58425],[5.91077,35.58364],[5.9112,35.58313],[5.91152,35.58264],[5.91246,35.58158],[5.91287,35.58093],[5.9133,35.58103],[5.91351,35.58093],[5.91373,35.58073],[5.9143,35.58078],[5.91444,35.58085],[5.91508,35.58094],[5.91537,35.58094],[5.91552,35.58105],[5.91541,35.58125],[5.91519,35.58155],[5.91515,35.58186],[5.91538,35.58188],[5.91557,35.58181],[5.91579,35.58194],[5.91595,35.58222],[5.91617,35.58215],[5.9164,35.58205],[5.91635,35.58194],[5.91612,35.58184],[5.91593,35.5817],[5.91598,35.58149],[5.91605,35.58127],[5.91621,35.58114],[5.91651,35.58114],[5.91669,35.58129],[5.91688,35.58136],[5.91706,35.5815],[5.91734,35.58142],[5.91755,35.58115],[5.91771,35.58085],[5.91785,35.58067],[5.9179,35.58035],[5.91793,35.57995],[5.91816,35.5798],[5.91841,35.57976],[5.91859,35.57961],[5.9191,35.57964],[5.91978,35.57969],[5.9202,35.57971],[5.92072,35.57953],[5.92118,35.57938],[5.92151,35.57914],[5.92199,35.579],[5.9222,35.57878],[5.92306,35.57879],[5.92373,35.57876],[5.92429,35.57872],[5.92455,35.57862],[5.92492,35.57854],[5.92513,35.57852],[5.92521,35.57843],[5.92573,35.57818],[5.92734,35.57738],[5.92785,35.57695],[5.92821,35.57677],[5.92888,35.57618],[5.9296,35.57559],[5.93071,35.57497],[5.93094,35.5749],[5.93176,35.5741],[5.93191,35.57365],[5.93229,35.57327],[5.93235,35.57303],[5.93251,35.57276],[5.93269,35.57269],[5.93299,35.57222],[5.93326,35.57171],[5.93362,35.57099],[5.93407,35.57037],[5.93462,35.56993],[5.93503,35.56971],[5.9352,35.56946],[5.93584,35.5689],[5.93663,35.56836],[5.93713,35.56785],[5.93733,35.56719],[5.93762,35.56642],[5.93829,35.56591],[5.93859,35.56577],[5.93891,35.56524],[5.93915,35.56496],[5.93917,35.56439],[5.93934,35.56436],[5.93929,35.56419],[5.93969,35.56392],[5.93968,35.56368],[5.9392,35.5631],[5.9391,35.56285],[5.93905,35.56241],[5.93907,35.56216],[5.9395,35.56188],[5.93967,35.56169],[5.93966,35.56147],[5.94002,35.56113],[5.94041,35.56062],[5.94053,35.56033],[5.94064,35.56014],[5.94093,35.55953],[5.94117,35.55927],[5.94118,35.55895],[5.94093,35.55866],[5.93989,35.55805],[5.93781,35.55716],[5.93763,35.5571],[5.93719,35.55686],[5.93693,35.55677],[5.93655,35.55661],[5.93613,35.55649],[5.93598,35.5564],[5.93569,35.55625],[5.93544,35.55622],[5.93504,35.5563],[5.93474,35.55631],[5.93382,35.55658],[5.93379,35.55699],[5.93348,35.55731],[5.93313,35.55745],[5.93278,35.55772],[5.93251,35.55784],[5.93235,35.55787],[5.93219,35.558],[5.93167,35.55822],[5.9313,35.55846],[5.93086,35.55877],[5.93041,35.55927],[5.92986,35.55965],[5.92949,35.55978],[5.92909,35.55996],[5.92867,35.56004],[5.92849,35.56014],[5.92797,35.56009],[5.92738,35.55997],[5.92647,35.55963],[5.926,35.55943],[5.92558,35.55908],[5.92516,35.55907],[5.92474,35.5589],[5.92434,35.55889],[5.924,35.55869],[5.92346,35.55858],[5.92304,35.55824],[5.92289,35.55789],[5.92286,35.55733],[5.92302,35.55681],[5.923,35.55631],[5.92301,35.55573],[5.92305,35.55498],[5.92286,35.55388],[5.92295,35.5534],[5.92306,35.55306],[5.92284,35.55227],[5.92313,35.55132],[5.92318,35.55089],[5.92378,35.55024],[5.92426,35.54993],[5.92523,35.54914],[5.92644,35.54913],[5.92671,35.5493],[5.92675,35.54958],[5.92668,35.54974],[5.92617,35.55002],[5.9262,35.55065],[5.92548,35.55114],[5.92524,35.55139],[5.9251,35.55156],[5.92515,35.55176],[5.92547,35.55192],[5.92573,35.55199],[5.92604,35.55223],[5.92644,35.55223],[5.92694,35.55212],[5.92718,35.5519],[5.92732,35.55163],[5.9274,35.55137],[5.92777,35.55114],[5.92822,35.55096],[5.92848,35.55083],[5.92845,35.55055],[5.92812,35.55016],[5.92796,35.55002],[5.9281,35.54993],[5.9286,35.55008],[5.92904,35.55005],[5.92927,35.54993],[5.92927,35.54958],[5.92877,35.5492],[5.92863,35.54901],[5.92848,35.54894],[5.92848,35.5486],[5.92877,35.54827],[5.92914,35.54809],[5.92928,35.548],[5.92907,35.54775],[5.92859,35.5474],[5.92831,35.54704],[5.92789,35.54664],[5.92749,35.54627],[5.92694,35.54566],[5.92688,35.54537],[5.92697,35.54487],[5.92723,35.54441],[5.92751,35.54408],[5.92792,35.54369],[5.92874,35.54341],[5.92943,35.54322],[5.93001,35.54313],[5.93097,35.54307],[5.93174,35.54307],[5.93225,35.54297],[5.93261,35.54276],[5.93219,35.54252],[5.93149,35.54226],[5.93078,35.5422],[5.93045,35.5421],[5.93024,35.54193],[5.93006,35.54177],[5.92965,35.5417],[5.92925,35.5415],[5.92875,35.54114],[5.92855,35.54066],[5.92842,35.54056],[5.92835,35.5403],[5.92831,35.54006],[5.92818,35.53993],[5.92821,35.53959],[5.92832,35.53922],[5.92904,35.53874],[5.92928,35.53852],[5.92953,35.53853],[5.92965,35.53841],[5.93004,35.5384],[5.93031,35.53848],[5.9307,35.53848],[5.93114,35.53861],[5.93153,35.5386],[5.93188,35.53855],[5.93203,35.53835],[5.93242,35.53828],[5.93259,35.53803],[5.93278,35.53787],[5.93302,35.53796],[5.93319,35.53806],[5.93328,35.53829],[5.93347,35.53831],[5.93365,35.53845],[5.93398,35.53852],[5.93458,35.53852],[5.93502,35.5385],[5.93558,35.53873],[5.93592,35.53878],[5.93618,35.53896],[5.93671,35.53898],[5.93702,35.53899],[5.93715,35.53863],[5.93735,35.53827],[5.93762,35.53776],[5.93748,35.53741],[5.93746,35.53708],[5.93736,35.53677],[5.93726,35.53673],[5.93717,35.5364],[5.93695,35.53622],[5.9367,35.53613],[5.93632,35.53612],[5.93607,35.53577],[5.93584,35.53523],[5.93588,35.53505],[5.93617,35.53503],[5.93658,35.53507],[5.93686,35.53496],[5.93708,35.5348],[5.93713,35.53446],[5.9371,35.53434],[5.93689,35.53433],[5.93676,35.53428],[5.93671,35.53413],[5.93709,35.53376],[5.9377,35.53335],[5.9384,35.53324],[5.93863,35.53328],[5.93885,35.53356],[5.93896,35.5339],[5.93902,35.53409],[5.93952,35.53436],[5.93988,35.53442],[5.94001,35.53452],[5.94046,35.53449],[5.94059,35.53437],[5.94066,35.53318],[5.9407,35.53301],[5.94103,35.53283],[5.94153,35.53287],[5.94305,35.53293],[5.94369,35.533],[5.94384,35.53339],[5.94436,35.53335],[5.94467,35.53349],[5.94514,35.53373],[5.9455,35.53386],[5.9459,35.53409],[5.94604,35.53428],[5.94618,35.53458],[5.94658,35.53459],[5.94693,35.53452],[5.94697,35.53435],[5.94683,35.53411],[5.94674,35.53391],[5.94698,35.53352],[5.94732,35.53352],[5.94761,35.53373],[5.94774,35.53403],[5.94797,35.53414],[5.94811,35.53438],[5.94841,35.53476],[5.94855,35.5351],[5.9487,35.53555],[5.94844,35.53576],[5.94863,35.53599],[5.94856,35.53644],[5.94874,35.5366],[5.94915,35.53626],[5.94945,35.53583],[5.94963,35.53532],[5.95015,35.5351],[5.95128,35.53501],[5.95277,35.53502],[5.95349,35.53526],[5.95425,35.53521],[5.95499,35.53498],[5.95583,35.53477],[5.95655,35.5344],[5.95699,35.53418],[5.95734,35.53419],[5.95762,35.53383],[5.95746,35.53358],[5.957,35.53342],[5.95642,35.53315],[5.95594,35.53302],[5.95524,35.53281],[5.95468,35.53271],[5.95399,35.53256],[5.95325,35.53245],[5.95293,35.53214],[5.95213,35.53172],[5.95164,35.53123],[5.95088,35.53064],[5.95061,35.53043],[5.95029,35.52983],[5.9498,35.52919],[5.94937,35.52879],[5.94918,35.52811],[5.94905,35.52785],[5.94875,35.52758],[5.94834,35.52737],[5.94797,35.52712],[5.94773,35.52699],[5.94752,35.52678],[5.94718,35.52665],[5.94659,35.52638],[5.94617,35.52629],[5.94572,35.52592],[5.94536,35.52579],[5.94493,35.52534],[5.94474,35.52505],[5.94457,35.52479],[5.94382,35.52433],[5.9429,35.52376],[5.94212,35.52353],[5.94166,35.52333],[5.94101,35.52294],[5.94097,35.52284],[5.94091,35.52253],[5.94044,35.52189],[5.93996,35.52149],[5.93943,35.52108],[5.93917,35.52053],[5.9391,35.5201],[5.93918,35.51936],[5.9391,35.51869],[5.93952,35.5183],[5.93983,35.51802],[5.94003,35.5174],[5.9402,35.51679],[5.94055,35.51606],[5.94079,35.51566],[5.94078,35.51522],[5.94085,35.51493],[5.94104,35.5147],[5.94094,35.51431],[5.94128,35.51413],[5.94154,35.51409],[5.94204,35.51333],[5.94305,35.51265],[5.9441,35.51251],[5.94419,35.51235],[5.94448,35.51231],[5.94479,35.51227],[5.94524,35.51219],[5.94566,35.51207],[5.94607,35.5121],[5.94645,35.51221],[5.94664,35.51236],[5.94665,35.51256],[5.94679,35.51288],[5.94699,35.51291],[5.94745,35.51291],[5.94791,35.51297],[5.94813,35.51295],[5.94855,35.51267],[5.94867,35.51257],[5.94863,35.51228],[5.94868,35.51219],[5.94898,35.51202],[5.95005,35.51178],[5.95086,35.51201],[5.95175,35.51223],[5.95296,35.51266],[5.95435,35.51283],[5.9557,35.51373],[5.95721,35.51477],[5.95892,35.51508],[5.96063,35.51519],[5.96177,35.51515],[5.96257,35.51571],[5.96384,35.51667],[5.96506,35.51691],[5.96635,35.51727],[5.9675,35.51717],[5.96839,35.51746],[5.97038,35.51864],[5.97125,35.51922],[5.9711,35.51922],[5.97091,35.51925],[5.97084,35.51936],[5.97109,35.51953],[5.97131,35.51965],[5.97154,35.51985],[5.97186,35.52009],[5.97225,35.52019],[5.97263,35.52034],[5.97294,35.52049],[5.97325,35.52054],[5.97369,35.52078],[5.97417,35.52111],[5.97423,35.52143],[5.97413,35.52169],[5.97378,35.52188],[5.97344,35.52206],[5.97322,35.52218],[5.97316,35.5226],[5.97346,35.52283],[5.97363,35.5231],[5.97383,35.52348],[5.97411,35.52373],[5.97437,35.52386],[5.97488,35.52378],[5.97513,35.52366],[5.97564,35.52385],[5.97586,35.52406],[5.97612,35.5243],[5.97641,35.52452],[5.9766,35.52488],[5.97671,35.52527],[5.97664,35.5254],[5.97671,35.5258],[5.97691,35.52579],[5.97713,35.52557],[5.97727,35.52537],[5.97748,35.5251],[5.97756,35.52481],[5.97778,35.52458],[5.97807,35.52449],[5.9783,35.52435],[5.97862,35.5244],[5.97892,35.52464],[5.97908,35.52474],[5.97933,35.52477],[5.97947,35.52491],[5.97973,35.52504],[5.98006,35.52508],[5.98041,35.52515],[5.98074,35.52514],[5.98112,35.52527],[5.98172,35.52541],[5.98224,35.52545],[5.98247,35.52544],[5.98288,35.5256],[5.98403,35.5266],[5.98392,35.52691],[5.98369,35.52723],[5.9836,35.52743],[5.98354,35.52762],[5.98369,35.52811],[5.98363,35.52834],[5.98346,35.5285],[5.9832,35.52879],[5.98331,35.52893],[5.9836,35.52885],[5.98408,35.52868],[5.98406,35.52896],[5.98389,35.52913],[5.98364,35.52917],[5.98363,35.52933],[5.98384,35.52946],[5.98417,35.52949],[5.9845,35.52947],[5.98469,35.5294],[5.98469,35.52899],[5.98466,35.52846],[5.98459,35.52834],[5.98443,35.52828],[5.98489,35.52756],[5.98563,35.52759],[5.98602,35.52745],[5.98627,35.52723],[5.98698,35.527],[5.98743,35.52693],[5.98811,35.52692],[5.98849,35.52724],[5.98898,35.52751],[5.98939,35.52793],[5.9896,35.52818],[5.98982,35.52854],[5.98993,35.52865],[5.99015,35.52856],[5.99055,35.52839],[5.99128,35.52842],[5.99193,35.52871],[5.99258,35.52896],[5.99323,35.52932],[5.99374,35.52951],[5.9941,35.52962],[5.99437,35.52999],[5.99487,35.53014],[5.99497,35.53029],[5.99518,35.53028],[5.99535,35.53016],[5.99539,35.52997],[5.99582,35.52966],[5.99621,35.52948],[5.99667,35.52948],[5.99668,35.5297],[5.99682,35.52983],[5.99702,35.52984],[5.99713,35.52998],[5.99718,35.53013],[5.99719,35.53068],[5.99709,35.53111],[5.99691,35.53135],[5.99684,35.53162],[5.99674,35.53204],[5.9965,35.53232],[5.99622,35.53265],[5.99591,35.53284],[5.99561,35.53308],[5.99534,35.53322],[5.9949,35.5333],[5.99462,35.53338],[5.99442,35.53352],[5.99423,35.53361],[5.99391,35.53382],[5.9934,35.53407],[5.99307,35.53408],[5.99281,35.53408],[5.99265,35.5342],[5.99237,35.53412],[5.99226,35.53417],[5.99234,35.53454],[5.99255,35.53486],[5.99256,35.53526],[5.9931,35.53518],[5.99336,35.53513],[5.99342,35.53526],[5.99356,35.53523],[5.99377,35.53533],[5.99418,35.53534],[5.9946,35.53534],[5.99496,35.53572],[5.99516,35.53569],[5.99542,35.53558],[5.99569,35.53583],[5.99602,35.53581],[5.99635,35.53551],[5.99658,35.53544],[5.99693,35.53544],[5.99728,35.53525],[5.99747,35.53497],[5.99765,35.53482],[5.99788,35.53488],[5.99815,35.53502],[5.99835,35.53514],[5.99842,35.53533],[5.99843,35.5356],[5.99842,35.53594],[5.99844,35.5361],[5.99877,35.53623],[5.99908,35.53643],[5.99928,35.53663],[5.99923,35.53717],[5.99915,35.53758],[5.99904,35.53837],[5.9989,35.53851],[5.99874,35.53872],[5.99872,35.53899],[5.99883,35.53911],[5.99905,35.539],[5.99913,35.53861],[5.99935,35.53845],[5.99962,35.53827],[5.99989,35.53802],[6.00007,35.53771],[6.0004,35.53745],[6.0009,35.53715],[6.00119,35.53703],[6.00147,35.53695],[6.00187,35.53705],[6.00237,35.53728],[6.00268,35.5375],[6.00275,35.53767],[6.00288,35.53785],[6.00306,35.53801],[6.00319,35.53811],[6.00348,35.53809],[6.00378,35.53824],[6.00388,35.53845],[6.00375,35.53864],[6.00351,35.53878],[6.00327,35.53898],[6.00323,35.53945],[6.0034,35.53952],[6.00356,35.53949],[6.00386,35.53917],[6.00409,35.53911],[6.00452,35.53919],[6.00485,35.5392],[6.00547,35.53912],[6.00591,35.53911],[6.00646,35.53919],[6.00695,35.5393],[6.0072,35.53936],[6.00753,35.53964],[6.00783,35.54005],[6.00805,35.54041],[6.00837,35.54118],[6.00888,35.54166],[6.00915,35.54195],[6.00937,35.54243],[6.00947,35.54277],[6.0094,35.54319],[6.00938,35.5435],[6.00915,35.54392],[6.00898,35.54424],[6.00883,35.54446],[6.00867,35.54461],[6.00856,35.54499],[6.00832,35.54526],[6.00816,35.54556],[6.00798,35.5458],[6.00786,35.546],[6.00769,35.54606],[6.00733,35.54639],[6.00713,35.54649],[6.00703,35.54648],[6.00689,35.54664],[6.00681,35.54661],[6.00649,35.54687],[6.00618,35.54716],[6.00574,35.5473],[6.00552,35.54747],[6.00445,35.54858],[6.00436,35.54881],[6.00419,35.54903],[6.004,35.54913],[6.00382,35.54917],[6.00352,35.54919],[6.00337,35.54923],[6.00331,35.54943],[6.00352,35.54968],[6.00379,35.55001],[6.00399,35.55023],[6.00418,35.55056],[6.00402,35.55093],[6.00383,35.55109],[6.00349,35.55127],[6.00307,35.55148],[6.00245,35.55169],[6.00213,35.55181],[6.00219,35.55203],[6.00263,35.55202],[6.00321,35.55205],[6.00346,35.55199],[6.00391,35.55201],[6.00417,35.55213],[6.00497,35.55253],[6.00532,35.55289],[6.0058,35.55331],[6.00601,35.55353],[6.00612,35.55371],[6.00626,35.5539],[6.00643,35.55423],[6.00636,35.55473],[6.00619,35.5549],[6.00613,35.55498],[6.00614,35.55514],[6.00629,35.55525],[6.00661,35.55521],[6.00691,35.55512],[6.0072,35.55492],[6.00722,35.55444],[6.00709,35.55388],[6.00687,35.5534],[6.00684,35.55263],[6.00693,35.55183],[6.00707,35.55131],[6.00753,35.55084],[6.00801,35.55042],[6.00832,35.55021],[6.00891,35.55015],[6.00969,35.55036],[6.01017,35.55023],[6.01053,35.54995],[6.01095,35.54974],[6.01139,35.5498],[6.01198,35.54996],[6.01227,35.54992],[6.01226,35.54954],[6.01156,35.54839],[6.01165,35.54774],[6.01178,35.54741],[6.0122,35.54715],[6.01229,35.54699],[6.0121,35.5466],[6.01192,35.54589],[6.01189,35.54515],[6.01187,35.54479],[6.01216,35.54431],[6.01271,35.5436],[6.01289,35.54269],[6.013,35.54224],[6.01348,35.54196],[6.01404,35.542],[6.01489,35.54205],[6.01574,35.54221],[6.01602,35.54251],[6.01671,35.54308],[6.01722,35.54348],[6.01763,35.54349],[6.0179,35.54335],[6.01774,35.54291],[6.0172,35.54239],[6.0169,35.54178],[6.01668,35.54149],[6.01598,35.54116],[6.01567,35.54089],[6.01517,35.54087],[6.0148,35.54062],[6.01458,35.54011],[6.01411,35.53921],[6.01323,35.5384],[6.01295,35.53803],[6.01287,35.53779],[6.01282,35.53747],[6.0127,35.53682],[6.01261,35.53593],[6.01272,35.53547],[6.01302,35.53536],[6.01343,35.53527],[6.01396,35.53536],[6.01447,35.53499],[6.01502,35.53457],[6.01515,35.53421],[6.01566,35.53386],[6.01602,35.53368],[6.01622,35.53308],[6.01657,35.53234],[6.01647,35.53191],[6.01587,35.53137],[6.01574,35.53093],[6.01541,35.53044],[6.01504,35.53014],[6.01454,35.52991],[6.01402,35.52973],[6.01356,35.52948],[6.01322,35.52906],[6.01321,35.52865],[6.01301,35.52841],[6.01269,35.52825],[6.01249,35.52808],[6.01226,35.5281],[6.01188,35.52797],[6.01141,35.52784],[6.01106,35.52785],[6.01076,35.52799],[6.01044,35.52789],[6.01013,35.52761],[6.00967,35.52734],[6.00956,35.52697],[6.00923,35.52641],[6.00892,35.526],[6.00834,35.52574],[6.00779,35.52544],[6.00766,35.52503],[6.0075,35.52461],[6.00701,35.52434],[6.00667,35.52404],[6.00621,35.52364],[6.00602,35.52323],[6.00578,35.52262],[6.0055,35.52228],[6.00542,35.52206],[6.00502,35.52174],[6.00494,35.52145],[6.00493,35.52087],[6.00489,35.52051],[6.00484,35.5201],[6.00474,35.51976],[6.00484,35.51947],[6.00465,35.51896],[6.00434,35.51852],[6.00424,35.51808],[6.00423,35.51756],[6.00452,35.51708],[6.0049,35.51699],[6.00554,35.51718],[6.00618,35.51751],[6.0067,35.51759],[6.00723,35.5178],[6.00772,35.51791],[6.00841,35.5184],[6.00899,35.51856],[6.00973,35.51849],[6.01026,35.51847],[6.01062,35.51829],[6.01116,35.51814],[6.01192,35.51828],[6.01262,35.51832],[6.01294,35.5184],[6.01307,35.51823],[6.01314,35.51792],[6.01302,35.51712],[6.01291,35.51597],[6.01293,35.51561],[6.01311,35.5153],[6.0134,35.51487],[6.01338,35.51451],[6.01425,35.51398],[6.01498,35.51354],[6.01554,35.51334],[6.01633,35.51345],[6.01664,35.51375],[6.01741,35.51379],[6.01829,35.51377],[6.0194,35.51406],[6.02071,35.5144],[6.02138,35.51473],[6.02186,35.51525],[6.02243,35.5157],[6.02315,35.51612],[6.02361,35.5165],[6.02428,35.51646],[6.02442,35.51601],[6.02452,35.51575],[6.02524,35.51538],[6.02562,35.51529],[6.0267,35.51561],[6.02836,35.51611],[6.02943,35.51664],[6.03056,35.51715],[6.03156,35.51777],[6.03254,35.51833],[6.03314,35.51813],[6.03399,35.51815],[6.03492,35.51836],[6.036,35.51875],[6.03634,35.51895],[6.03652,35.51893],[6.03695,35.51928],[6.0372,35.51962],[6.03767,35.51968],[6.03797,35.51945],[6.0382,35.51892],[6.03827,35.51854],[6.03846,35.51828],[6.03902,35.51827],[6.03947,35.51807],[6.03991,35.51793],[6.04036,35.51777],[6.04077,35.51774],[6.04105,35.51736],[6.04132,35.51739],[6.04214,35.51811],[6.04279,35.51884],[6.04286,35.51935],[6.04262,35.51966],[6.04113,35.52078],[6.04127,35.52109],[6.04185,35.5214],[6.04222,35.52167],[6.04248,35.52177],[6.04271,35.52204],[6.04269,35.5226],[6.04277,35.52281],[6.04329,35.52287],[6.04364,35.52312],[6.04339,35.52336],[6.04335,35.52369],[6.0434,35.52398],[6.04351,35.5242],[6.04422,35.52398],[6.04465,35.52351],[6.04531,35.52328],[6.04611,35.52311],[6.04687,35.5232],[6.04763,35.52339],[6.04883,35.52361],[6.04911,35.52386],[6.04993,35.5241],[6.05094,35.52458],[6.05189,35.52527],[6.05216,35.52586],[6.05261,35.52647],[6.05272,35.52664],[6.05297,35.52696],[6.05302,35.5273],[6.05356,35.52767],[6.05399,35.52819],[6.05374,35.5284],[6.05332,35.52863],[6.05291,35.52879],[6.05232,35.52877],[6.0517,35.52883],[6.05122,35.52894],[6.05086,35.52915],[6.05067,35.5295],[6.05099,35.5297],[6.05151,35.52988],[6.05184,35.52987],[6.05196,35.52968],[6.05244,35.52947],[6.05288,35.52956],[6.05322,35.52978],[6.05384,35.52973],[6.0545,35.52945],[6.0548,35.52917],[6.05529,35.52882],[6.05585,35.52876],[6.05647,35.52868],[6.05724,35.52865],[6.05796,35.52891],[6.05875,35.5291],[6.05933,35.52945],[6.06038,35.52962],[6.06118,35.53022],[6.06158,35.53076],[6.06166,35.53162],[6.06153,35.53193],[6.06166,35.53249],[6.06117,35.53298],[6.06045,35.53345],[6.06005,35.53373],[6.0597,35.53386],[6.05948,35.53403],[6.05947,35.53431],[6.05988,35.53454],[6.05981,35.53471],[6.05957,35.53492],[6.05907,35.535],[6.0588,35.53507],[6.05828,35.53556],[6.05796,35.53613],[6.05804,35.53649],[6.05841,35.53686],[6.05884,35.53716],[6.05916,35.53722],[6.05961,35.53776],[6.05974,35.53829],[6.05929,35.53864],[6.05898,35.53897],[6.0585,35.5391],[6.05743,35.53936],[6.05673,35.53935],[6.05614,35.53938],[6.0557,35.53925],[6.05518,35.53916],[6.05464,35.53925],[6.05399,35.53945],[6.05318,35.53969],[6.05274,35.53978],[6.05252,35.54009],[6.0525,35.54059],[6.05286,35.54139],[6.05329,35.54172],[6.05361,35.5418],[6.0551,35.542],[6.05511,35.54197],[6.05534,35.54196],[6.05566,35.54176],[6.05621,35.5416],[6.05669,35.5415],[6.05681,35.54143],[6.05718,35.54143],[6.05765,35.54153],[6.05803,35.54168],[6.05828,35.54168],[6.05854,35.54182],[6.05886,35.54182],[6.05921,35.54172],[6.05933,35.5416],[6.05933,35.54151],[6.05949,35.54139],[6.05973,35.54119],[6.05994,35.54107],[6.06011,35.541],[6.06056,35.54095],[6.06083,35.54091],[6.0609,35.5407],[6.06081,35.54037],[6.06056,35.54011],[6.06033,35.54],[6.05996,35.53974],[6.05965,35.53954],[6.05955,35.53935],[6.0601,35.53906],[6.06047,35.53898],[6.06043,35.53873],[6.06101,35.53872],[6.06142,35.53856],[6.06179,35.53843],[6.06254,35.53847],[6.06359,35.53848],[6.06417,35.53858],[6.06455,35.5388],[6.06472,35.53889],[6.06516,35.53878],[6.06606,35.53885],[6.06638,35.53912],[6.06665,35.53938],[6.06695,35.5395],[6.06739,35.53977],[6.06796,35.5401],[6.06918,35.54104],[6.07039,35.54181],[6.07061,35.54225],[6.07142,35.54307],[6.07177,35.5436],[6.07227,35.54432],[6.07224,35.54456],[6.07201,35.54467],[6.07178,35.5447],[6.07143,35.54468],[6.07086,35.54455],[6.07045,35.54446],[6.06984,35.5444],[6.0695,35.54434],[6.06906,35.54421],[6.06857,35.54402],[6.06821,35.54393],[6.06782,35.54389],[6.06732,35.54394],[6.06689,35.54397],[6.06642,35.54398],[6.06608,35.54398],[6.06568,35.54399],[6.06519,35.54404],[6.06472,35.54402],[6.06429,35.54394],[6.06398,35.54376],[6.0638,35.54357],[6.06353,35.54359],[6.06327,35.54348],[6.06312,35.54329],[6.06293,35.54324],[6.06276,35.54313],[6.06251,35.54316],[6.06223,35.54317],[6.06201,35.54315],[6.06181,35.54312],[6.06161,35.54308],[6.06141,35.54315],[6.06132,35.54336],[6.06128,35.54353],[6.06116,35.5436],[6.06105,35.54357],[6.06079,35.54352],[6.06062,35.54343],[6.06023,35.54334],[6.05986,35.54333],[6.05961,35.54335],[6.0594,35.54347],[6.05921,35.54367],[6.05927,35.54389],[6.05933,35.54406],[6.05931,35.54434],[6.05922,35.5444],[6.05923,35.54476],[6.05903,35.54502],[6.05875,35.54534],[6.05846,35.54561],[6.05818,35.54577],[6.05792,35.54596],[6.05783,35.54641],[6.05811,35.54673],[6.05829,35.5468],[6.05834,35.54704],[6.05827,35.54727],[6.05803,35.54735],[6.05768,35.54752],[6.05762,35.54765],[6.0574,35.54768],[6.05695,35.54766],[6.05647,35.54765],[6.05625,35.54752],[6.05617,35.54743],[6.05604,35.54726],[6.05576,35.54734],[6.05553,35.54751],[6.05541,35.54801],[6.05542,35.54857],[6.05558,35.54865],[6.05595,35.54887],[6.05647,35.54909],[6.0567,35.54915],[6.05703,35.54933],[6.05726,35.54942],[6.0576,35.54945],[6.05782,35.54946],[6.05785,35.54935],[6.05804,35.54926],[6.05815,35.54919],[6.05833,35.54921],[6.05858,35.54945],[6.05871,35.54941],[6.05885,35.54914],[6.05916,35.54876],[6.0592,35.54848],[6.0589,35.54818],[6.0586,35.54787],[6.05862,35.54773],[6.05888,35.54754],[6.05955,35.54754],[6.05995,35.54755],[6.06039,35.54773],[6.06063,35.548],[6.06085,35.54827],[6.06103,35.5485],[6.06105,35.54864],[6.06139,35.54868],[6.06209,35.54851],[6.06296,35.54845],[6.0635,35.54853],[6.06391,35.54873],[6.06428,35.54902],[6.06495,35.54961],[6.06563,35.55028],[6.06622,35.55094],[6.06669,35.55145],[6.0671,35.552],[6.06718,35.55241],[6.06716,35.55269],[6.06697,35.55288],[6.06651,35.5532],[6.06618,35.5535],[6.06594,35.55368],[6.06587,35.55407],[6.06583,35.55455],[6.06624,35.55459],[6.06677,35.55441],[6.06742,35.5541],[6.06786,35.55393],[6.06826,35.55392],[6.06871,35.55395],[6.06925,35.55409],[6.06964,35.55418],[6.07019,35.55432],[6.07047,35.55437],[6.07065,35.55449],[6.07094,35.55468],[6.0715,35.55506],[6.07204,35.55551],[6.07268,35.55602],[6.07291,35.5563],[6.07313,35.55668],[6.07367,35.55743],[6.07392,35.55767],[6.074,35.55796],[6.07393,35.55823],[6.07371,35.5584],[6.07341,35.55861],[6.07275,35.55862],[6.07244,35.55872],[6.07213,35.55861],[6.07159,35.55851],[6.07142,35.55857],[6.07099,35.55849],[6.07076,35.55852],[6.07084,35.55865],[6.07126,35.55871],[6.07182,35.55882],[6.07209,35.55895],[6.07228,35.55926],[6.07238,35.55966],[6.07241,35.56],[6.07244,35.56034],[6.07249,35.56054],[6.07265,35.56079],[6.07263,35.56102],[6.07262,35.5612],[6.07249,35.56131],[6.07229,35.56143],[6.07187,35.56147],[6.07147,35.5615],[6.07107,35.56161],[6.07069,35.56172],[6.0702,35.56183],[6.06971,35.5619],[6.06926,35.56191],[6.06886,35.56198],[6.06855,35.56186],[6.06834,35.56162],[6.06782,35.56157],[6.06761,35.56151],[6.0673,35.5613],[6.06713,35.56112],[6.06693,35.56111],[6.0669,35.56143],[6.06721,35.56182],[6.06724,35.562],[6.06722,35.56253],[6.06717,35.56277],[6.06693,35.56301],[6.06664,35.56329],[6.06522,35.56438],[6.0649,35.56438],[6.06449,35.56433],[6.0644,35.56423],[6.06419,35.56435],[6.06387,35.56447],[6.06365,35.56457],[6.06345,35.56459],[6.0632,35.56467],[6.06295,35.56464],[6.06262,35.5646],[6.06235,35.5646],[6.06194,35.5648],[6.0617,35.56499],[6.06118,35.56508],[6.06108,35.56513],[6.06086,35.56504],[6.06051,35.56506],[6.05984,35.56509],[6.05964,35.5653],[6.05945,35.56572],[6.05958,35.5659],[6.0599,35.56593],[6.06048,35.56593],[6.06064,35.56617],[6.06073,35.56644],[6.06107,35.56654],[6.06134,35.56665],[6.0616,35.56659],[6.06203,35.56645],[6.06234,35.5664],[6.06248,35.5662],[6.06256,35.56602],[6.06265,35.56595],[6.06299,35.56586],[6.06337,35.56592],[6.06391,35.56599],[6.06441,35.56589],[6.06484,35.56582],[6.06525,35.56583],[6.06538,35.5657],[6.06555,35.56572],[6.06575,35.56567],[6.06591,35.56569],[6.06609,35.56551],[6.06631,35.5652],[6.06648,35.56496],[6.06658,35.56486],[6.06685,35.56486],[6.06726,35.56452],[6.06783,35.56397],[6.06833,35.56358],[6.06894,35.56331],[6.06938,35.56315],[6.07011,35.56309],[6.07056,35.56321],[6.0708,35.56339],[6.07088,35.56371],[6.07104,35.56388],[6.07161,35.56382],[6.07189,35.56384],[6.07225,35.56411],[6.07239,35.56434],[6.07256,35.56441],[6.07271,35.56419],[6.07296,35.56368],[6.07308,35.5635],[6.07334,35.56326],[6.07369,35.56313],[6.07412,35.56286],[6.07442,35.56276],[6.0749,35.56266],[6.0757,35.56253],[6.07636,35.56275],[6.07687,35.56308],[6.07691,35.56329],[6.07693,35.56365],[6.07706,35.56393],[6.07713,35.56417],[6.07769,35.56471],[6.07788,35.56494],[6.07802,35.5652],[6.07826,35.5653],[6.07872,35.5655],[6.07945,35.56617],[6.08006,35.5666],[6.08027,35.56695],[6.08053,35.5673],[6.08044,35.56767],[6.0805,35.56803],[6.08045,35.56839],[6.08028,35.56852],[6.08002,35.56862],[6.07967,35.56877],[6.07918,35.56889],[6.07879,35.56889],[6.07838,35.56892],[6.07815,35.56901],[6.078,35.56922],[6.07813,35.56946],[6.07843,35.56981],[6.07881,35.57017],[6.07885,35.57034],[6.07886,35.57068],[6.07884,35.57102],[6.07874,35.57125],[6.07873,35.57141],[6.07877,35.57166],[6.07873,35.5719],[6.07853,35.57205],[6.07822,35.5721],[6.07812,35.5722],[6.07809,35.57234],[6.0782,35.5725],[6.07832,35.57259],[6.07867,35.57262],[6.0789,35.5727],[6.07902,35.57291],[6.07892,35.57304],[6.07866,35.57316],[6.07811,35.57351],[6.07779,35.57356],[6.07765,35.57354],[6.07745,35.57338],[6.07739,35.57328],[6.07735,35.57342],[6.07732,35.5737],[6.07754,35.57392],[6.07764,35.57406],[6.07818,35.57406],[6.07839,35.57405],[6.07856,35.57425],[6.07866,35.57444],[6.07867,35.57471],[6.07857,35.57494],[6.07832,35.57515],[6.07813,35.57526],[6.07774,35.57599],[6.07739,35.57663],[6.07714,35.57702],[6.07711,35.57732],[6.07695,35.57757],[6.07677,35.57777],[6.07652,35.57802],[6.07624,35.57845],[6.07593,35.57891],[6.07557,35.57925],[6.07544,35.57934],[6.07516,35.57967],[6.07489,35.58003],[6.07476,35.58064],[6.07484,35.58082],[6.07496,35.58085],[6.07509,35.58121],[6.07519,35.58118],[6.07549,35.58085],[6.07551,35.5806],[6.07563,35.58035],[6.07599,35.58012],[6.07626,35.58074],[6.07636,35.58139],[6.07654,35.58137],[6.07675,35.5816],[6.07677,35.58204],[6.07682,35.5824],[6.07682,35.58283],[6.07687,35.58313],[6.07694,35.58402],[6.07749,35.5849],[6.07793,35.58533],[6.0785,35.58464],[6.07905,35.58437],[6.07855,35.58422],[6.07821,35.58399],[6.07785,35.58366],[6.07769,35.5834],[6.07753,35.58315],[6.07767,35.58284],[6.07768,35.58255],[6.0775,35.58226],[6.07736,35.58192],[6.07733,35.58159],[6.07732,35.5813],[6.07754,35.58105],[6.07781,35.58082],[6.07799,35.58065],[6.07822,35.58057],[6.07866,35.5805],[6.07917,35.58054],[6.07977,35.58078],[6.07996,35.5808],[6.08004,35.58048],[6.07985,35.58016],[6.07968,35.57988],[6.07974,35.57946],[6.07967,35.57892],[6.07964,35.57872],[6.07982,35.57856],[6.07982,35.57839],[6.08005,35.57822],[6.0801,35.57803],[6.08024,35.57782],[6.08042,35.5776],[6.08046,35.57739],[6.08046,35.57721],[6.08054,35.57717],[6.08061,35.57697],[6.08084,35.57673],[6.08145,35.57631],[6.08155,35.57621],[6.08194,35.57622],[6.08227,35.57644],[6.08257,35.5764],[6.08286,35.57617],[6.0832,35.57606],[6.08356,35.57598],[6.08351,35.57552],[6.08291,35.57544],[6.0826,35.5752],[6.08216,35.57513],[6.08187,35.57487],[6.08171,35.57443],[6.08175,35.57373],[6.08195,35.57313],[6.08215,35.57295],[6.08227,35.57276],[6.08234,35.57256],[6.08228,35.57243],[6.08238,35.57235],[6.08236,35.57223],[6.08242,35.57216],[6.08262,35.57205],[6.0826,35.57183],[6.0828,35.57166],[6.08278,35.57143],[6.08259,35.57135],[6.0825,35.57108],[6.08256,35.57044],[6.08279,35.57025],[6.08295,35.56969],[6.08346,35.5691],[6.08376,35.56883],[6.08395,35.56865],[6.08433,35.56871],[6.08462,35.56887],[6.08493,35.56912],[6.08516,35.56915],[6.08647,35.56917],[6.08677,35.56926],[6.08699,35.56948],[6.08728,35.56945],[6.08764,35.56935],[6.08791,35.5694],[6.08815,35.56953],[6.0883,35.56942],[6.08844,35.56919],[6.08837,35.56898],[6.08845,35.56878],[6.08874,35.56875],[6.08904,35.56862],[6.08937,35.56832],[6.08939,35.56816],[6.08912,35.56791],[6.08875,35.56765],[6.08846,35.56747],[6.08786,35.56727],[6.08749,35.56715],[6.08722,35.567],[6.08662,35.56684],[6.08643,35.56671],[6.08629,35.56652],[6.08629,35.56631],[6.08644,35.56618],[6.08675,35.56623],[6.08699,35.56627],[6.08731,35.56644],[6.08761,35.56654],[6.08784,35.56663],[6.08801,35.56668],[6.08813,35.56652],[6.08819,35.56629],[6.08837,35.56616],[6.08847,35.56606],[6.08845,35.5659],[6.08801,35.56576],[6.08755,35.56556],[6.08698,35.56528],[6.08634,35.56492],[6.08612,35.56474],[6.08556,35.56436],[6.08528,35.56425],[6.08514,35.56375],[6.08534,35.56326],[6.08554,35.56298],[6.08595,35.56278],[6.08625,35.56264],[6.0868,35.56273],[6.08677,35.56214],[6.08693,35.56192],[6.08727,35.5618],[6.0873,35.56163],[6.08765,35.56126],[6.08818,35.56104],[6.08844,35.56085],[6.08858,35.56086],[6.08896,35.56068],[6.08931,35.56051],[6.08956,35.56049],[6.08979,35.5605],[6.08987,35.56063],[6.0902,35.56062],[6.09042,35.56054],[6.09054,35.5607],[6.09051,35.5608],[6.09087,35.56106],[6.09106,35.5611],[6.09133,35.56095],[6.09148,35.56072],[6.09151,35.56025],[6.09129,35.56008],[6.0911,35.55972],[6.09069,35.55923],[6.09029,35.55889],[6.08971,35.55865],[6.0892,35.55851],[6.08905,35.55841],[6.08887,35.55801],[6.08865,35.55744],[6.08855,35.55722],[6.08798,35.55715],[6.08768,35.55696],[6.08753,35.55631],[6.087,35.55559],[6.08693,35.55531],[6.08671,35.55507],[6.08659,35.55474],[6.08646,35.55466],[6.08625,35.55433],[6.0857,35.55391],[6.08541,35.55361],[6.08536,35.55348],[6.08524,35.55329],[6.0851,35.55319],[6.08496,35.55307],[6.08493,35.55289],[6.08484,35.55279],[6.08469,35.55263],[6.08464,35.55253],[6.08447,35.55243],[6.08419,35.55232],[6.0839,35.55217],[6.08382,35.552],[6.08358,35.55187],[6.08339,35.55181],[6.08321,35.55169],[6.08266,35.55127],[6.08257,35.55106],[6.08242,35.55063],[6.08217,35.55013],[6.08212,35.54992],[6.08213,35.54947],[6.08281,35.54919],[6.08336,35.54909],[6.0835,35.5489],[6.08405,35.5487],[6.08474,35.54848],[6.08527,35.54814],[6.0859,35.54787],[6.08635,35.54775],[6.08686,35.54778],[6.08728,35.54781],[6.08789,35.54799],[6.0884,35.54823],[6.08896,35.54853],[6.08933,35.54879],[6.08958,35.54889],[6.0901,35.54903],[6.09074,35.54923],[6.09062,35.54882],[6.08993,35.54838],[6.08967,35.54815],[6.08999,35.54805],[6.09032,35.54806],[6.09064,35.54798],[6.09091,35.54792],[6.09124,35.54796],[6.09154,35.54805],[6.09201,35.54823],[6.09236,35.5484],[6.09295,35.54843],[6.09356,35.54858],[6.0942,35.54866],[6.095,35.54883],[6.09552,35.54895],[6.09682,35.54932],[6.09771,35.54958],[6.09944,35.55021],[6.10098,35.55074],[6.10157,35.55093],[6.10249,35.55129],[6.10341,35.55144],[6.10383,35.5516],[6.10566,35.55198],[6.10666,35.55225],[6.10746,35.55258],[6.10852,35.55289],[6.10883,35.553],[6.10906,35.55302],[6.10954,35.55323],[6.10996,35.55345],[6.11027,35.55354],[6.11088,35.55384],[6.11139,35.55404],[6.11208,35.55437],[6.11326,35.55484],[6.11393,35.55497],[6.11436,35.55521],[6.11507,35.55539],[6.11583,35.55569],[6.11662,35.55591],[6.11732,35.55613],[6.11797,35.55632],[6.11823,35.55643],[6.11883,35.55638],[6.11907,35.55636],[6.11922,35.55656],[6.11962,35.55702],[6.11974,35.55719],[6.11989,35.5577],[6.12005,35.55801],[6.1203,35.55804],[6.12048,35.55787],[6.12072,35.55808],[6.12135,35.55853],[6.12333,35.55943],[6.1241,35.55981],[6.12488,35.56012],[6.12503,35.5602],[6.12446,35.56047],[6.12399,35.56067],[6.12348,35.56093],[6.12321,35.56111],[6.12242,35.56147],[6.12179,35.5618],[6.12137,35.56201],[6.12129,35.56206],[6.12039,35.56293],[6.11996,35.56317],[6.11959,35.56334],[6.1194,35.56347],[6.11929,35.56363],[6.11979,35.56414],[6.12019,35.56432],[6.12047,35.56454],[6.12066,35.5648],[6.12102,35.56496],[6.12137,35.56505],[6.12177,35.56527],[6.12209,35.56548],[6.12247,35.5659],[6.12263,35.5662],[6.12289,35.56644],[6.12301,35.56666],[6.12324,35.56688],[6.12336,35.56698],[6.12351,35.56701],[6.12434,35.5678],[6.12437,35.56812],[6.12438,35.56841],[6.12422,35.56849],[6.12485,35.5686],[6.12514,35.56859],[6.1257,35.56833],[6.12613,35.56804],[6.1267,35.56815],[6.12784,35.56873],[6.12832,35.56866],[6.12885,35.5687],[6.12945,35.56886],[6.13041,35.56924],[6.13103,35.56947],[6.13117,35.56959],[6.13158,35.56963],[6.13205,35.56968],[6.13247,35.5697],[6.13292,35.56999],[6.13304,35.57032],[6.133,35.57072],[6.13316,35.57092],[6.13318,35.57136],[6.13316,35.57162],[6.13294,35.57174],[6.13272,35.57185],[6.13256,35.57223],[6.13229,35.57261],[6.13214,35.57267],[6.13192,35.57294],[6.13162,35.5732],[6.13129,35.57337],[6.13082,35.5735],[6.13037,35.57352],[6.12981,35.57344],[6.12934,35.57327],[6.12875,35.57301],[6.1282,35.57277],[6.12776,35.57251],[6.12749,35.57221],[6.12732,35.57192],[6.12727,35.57142],[6.12723,35.57018],[6.12718,35.56959],[6.12517,35.56932],[6.1231,35.56871],[6.12257,35.56907],[6.12205,35.56927],[6.12138,35.56973],[6.12037,35.5704],[6.1202,35.57087],[6.11986,35.57112],[6.11949,35.57103],[6.11927,35.57096],[6.11909,35.5709],[6.11883,35.57094],[6.11856,35.57121],[6.11837,35.57151],[6.11827,35.57191],[6.11817,35.57235],[6.11807,35.57284],[6.11811,35.57308],[6.11808,35.57332],[6.11788,35.57346],[6.11769,35.57348],[6.11733,35.57343],[6.11713,35.57344],[6.11709,35.57356],[6.11723,35.57373],[6.11737,35.57392],[6.11753,35.57415],[6.11754,35.57458],[6.1174,35.57477],[6.11717,35.57489],[6.11678,35.57501],[6.11617,35.57516],[6.11566,35.57526],[6.11516,35.57528],[6.11468,35.57526],[6.1144,35.57518],[6.1142,35.57514],[6.1135,35.57515],[6.11331,35.57527],[6.11329,35.57539],[6.11351,35.57547],[6.11395,35.57561],[6.1142,35.57567],[6.11481,35.5757],[6.11588,35.57571],[6.11659,35.57576],[6.11701,35.57577],[6.11726,35.57572],[6.1175,35.57559],[6.11781,35.57542],[6.11811,35.57543],[6.11854,35.57546],[6.11851,35.57589],[6.11827,35.57616],[6.11791,35.57629],[6.11787,35.57641],[6.11791,35.57667],[6.1177,35.57716],[6.11752,35.57735],[6.11739,35.57752],[6.1174,35.57817],[6.1176,35.57837],[6.11776,35.57851],[6.11797,35.57872],[6.11807,35.5789],[6.11809,35.57928],[6.11806,35.57956],[6.11792,35.57973],[6.11784,35.58008],[6.11772,35.58042],[6.11762,35.58054],[6.11743,35.58059],[6.11709,35.58063],[6.1169,35.58088],[6.11674,35.58099],[6.11682,35.58129],[6.11679,35.58156],[6.11681,35.5818],[6.11733,35.582],[6.11751,35.58234],[6.11739,35.58266],[6.11749,35.58301],[6.11771,35.58348],[6.11781,35.5838],[6.11771,35.58406],[6.11759,35.58433],[6.11763,35.58461],[6.11775,35.58509],[6.11793,35.58557],[6.11812,35.58594],[6.11854,35.58598],[6.11889,35.58615],[6.11916,35.58646],[6.11935,35.58709],[6.1193,35.5881],[6.11917,35.58839],[6.11908,35.58858],[6.11878,35.58881],[6.11851,35.58883],[6.11822,35.58882],[6.118,35.58873],[6.11767,35.58872],[6.11749,35.58882],[6.11735,35.58892],[6.11742,35.58907],[6.1176,35.58924],[6.1178,35.5893],[6.11804,35.58934],[6.11798,35.58956],[6.11779,35.58966],[6.11759,35.58964],[6.1174,35.58965],[6.11715,35.58944],[6.11703,35.58936],[6.11681,35.58921],[6.11661,35.58917],[6.11637,35.58901],[6.11616,35.58912],[6.11597,35.58919],[6.1158,35.5894],[6.11582,35.58962],[6.11617,35.58979],[6.11643,35.5901],[6.11658,35.59045],[6.11654,35.59061],[6.11644,35.59073],[6.11636,35.59086],[6.11658,35.59094],[6.11691,35.591],[6.11741,35.59103],[6.1177,35.59094],[6.11801,35.59085],[6.11854,35.59062],[6.11906,35.5907],[6.11966,35.59054],[6.12013,35.5901],[6.12057,35.58985],[6.12099,35.5897],[6.12133,35.58956],[6.1217,35.58958],[6.12178,35.58975],[6.12209,35.58983],[6.12264,35.58983],[6.12311,35.58971],[6.12313,35.58938],[6.12318,35.58924],[6.12332,35.58914],[6.12389,35.58919],[6.12408,35.58923],[6.12426,35.58918],[6.12446,35.58914],[6.12456,35.58899],[6.12465,35.58885],[6.12489,35.58871],[6.1251,35.58861],[6.12532,35.58861],[6.12543,35.58864],[6.12541,35.58839],[6.12547,35.58817],[6.12544,35.58803],[6.12579,35.58785],[6.12632,35.58774],[6.12692,35.58769],[6.12769,35.5877],[6.12828,35.58773],[6.12861,35.58774],[6.1288,35.58752],[6.12926,35.58748],[6.12935,35.58758],[6.12994,35.58759],[6.1304,35.58754],[6.13077,35.58739],[6.13088,35.58712],[6.13106,35.5869],[6.13112,35.58658],[6.1312,35.58644],[6.13127,35.58624],[6.13166,35.58606],[6.13193,35.58589],[6.13204,35.58551],[6.13212,35.58515],[6.13247,35.58492],[6.13287,35.58458],[6.13312,35.58441],[6.13374,35.58444],[6.13413,35.58434],[6.13475,35.58448],[6.13592,35.58525],[6.13598,35.5862],[6.13613,35.5871],[6.13686,35.58736],[6.13713,35.5874],[6.13738,35.58709],[6.13773,35.5875],[6.1378,35.58793],[6.13784,35.58819],[6.13788,35.5885],[6.13801,35.58861],[6.13819,35.58857],[6.13835,35.5883],[6.13844,35.58814],[6.13866,35.58793],[6.1389,35.58775],[6.13901,35.58745],[6.13899,35.58733],[6.1393,35.58723],[6.13959,35.58705],[6.14028,35.58696],[6.14057,35.5868],[6.14168,35.58684],[6.14193,35.58692],[6.14274,35.58691],[6.14291,35.58727],[6.14302,35.58741],[6.1433,35.58738],[6.14336,35.58714],[6.14357,35.58719],[6.14418,35.58715],[6.14471,35.58722],[6.1448,35.58727],[6.14506,35.58709],[6.14544,35.58689],[6.14593,35.58677],[6.14624,35.5868],[6.14637,35.58696],[6.14635,35.58717],[6.14633,35.58733],[6.14616,35.58761],[6.14602,35.58786],[6.14598,35.58811],[6.14588,35.58815],[6.14591,35.58833],[6.14619,35.58854],[6.14655,35.58847],[6.14752,35.58813],[6.14834,35.58784],[6.14881,35.58773],[6.14939,35.58752],[6.15058,35.58701],[6.15062,35.58693],[6.15092,35.58672],[6.15125,35.58649],[6.15232,35.58632],[6.15315,35.58631],[6.1535,35.58623],[6.1539,35.58616],[6.15447,35.58595],[6.15618,35.58585],[6.157,35.58553],[6.1573,35.58532],[6.15748,35.58485],[6.15756,35.58453],[6.15768,35.58426],[6.15792,35.58422],[6.15787,35.58446],[6.15795,35.58467],[6.15816,35.58475],[6.15859,35.58479],[6.15893,35.58462],[6.15929,35.58434],[6.15982,35.58378],[6.15997,35.58359],[6.16,35.58324],[6.16005,35.58268],[6.1603,35.58248],[6.16054,35.58235],[6.16087,35.58233],[6.1611,35.58239],[6.16099,35.5825],[6.1609,35.58277],[6.16089,35.58305],[6.16099,35.58321],[6.16124,35.58318],[6.16139,35.58297],[6.16151,35.58277],[6.16202,35.58212],[6.16239,35.58188],[6.16275,35.58176],[6.1634,35.58146],[6.16358,35.58099],[6.16411,35.58071],[6.16468,35.58054],[6.1652,35.58041],[6.16541,35.58018],[6.16546,35.57986],[6.16501,35.57977],[6.16434,35.57977],[6.16402,35.57982],[6.16351,35.57968],[6.1628,35.57968],[6.1625,35.57972],[6.1622,35.57967],[6.16182,35.57962],[6.16157,35.57934],[6.16147,35.57893],[6.16112,35.5785],[6.16088,35.57806],[6.16069,35.5777],[6.16064,35.57747],[6.161,35.57738],[6.16107,35.57718],[6.16096,35.57684],[6.1611,35.57676],[6.1614,35.5768],[6.16212,35.57695],[6.16265,35.57716],[6.16329,35.5773],[6.16366,35.57762],[6.16405,35.57778],[6.16429,35.5778],[6.16451,35.57785],[6.1648,35.57814],[6.16526,35.5783],[6.16565,35.57855],[6.16611,35.57866],[6.1665,35.57887],[6.1672,35.57898],[6.16784,35.57893],[6.16814,35.57884],[6.16858,35.57892],[6.169,35.57909],[6.16903,35.5793],[6.16952,35.57951],[6.16979,35.57947],[6.17,35.57911],[6.17019,35.57877],[6.1707,35.57852],[6.1716,35.57848],[6.17262,35.57854],[6.17342,35.57878],[6.17384,35.57929],[6.17431,35.57975],[6.17452,35.57999],[6.17442,35.58045],[6.17566,35.58087],[6.1766,35.58085],[6.17804,35.58099],[6.17881,35.58114],[6.17959,35.58164],[6.18011,35.582],[6.18076,35.58254],[6.18168,35.58306],[6.18256,35.58306],[6.18307,35.58316],[6.18333,35.58325],[6.18354,35.58335],[6.18369,35.58366],[6.18357,35.58391],[6.18399,35.58423],[6.18427,35.58474],[6.18455,35.58512],[6.18499,35.58545],[6.18527,35.58574],[6.1856,35.58569],[6.18561,35.58532],[6.18565,35.58497],[6.1858,35.58449],[6.18596,35.58434],[6.18613,35.58413],[6.18646,35.58403],[6.18696,35.58399],[6.18734,35.58394],[6.18794,35.58373],[6.1885,35.58351],[6.18893,35.58345],[6.18925,35.58368],[6.18926,35.58407],[6.18913,35.5847],[6.18912,35.5849],[6.18896,35.58498],[6.18895,35.58537],[6.18916,35.58553],[6.18944,35.58582],[6.1897,35.58589],[6.19018,35.58595],[6.19069,35.58585],[6.19133,35.58591],[6.19167,35.58627],[6.19206,35.58649],[6.19243,35.58654],[6.19275,35.58677],[6.19336,35.58689],[6.19407,35.58719],[6.19454,35.58731],[6.19487,35.58709],[6.19517,35.58676],[6.19542,35.58649],[6.19542,35.58613],[6.19578,35.58618],[6.19648,35.58619],[6.19715,35.58644],[6.1976,35.5869],[6.19791,35.58714],[6.19836,35.58716],[6.19878,35.58741],[6.19909,35.58767],[6.19907,35.58779],[6.19946,35.58791],[6.19989,35.58807],[6.19995,35.58844],[6.19981,35.58856],[6.19977,35.58884],[6.20013,35.58886],[6.20048,35.5889],[6.20055,35.58905],[6.20086,35.58898],[6.20116,35.58902],[6.20114,35.58929],[6.20087,35.58935],[6.20057,35.5896],[6.20029,35.58987],[6.20005,35.58996],[6.19972,35.59035],[6.19961,35.59081],[6.19961,35.59099],[6.19962,35.59108],[6.19997,35.59105],[6.2006,35.59107],[6.20198,35.5911],[6.20303,35.59123],[6.20364,35.59181],[6.2041,35.59193],[6.20479,35.59224],[6.20548,35.59251],[6.20557,35.59279],[6.20607,35.59281],[6.20622,35.5929],[6.20618,35.59303],[6.206,35.59311],[6.20596,35.59329],[6.20601,35.59349],[6.20623,35.59382],[6.20612,35.59404],[6.20587,35.59417],[6.20592,35.59437],[6.20619,35.59456],[6.20659,35.59462],[6.20691,35.59464],[6.20746,35.59479],[6.20763,35.59499],[6.20791,35.59529],[6.20817,35.5954],[6.20844,35.59542],[6.20851,35.59531],[6.20882,35.5953],[6.20909,35.59533],[6.20924,35.59548],[6.20922,35.59559],[6.20902,35.59572],[6.20888,35.5958],[6.20892,35.59594],[6.20945,35.59596],[6.21006,35.59592],[6.21025,35.59583],[6.2105,35.59548],[6.21053,35.59535],[6.21076,35.5954],[6.21087,35.59557],[6.21095,35.5959],[6.21105,35.59607],[6.21096,35.59655],[6.21107,35.5967],[6.21114,35.59689],[6.21141,35.59693],[6.21166,35.59714],[6.212,35.59742],[6.21228,35.59751],[6.21238,35.59776],[6.21223,35.59797],[6.21177,35.59831],[6.21141,35.59861],[6.21088,35.59925],[6.21069,35.59948],[6.21021,35.59959],[6.20997,35.59963],[6.2096,35.5997],[6.20902,35.59969],[6.20867,35.59975],[6.20856,35.59982],[6.20859,35.60031],[6.20848,35.60048],[6.20814,35.60062],[6.20765,35.60064],[6.20716,35.60061],[6.2066,35.60051],[6.20595,35.60057],[6.20538,35.60083],[6.20509,35.60117],[6.20486,35.60122],[6.20456,35.60124],[6.2042,35.60116],[6.20396,35.60114],[6.20357,35.60138],[6.20331,35.60153],[6.20309,35.60154],[6.2029,35.60146],[6.20274,35.60131],[6.20246,35.60135],[6.20207,35.60198],[6.2018,35.60229],[6.20125,35.60264],[6.20033,35.60331],[6.19995,35.60351],[6.19937,35.60349],[6.19891,35.6037],[6.19736,35.60462],[6.19633,35.60527],[6.19603,35.60558],[6.19532,35.60572],[6.1948,35.6059],[6.19483,35.60634],[6.1946,35.60657],[6.19458,35.60675],[6.19438,35.60692],[6.19425,35.60719],[6.19412,35.60731],[6.19402,35.60751],[6.19418,35.60764],[6.19433,35.60785],[6.19423,35.60812],[6.19428,35.60832],[6.19431,35.60841],[6.19442,35.60815],[6.19447,35.60778],[6.19443,35.60741],[6.19479,35.60699],[6.19533,35.60672],[6.19619,35.60663],[6.19689,35.60648],[6.19728,35.60634],[6.19751,35.60593],[6.19789,35.60566],[6.19846,35.6054],[6.19863,35.60522],[6.19898,35.60515],[6.19919,35.6052],[6.19957,35.605],[6.1999,35.60495],[6.20055,35.60495],[6.20105,35.6049],[6.20129,35.60481],[6.20157,35.60441],[6.20193,35.60406],[6.20214,35.60375],[6.20246,35.60351],[6.20292,35.60341],[6.20326,35.60316],[6.20372,35.60251],[6.20405,35.60246],[6.20462,35.60236],[6.20468,35.60248],[6.20439,35.60267],[6.20433,35.60293],[6.20424,35.60333],[6.2042,35.60377],[6.20428,35.60397],[6.20482,35.60418],[6.20523,35.60447],[6.20543,35.60458],[6.20573,35.60467],[6.20604,35.60487],[6.20638,35.60501],[6.20647,35.60516],[6.20679,35.60529],[6.20675,35.60572],[6.20652,35.60583],[6.2063,35.60614],[6.20643,35.60649],[6.20654,35.60643],[6.2067,35.60661],[6.20672,35.60684],[6.20652,35.60692],[6.20668,35.60717],[6.20649,35.60736],[6.2064,35.6078],[6.2065,35.60809],[6.20653,35.60846],[6.20655,35.60874],[6.20695,35.60882],[6.20726,35.60876],[6.20778,35.60879],[6.20808,35.60882],[6.2083,35.60872],[6.20872,35.60867],[6.20886,35.60857],[6.20911,35.6087],[6.20938,35.60877],[6.2096,35.60874],[6.2099,35.6084],[6.21022,35.60821],[6.21065,35.60796],[6.21102,35.60774],[6.21102,35.60731],[6.21097,35.60694],[6.21098,35.60678],[6.21078,35.60643],[6.21076,35.60605],[6.21094,35.60586],[6.21177,35.60527],[6.21226,35.60489],[6.21254,35.60476],[6.21331,35.60468],[6.21374,35.60447],[6.214,35.60432],[6.21439,35.60432],[6.21467,35.60414],[6.21489,35.6042],[6.21527,35.60418],[6.21524,35.60443],[6.2149,35.60473],[6.21467,35.6049],[6.21439,35.60509],[6.21419,35.60539],[6.21391,35.60562],[6.21355,35.60581],[6.21323,35.60596],[6.21326,35.60613],[6.21362,35.60614],[6.21398,35.60607],[6.21452,35.60606],[6.21446,35.60656],[6.21444,35.60686],[6.21428,35.60703],[6.21418,35.60721],[6.21433,35.6074],[6.21479,35.60709],[6.21535,35.60688],[6.21564,35.60689],[6.21607,35.60701],[6.2164,35.60699],[6.21681,35.60677],[6.21717,35.6066],[6.21781,35.60661],[6.21864,35.60671],[6.21848,35.60692],[6.21812,35.60718],[6.21789,35.60729],[6.21744,35.60728],[6.21708,35.60731],[6.21682,35.60756],[6.21655,35.60783],[6.2163,35.60808],[6.21639,35.60813],[6.21637,35.60839],[6.21615,35.60863],[6.21613,35.60875],[6.21587,35.60897],[6.21581,35.60919],[6.216,35.60946],[6.21624,35.60944],[6.21625,35.6092],[6.21641,35.609],[6.21646,35.60876],[6.2166,35.60862],[6.21688,35.6084],[6.21718,35.60837],[6.21749,35.60842],[6.21765,35.6086],[6.21763,35.6088],[6.21764,35.60903],[6.21759,35.60914],[6.21764,35.60935],[6.21762,35.60956],[6.21749,35.60972],[6.21739,35.60983],[6.21727,35.61003],[6.21723,35.61029],[6.21738,35.61052],[6.21766,35.6106],[6.21795,35.61039],[6.21807,35.61015],[6.21826,35.60987],[6.21833,35.60955],[6.21853,35.60935],[6.21898,35.60895],[6.21944,35.60867],[6.2198,35.60838],[6.22036,35.60819],[6.22088,35.60792],[6.22107,35.60793],[6.22126,35.60815],[6.22115,35.60836],[6.22082,35.60874],[6.22041,35.60901],[6.22025,35.60928],[6.22003,35.60942],[6.21966,35.60972],[6.2194,35.60997],[6.21924,35.61022],[6.21897,35.61056],[6.21875,35.6107],[6.21875,35.61081],[6.21905,35.6108],[6.21916,35.61098],[6.21942,35.611],[6.2195,35.61078],[6.21972,35.61064],[6.21999,35.61061],[6.22015,35.61039],[6.22053,35.61018],[6.22063,35.61032],[6.22052,35.61062],[6.2204,35.61088],[6.22054,35.6111],[6.22075,35.61129],[6.22085,35.61142],[6.22097,35.61128],[6.22094,35.61105],[6.22096,35.61082],[6.22107,35.61066],[6.22106,35.61051],[6.22131,35.61035],[6.22152,35.61024],[6.22158,35.60984],[6.22175,35.60978],[6.22203,35.60958],[6.22229,35.60943],[6.2224,35.60947],[6.22237,35.60971],[6.22239,35.60998],[6.22236,35.61019],[6.2225,35.61023],[6.22263,35.60992],[6.22276,35.60967],[6.22296,35.60944],[6.22319,35.60932],[6.22354,35.60921],[6.22384,35.60915],[6.22419,35.60928],[6.22425,35.60946],[6.22423,35.60973],[6.22443,35.60991],[6.2247,35.61004],[6.22469,35.61028],[6.22464,35.6104],[6.22444,35.61049],[6.22431,35.61051],[6.2243,35.61072],[6.22453,35.61096],[6.22444,35.61113],[6.22423,35.61141],[6.22399,35.61159],[6.22383,35.61162],[6.22383,35.61184],[6.22402,35.61187],[6.22451,35.61154],[6.22465,35.61139],[6.22469,35.61121],[6.22479,35.61098],[6.22505,35.61071],[6.22527,35.6105],[6.22533,35.61023],[6.22544,35.60988],[6.22564,35.60971],[6.22584,35.60973],[6.22594,35.60994],[6.22594,35.61032],[6.22597,35.61067],[6.22599,35.61093],[6.22585,35.61121],[6.22509,35.61226],[6.22507,35.61251],[6.2251,35.6128],[6.22499,35.61308],[6.22454,35.61338],[6.22429,35.61375],[6.22403,35.61376],[6.22369,35.61364],[6.22338,35.61355],[6.22308,35.61333],[6.22281,35.61303],[6.22271,35.61282],[6.22295,35.61251],[6.22289,35.61233],[6.22262,35.61233],[6.22255,35.61252],[6.22214,35.61267],[6.2219,35.61273],[6.22172,35.61265],[6.22164,35.61254],[6.22147,35.61256],[6.22138,35.61293],[6.22134,35.61327],[6.22122,35.61331],[6.22109,35.61362],[6.22129,35.6138],[6.2217,35.61372],[6.22172,35.61365],[6.22204,35.61362],[6.2224,35.61349],[6.22263,35.61341],[6.22282,35.61345],[6.22309,35.61364],[6.22338,35.61388],[6.22343,35.6141],[6.2233,35.61436],[6.22306,35.61447],[6.2228,35.6144],[6.22242,35.6144],[6.22256,35.61492],[6.22244,35.61499],[6.22187,35.61526],[6.22186,35.61547],[6.22219,35.61564],[6.22245,35.61567],[6.2227,35.61549],[6.22328,35.61496],[6.2235,35.61492],[6.22416,35.61497],[6.22456,35.61519],[6.22486,35.61557],[6.22509,35.61596],[6.225,35.61613],[6.22476,35.61626],[6.22456,35.61627],[6.2241,35.61616],[6.22386,35.61626],[6.22391,35.6164],[6.22423,35.61651],[6.2244,35.61666],[6.22462,35.61668],[6.2249,35.61689],[6.22511,35.61712],[6.225,35.61743],[6.22513,35.61766],[6.22543,35.61773],[6.22551,35.61787],[6.22576,35.61794],[6.22606,35.61804],[6.22622,35.61806],[6.22629,35.61831],[6.22628,35.61921],[6.22655,35.61953],[6.22662,35.61979],[6.22704,35.61988],[6.22763,35.62008],[6.22785,35.62031],[6.22797,35.62069],[6.22836,35.62138],[6.22877,35.62191],[6.22893,35.62252],[6.22888,35.62293],[6.22862,35.62327],[6.22853,35.62353],[6.22865,35.62372],[6.22895,35.62381],[6.22878,35.62403],[6.22858,35.62418],[6.22852,35.62447],[6.22883,35.62478],[6.22886,35.62511],[6.22848,35.6254],[6.2281,35.62571],[6.2279,35.62605],[6.22792,35.62658],[6.22821,35.62713],[6.22822,35.62728],[6.22795,35.62751],[6.22735,35.62784],[6.2269,35.62833],[6.22669,35.62878],[6.22672,35.6292],[6.22713,35.62869],[6.22764,35.6283],[6.22805,35.62809],[6.22826,35.62775],[6.22831,35.62747],[6.22831,35.62728],[6.22863,35.62703],[6.22842,35.62645],[6.22837,35.626],[6.22874,35.6257],[6.22921,35.62545],[6.23016,35.62486],[6.23048,35.62429],[6.2306,35.62406],[6.23067,35.62362],[6.23087,35.62314],[6.23108,35.62276],[6.23115,35.62245],[6.23137,35.62217],[6.23173,35.62224],[6.23193,35.62247],[6.23201,35.62289],[6.23205,35.62324],[6.23225,35.62373],[6.23224,35.62402],[6.23251,35.62447],[6.23265,35.62472],[6.23262,35.62429],[6.23272,35.62389],[6.23284,35.62361],[6.23281,35.62345],[6.23264,35.62316],[6.23263,35.62277],[6.23302,35.62242],[6.23369,35.62208],[6.23395,35.62194],[6.23442,35.62185],[6.23515,35.62188],[6.23578,35.62203],[6.23661,35.62233],[6.23734,35.62268],[6.23719,35.62392],[6.23817,35.62481],[6.24013,35.6249],[6.24078,35.62497],[6.2412,35.62538],[6.24146,35.62572],[6.24155,35.62605],[6.24184,35.62644],[6.2418,35.62672],[6.24171,35.62682],[6.24165,35.62706],[6.24138,35.6272],[6.24122,35.62756],[6.2411,35.62779],[6.24114,35.62798],[6.24108,35.62879],[6.2412,35.62896],[6.24144,35.62892],[6.2416,35.62873],[6.24171,35.62849],[6.24199,35.62829],[6.2424,35.62804],[6.24255,35.62799],[6.2432,35.62759],[6.24363,35.62729],[6.24401,35.62725],[6.24426,35.62737],[6.24463,35.62754],[6.24496,35.6277],[6.2454,35.62805],[6.24565,35.62809],[6.2457,35.6279],[6.24586,35.62777],[6.24605,35.627],[6.24628,35.62738],[6.24629,35.6275],[6.24653,35.6278],[6.24662,35.62799],[6.24652,35.62856],[6.24687,35.62895],[6.24701,35.62922],[6.24739,35.62963],[6.24767,35.62977],[6.24793,35.62992],[6.24809,35.63018],[6.2482,35.63041],[6.24848,35.63052],[6.24871,35.63045],[6.24927,35.63036],[6.2496,35.63034],[6.24982,35.6303],[6.25056,35.62996],[6.25099,35.62977],[6.25127,35.62968],[6.25201,35.62957],[6.25225,35.6296],[6.25225,35.62982],[6.25225,35.62998],[6.25241,35.63013],[6.25273,35.62998],[6.25314,35.62988],[6.25326,35.62989],[6.25346,35.63013],[6.25368,35.63019],[6.25376,35.6305],[6.25375,35.63083],[6.25371,35.63123],[6.25368,35.63156],[6.25372,35.63173],[6.25403,35.63186],[6.25469,35.63188],[6.25515,35.63184],[6.25546,35.63186],[6.25589,35.63151],[6.25661,35.63072],[6.25714,35.63024],[6.25775,35.62995],[6.25803,35.62991],[6.25806,35.62964],[6.25844,35.62931],[6.25873,35.62896],[6.25904,35.6283],[6.25919,35.62794],[6.25928,35.6271],[6.25936,35.62684],[6.25952,35.62662],[6.26047,35.62747],[6.26143,35.6283],[6.26194,35.62857],[6.26245,35.6289],[6.26279,35.62899],[6.26331,35.62936],[6.26354,35.62949],[6.26374,35.62947],[6.26396,35.62968],[6.26446,35.62995],[6.26474,35.63009],[6.26552,35.63054],[6.26673,35.63128],[6.26776,35.63241],[6.26869,35.63335],[6.26952,35.63418],[6.27159,35.63743],[6.27129,35.6378],[6.27123,35.63798],[6.27076,35.63834],[6.27036,35.63861],[6.26984,35.63887],[6.26942,35.63904],[6.26901,35.63916],[6.26876,35.63943],[6.26837,35.6396],[6.26794,35.63966],[6.26781,35.63971],[6.26777,35.64001],[6.2675,35.6404],[6.26738,35.6406],[6.26746,35.6408],[6.26787,35.64123],[6.26787,35.64146],[6.26818,35.64179],[6.26866,35.64223],[6.26925,35.64267],[6.26969,35.64304],[6.27012,35.64348],[6.27,35.64392],[6.26966,35.64436],[6.26937,35.6447],[6.26927,35.6452],[6.26892,35.64556],[6.2685,35.64602],[6.26834,35.64628],[6.26873,35.64632],[6.26896,35.64633],[6.26897,35.64636],[6.26918,35.64633],[6.26953,35.64623],[6.2696,35.64637],[6.26935,35.64662],[6.26896,35.64676],[6.26875,35.64701],[6.26852,35.64732],[6.26834,35.64758],[6.26828,35.64776],[6.2685,35.64786],[6.26877,35.64787],[6.26911,35.64791],[6.26937,35.64801],[6.26971,35.64798],[6.2699,35.64812],[6.27003,35.64829],[6.27038,35.64832],[6.27043,35.64815],[6.27025,35.6478],[6.27021,35.64743],[6.27016,35.6467],[6.27012,35.64611],[6.27011,35.64574],[6.27025,35.64557],[6.27072,35.64524],[6.27093,35.6454],[6.27134,35.64534],[6.27161,35.64531],[6.27191,35.64539],[6.27205,35.64563],[6.27192,35.64579],[6.2718,35.646],[6.27183,35.6464],[6.27201,35.64669],[6.27245,35.64712],[6.27297,35.64764],[6.27313,35.64791],[6.27303,35.64815],[6.27289,35.64831],[6.27281,35.64855],[6.27255,35.64872],[6.2722,35.64871],[6.27156,35.64864],[6.27142,35.64868],[6.27161,35.64892],[6.27192,35.64901],[6.27233,35.6492],[6.27273,35.64951],[6.27296,35.64976],[6.27311,35.64997],[6.27311,35.65018],[6.27298,35.65027],[6.27307,35.65069],[6.27316,35.65072],[6.2733,35.65049],[6.27342,35.65016],[6.27347,35.64982],[6.27363,35.64962],[6.27402,35.64957],[6.27445,35.6497],[6.27506,35.65003],[6.27526,35.65004],[6.27543,35.6503],[6.27575,35.65052],[6.27613,35.65093],[6.27633,35.65125],[6.27619,35.65138],[6.27592,35.65136],[6.2757,35.65143],[6.27546,35.6514],[6.2753,35.65147],[6.27513,35.65162],[6.27534,35.65197],[6.27554,35.65222],[6.27562,35.65252],[6.27592,35.65259],[6.27637,35.65252],[6.27666,35.65244],[6.2769,35.65246],[6.27705,35.65221],[6.27711,35.65201],[6.27739,35.65188],[6.27779,35.65198],[6.27831,35.65212],[6.27868,35.65239],[6.27853,35.65276],[6.27856,35.65299],[6.27888,35.65318],[6.27922,35.65328],[6.27951,35.65353],[6.27958,35.65384],[6.27948,35.65412],[6.27958,35.65429],[6.27957,35.65457],[6.27929,35.65479],[6.27912,35.655],[6.27919,35.65521],[6.27947,35.65542],[6.27987,35.65587],[6.27994,35.6561],[6.2801,35.65616],[6.2805,35.65609],[6.28069,35.65607],[6.28082,35.65621],[6.28066,35.65651],[6.2804,35.6567],[6.28036,35.65691],[6.28054,35.6571],[6.28085,35.65718],[6.28116,35.65725],[6.28136,35.65722],[6.28166,35.6572],[6.28186,35.65744],[6.28197,35.65775],[6.28201,35.65798],[6.2823,35.65795],[6.28263,35.6578],[6.28296,35.65767],[6.2832,35.65804],[6.2828,35.65819],[6.28249,35.6584],[6.28235,35.6586],[6.28243,35.65889],[6.28279,35.6591],[6.28301,35.6593],[6.28291,35.65945],[6.2825,35.65956],[6.28218,35.6596],[6.28175,35.6599],[6.28156,35.66011],[6.282,35.66013],[6.28246,35.66024],[6.28272,35.66021],[6.28299,35.66019],[6.28319,35.65997],[6.2834,35.65995],[6.2838,35.65948],[6.28424,35.65922],[6.28446,35.65932],[6.28444,35.65956],[6.28418,35.65981],[6.28411,35.66002],[6.28459,35.66052],[6.28516,35.66099],[6.28563,35.66133],[6.2858,35.66159],[6.28599,35.66169],[6.28649,35.66211],[6.2867,35.66227],[6.28681,35.66261],[6.28675,35.66291],[6.28645,35.66321],[6.2862,35.66353],[6.28613,35.66388],[6.28605,35.6641],[6.28577,35.6643],[6.28556,35.66473],[6.2855,35.66512],[6.28549,35.66545],[6.28536,35.66568],[6.28522,35.66579],[6.28529,35.66616],[6.28557,35.66712],[6.28577,35.66779],[6.28599,35.66813],[6.28608,35.66851],[6.28637,35.66874],[6.28673,35.66876],[6.287,35.66891],[6.28708,35.66906],[6.28685,35.66928],[6.28692,35.66977],[6.28693,35.66998],[6.28713,35.67023],[6.28748,35.67033],[6.28792,35.67049],[6.28791,35.67074],[6.28774,35.67108],[6.28767,35.67137],[6.28743,35.67162],[6.28728,35.6717],[6.28732,35.67186],[6.28735,35.67205],[6.28795,35.67211],[6.28845,35.6723],[6.28862,35.67242],[6.28861,35.67277],[6.28917,35.67301],[6.28957,35.67304],[6.28984,35.6732],[6.29016,35.67346],[6.29016,35.67377],[6.29002,35.67396],[6.29,35.67435],[6.28987,35.67454],[6.28992,35.67461],[6.2902,35.67468],[6.29036,35.67486],[6.29044,35.67494],[6.29073,35.67493],[6.29095,35.67501],[6.29114,35.67518],[6.29147,35.6752],[6.2917,35.67536],[6.29205,35.67554],[6.29226,35.67577],[6.29246,35.67594],[6.29263,35.67613],[6.29278,35.67629],[6.29324,35.67614],[6.29387,35.6759],[6.29423,35.67586],[6.29509,35.67587],[6.29575,35.67583],[6.29642,35.67579],[6.29668,35.67588],[6.2968,35.67615],[6.29672,35.67647],[6.29673,35.67748],[6.29674,35.67784],[6.2968,35.67806],[6.29689,35.67844],[6.29693,35.67858],[6.29715,35.67879],[6.2972,35.67894],[6.29727,35.67901],[6.29727,35.67913],[6.29737,35.67921],[6.29747,35.67944],[6.29771,35.67968],[6.29787,35.67979],[6.29811,35.67992],[6.29829,35.68009],[6.29833,35.68037],[6.29851,35.6808],[6.29882,35.68113],[6.29918,35.68133],[6.29937,35.6814],[6.29978,35.68173],[6.30004,35.682],[6.30018,35.68219],[6.30038,35.68238],[6.30055,35.68249],[6.30084,35.68267],[6.30114,35.68264],[6.3013,35.68251],[6.30146,35.68239],[6.30145,35.68228],[6.3018,35.68217],[6.30217,35.682],[6.30256,35.68195],[6.30292,35.68202],[6.30298,35.6822],[6.30302,35.6824],[6.30306,35.68257],[6.30335,35.68307],[6.30363,35.6833],[6.30384,35.68352],[6.30424,35.68371],[6.30454,35.68391],[6.30478,35.68399],[6.3051,35.68424],[6.30546,35.68446],[6.30571,35.68461],[6.30607,35.68476],[6.30629,35.68483],[6.30647,35.68492],[6.30654,35.68507],[6.30686,35.68525],[6.30706,35.68532],[6.30727,35.68519],[6.30752,35.68496],[6.30766,35.68497],[6.30784,35.68506],[6.30798,35.68514],[6.30851,35.68563],[6.30882,35.68583],[6.30897,35.68596],[6.30897,35.68623],[6.30892,35.68641],[6.30878,35.68652],[6.30885,35.68679],[6.30902,35.68703],[6.30935,35.68706],[6.30982,35.68708],[6.3101,35.6872],[6.31064,35.68724],[6.31097,35.68723],[6.31093,35.68706],[6.31045,35.68691],[6.31017,35.68687],[6.31015,35.6867],[6.30971,35.68669],[6.30942,35.68666],[6.30928,35.68652],[6.30917,35.6863],[6.30929,35.68604],[6.30959,35.68577],[6.30971,35.68546],[6.30984,35.68507],[6.31004,35.68479],[6.31022,35.68456],[6.31067,35.68441],[6.31094,35.68447],[6.31104,35.68483],[6.31095,35.68501],[6.31088,35.68514],[6.31078,35.68524],[6.31084,35.68562],[6.31101,35.68591],[6.31131,35.68615],[6.31147,35.68618],[6.31169,35.68632],[6.31177,35.68642],[6.31198,35.68641],[6.31251,35.68665],[6.31275,35.68673],[6.31276,35.68689],[6.31293,35.68704],[6.31312,35.68728],[6.31334,35.68759],[6.31333,35.68795],[6.31334,35.68835],[6.31348,35.68875],[6.31371,35.6889],[6.31409,35.68913],[6.31447,35.68934],[6.3147,35.68954],[6.31487,35.6898],[6.31495,35.69009],[6.31505,35.69028],[6.31525,35.69053],[6.31533,35.69085],[6.31523,35.69106],[6.315,35.69118],[6.31476,35.69119],[6.31438,35.69122],[6.31413,35.69125],[6.31385,35.69131],[6.31366,35.69139],[6.31319,35.69172],[6.313,35.69181],[6.31266,35.69178],[6.31241,35.69175],[6.31217,35.69169],[6.31199,35.69183],[6.31182,35.69183],[6.31162,35.69169],[6.31147,35.69147],[6.31128,35.69134],[6.3111,35.69115],[6.31091,35.69105],[6.31062,35.69103],[6.31035,35.69112],[6.31011,35.69115],[6.30986,35.69131],[6.30966,35.69142],[6.3096,35.69142],[6.30967,35.69121],[6.30978,35.6911],[6.30976,35.69099],[6.30991,35.69087],[6.30991,35.69074],[6.30982,35.69058],[6.3096,35.69047],[6.30942,35.69036],[6.30918,35.69038],[6.30889,35.69059],[6.30869,35.69082],[6.30849,35.6911],[6.30847,35.69136],[6.30846,35.69165],[6.30842,35.69188],[6.30824,35.69206],[6.30809,35.69221],[6.30783,35.69251],[6.30737,35.69292],[6.3072,35.69319],[6.30713,35.69355],[6.307,35.69409],[6.30693,35.69455],[6.3069,35.69479],[6.30683,35.69546],[6.30668,35.69568],[6.30657,35.69609],[6.3064,35.69626],[6.30618,35.69633],[6.30571,35.69634],[6.3054,35.69629],[6.30527,35.69618],[6.3049,35.69621],[6.30469,35.69614],[6.30446,35.69613],[6.3041,35.69619],[6.30371,35.69621],[6.30342,35.6963],[6.30312,35.69638],[6.30282,35.69644],[6.3025,35.69642],[6.30216,35.6964],[6.30193,35.69625],[6.30175,35.69612],[6.30154,35.69603],[6.30128,35.69607],[6.30116,35.69617],[6.30096,35.69617],[6.30074,35.69629],[6.30043,35.69638],[6.30025,35.69651],[6.30015,35.69667],[6.30011,35.69685],[6.30023,35.69699],[6.30049,35.69709],[6.3007,35.69714],[6.30084,35.69737],[6.30106,35.69751],[6.30117,35.69773],[6.30132,35.69792],[6.30137,35.69832],[6.30161,35.69867],[6.30179,35.69895],[6.30177,35.69953],[6.30183,35.69988],[6.30188,35.70025],[6.302,35.70045],[6.30207,35.7007],[6.30223,35.70088],[6.3026,35.7014],[6.30309,35.70187],[6.30346,35.70223],[6.30364,35.70226],[6.30375,35.70242],[6.30368,35.70276],[6.30344,35.70284],[6.30325,35.70299],[6.30312,35.70304],[6.30291,35.70303],[6.30262,35.70314],[6.30244,35.70315],[6.30214,35.7031],[6.30182,35.70304],[6.30151,35.70302],[6.30116,35.70298],[6.30094,35.70301]]]},{"type":"Point","coordinates":[6.07994,35.60747]}]}},{"type":"Feature","properties":{"Name":"Mekaydou"},"geometry":{"type":"Point","coordinates":[6.17972,35.66902]}},{"type":"Feature","properties":{"Name":"Ali Nmer"},"geometry":{"type":"Point","coordinates":[5.93517,35.60797]}},{"type":"Feature","properties":{"Name":"Ravin bleu"},"geometry":{"type":"Point","coordinates":[6.11453,35.59327]}},{"type":"Feature","properties":{"Name":"Lemsane"},"geometry":{"type":"Point","coordinates":[5.79533,35.6542]}},{"type":"Feature","properties":{"Name":"Sguen"},"geometry":{"type":"Point","coordinates":[6.10461,35.60206]}},{"type":"Feature","properties":{"Name":"Maison Forestière Oued Chaaba"},"geometry":{"type":"Point","coordinates":[6.00666,35.55464]}},{"type":"Feature","properties":{"Name":"Thniet El Gontos"},"geometry":{"type":"Point","coordinates":[5.99008,35.57428]}},{"type":"Feature","properties":{"Name":"Djebel Bordjem"},"geometry":{"type":"Point","coordinates":[6.01679,35.58981]}},{"type":"Feature","properties":{"Name":"Oum Rkha"},"geometry":{"type":"Point","coordinates":[5.95468,35.58327]}},{"type":"Feature","properties":{"Name":"Djebel Thichaou"},"geometry":{"type":"Point","coordinates":[5.97417,35.56712]}},{"type":"Feature","properties":{"Name":"Merouana"},"geometry":{"type":"Point","coordinates":[5.91585,35.63173]}},{"type":"Feature","properties":{"Name":"Nafla"},"geometry":{"type":"Point","coordinates":[5.92551,35.54178]}},{"type":"Feature","properties":{"Name":"Rhaouette"},"geometry":{"type":"Point","coordinates":[5.89894,35.49554]}},{"type":"Feature","properties":{"Name":"Hidoussa"},"geometry":{"type":"Point","coordinates":[5.89999,35.50022]}},{"type":"Feature","properties":{"Name":"Ghar Ouchettouh"},"geometry":{"type":"Point","coordinates":[5.76677,35.54331]}},{"type":"Feature","properties":{"Name":"Oued Tarchiouine"},"geometry":{"type":"Point","coordinates":[5.77318,35.53883]}},{"type":"Feature","properties":{"Name":"Taxlent"},"geometry":{"type":"Point","coordinates":[5.81685,35.61635]}},{"type":"Feature","properties":{"Name":"Tinibaouine"},"geometry":{"type":"Point","coordinates":[5.7371,35.58017]}},{"type":"Feature","properties":{"Name":"Ouled Si Slimane"},"geometry":{"type":"Point","coordinates":[5.66744,35.58587]}},{"type":"Feature","properties":{"Name":"Ksar Belezma"},"geometry":{"type":"Point","coordinates":[5.90359,35.67499]}},{"type":"Feature","properties":{"Name":"Oued El Ma"},"geometry":{"type":"Point","coordinates":[5.99575,35.64398]}},{"type":"Feature","properties":{"Name":"Djerma"},"geometry":{"type":"Point","coordinates":[6.31013,35.66207]}},{"type":"Feature","properties":{"Name":"Ngaoues"},"geometry":{"type":"Point","coordinates":[5.61156,35.55503]}},{"type":"Feature","properties":{"Name":"Tinezouagh"},"geometry":{"type":"Point","coordinates":[6.13502,35.64041]}},{"type":"Feature","properties":{"Name":"Djebel Mestaoua"},"geometry":{"type":"Point","coordinates":[6.02163,35.69471]}},{"type":"Feature","properties":{"Name":"Mechta Djerma"},"geometry":{"type":"Point","coordinates":[6.26674,35.68343]}},{"type":"Feature","properties":{"Name":"Zana El Beida"},"geometry":{"type":"Point","coordinates":[6.08469,35.77842]}},{"type":"Feature","properties":{"Name":"El Hassi"},"geometry":{"type":"Point","coordinates":[5.95211,35.77962]}},{"type":"Feature","properties":{"Name":"Seriana"},"geometry":{"type":"Point","coordinates":[6.18682,35.69156]}},{"type":"Feature","properties":{"Name":"Ain El Ksar"},"geometry":{"type":"Point","coordinates":[6.33344,35.7001]}},{"type":"Feature","properties":{"Name":"Ain Yagout"},"geometry":{"type":"Point","coordinates":[6.41578,35.78113]}},{"type":"Feature","properties":{"Name":"Timgad"},"geometry":{"type":"Point","coordinates":[6.46754,35.49516]}},{"type":"Feature","properties":{"Name":"Imedghacen"},"geometry":{"type":"Point","coordinates":[6.43553,35.70715]}},{"type":"Feature","properties":{"Name":"Ain Djasser"},"geometry":{"type":"Point","coordinates":[6.00443,35.8582]}},{"type":"Feature","properties":{"Name":"Boumia"},"geometry":{"type":"Point","coordinates":[6.45544,35.68835]}},{"type":"Feature","properties":{"Name":"Mechta Djebel Azem"},"geometry":{"type":"Point","coordinates":[6.46038,35.75005]}},{"type":"Feature","properties":{"Name":"Chemora"},"geometry":{"type":"Point","coordinates":[6.6469,35.66557]}},{"type":"Feature","properties":{"Name":"Ouyoune El Assafir"},"geometry":{"type":"Point","coordinates":[6.37922,35.52101]}},{"type":"Feature","properties":{"Name":"Barrage Kodiet El Mdouar"},"geometry":{"type":"Point","coordinates":[6.51956,35.52825]}},{"type":"Feature","properties":{"Name":"Batna"},"geometry":{"type":"Point","coordinates":[6.17201,35.54846]}},{"type":"Feature","properties":{"Name":"Tazoult"},"geometry":{"type":"Point","coordinates":[6.25762,35.48239]}},{"type":"Feature","properties":{"Name":"El Gassaa"},"geometry":{"type":"Point","coordinates":[6.1875,35.61513]}},{"type":"Feature","properties":{"Name":"Fesdis"},"geometry":{"type":"Point","coordinates":[6.24756,35.61771]}},{"type":"Feature","properties":{"Name":"Bouilef"},"geometry":{"type":"Point","coordinates":[6.21115,35.59329]}},{"type":"Feature","properties":{"Name":"Hamla"},"geometry":{"type":"Point","coordinates":[6.08347,35.55603]}},{"type":"Feature","properties":{"Name":"Kasserou"},"geometry":{"type":"Point","coordinates":[6.18047,35.62482]}},{"type":"Feature","properties":{"Name":"Chaabet Ouled Chlih"},"geometry":{"type":"Point","coordinates":[6.0012,35.52253]}},{"type":"Feature","properties":{"Name":"Aabdouss"},"geometry":{"type":"Point","coordinates":[6.0367,35.55063]}},{"type":"Feature","properties":{"Name":"Belkhez"},"geometry":{"type":"Point","coordinates":[6.22787,35.64305]}},{"type":"Feature","properties":{"Name":"Mines"},"geometry":{"type":"Point","coordinates":[6.13243,35.61562]}},{"type":"Feature","properties":{"Name":"Ain Kerrouch"},"geometry":{"type":"Point","coordinates":[6.05236,35.58013]}},{"type":"Feature","properties":{"Name":"Tizi Nselli"},"geometry":{"type":"Point","coordinates":[6.03673,35.57652]}},{"type":"Feature","properties":{"Name":"Djebel Refaa"},"geometry":{"type":"Point","coordinates":[5.8827,35.56643]}}]}