{"type":"FeatureCollection","features":[{"type":"Feature","properties":{},"geometry":{"type":"MultiLineString","coordinates":[[[5.95516,35.60588],[5.95613,35.60573],[5.95647,35.60563],[5.95709,35.6056],[5.95757,35.60546],[5.95815,35.60516],[5.95901,35.60522],[5.95944,35.605],[5.95999,35.60451],[5.9604,35.60367],[5.96039,35.60266],[5.96077,35.60127],[5.96161,35.60059],[5.96208,35.59947]],[[5.942,35.61367],[5.94192,35.61303],[5.94205,35.61251],[5.94252,35.61229],[5.94327,35.61216],[5.94376,35.6115],[5.94405,35.61058],[5.94428,35.61018],[5.94519,35.60959],[5.94571,35.60908],[5.9466,35.60898],[5.94742,35.60912],[5.94792,35.6091],[5.94825,35.60882],[5.94893,35.60885],[5.94994,35.60865],[5.95019,35.60819],[5.95062,35.60816],[5.9511,35.60798],[5.95177,35.60784],[5.95232,35.60731],[5.95285,35.60697],[5.95338,35.60691],[5.95368,35.60653],[5.95454,35.60632],[5.95516,35.60588]],[[5.95516,35.60588],[5.95614,35.60604],[5.95647,35.60605],[5.95709,35.6062],[5.95814,35.60636],[5.95844,35.60631],[5.95943,35.60631],[5.95972,35.60629],[5.96016,35.60609],[5.9603,35.6059],[5.96087,35.6057],[5.96109,35.60579],[5.96156,35.60564],[5.96202,35.60562],[5.96241,35.60579],[5.96317,35.60586],[5.96397,35.60567],[5.965,35.60551],[5.96657,35.60579],[5.967,35.60575],[5.96788,35.60585],[5.96834,35.60608],[5.96927,35.60669],[5.96955,35.60705]],[[5.96333,35.60592],[5.96337,35.6059],[5.96365,35.60615],[5.96412,35.60683],[5.96438,35.60689],[5.96501,35.60688],[5.9656,35.607],[5.96602,35.60726],[5.96633,35.60764],[5.96672,35.60792],[5.967,35.6082],[5.96743,35.6084],[5.96765,35.60846],[5.96818,35.60841],[5.969,35.60865],[5.96929,35.60866]],[[5.96629,35.60974],[5.96613,35.60949],[5.96478,35.60871],[5.9636,35.6083],[5.96298,35.60831],[5.96252,35.60814],[5.96202,35.60826],[5.96097,35.60831],[5.95967,35.60866],[5.95937,35.6087],[5.95884,35.60866],[5.9585,35.6089],[5.95807,35.60899],[5.95767,35.60925],[5.95715,35.60978],[5.95704,35.61018],[5.95585,35.61101]],[[5.96882,35.61169],[5.96826,35.61157],[5.96724,35.61154],[5.96659,35.61142],[5.96584,35.61118],[5.96545,35.61088],[5.96503,35.61065],[5.96468,35.61032],[5.96386,35.61019],[5.96271,35.61022],[5.96191,35.61041],[5.96146,35.61018],[5.96102,35.61025],[5.96063,35.61019],[5.96049,35.61037],[5.96016,35.61045],[5.95889,35.61095],[5.95858,35.61122],[5.95785,35.6113],[5.95735,35.61148]],[[5.95265,35.61282],[5.95252,35.61281],[5.95242,35.61273],[5.95176,35.61277],[5.95134,35.6127],[5.95095,35.6124],[5.9505,35.61217],[5.95024,35.61197]],[[5.94531,35.61393],[5.94572,35.61339],[5.94594,35.61325],[5.94645,35.61309],[5.9469,35.6126],[5.94875,35.61163],[5.94926,35.61144],[5.94989,35.61175],[5.95024,35.61197]],[[5.95838,35.61301],[5.95845,35.61299],[5.95808,35.61306],[5.95769,35.61292],[5.95736,35.61293],[5.95733,35.61277],[5.95694,35.61265],[5.95634,35.61285],[5.95578,35.61295],[5.95481,35.61322],[5.95389,35.61322],[5.9534,35.61316],[5.95265,35.61284]],[[5.91842,35.64521],[5.91814,35.64429],[5.91834,35.64357],[5.91783,35.64309],[5.91723,35.64279],[5.91612,35.64188],[5.91603,35.6406],[5.91616,35.63999],[5.91646,35.63965],[5.91732,35.63953],[5.91754,35.6393],[5.91702,35.63815],[5.91705,35.63739],[5.91724,35.63603],[5.91686,35.63578],[5.9167,35.63523],[5.917,35.6348],[5.91675,35.63389],[5.91741,35.63262],[5.9177,35.63161],[5.91739,35.63114],[5.91739,35.63026],[5.91673,35.62993],[5.916,35.62938],[5.91512,35.62808],[5.91453,35.62684],[5.9148,35.62623],[5.91481,35.62586],[5.91461,35.62454],[5.91531,35.624],[5.91542,35.62299],[5.91606,35.62213],[5.91667,35.62121],[5.91767,35.62104],[5.91834,35.62041],[5.91946,35.62],[5.92068,35.61992],[5.92296,35.61916],[5.92343,35.61801],[5.92496,35.61711],[5.92635,35.61721],[5.9276,35.61709],[5.92794,35.61675],[5.92933,35.61667],[5.92992,35.61619],[5.93057,35.61589],[5.93147,35.61483],[5.93207,35.61497],[5.93268,35.61483],[5.93313,35.61514],[5.93382,35.61492],[5.93457,35.61485],[5.9353,35.61449],[5.93609,35.61434],[5.93773,35.61447],[5.93798,35.61442],[5.9389,35.61464],[5.93979,35.61472],[5.94011,35.61462],[5.94059,35.61416],[5.94139,35.61377],[5.942,35.61367]],[[5.942,35.61367],[5.94262,35.61337],[5.94315,35.61356],[5.94358,35.6136],[5.94376,35.61354],[5.94428,35.61376],[5.94531,35.61393]],[[5.95893,35.61936],[5.95863,35.6194],[5.95771,35.61852],[5.95727,35.61786],[5.95665,35.61782],[5.95617,35.61744],[5.95532,35.61614],[5.95408,35.61509],[5.95364,35.61452],[5.95243,35.61435],[5.95118,35.61429],[5.94968,35.61451],[5.94871,35.61448],[5.94734,35.61404],[5.94637,35.61413],[5.94531,35.61393]],[[5.95024,35.61197],[5.95061,35.61182],[5.95172,35.61206],[5.95245,35.612],[5.95268,35.61195],[5.95369,35.61158],[5.95415,35.61148],[5.95489,35.61118],[5.95556,35.61098],[5.95709,35.61131],[5.95741,35.61159],[5.95783,35.61184],[5.95869,35.61194],[5.95937,35.6121],[5.96141,35.61236],[5.96207,35.6123],[5.96269,35.61232],[5.96326,35.61222],[5.96405,35.61227],[5.96477,35.61242],[5.96526,35.61246],[5.96535,35.61268],[5.96564,35.61277],[5.96579,35.61323],[5.96598,35.6135],[5.96577,35.61371],[5.96589,35.61404],[5.96575,35.61444],[5.9662,35.61472],[5.96648,35.61497],[5.96664,35.61519],[5.96719,35.61552],[5.96777,35.61581],[5.96833,35.61588],[5.96842,35.61599]],[[5.95893,35.61936],[5.95946,35.61937],[5.96029,35.61923],[5.96119,35.61893],[5.96156,35.6187],[5.96203,35.61852],[5.96227,35.61831],[5.96238,35.61804]],[[5.9589,35.61933],[5.95893,35.61936]],[[5.96632,35.61857],[5.96638,35.61857],[5.96578,35.61867],[5.96464,35.61918],[5.96385,35.61921],[5.96352,35.61931],[5.96282,35.61932],[5.96242,35.61947],[5.96189,35.61948],[5.96115,35.6199],[5.96029,35.61998],[5.95954,35.61977],[5.95908,35.61971],[5.95893,35.61936]]]}},{"type":"Feature","properties":{},"geometry":{"type":"MultiLineString","coordinates":[[[5.95887,35.58069],[5.95903,35.58036],[5.9593,35.58013],[5.95968,35.58004],[5.96033,35.57996],[5.96092,35.58],[5.96145,35.57997],[5.96177,35.57985],[5.96255,35.58016],[5.96309,35.58003],[5.96353,35.57983],[5.9639,35.57945],[5.96358,35.57861],[5.96364,35.57786],[5.96297,35.57696],[5.96193,35.57636],[5.96146,35.57584],[5.96048,35.57517],[5.95961,35.57429],[5.95907,35.57367],[5.9585,35.57335],[5.95778,35.57307],[5.95728,35.57296],[5.95679,35.57275],[5.95628,35.57236],[5.95519,35.57168],[5.95485,35.57124],[5.95451,35.57095],[5.95359,35.5704],[5.95308,35.56998],[5.95314,35.56921],[5.95333,35.56874],[5.95341,35.56838],[5.95384,35.56767],[5.95394,35.56667],[5.95416,35.56641],[5.95432,35.566],[5.95446,35.56536],[5.95445,35.56495],[5.95469,35.56479],[5.95508,35.56442],[5.95527,35.56411]],[[5.96958,35.56104],[5.96927,35.56154],[5.96893,35.56192],[5.96891,35.56251],[5.9684,35.56358],[5.96823,35.56415],[5.96781,35.56457],[5.96776,35.565],[5.96801,35.56539],[5.96805,35.5658],[5.96826,35.56622]],[[5.97124,35.56147],[5.97114,35.56171],[5.97099,35.5619],[5.97074,35.56294],[5.97021,35.56375],[5.96987,35.56441],[5.96918,35.56537],[5.96826,35.56622]],[[5.96826,35.56622],[5.96824,35.56624]],[[5.97134,35.5649],[5.97122,35.56516],[5.97058,35.56577],[5.96991,35.56625],[5.96957,35.56677],[5.96884,35.56747],[5.96829,35.56815]],[[5.97459,35.56661],[5.97369,35.56719],[5.9735,35.56752],[5.97326,35.5678],[5.9728,35.56815],[5.97246,35.56869],[5.97209,35.56916],[5.97128,35.56969],[5.96986,35.5709],[5.96941,35.57108],[5.96876,35.57126],[5.96768,35.57178]],[[5.98483,35.57044],[5.98346,35.57103],[5.98274,35.57156],[5.982,35.57248],[5.98146,35.5729],[5.98104,35.57312],[5.98036,35.57328],[5.97997,35.57353],[5.97948,35.57397]],[[5.96501,35.5704],[5.96491,35.57128],[5.96492,35.57181],[5.96513,35.57335],[5.96556,35.57369],[5.96588,35.5743]],[[5.9795,35.56961],[5.97931,35.56994],[5.97927,35.57025],[5.9794,35.57071],[5.97956,35.57107],[5.97972,35.5722],[5.97941,35.57265],[5.97931,35.57313],[5.97934,35.57375],[5.97942,35.57409],[5.97933,35.57495]],[[5.97632,35.56917],[5.97592,35.56966],[5.97563,35.57011],[5.97553,35.57057],[5.97534,35.57104],[5.97529,35.57149],[5.97542,35.57183],[5.97499,35.57252],[5.9748,35.57292],[5.97514,35.57317],[5.97509,35.5736],[5.97476,35.57381],[5.97466,35.57421],[5.9747,35.5746],[5.97469,35.57503],[5.97444,35.57531],[5.97416,35.5759],[5.97426,35.57633]],[[5.98893,35.57241],[5.98851,35.57252],[5.98827,35.57263],[5.98715,35.57292],[5.98572,35.57339],[5.98455,35.57398],[5.98385,35.57411],[5.98313,35.57433],[5.98133,35.57474],[5.98083,35.5748],[5.98026,35.57502],[5.97982,35.57511],[5.97926,35.57505],[5.9787,35.57529],[5.97845,35.57565],[5.97808,35.57597],[5.97659,35.57661],[5.97539,35.5766],[5.97422,35.57643],[5.97381,35.57659],[5.97346,35.57722],[5.97316,35.5775],[5.97268,35.57761],[5.97217,35.57801]],[[5.97996,35.58077],[5.98125,35.57991],[5.9818,35.57949],[5.9821,35.57919],[5.98273,35.57878],[5.98363,35.57832]],[[5.96826,35.56622],[5.96839,35.56696],[5.96831,35.56751],[5.96815,35.56789],[5.96814,35.56829],[5.96835,35.56883],[5.9685,35.56945],[5.96843,35.56979],[5.96786,35.5709],[5.96769,35.57145],[5.96745,35.57178],[5.96678,35.57313],[5.96654,35.57338],[5.96644,35.57369],[5.96618,35.57417],[5.96579,35.57444],[5.96546,35.57479],[5.96566,35.57629],[5.96517,35.57694],[5.9648,35.57727],[5.96479,35.57763],[5.96497,35.57821],[5.96463,35.5787],[5.96427,35.57903]],[[5.98833,35.58606],[5.98851,35.58592],[5.98871,35.58516],[5.9889,35.58471],[5.98885,35.58377],[5.9887,35.58317],[5.98867,35.5824],[5.98804,35.58207],[5.98758,35.58177],[5.98706,35.58154],[5.98653,35.58151],[5.98549,35.58177],[5.98488,35.58185],[5.98417,35.58183],[5.98275,35.58211],[5.98213,35.58156],[5.98158,35.58131],[5.98119,35.58156],[5.9799,35.58086],[5.9796,35.58105],[5.9793,35.58113],[5.97804,35.58101],[5.97747,35.58051],[5.97695,35.5805],[5.97583,35.5797],[5.97538,35.58],[5.97504,35.57973],[5.975,35.5793],[5.97457,35.57903],[5.97419,35.57885],[5.97305,35.57875],[5.97285,35.5785],[5.97243,35.57816],[5.97202,35.57803],[5.9714,35.57816],[5.97036,35.57858],[5.96918,35.57858],[5.96894,35.57876],[5.96854,35.57868],[5.96731,35.57927],[5.96693,35.57936],[5.96596,35.57922],[5.96558,35.57926],[5.96519,35.57946],[5.96505,35.57929],[5.96462,35.57913],[5.96394,35.57931]],[[5.96624,35.58128],[5.96609,35.58128],[5.96562,35.58043],[5.96534,35.58023],[5.96489,35.57967],[5.96448,35.57966],[5.96404,35.57958]],[[5.96329,35.58234],[5.96327,35.58214],[5.96302,35.58187],[5.96294,35.58161],[5.96295,35.5813],[5.96276,35.58096],[5.96249,35.58026]],[[5.95588,35.58196],[5.95698,35.58183],[5.95731,35.58153],[5.95881,35.58099],[5.95887,35.58069]],[[5.96171,35.58393],[5.96171,35.58378],[5.96139,35.58308],[5.96137,35.58274],[5.96104,35.58228],[5.96078,35.58203],[5.96044,35.58183],[5.95983,35.5816],[5.95952,35.58136],[5.95887,35.58069]],[[5.97012,35.58498],[5.9698,35.58487],[5.96926,35.5844],[5.96894,35.58435],[5.96821,35.58433],[5.96806,35.58425],[5.96792,35.58411],[5.9675,35.58211],[5.96734,35.58158],[5.96685,35.5813],[5.96624,35.58128]],[[5.94947,35.58498],[5.95026,35.58467],[5.95333,35.58434],[5.95372,35.58411],[5.95439,35.58399],[5.95483,35.58353],[5.9547,35.58317],[5.95484,35.58263],[5.95547,35.58202],[5.95588,35.58196]],[[5.95588,35.58196],[5.95592,35.58217],[5.95618,35.58254],[5.95741,35.58308],[5.9577,35.58341],[5.95823,35.58357],[5.95879,35.58394]],[[5.96823,35.58438],[5.96864,35.58513],[5.96898,35.58545]],[[5.94278,35.59071],[5.94337,35.59011],[5.9437,35.58967],[5.94387,35.58921],[5.94457,35.5886],[5.94505,35.58799],[5.94523,35.58801],[5.94562,35.58791],[5.94631,35.58736],[5.94659,35.587],[5.94712,35.58665],[5.94723,35.58644],[5.94729,35.58611],[5.94738,35.5859],[5.94772,35.58579],[5.94763,35.58548],[5.94778,35.58532],[5.94831,35.5853],[5.94858,35.58504],[5.94947,35.58498]],[[5.96624,35.58128],[5.96645,35.58149],[5.96668,35.58248],[5.9667,35.58329],[5.96637,35.58422],[5.96595,35.58458],[5.96616,35.58557],[5.96591,35.58648]],[[5.94947,35.58498],[5.94975,35.58504],[5.95003,35.58518],[5.95072,35.58606],[5.95092,35.58617],[5.95111,35.58643],[5.95138,35.58667],[5.95166,35.587],[5.9523,35.58739],[5.95264,35.58767],[5.95342,35.58805],[5.95452,35.58817],[5.95471,35.58828],[5.95483,35.58852]],[[5.9386,35.59535],[5.93906,35.5954],[5.94034,35.59534],[5.9422,35.59549],[5.94251,35.59538],[5.94304,35.59546],[5.94355,35.5954],[5.94387,35.59555],[5.944,35.59552],[5.94451,35.59559],[5.94481,35.5957],[5.94516,35.5957],[5.94614,35.59541]],[[5.94266,35.59075],[5.94269,35.59117],[5.94251,35.59142],[5.94232,35.59179],[5.94208,35.59235],[5.94205,35.59251],[5.94089,35.59289],[5.94062,35.59308],[5.94065,35.59337],[5.94053,35.59364],[5.94014,35.594],[5.93983,35.59414],[5.93963,35.5943],[5.93948,35.59463],[5.93923,35.5949],[5.93894,35.59489],[5.93867,35.59508],[5.93853,35.59545],[5.93767,35.59608],[5.93743,35.59649],[5.93752,35.5971]],[[5.94191,35.59914],[5.94202,35.59914],[5.94277,35.59907],[5.9431,35.59899],[5.94409,35.5989]],[[5.94189,35.59914],[5.94191,35.59914]],[[5.94205,35.59758],[5.94234,35.59753],[5.94331,35.59754],[5.94346,35.59777],[5.94329,35.59804],[5.94291,35.5983],[5.94191,35.59914]],[[5.94191,35.59914],[5.94135,35.59932],[5.9407,35.59964],[5.94051,35.60003],[5.94025,35.60041],[5.93968,35.6011]],[[5.95276,35.59558],[5.95246,35.59583],[5.95236,35.59624],[5.95095,35.59757],[5.95004,35.59816],[5.94978,35.59822],[5.94767,35.59984],[5.94722,35.6001],[5.9463,35.6004],[5.94578,35.6008],[5.94559,35.60056],[5.94485,35.60038],[5.9441,35.6004],[5.94358,35.60033],[5.94307,35.60037],[5.94184,35.60027],[5.94127,35.60032],[5.94084,35.60046],[5.94033,35.60079],[5.93968,35.6011]],[[5.93968,35.6011],[5.93963,35.60113]],[[5.93968,35.6011],[5.93915,35.60156],[5.93883,35.60195]]]}},{"type":"Feature","properties":{},"geometry":{"type":"MultiLineString","coordinates":[[[5.93466,35.58294],[5.93467,35.58294]],[[5.93271,35.58179],[5.93303,35.58203],[5.9337,35.5823],[5.93413,35.58253],[5.93452,35.58277],[5.93466,35.58294]],[[5.93242,35.58309],[5.93411,35.58312],[5.93466,35.58294]],[[5.93386,35.5845],[5.93432,35.58465],[5.93587,35.58487],[5.93637,35.58512],[5.93662,35.58539]],[[5.93448,35.58563],[5.93486,35.58549],[5.93526,35.58543],[5.93759,35.58545]],[[5.93466,35.58294],[5.93545,35.58328],[5.93659,35.58397],[5.93697,35.58436],[5.93733,35.58523],[5.938,35.58557],[5.939,35.58599],[5.93945,35.58624],[5.93986,35.58655],[5.94017,35.58692],[5.94041,35.58754],[5.94071,35.58785],[5.94131,35.58834],[5.94144,35.58897],[5.9421,35.58992],[5.9422,35.59019],[5.9425,35.59047],[5.94266,35.59075]]]}},{"type":"Feature","properties":{},"geometry":{"type":"MultiLineString","coordinates":[[[5.93874,35.57799],[5.93861,35.57779],[5.93871,35.57738],[5.93861,35.577],[5.93843,35.57664],[5.93847,35.5761],[5.93835,35.57582],[5.93818,35.57562],[5.93842,35.57522],[5.93852,35.57493],[5.93849,35.57439],[5.9383,35.57413],[5.93839,35.57365],[5.93835,35.57343],[5.93841,35.57315],[5.93838,35.57284],[5.93821,35.57269],[5.93817,35.57246],[5.93824,35.57223],[5.93826,35.5712],[5.93837,35.57063],[5.93857,35.57055],[5.93873,35.57055],[5.93908,35.56991],[5.93961,35.5694],[5.93984,35.56894],[5.94021,35.56852],[5.94045,35.56817],[5.94074,35.56801],[5.94123,35.56786],[5.94151,35.56749],[5.94232,35.5669],[5.94337,35.56598],[5.94362,35.56569],[5.94451,35.56496],[5.94489,35.56476],[5.94547,35.564],[5.94573,35.56352],[5.94622,35.56279]],[[5.93595,35.57186],[5.93599,35.57195],[5.93648,35.57231],[5.93813,35.57233]],[[5.9345,35.57454],[5.93478,35.5748],[5.93497,35.57491],[5.93561,35.57505],[5.93587,35.57517],[5.93692,35.57527],[5.93727,35.5754],[5.9377,35.57566],[5.93788,35.57592],[5.93801,35.57657],[5.93802,35.57688],[5.93818,35.57744],[5.93857,35.57763]],[[5.93482,35.57829],[5.93551,35.57827],[5.9369,35.57794],[5.9372,35.57779]],[[5.93874,35.57799],[5.9388,35.57797]],[[5.93374,35.57738],[5.93398,35.57746],[5.93529,35.57753],[5.93667,35.57772],[5.93766,35.57778],[5.93851,35.57804],[5.93874,35.57799]],[[5.94274,35.58367],[5.94231,35.58335],[5.94168,35.5831],[5.94051,35.58199],[5.94019,35.58186],[5.93998,35.58149],[5.9401,35.58117],[5.94017,35.58049],[5.93996,35.57978],[5.93976,35.57931],[5.9394,35.57892],[5.9393,35.57872],[5.93894,35.57836],[5.93874,35.57799]],[[5.94487,35.57504],[5.94358,35.57599],[5.94327,35.57617],[5.94298,35.57661],[5.94269,35.57678],[5.94239,35.57713],[5.94203,35.57743],[5.94182,35.57771],[5.94159,35.5779],[5.94096,35.579],[5.94068,35.57923],[5.94037,35.57936],[5.93989,35.57942]],[[5.93535,35.58062],[5.93557,35.58075],[5.93699,35.58079],[5.93778,35.58099],[5.93858,35.58135],[5.93902,35.58136],[5.93952,35.5815],[5.93991,35.58154]],[[5.94272,35.58366],[5.94293,35.58383],[5.94386,35.58427],[5.94418,35.58453],[5.94459,35.58475],[5.945,35.58483],[5.94538,35.58538],[5.94542,35.58601],[5.94554,35.58638],[5.94542,35.58661],[5.94548,35.58733],[5.94529,35.58768],[5.94505,35.58799]]]}},{"type":"Feature","properties":{},"geometry":{"type":"MultiLineString","coordinates":[[[5.96158,35.55084],[5.96162,35.55087],[5.96108,35.54993],[5.96063,35.54943],[5.96002,35.54895],[5.95948,35.54816],[5.9594,35.54788],[5.9594,35.54693],[5.95931,35.54607],[5.95914,35.54563],[5.95887,35.54524],[5.95856,35.54497],[5.95836,35.54456],[5.95868,35.54433],[5.95935,35.54342],[5.95989,35.54233],[5.96028,35.54118],[5.96106,35.53963],[5.96146,35.53926],[5.96187,35.53906],[5.96239,35.53869],[5.96278,35.53849],[5.96308,35.53798],[5.96369,35.53769],[5.96415,35.53724],[5.96408,35.53652],[5.9639,35.53615],[5.96376,35.53568],[5.96287,35.53502],[5.96253,35.53488],[5.96204,35.53474],[5.96118,35.53477],[5.96016,35.53441],[5.95866,35.53409],[5.95815,35.53418],[5.95791,35.53386],[5.95773,35.5337],[5.95682,35.53353],[5.95639,35.53328],[5.95591,35.53343],[5.95551,35.53331],[5.95499,35.53276],[5.95393,35.53263],[5.95317,35.53269],[5.95282,35.53281],[5.95227,35.53246],[5.9518,35.53237],[5.95146,35.53205],[5.95096,35.53111],[5.95066,35.53077],[5.94979,35.53039],[5.94959,35.53],[5.94934,35.52914],[5.94865,35.52907],[5.94834,35.52878],[5.94821,35.52821],[5.94787,35.52784],[5.94764,35.5274],[5.94671,35.52702],[5.94605,35.52695],[5.94571,35.52679],[5.94531,35.52652],[5.94533,35.52608],[5.94437,35.52557],[5.9441,35.52528],[5.94405,35.52497],[5.94361,35.52493],[5.94329,35.52508],[5.94279,35.52481],[5.94188,35.52411],[5.94145,35.52387],[5.94123,35.52361],[5.94122,35.52325],[5.94062,35.5231],[5.94007,35.52288],[5.93887,35.52201],[5.93881,35.5219],[5.93831,35.52186],[5.93783,35.52136],[5.93727,35.52106],[5.93606,35.5207],[5.93578,35.52049],[5.93461,35.52056]],[[5.93947,35.53371],[5.93901,35.53328],[5.93858,35.53304],[5.93821,35.53275],[5.93669,35.53217],[5.93563,35.53201],[5.93454,35.53152],[5.93392,35.53143],[5.93349,35.53113],[5.93311,35.53025],[5.93284,35.52991]],[[5.9395,35.5412],[5.93882,35.54069],[5.93821,35.54031],[5.93784,35.53997],[5.93706,35.53895],[5.93653,35.53811],[5.93631,35.5379],[5.93577,35.53652],[5.93566,35.53608],[5.93542,35.53569],[5.9352,35.53504],[5.93489,35.53477],[5.935,35.53444],[5.93453,35.53422],[5.9341,35.53393],[5.9338,35.53359],[5.93276,35.53274],[5.93225,35.53216]],[[5.93186,35.5384],[5.93158,35.53809],[5.93129,35.53756],[5.93104,35.53668],[5.93003,35.53581],[5.9297,35.53539],[5.92972,35.53498],[5.92966,35.53413]],[[5.93107,35.53666],[5.93153,35.53695],[5.93211,35.53743],[5.93242,35.53775]],[[5.93624,35.53738],[5.93664,35.53749],[5.93835,35.53828]],[[5.9533,35.55424],[5.9535,35.55385],[5.95379,35.55368],[5.95457,35.55301],[5.95478,35.55263],[5.95496,35.55204],[5.95504,35.55147],[5.95512,35.55034],[5.95529,35.54988],[5.95555,35.54889],[5.95592,35.54812],[5.95641,35.54778],[5.95667,35.54742],[5.95679,35.54676],[5.95681,35.54629],[5.95692,35.54596],[5.95712,35.54574],[5.9577,35.54536],[5.95793,35.54501],[5.95826,35.54463]],[[5.92593,35.54016],[5.92582,35.54056],[5.92589,35.54121],[5.9261,35.5416],[5.92671,35.54195],[5.92762,35.54213],[5.93023,35.54212],[5.93086,35.54226],[5.93135,35.54251],[5.93211,35.54253],[5.93273,35.54275],[5.93329,35.54284],[5.9338,35.54285],[5.93401,35.54299],[5.93419,35.54333],[5.93455,35.54362],[5.93477,35.54386],[5.93569,35.54432],[5.9359,35.54458],[5.93621,35.54482],[5.93663,35.54529],[5.93758,35.54511],[5.93793,35.54522],[5.93846,35.54531],[5.93882,35.54563],[5.93935,35.54588],[5.93982,35.54589],[5.94071,35.54573],[5.94099,35.54579],[5.94155,35.54604]]]}},{"type":"Feature","properties":{},"geometry":{"type":"MultiLineString","coordinates":[[[5.97322,35.53036],[5.97418,35.53008],[5.97537,35.52939],[5.9757,35.52883],[5.97603,35.52843],[5.97615,35.52791],[5.97612,35.52699],[5.97632,35.52661],[5.97688,35.52603],[5.97731,35.52545],[5.97773,35.52505],[5.97807,35.52444],[5.97833,35.52418],[5.97875,35.52389],[5.97899,35.52351],[5.97947,35.52326],[5.97985,35.52314],[5.98021,35.52284],[5.98038,35.52256],[5.98049,35.52218],[5.98102,35.52142],[5.98111,35.52068]],[[5.96912,35.53561],[5.96977,35.53496],[5.97003,35.53476],[5.97064,35.53444],[5.9711,35.53409],[5.97237,35.53361],[5.97336,35.53343],[5.97449,35.53338],[5.9749,35.53344],[5.97525,35.5334],[5.97575,35.53341],[5.97644,35.53364],[5.97707,35.53357],[5.97764,35.53338],[5.97781,35.5331],[5.97885,35.53236],[5.97948,35.53235],[5.9801,35.53247],[5.98102,35.53228],[5.98135,35.53183],[5.98137,35.53139],[5.98156,35.53037],[5.98247,35.52964],[5.9836,35.52898],[5.98418,35.52873],[5.98441,35.52838],[5.98448,35.52815],[5.9853,35.52719],[5.98535,35.52678],[5.98568,35.52645],[5.98585,35.52615],[5.98583,35.52569],[5.98659,35.52478],[5.98708,35.52433],[5.98712,35.52402],[5.98793,35.5235],[5.98817,35.52304],[5.98846,35.52269],[5.98881,35.52259],[5.98918,35.52214],[5.98983,35.52154]],[[6.00224,35.51493],[6.00151,35.51573],[6.00059,35.51614],[6.00038,35.51675],[5.99921,35.5175],[5.99832,35.51837],[5.99667,35.51942],[5.99626,35.52015],[5.99504,35.52093],[5.99399,35.52131],[5.99308,35.52126],[5.99268,35.52115],[5.99236,35.52114],[5.99211,35.52118],[5.9913,35.52176],[5.99087,35.52162],[5.9905,35.52125],[5.98993,35.52126],[5.98921,35.52137],[5.98811,35.52126],[5.98758,35.52115],[5.98644,35.52042],[5.98603,35.52041],[5.98559,35.52048],[5.98512,35.52024],[5.98324,35.52014],[5.98296,35.51995],[5.98246,35.51996],[5.98221,35.51991],[5.98183,35.51995],[5.98125,35.52029],[5.98066,35.52087],[5.98039,35.52068],[5.97989,35.52049],[5.97948,35.52046],[5.9791,35.5206],[5.97876,35.52041],[5.97822,35.5205],[5.97761,35.52074],[5.97641,35.52095],[5.97561,35.52126],[5.97425,35.52153],[5.97395,35.52176],[5.9728,35.52227],[5.97216,35.52249],[5.97185,35.52235],[5.97101,35.5223],[5.97073,35.52209],[5.96993,35.52163],[5.9693,35.52167],[5.96882,35.52189],[5.96836,35.52226],[5.96835,35.5226],[5.96846,35.52288],[5.96823,35.52334],[5.96866,35.5243],[5.96894,35.52518],[5.9678,35.52626],[5.96789,35.52642],[5.96786,35.52722],[5.96778,35.52778],[5.96672,35.53004]],[[5.97201,35.54415],[5.97233,35.54401],[5.97301,35.54356],[5.97418,35.54266],[5.97466,35.54237],[5.97601,35.54165],[5.97716,35.54119],[5.97759,35.54072],[5.97776,35.54039],[5.97786,35.54003],[5.97807,35.53877],[5.97813,35.53795],[5.97794,35.53728],[5.97811,35.53684],[5.97907,35.53563],[5.97924,35.5353],[5.97944,35.53507],[5.97948,35.53479],[5.97988,35.53421],[5.98033,35.53384],[5.9806,35.53348],[5.98104,35.53272],[5.98121,35.53224]],[[5.97027,35.53276],[5.97051,35.53297],[5.97098,35.53298],[5.97151,35.5331],[5.97195,35.53314],[5.97295,35.53339]],[[5.96817,35.53412],[5.96973,35.53434],[5.97065,35.53436]],[[5.96536,35.54424],[5.96607,35.54393],[5.9663,35.54355],[5.96678,35.54333],[5.96714,35.54303],[5.96715,35.54274],[5.96695,35.54223],[5.96697,35.54163],[5.96689,35.54119],[5.96695,35.54065],[5.96751,35.53979],[5.96866,35.53931],[5.96927,35.53922],[5.97032,35.53889],[5.9712,35.53881],[5.9718,35.53885],[5.97239,35.53896],[5.97289,35.53921],[5.97339,35.53932],[5.9744,35.53912],[5.97469,35.53895],[5.97501,35.53885],[5.97567,35.53892],[5.97681,35.53866],[5.9774,35.53822],[5.97764,35.53773],[5.97793,35.53738]],[[5.97061,35.54278],[5.971,35.54251],[5.97156,35.54175],[5.97158,35.54134],[5.97181,35.54109],[5.97198,35.5407],[5.97225,35.5403],[5.97251,35.54005],[5.97285,35.53931]]]}},{"type":"Feature","properties":{},"geometry":{"type":"MultiLineString","coordinates":[[[5.99921,35.58167],[5.99935,35.58123],[5.9994,35.58064],[5.99939,35.57918],[5.99982,35.5771],[5.99976,35.57599],[5.9996,35.5754],[5.99959,35.57478],[5.99964,35.57434],[5.99981,35.57381],[6.00024,35.5734],[6.00054,35.57297],[6.001,35.5725],[6.00143,35.57176],[6.00163,35.57151],[6.00199,35.57126],[6.00201,35.57062],[6.00234,35.57032],[6.00294,35.56941],[6.003,35.56876],[6.0032,35.56838],[6.00362,35.56808],[6.00463,35.56788],[6.0049,35.5676],[6.00535,35.56735],[6.0058,35.56701],[6.00681,35.56603],[6.00732,35.56524],[6.00774,35.56489],[6.00816,35.56462],[6.00854,35.56445],[6.00904,35.56459],[6.00941,35.56483],[6.00952,35.56437],[6.00972,35.56422],[6.01071,35.56368],[6.01122,35.56351],[6.01152,35.56333]],[[5.99085,35.55244],[5.99205,35.553],[5.9924,35.55303],[5.99313,35.55289],[5.99385,35.55291],[5.99562,35.5528],[5.99647,35.55285],[5.99747,35.55298],[5.99856,35.55251],[5.99892,35.55224],[5.9993,35.5521],[6.00117,35.55183],[6.0018,35.55185],[6.00237,35.55176],[6.00282,35.55146],[6.00402,35.55149],[6.00492,35.55085]],[[5.97323,35.54931],[5.97319,35.54961],[5.97341,35.54972],[5.97352,35.54996],[5.97419,35.55059],[5.9745,35.55073]],[[5.96968,35.55171],[5.96965,35.55171],[5.97054,35.5513],[5.97124,35.55121],[5.97165,35.55122]],[[5.98337,35.55533],[5.98329,35.55502],[5.98345,35.55412],[5.98359,35.55376],[5.98385,35.55346],[5.98424,35.55319],[5.98443,35.55296],[5.98447,35.55273],[5.98461,35.55258],[5.98529,35.55211],[5.98599,35.55171]],[[5.97459,35.54852],[5.97461,35.5486],[5.97504,35.54899],[5.97522,35.54931],[5.97502,35.54948],[5.97492,35.54968],[5.97477,35.55043],[5.9746,35.55071],[5.97452,35.55114],[5.97467,35.55135],[5.97512,35.55151]],[[5.9659,35.55826],[5.96662,35.55751],[5.96744,35.55686],[5.96843,35.55644],[5.96943,35.55572],[5.97052,35.55454],[5.97108,35.55368],[5.97138,35.55333],[5.97186,35.55306],[5.97268,35.55228],[5.97319,35.55201],[5.97377,35.55184],[5.97504,35.55159],[5.97512,35.55151]],[[5.97512,35.55151],[5.97513,35.55152]],[[5.96881,35.54979],[5.96927,35.54995],[5.96986,35.55025],[5.97032,35.55062],[5.97112,35.55098],[5.97156,35.55107],[5.97208,35.55139],[5.97267,35.55158],[5.97368,35.55153],[5.97422,35.5516]],[[5.98996,35.54926],[5.99027,35.54948],[5.99044,35.54976],[5.99058,35.55026],[5.99076,35.55129],[5.99085,35.55244]],[[5.97512,35.55151],[5.97513,35.55149],[5.97554,35.5516],[5.97613,35.55182],[5.97716,35.55195],[5.97858,35.55194],[5.97913,35.55175],[5.97954,35.5517],[5.97984,35.55202],[5.98016,35.55187],[5.98096,35.55166],[5.98127,35.55167],[5.98172,35.55132],[5.98214,35.55107],[5.98265,35.55106],[5.98299,35.55112],[5.98343,35.55129],[5.98418,35.55133],[5.98644,35.55165],[5.98759,35.55198],[5.98789,35.55233],[5.98827,35.55228],[5.98874,35.5524],[5.98946,35.55239],[5.99029,35.55231],[5.99085,35.55244]],[[5.99085,35.55244],[5.99085,35.55245]],[[5.98422,35.55527],[5.98614,35.55462],[5.98767,35.55399],[5.98793,35.55377],[5.98833,35.55324],[5.98856,35.55288],[5.98864,35.55252]],[[5.98582,35.56733],[5.98546,35.56686],[5.98577,35.56597],[5.98569,35.56558],[5.98543,35.56516],[5.985,35.56471],[5.98457,35.56447],[5.98393,35.56396],[5.98335,35.56336],[5.98326,35.56238],[5.9831,35.56155],[5.98334,35.56112],[5.98342,35.56078],[5.98358,35.56063],[5.98409,35.56044],[5.98432,35.56016],[5.98494,35.55969],[5.98513,35.55887],[5.9853,35.55844],[5.98727,35.55715],[5.9874,35.55713],[5.98792,35.55662],[5.98838,35.55599],[5.98861,35.55579],[5.98891,35.55531],[5.98906,35.55488],[5.98968,35.55417],[5.99009,35.55403],[5.99032,35.5538],[5.99081,35.55345],[5.99121,35.55274]],[[5.99589,35.55834],[5.99583,35.55731],[5.99598,35.55675],[5.99592,35.5559],[5.99593,35.55549],[5.99601,35.55495],[5.99616,35.55441],[5.99665,35.55298]],[[5.96467,35.55499],[5.96484,35.55478],[5.96495,35.55443],[5.96552,35.55413],[5.96585,35.55386],[5.96815,35.55289],[5.97009,35.55247],[5.97046,35.55256],[5.97158,35.553]],[[5.97323,35.55695],[5.97308,35.55672],[5.97257,35.55616],[5.97218,35.55546],[5.97193,35.55455],[5.97192,35.55416],[5.97171,35.55377],[5.97166,35.55331]],[[6.01648,35.55602],[6.01567,35.55582],[6.0152,35.55566],[6.0144,35.55528],[6.01374,35.55513],[6.01344,35.55474],[6.01328,35.55466],[6.01274,35.55482],[6.01233,35.55484],[6.01199,35.55483],[6.01159,35.55461],[6.01115,35.5546],[6.0106,35.5549],[6.00982,35.5555],[6.00924,35.55574],[6.00789,35.55568]],[[5.98115,35.56072],[5.98342,35.56071]],[[5.97798,35.55869],[5.97833,35.55855],[5.97858,35.5586],[5.97911,35.55887],[5.97941,35.55922],[5.98002,35.55972],[5.98039,35.55991],[5.98101,35.56039],[5.98115,35.56072]],[[5.9773,35.56171],[5.97848,35.56128],[5.97909,35.56117],[5.97988,35.5609],[5.98046,35.56076],[5.98115,35.56072]],[[5.98115,35.56072],[5.98115,35.56073]],[[5.99408,35.56965],[5.99423,35.56888],[5.99464,35.56809],[5.99487,35.56784],[5.99546,35.56729],[5.99588,35.56699],[5.99706,35.56645],[5.99855,35.56536],[5.9988,35.56459],[5.99911,35.56385],[5.99927,35.56301],[5.99972,35.56281],[6.00029,35.56195],[6.0003,35.56162]],[[6.00109,35.56496],[6.00129,35.56468],[6.00146,35.56432],[6.00156,35.5633],[6.00142,35.56288],[6.00118,35.56249],[6.00069,35.56212],[6.00042,35.5617]],[[5.99811,35.56128],[5.99851,35.56144],[5.99904,35.56154],[5.99925,35.56182]],[[6.0373,35.56112],[6.03677,35.5609],[6.03636,35.56089],[6.03598,35.56114],[6.03529,35.56107],[6.03498,35.5608],[6.03445,35.56056],[6.03386,35.56034],[6.03336,35.56025],[6.03284,35.55998],[6.03174,35.5599],[6.03143,35.55966],[6.03081,35.55941],[6.03029,35.55904],[6.02993,35.55929],[6.02955,35.55938],[6.0291,35.55976],[6.02862,35.56],[6.02776,35.56011],[6.02568,35.56021],[6.02496,35.55999],[6.02205,35.55943],[6.02121,35.55928],[6.02036,35.55921],[6.01952,35.5597],[6.01883,35.55976],[6.01795,35.55974],[6.01744,35.55978],[6.01675,35.55963],[6.01599,35.55979],[6.01481,35.56031],[6.01425,35.56083],[6.01369,35.56151],[6.01375,35.56242]]]}},{"type":"Feature","properties":{},"geometry":{"type":"MultiLineString","coordinates":[[[6.31024,35.68675],[6.31124,35.6871],[6.31173,35.68741],[6.31206,35.68798],[6.31199,35.68815],[6.31206,35.68834],[6.3119,35.68908],[6.31164,35.68943],[6.31139,35.68963],[6.31087,35.69017],[6.31058,35.69033],[6.31027,35.69059]],[[6.31367,35.69003],[6.31334,35.6901],[6.31268,35.69039],[6.31214,35.69052],[6.31139,35.69085],[6.311,35.69109]],[[6.30995,35.68871],[6.31,35.6889],[6.3099,35.68915],[6.30991,35.68935],[6.3098,35.68978],[6.30992,35.69004],[6.30999,35.69032],[6.31019,35.69062],[6.31014,35.69093],[6.31004,35.69111],[6.30984,35.69131]],[[6.30691,35.68977],[6.30714,35.68994],[6.30744,35.68995],[6.30819,35.69031],[6.30901,35.69095],[6.30943,35.69121],[6.30978,35.69133]],[[6.30591,35.69113],[6.30656,35.69166],[6.30674,35.69193],[6.3067,35.69215],[6.30689,35.69263]],[[6.30474,35.69187],[6.30508,35.69209],[6.3074,35.69283]],[[6.28733,35.6932],[6.28757,35.69526],[6.2878,35.69559]],[[6.29385,35.69114],[6.29245,35.69186],[6.29218,35.69217],[6.29169,35.69228],[6.29128,35.6926],[6.29004,35.69374],[6.2897,35.69396],[6.28949,35.69429],[6.2892,35.69455],[6.28886,35.69473],[6.2884,35.69484],[6.28813,35.69525],[6.2878,35.69559]],[[6.2878,35.69559],[6.28781,35.6956]],[[6.29318,35.69514],[6.29248,35.69477],[6.29202,35.6948],[6.29156,35.69467],[6.29067,35.69463],[6.2902,35.69486],[6.28919,35.69557],[6.28778,35.69562]],[[6.30283,35.69173],[6.30306,35.69196],[6.30319,35.69243],[6.30327,35.69307],[6.30313,35.6937],[6.30298,35.69407],[6.30219,35.69504],[6.3021,35.6953],[6.30207,35.69557],[6.30237,35.69638]],[[6.29722,35.69842],[6.29732,35.69822],[6.29735,35.69786],[6.29732,35.69763],[6.29739,35.69732],[6.29777,35.69689],[6.29811,35.6964]],[[6.2878,35.69559],[6.28696,35.69596],[6.28636,35.69627]],[[6.29909,35.69406],[6.29909,35.69441],[6.29903,35.69458],[6.29902,35.6948],[6.29914,35.69537],[6.29913,35.6957],[6.29926,35.69617],[6.29912,35.6964],[6.29907,35.69667]],[[6.2965,35.69418],[6.29671,35.69434],[6.29687,35.69454],[6.29688,35.69478],[6.29772,35.6959],[6.29796,35.6963],[6.29892,35.69663],[6.29926,35.69683],[6.30008,35.69702],[6.30133,35.69784]]]}},{"type":"Feature","properties":{},"geometry":{"type":"MultiLineString","coordinates":[[[6.26677,35.6587],[6.26694,35.65897],[6.26722,35.65906],[6.26759,35.65934],[6.26819,35.65962]],[[6.26469,35.65936],[6.2652,35.65937],[6.26556,35.65931],[6.2669,35.65941],[6.26834,35.65975],[6.26862,35.65986]],[[6.26726,35.66174],[6.26831,35.66156],[6.27025,35.66206],[6.27055,35.66217],[6.27088,35.66239],[6.27105,35.66241]],[[6.26179,35.66222],[6.26242,35.66236],[6.26293,35.66237],[6.26329,35.66232]],[[6.2723,35.66379],[6.27231,35.66379]],[[6.25935,35.66264],[6.25972,35.66301],[6.26033,35.6631],[6.26068,35.6633],[6.2621,35.66354],[6.26249,35.66346],[6.2628,35.6632],[6.26312,35.66279],[6.26331,35.66236],[6.26379,35.66185],[6.26411,35.66142],[6.26445,35.6611],[6.26577,35.66063],[6.26676,35.66061],[6.26727,35.6605],[6.26862,35.65994],[6.26924,35.66029],[6.26988,35.66087],[6.2711,35.66241],[6.27138,35.66265],[6.27183,35.66284],[6.27235,35.66329],[6.27223,35.66364],[6.2723,35.66379]],[[6.26843,35.66308],[6.26911,35.66328],[6.26954,35.66358],[6.27073,35.6638],[6.2723,35.66379]],[[6.27192,35.67067],[6.27199,35.67065]],[[6.26813,35.67099],[6.26887,35.67089],[6.27007,35.67094],[6.27069,35.6709],[6.27192,35.67067]],[[6.26634,35.67183],[6.26792,35.67177],[6.26875,35.67181],[6.2697,35.67173],[6.2706,35.67153],[6.27132,35.67127],[6.27166,35.6711],[6.27192,35.67067]],[[6.2668,35.66926],[6.26764,35.67],[6.26975,35.67028],[6.2702,35.67059],[6.27097,35.67081]],[[6.2765,35.67172],[6.27654,35.67171]],[[6.27192,35.67067],[6.27245,35.67061],[6.27286,35.6704],[6.27404,35.6701],[6.27461,35.67034],[6.27521,35.67083],[6.27564,35.67106],[6.27602,35.67155],[6.2765,35.67172]],[[6.27236,35.6723],[6.2731,35.67226],[6.27399,35.67231],[6.27495,35.67225],[6.27569,35.67215],[6.27613,35.6718],[6.2765,35.67172]],[[6.27409,35.67141],[6.27448,35.67146],[6.27497,35.67173],[6.27601,35.6718]],[[6.2765,35.67172],[6.27788,35.67204],[6.27868,35.67214],[6.27944,35.67231],[6.27961,35.67276],[6.27982,35.67314]],[[6.26939,35.67286],[6.27082,35.67329],[6.27149,35.67356],[6.27228,35.6738],[6.27307,35.67422],[6.27468,35.67484],[6.27597,35.67481],[6.27662,35.67473],[6.27731,35.67437],[6.27835,35.67366],[6.27919,35.67338],[6.27987,35.6733]],[[6.2824,35.67814],[6.28247,35.67814],[6.28288,35.67807],[6.2836,35.67784],[6.28413,35.67781],[6.28472,35.67772],[6.28529,35.67756],[6.28631,35.67742],[6.2867,35.6773],[6.28714,35.67707]],[[6.2723,35.66379],[6.2726,35.66421],[6.2734,35.66463],[6.2736,35.66467],[6.27439,35.66538],[6.27457,35.66625],[6.2751,35.66699],[6.27546,35.66762],[6.27583,35.66807],[6.2768,35.66863],[6.27689,35.66901],[6.27762,35.66932],[6.27802,35.66964],[6.27825,35.67026],[6.27867,35.67067],[6.27878,35.67117],[6.2798,35.67198],[6.28001,35.67319],[6.28,35.67363],[6.28035,35.67441],[6.2808,35.67471],[6.28099,35.67494],[6.28125,35.67567],[6.28131,35.67609],[6.28146,35.67637],[6.28168,35.67662],[6.28177,35.67685],[6.28181,35.6772]],[[6.28229,35.67814],[6.2824,35.67814]],[[6.28137,35.68838],[6.28109,35.68828],[6.28073,35.68774],[6.28069,35.68757],[6.2804,35.68728],[6.28037,35.68692],[6.28049,35.68633],[6.2805,35.68601],[6.28032,35.68564],[6.2802,35.68522],[6.28027,35.68475],[6.2804,35.68446],[6.28043,35.68415],[6.28071,35.68367],[6.28103,35.68327],[6.28153,35.68304],[6.28179,35.68272],[6.28187,35.68203],[6.28181,35.6817],[6.28202,35.68115],[6.28201,35.68072],[6.28182,35.68027],[6.28176,35.67969],[6.28191,35.67935],[6.28209,35.67915],[6.28243,35.67858],[6.28244,35.67821],[6.2824,35.67814]],[[6.28763,35.6891],[6.28765,35.68824],[6.28801,35.68746],[6.28801,35.68754]],[[6.28763,35.6891],[6.28821,35.6891],[6.28838,35.68905],[6.28877,35.68884],[6.28913,35.68891],[6.28937,35.68911],[6.28972,35.68891],[6.29009,35.68878],[6.29075,35.68864],[6.29141,35.68876],[6.29168,35.68874],[6.29236,35.68882],[6.29303,35.68895],[6.29312,35.68907],[6.29378,35.68922],[6.29417,35.68915],[6.29452,35.689],[6.29563,35.68901],[6.29712,35.68944],[6.29739,35.6893],[6.29783,35.68927],[6.29858,35.68881],[6.29883,35.68874],[6.29907,35.68876],[6.30046,35.68839],[6.30104,35.68837],[6.30168,35.68862],[6.30248,35.6885],[6.30309,35.68859]],[[6.28138,35.68837],[6.28137,35.68838]],[[6.28887,35.68012],[6.28855,35.68019],[6.28834,35.68034],[6.28809,35.68066],[6.28783,35.68085],[6.28751,35.68101],[6.28696,35.68115],[6.28623,35.68146],[6.28586,35.68181],[6.2855,35.68205],[6.28521,35.68237],[6.28482,35.68253],[6.28441,35.68284],[6.2843,35.68305],[6.28435,35.68341],[6.28393,35.68387],[6.28383,35.68416],[6.28384,35.68446],[6.28365,35.68482],[6.283,35.68555],[6.28299,35.68575],[6.28313,35.68621],[6.28314,35.68699],[6.2832,35.68731],[6.28312,35.68767],[6.28255,35.68805],[6.28141,35.6884],[6.28137,35.68838]],[[6.29143,35.68749],[6.29118,35.68788],[6.29098,35.6886]],[[6.3027,35.69018],[6.30191,35.68997],[6.30121,35.6896],[6.30101,35.68958],[6.30061,35.68942],[6.30021,35.68921],[6.29996,35.68895],[6.29935,35.68881]],[[6.29679,35.68707],[6.29622,35.68748],[6.29519,35.68839],[6.29471,35.68896]],[[6.2824,35.67814],[6.28223,35.67786],[6.28191,35.67753],[6.28142,35.67675],[6.28102,35.67637],[6.28062,35.67627],[6.2795,35.67643],[6.27921,35.67662],[6.2784,35.677],[6.27793,35.6773],[6.27749,35.67768],[6.27727,35.67798],[6.27674,35.67908],[6.27675,35.68034],[6.27695,35.68075],[6.27726,35.68116],[6.27726,35.68177],[6.27744,35.68251],[6.27724,35.68288],[6.277,35.68315],[6.27667,35.68336],[6.27618,35.68382],[6.27613,35.68407],[6.27584,35.68462],[6.2758,35.68486],[6.27564,35.68512],[6.27556,35.68554],[6.27582,35.68593],[6.27606,35.6862],[6.27586,35.68645],[6.27582,35.68693],[6.27585,35.68718],[6.27601,35.68754],[6.27698,35.68819],[6.27724,35.68847],[6.27735,35.6888],[6.27786,35.68938],[6.27814,35.6896],[6.27825,35.68984],[6.27869,35.69035],[6.27895,35.69054],[6.27922,35.69097],[6.27981,35.6912],[6.28017,35.69121],[6.28095,35.69082],[6.28109,35.6906],[6.28124,35.6905],[6.28137,35.69024],[6.28179,35.69029],[6.28255,35.69028],[6.28338,35.69002],[6.28394,35.68993],[6.28443,35.68998],[6.28538,35.68972],[6.28641,35.68971],[6.28719,35.68934],[6.28738,35.68916],[6.28763,35.6891]],[[6.28763,35.6891],[6.28763,35.68911]],[[6.29824,35.69074],[6.29799,35.69063],[6.29773,35.69005],[6.29739,35.68952]],[[6.28137,35.68838],[6.28106,35.6888],[6.281,35.68913],[6.28112,35.69013],[6.2814,35.69018]]]}},{"type":"Feature","properties":{},"geometry":{"type":"MultiLineString","coordinates":[[[6.29015,35.67686],[6.29066,35.67683],[6.2913,35.6767],[6.29214,35.67676],[6.29269,35.67626],[6.29334,35.67608],[6.29393,35.67578],[6.29467,35.67586],[6.29666,35.67568],[6.29671,35.6758]],[[6.29282,35.67998],[6.2935,35.67966],[6.29403,35.67957],[6.29501,35.6793],[6.2955,35.6791],[6.29582,35.67882],[6.29608,35.67845],[6.29663,35.67801],[6.2967,35.67747],[6.29676,35.67587]],[[6.29114,35.67774],[6.29125,35.67755],[6.29162,35.67723],[6.29196,35.67682]],[[6.29598,35.68327],[6.29608,35.683],[6.29638,35.68259],[6.29685,35.68227],[6.29736,35.68208],[6.29763,35.68179],[6.29785,35.68119]],[[6.29595,35.68319],[6.29598,35.68327]],[[6.29555,35.68509],[6.29575,35.68449],[6.29564,35.68412],[6.29565,35.6838],[6.29592,35.68344],[6.29598,35.68327]],[[6.29406,35.68497],[6.29455,35.68461],[6.2952,35.68427],[6.29534,35.68382]],[[6.29598,35.68327],[6.29607,35.68348],[6.29624,35.68371],[6.29653,35.68399]],[[6.29832,35.68014],[6.29823,35.68047],[6.29791,35.68103],[6.29793,35.6812],[6.29824,35.68183],[6.29818,35.68291],[6.29829,35.68341],[6.2984,35.68389],[6.29877,35.68481],[6.29954,35.68555],[6.29961,35.68583],[6.29998,35.68621],[6.30089,35.68692],[6.30178,35.68775]]]}},{"type":"Feature","properties":{},"geometry":{"type":"MultiLineString","coordinates":[[[6.2946,35.64964],[6.294,35.64969],[6.29282,35.64953],[6.29214,35.64956],[6.29159,35.64911],[6.28882,35.64885],[6.28758,35.64867],[6.28654,35.64847],[6.28512,35.6481],[6.28387,35.64823],[6.28343,35.64848],[6.28198,35.64838],[6.28102,35.64876],[6.2799,35.64907],[6.27982,35.64923]],[[6.27429,35.65088],[6.27456,35.65119],[6.27508,35.65115],[6.27576,35.65124],[6.27636,35.65153],[6.27695,35.65142],[6.27889,35.65008],[6.27973,35.64944],[6.27982,35.64923]],[[6.27037,35.65316],[6.27068,35.65286],[6.27127,35.65205],[6.2718,35.65173],[6.27249,35.65145],[6.2728,35.65118],[6.2733,35.65099],[6.27388,35.65027],[6.2736,35.64936],[6.27432,35.64872],[6.27541,35.64859],[6.27678,35.64862],[6.27831,35.64905],[6.27963,35.64915],[6.27982,35.64923]],[[6.29283,35.65013],[6.29142,35.65025],[6.29057,35.65069],[6.28974,35.65127],[6.289,35.65139],[6.28787,35.65143],[6.28747,35.65122],[6.28558,35.65113],[6.28422,35.65159],[6.28297,35.65189],[6.28226,35.65187],[6.28156,35.65195]],[[6.27278,35.65376],[6.27349,35.65353],[6.27402,35.65342],[6.27513,35.65334],[6.27538,35.65314],[6.27595,35.65283],[6.27701,35.65235],[6.27727,35.65191],[6.27801,35.65162],[6.27851,35.65183],[6.27995,35.65176],[6.28059,35.65179],[6.28092,35.65171],[6.28156,35.65195]],[[6.27427,35.65689],[6.27524,35.65658],[6.27573,35.65649],[6.27698,35.6561],[6.27814,35.65552],[6.27899,35.65471],[6.27932,35.65424],[6.2797,35.6538],[6.28001,35.65306],[6.28043,35.65247],[6.28085,35.65213],[6.28156,35.65195]],[[6.2725,35.65479],[6.27358,35.65454],[6.27487,35.65384],[6.27485,35.65343]],[[6.27713,35.65529],[6.2774,35.65533],[6.27787,35.65516],[6.27828,35.65492],[6.27874,35.6548]],[[6.27622,35.65857],[6.27659,35.65855],[6.27707,35.65874],[6.27759,35.6588],[6.27819,35.65848],[6.27876,35.6581],[6.27858,35.65771],[6.2789,35.6574],[6.27944,35.65708],[6.27997,35.65687],[6.28088,35.65616]],[[6.27417,35.65623],[6.27472,35.65632],[6.27521,35.65648]],[[6.27503,35.65718],[6.27571,35.6571],[6.27629,35.65714],[6.27719,35.65708],[6.27762,35.65701],[6.27797,35.65687],[6.27868,35.65674],[6.27917,35.65677],[6.2796,35.65691]],[[6.27736,35.661],[6.27795,35.66089],[6.27849,35.6606],[6.27895,35.66051],[6.27976,35.6602],[6.28093,35.66015],[6.28164,35.66027],[6.28262,35.66032],[6.28308,35.66025],[6.28399,35.6599],[6.28434,35.65965],[6.28456,35.65928]],[[6.28255,35.66773],[6.28205,35.66709],[6.28181,35.66686],[6.28165,35.66625],[6.28176,35.66588],[6.28165,35.66542],[6.28163,35.66502],[6.28134,35.66361],[6.28139,35.66308],[6.28162,35.66261],[6.282,35.66229],[6.28235,35.66187],[6.2832,35.66126],[6.28368,35.66007]],[[6.27709,35.66014],[6.27786,35.66008],[6.27832,35.65999],[6.27881,35.66001],[6.27921,35.66007],[6.27948,35.66025]],[[6.28483,35.66338],[6.28554,35.6633],[6.28628,35.66314],[6.28654,35.66272],[6.28663,35.66202]],[[6.28329,35.66878],[6.28347,35.66893],[6.28441,35.67032],[6.28466,35.67047],[6.28504,35.67061],[6.28705,35.67075],[6.28789,35.67077]]]}},{"type":"Feature","properties":{},"geometry":{"type":"MultiLineString","coordinates":[[[6.24942,35.65525],[6.24968,35.65525],[6.2501,35.65553],[6.25027,35.65581],[6.25064,35.65606],[6.25098,35.65647],[6.25166,35.65688],[6.25244,35.65698],[6.25328,35.657],[6.25405,35.65695],[6.25476,35.65686],[6.25541,35.65665],[6.25674,35.65579],[6.25716,35.6553],[6.25756,35.65466],[6.2576,35.65358],[6.25782,35.65317],[6.25766,35.65255],[6.25845,35.65177],[6.25994,35.65068],[6.26117,35.64897],[6.26177,35.64871],[6.26254,35.64856],[6.26322,35.6486],[6.26479,35.6489],[6.26544,35.64859],[6.26641,35.64778],[6.26682,35.64758],[6.2681,35.6468],[6.26868,35.64675],[6.26966,35.64648],[6.26995,35.64632],[6.27019,35.64597],[6.2703,35.64566],[6.27059,35.6455],[6.27097,35.64553],[6.27143,35.64527],[6.27202,35.64537],[6.27274,35.64518],[6.27327,35.64475],[6.27402,35.64488],[6.27448,35.64484],[6.2755,35.64502],[6.27598,35.64516],[6.276,35.64536],[6.27657,35.64551],[6.27698,35.64523],[6.27758,35.64516],[6.27822,35.64526],[6.2793,35.64535],[6.28051,35.64531],[6.281,35.64519],[6.28145,35.64485],[6.2825,35.64491],[6.28281,35.64466],[6.28279,35.64441],[6.28338,35.64436],[6.28381,35.64378],[6.28444,35.64357],[6.28512,35.64325],[6.28578,35.64294],[6.28611,35.6427],[6.2867,35.64285],[6.2873,35.64255],[6.28787,35.64259],[6.28818,35.64226],[6.28805,35.64195],[6.28866,35.6417],[6.29018,35.6407],[6.29215,35.63969]],[[6.24663,35.64521],[6.24694,35.64513],[6.24752,35.64533],[6.24791,35.64571],[6.24803,35.64605],[6.24837,35.64641],[6.24877,35.64661],[6.24905,35.64682],[6.24933,35.64672],[6.24967,35.6465],[6.24981,35.64621],[6.24993,35.64551],[6.2501,35.64506],[6.25014,35.6447],[6.25028,35.64431],[6.25047,35.644],[6.25081,35.64364],[6.25128,35.64323],[6.25191,35.64289],[6.25237,35.64272]],[[6.24099,35.6419],[6.24159,35.64241],[6.24263,35.64316],[6.24354,35.64341]],[[6.24452,35.64133],[6.24458,35.64181],[6.24515,35.64251],[6.24544,35.64356],[6.2453,35.64397]],[[6.24036,35.64697],[6.24037,35.64654],[6.24056,35.64565],[6.2408,35.6453],[6.24222,35.64469],[6.24311,35.64411],[6.24339,35.64386],[6.24374,35.64343],[6.24411,35.64363],[6.2447,35.64375],[6.24512,35.6439],[6.24542,35.64424],[6.24594,35.64465],[6.24628,35.64499],[6.24663,35.64521]],[[6.24234,35.64779],[6.24274,35.64719],[6.24346,35.64634],[6.24409,35.6459],[6.24458,35.64566],[6.24535,35.64545],[6.24587,35.64525],[6.24625,35.6453],[6.24663,35.64521]],[[6.27148,35.64846],[6.27076,35.64804],[6.27046,35.64773],[6.27028,35.64745],[6.27027,35.64705],[6.27013,35.64654],[6.27014,35.64614]],[[6.26848,35.64992],[6.26843,35.64957],[6.26869,35.64912],[6.26852,35.64874],[6.26806,35.64848],[6.26798,35.64805],[6.26797,35.64763],[6.26833,35.64683]],[[6.25437,35.6431],[6.25489,35.6434],[6.25529,35.64376],[6.25589,35.64411],[6.25634,35.64516],[6.25678,35.64552],[6.25697,35.64604],[6.25765,35.64633],[6.25899,35.64657],[6.25931,35.64674],[6.25961,35.64708],[6.26005,35.64749],[6.261,35.64809],[6.26158,35.64833],[6.26226,35.64853]],[[6.26839,35.65319],[6.26775,35.6531],[6.26725,35.65233],[6.26705,35.65188],[6.26682,35.65167],[6.26633,35.65141],[6.26632,35.65093],[6.2659,35.65064],[6.26553,35.65048],[6.26542,35.65018],[6.26535,35.64963],[6.26547,35.64862]],[[6.25553,35.64905],[6.25557,35.64903]],[[6.25243,35.65068],[6.25259,35.65054],[6.25321,35.6503],[6.25404,35.6497],[6.25507,35.64931],[6.25553,35.64905]],[[6.23949,35.65146],[6.24065,35.65191],[6.24221,35.65225],[6.24303,35.65236],[6.24355,35.65258],[6.24525,35.65216],[6.24573,35.65213],[6.2463,35.65195],[6.24694,35.65193],[6.24761,35.65173],[6.24871,35.65057],[6.24961,35.64976],[6.24983,35.64925],[6.25023,35.64874],[6.25125,35.64789],[6.25177,35.64765],[6.25281,35.64786],[6.25314,35.64777],[6.25407,35.64799],[6.25527,35.64867],[6.25553,35.64905]],[[6.25338,35.65199],[6.25441,35.6516],[6.25514,35.65105],[6.25686,35.65057],[6.25731,35.65025],[6.25795,35.64997],[6.25883,35.64972]],[[6.25553,35.64905],[6.25556,35.64911],[6.25592,35.6491],[6.25678,35.64934],[6.25754,35.64934],[6.25871,35.64962],[6.25936,35.64986],[6.26021,35.64967],[6.26058,35.64976]],[[6.25966,35.65826],[6.26016,35.6582],[6.26063,35.65799],[6.26125,35.6578],[6.26187,35.65766],[6.26212,35.65747],[6.26262,35.65723],[6.26303,35.65714],[6.26335,35.65679],[6.264,35.65645],[6.26433,35.65601],[6.26412,35.6557],[6.26409,35.65485],[6.26375,35.65406],[6.26313,35.65314],[6.26265,35.65278],[6.26209,35.65224],[6.2617,35.65175],[6.26054,35.65062],[6.26053,35.65002]],[[6.25501,35.65269],[6.25567,35.65204],[6.25602,35.65157],[6.25686,35.65068]],[[6.25977,35.65525],[6.26028,35.65461],[6.26123,35.65378],[6.26192,35.65274],[6.26187,35.65213]],[[6.25547,35.65401],[6.25576,35.65394],[6.2564,35.65362],[6.25687,35.6535],[6.25713,35.65336],[6.2576,35.65275]],[[6.23991,35.65403],[6.24032,35.6541],[6.24121,35.65394],[6.24328,35.65247]],[[6.2603,35.65778],[6.26121,35.65709],[6.26174,35.6561],[6.26185,35.65545],[6.2624,35.65471],[6.2627,35.65419],[6.26311,35.65372],[6.26316,35.65322]],[[6.25613,35.65496],[6.25725,35.65414],[6.25749,35.65402]],[[6.26013,35.65644],[6.26034,35.65637],[6.26066,35.65618],[6.26082,35.65583],[6.26182,35.65558]],[[6.26023,35.65878],[6.26089,35.65842],[6.26115,35.65812],[6.26112,35.65785]],[[6.26004,35.65991],[6.26028,35.65994],[6.26072,35.65972],[6.2611,35.6594],[6.26251,35.65888]]]}},{"type":"Feature","properties":{},"geometry":{"type":"MultiLineString","coordinates":[[[6.25361,35.63809],[6.25374,35.63802],[6.25413,35.63754],[6.25455,35.63674],[6.25504,35.63619],[6.25577,35.63559],[6.25604,35.63523],[6.25621,35.63485],[6.25584,35.63285],[6.25593,35.63246],[6.25637,35.63187],[6.25638,35.63168],[6.25674,35.631],[6.25702,35.63062],[6.25731,35.6304],[6.25806,35.62988],[6.25854,35.62965],[6.25892,35.62936],[6.25925,35.62896],[6.25924,35.62853],[6.25954,35.62824],[6.25978,35.62788],[6.2606,35.62702]],[[6.25996,35.63129],[6.26033,35.63104],[6.26071,35.63088],[6.26111,35.63057],[6.26138,35.63021],[6.26232,35.62974],[6.26275,35.62932]],[[6.2493,35.63677],[6.24975,35.63656],[6.25018,35.63629],[6.25054,35.6359],[6.25097,35.63565],[6.25132,35.63516],[6.25152,35.63474],[6.25156,35.63433],[6.25126,35.63405],[6.25122,35.63351],[6.25166,35.63314],[6.25267,35.632],[6.25315,35.63174],[6.25338,35.63118],[6.2535,35.63061],[6.25384,35.62997],[6.25364,35.62965]],[[6.25898,35.63313],[6.26031,35.63243],[6.26104,35.63196],[6.26131,35.63149],[6.26167,35.63103],[6.26177,35.6305],[6.26193,35.63031],[6.26202,35.62999]],[[6.2509,35.63132],[6.25141,35.63118],[6.25183,35.631],[6.25203,35.63075],[6.2524,35.63045],[6.25286,35.63023],[6.25324,35.6299]],[[6.24743,35.6348],[6.24751,35.63471],[6.24755,35.63439],[6.24748,35.63403],[6.24733,35.63372],[6.24738,35.63304],[6.24756,35.63259],[6.24754,35.63214],[6.24767,35.63163],[6.24794,35.63119],[6.2484,35.63077],[6.24907,35.63059],[6.24996,35.63055],[6.25038,35.63045],[6.25131,35.63007]],[[6.26259,35.6318],[6.26302,35.6316],[6.26368,35.63146],[6.26426,35.63126],[6.26482,35.63099],[6.26542,35.63047]],[[6.26008,35.63453],[6.26067,35.63428],[6.2611,35.63395],[6.26148,35.63357],[6.26222,35.63342],[6.2627,35.6332],[6.26392,35.6329],[6.26441,35.63289],[6.26492,35.63267],[6.26543,35.63231],[6.2665,35.63189],[6.26731,35.63184]],[[6.26558,35.63497],[6.26589,35.63507],[6.26774,35.63462],[6.26885,35.63428],[6.26943,35.63418]],[[6.25319,35.63656],[6.25363,35.63676],[6.25455,35.63665]],[[6.25949,35.64109],[6.26039,35.64012],[6.26066,35.6399],[6.26106,35.63975],[6.2616,35.63917],[6.262,35.63903],[6.26227,35.63886],[6.26271,35.63829],[6.26375,35.63772],[6.26457,35.63752],[6.26503,35.63717]],[[6.27156,35.63734],[6.27156,35.63734]],[[6.27156,35.63734],[6.27158,35.63734]],[[6.27154,35.63734],[6.27156,35.63734]],[[6.27155,35.63735],[6.27156,35.63734]],[[6.26527,35.63555],[6.26592,35.63571],[6.26678,35.63573],[6.26752,35.63568],[6.26838,35.63581],[6.26882,35.63595],[6.26992,35.63606],[6.27028,35.63628],[6.27043,35.63645],[6.2708,35.63646],[6.27106,35.63664],[6.27123,35.63684],[6.27154,35.63734]],[[6.25783,35.63839],[6.25815,35.63812],[6.25911,35.63678],[6.25954,35.63651],[6.26044,35.63642],[6.26088,35.63654],[6.26121,35.63695],[6.26163,35.63698],[6.26264,35.6372],[6.26334,35.63681],[6.26368,35.63671],[6.26467,35.63692],[6.265,35.63715],[6.26538,35.63705],[6.26587,35.63702],[6.26629,35.63705],[6.26694,35.63728],[6.26754,35.63729],[6.26817,35.63739],[6.26946,35.63742],[6.27154,35.63734]],[[6.27154,35.63734],[6.27155,35.63735]],[[6.26125,35.64113],[6.26215,35.64072],[6.26273,35.64063],[6.26404,35.64072],[6.26552,35.64058],[6.26706,35.64064],[6.26761,35.64072],[6.26856,35.64052],[6.26973,35.64006],[6.2698,35.63963],[6.27064,35.63811],[6.27098,35.6381],[6.27117,35.63795],[6.27134,35.63759],[6.27155,35.63735]],[[6.27155,35.63735],[6.27158,35.6374]],[[6.26543,35.63838],[6.2667,35.63811],[6.26739,35.63786],[6.26784,35.63777],[6.26858,35.63776],[6.2697,35.63798],[6.27052,35.63783],[6.27126,35.63763]],[[6.25783,35.63839],[6.25783,35.63837]],[[6.25855,35.63959],[6.25828,35.63903],[6.25797,35.63876],[6.25783,35.63839]],[[6.25572,35.64017],[6.25679,35.63951],[6.25704,35.63908],[6.25783,35.63839]],[[6.25615,35.63836],[6.25695,35.6387],[6.25734,35.63877]],[[6.2567,35.64056],[6.25674,35.63957]],[[6.26283,35.64172],[6.26339,35.64131],[6.2639,35.64102],[6.2642,35.64075]]]}},{"type":"Feature","properties":{},"geometry":{"type":"MultiLineString","coordinates":[[[6.24397,35.65728],[6.24464,35.65737],[6.24513,35.65756],[6.24567,35.65797]],[[6.24182,35.65808],[6.24227,35.65837],[6.24282,35.65843],[6.24328,35.65834],[6.24369,35.65815],[6.24523,35.65826],[6.2456,35.65809],[6.24595,35.6578],[6.24695,35.6582],[6.24739,35.65879],[6.24745,35.65894],[6.24688,35.65928]],[[6.2436,35.65976],[6.2444,35.65978],[6.24481,35.65956],[6.24543,35.65955],[6.24599,35.65938],[6.24679,35.6593],[6.24885,35.6594],[6.24949,35.65962],[6.2504,35.66001],[6.25118,35.66027]],[[6.25075,35.65887],[6.25101,35.65935],[6.25118,35.66027]],[[6.25118,35.66027],[6.25119,35.66031]],[[6.25541,35.66191],[6.25541,35.66191]],[[6.25118,35.66027],[6.25217,35.66036],[6.25287,35.6607],[6.25439,35.66126],[6.25496,35.66157],[6.25541,35.66191]],[[6.24821,35.66361],[6.24859,35.66351],[6.25003,35.66264],[6.25051,35.66223],[6.25104,35.66194],[6.25157,35.6618],[6.25286,35.66173],[6.25351,35.66174],[6.25406,35.66198],[6.25467,35.66202],[6.25541,35.66191]],[[6.25257,35.66318],[6.25279,35.66303],[6.25329,35.66282],[6.25379,35.66268],[6.25407,35.66243],[6.25418,35.66208]],[[6.24858,35.66198],[6.24919,35.66195],[6.24999,35.66209],[6.25076,35.66208]],[[6.25926,35.67418],[6.25916,35.67398],[6.25874,35.67359],[6.25842,35.67308],[6.25787,35.67192],[6.25786,35.67141],[6.258,35.67094],[6.25805,35.67044],[6.25737,35.66959],[6.25705,35.66903],[6.25707,35.66831],[6.25684,35.6679],[6.25636,35.66751],[6.25589,35.6669],[6.25525,35.66663],[6.25471,35.66622],[6.2543,35.6656],[6.25388,35.66522],[6.25337,35.66501],[6.25266,35.66489],[6.25211,35.66493],[6.25162,35.66481],[6.2508,35.66449]],[[6.25217,35.67128],[6.25281,35.67145],[6.25387,35.67198]],[[6.24958,35.66675],[6.24985,35.66716],[6.25054,35.66753],[6.25102,35.66789],[6.2516,35.66823],[6.25251,35.6686],[6.25323,35.66917],[6.25435,35.6696],[6.25495,35.66992],[6.25525,35.67032],[6.25545,35.67081],[6.25552,35.67141],[6.25621,35.67205]],[[6.25378,35.67208],[6.2538,35.67205]],[[6.25064,35.67271],[6.25121,35.67234],[6.2522,35.67216],[6.25378,35.67208]],[[6.25301,35.67356],[6.25306,35.67319],[6.25334,35.67289],[6.25348,35.67247],[6.25378,35.67208]],[[6.25378,35.67208],[6.25439,35.67211],[6.25525,35.67203],[6.25614,35.67208],[6.25675,35.67237],[6.25789,35.6733],[6.25855,35.67372],[6.25888,35.674],[6.25926,35.67418]],[[6.26017,35.67503],[6.25969,35.67472],[6.25926,35.67418]],[[6.25926,35.67418],[6.25927,35.67418]],[[6.25528,35.67477],[6.25568,35.67476],[6.257,35.67504]],[[6.25541,35.66191],[6.25607,35.66243],[6.25692,35.66288],[6.25756,35.66312],[6.25832,35.66321],[6.25923,35.66381],[6.25945,35.66447],[6.25943,35.66509],[6.2592,35.66546],[6.2595,35.66582],[6.25986,35.66681],[6.25978,35.66744],[6.25979,35.66817],[6.25992,35.66872],[6.25981,35.6693],[6.25964,35.66977],[6.25935,35.67027],[6.2589,35.67073],[6.25907,35.67119],[6.2593,35.6716],[6.25955,35.67236],[6.25966,35.67284],[6.25994,35.67347],[6.25998,35.67425],[6.26036,35.67572]],[[6.2546,35.67581],[6.25581,35.67541],[6.25656,35.67533],[6.25721,35.67507],[6.2578,35.67508],[6.25902,35.67521],[6.25954,35.67535],[6.26036,35.67572]],[[6.26036,35.67572],[6.26042,35.67574]],[[6.26036,35.67572],[6.26068,35.67623],[6.261,35.67686],[6.26095,35.67749],[6.26033,35.67828],[6.25955,35.67876],[6.25889,35.679],[6.25829,35.67966]]]}},{"type":"Feature","properties":{},"geometry":{"type":"MultiLineString","coordinates":[[[6.23091,35.66233],[6.23153,35.66177],[6.23206,35.66158],[6.23275,35.66124],[6.23329,35.66083],[6.23446,35.66063],[6.23487,35.66046],[6.2353,35.66037],[6.23562,35.66015]],[[6.22911,35.6596],[6.22953,35.65989],[6.22995,35.6603],[6.23037,35.66053],[6.23117,35.66158]],[[6.23266,35.65853],[6.23242,35.65902],[6.23247,35.65935],[6.23179,35.66054],[6.23158,35.66106],[6.23116,35.66173],[6.23091,35.66233]],[[6.23083,35.66602],[6.23153,35.66624],[6.2322,35.66628],[6.23259,35.66586],[6.23295,35.66522],[6.2326,35.66478],[6.23239,35.66437],[6.23299,35.66401],[6.23399,35.66351],[6.23453,35.66314],[6.23482,35.66262]],[[6.22828,35.664],[6.22885,35.66439],[6.23025,35.66571],[6.23083,35.66602]],[[6.23091,35.66233],[6.23083,35.66253],[6.23005,35.66369],[6.23057,35.66453],[6.23069,35.66557],[6.23083,35.66602]],[[6.23219,35.67419],[6.23289,35.67416],[6.23329,35.67422],[6.2339,35.67418],[6.23424,35.67409],[6.23465,35.67385],[6.23488,35.67358],[6.23634,35.67235],[6.23666,35.67183],[6.23681,35.67121],[6.23713,35.67086],[6.23759,35.66987],[6.23775,35.66877],[6.23831,35.66783],[6.23912,35.66747],[6.23991,35.66701],[6.24368,35.66644],[6.2447,35.66644],[6.24547,35.66636]],[[6.23141,35.67051],[6.23126,35.67033],[6.23092,35.66967],[6.23082,35.66906],[6.23049,35.6687],[6.22947,35.66802],[6.22816,35.66747],[6.22747,35.66702]],[[6.23671,35.66163],[6.23731,35.6621],[6.23763,35.66264],[6.23788,35.66322],[6.23827,35.6636],[6.23847,35.66399],[6.23843,35.66439],[6.23844,35.66489],[6.23836,35.66544],[6.23859,35.66595],[6.23847,35.66768]],[[6.24581,35.66805],[6.24514,35.66874],[6.24467,35.66908],[6.24358,35.67046]],[[6.23083,35.66602],[6.23063,35.66627],[6.23047,35.66667],[6.23048,35.66714],[6.23071,35.6677],[6.23097,35.66808],[6.2308,35.66858],[6.23112,35.66902],[6.23108,35.66954],[6.23137,35.66993],[6.23141,35.67051]],[[6.24727,35.67044],[6.24629,35.67035],[6.24509,35.67034],[6.2446,35.67028],[6.24413,35.6705],[6.24305,35.67065],[6.24251,35.67096],[6.24172,35.67152],[6.24137,35.67197],[6.24044,35.67222]],[[6.2385,35.66954],[6.23823,35.67004],[6.23794,35.67151],[6.2377,35.67206],[6.23765,35.67258]],[[6.2436,35.67945],[6.24395,35.67931],[6.24414,35.67914],[6.24483,35.6787],[6.24538,35.67789],[6.24576,35.67752],[6.24609,35.67705],[6.24743,35.6765],[6.24776,35.67603],[6.24903,35.67486],[6.24938,35.67439],[6.24995,35.67405],[6.25032,35.6739],[6.25109,35.6739]],[[6.24044,35.67024],[6.23981,35.6707],[6.23907,35.67164],[6.23752,35.67271],[6.23719,35.67353],[6.23684,35.67382],[6.23446,35.67399]],[[6.23414,35.66909],[6.23385,35.66941],[6.23378,35.66973],[6.23355,35.67013],[6.23318,35.6711],[6.23292,35.67147],[6.23293,35.67195],[6.23265,35.67209],[6.23243,35.67236],[6.23247,35.67274],[6.23265,35.6731],[6.23267,35.67337],[6.23238,35.67377],[6.23219,35.67419]],[[6.23155,35.67433],[6.2319,35.67419],[6.23219,35.67419]],[[6.23219,35.67419],[6.23218,35.67422]],[[6.23141,35.67051],[6.23164,35.67109],[6.2312,35.67221],[6.23114,35.67291],[6.23143,35.67345],[6.23154,35.67393],[6.23155,35.67433]],[[6.2307,35.6757],[6.23087,35.67547],[6.23098,35.67512],[6.23114,35.6748],[6.23155,35.67433]],[[6.23155,35.67433],[6.23156,35.67438]],[[6.22374,35.67761],[6.22309,35.67682],[6.22263,35.67544]],[[6.22534,35.66868],[6.22571,35.66877],[6.22647,35.66911],[6.22892,35.67047],[6.22971,35.67082],[6.23005,35.67171],[6.23005,35.67254],[6.23039,35.67428],[6.23053,35.67468],[6.23051,35.67523],[6.2307,35.6757]],[[6.23064,35.67584],[6.2307,35.6757]],[[6.2307,35.6757],[6.23071,35.67572]],[[6.22374,35.67761],[6.22759,35.67567]],[[6.2459,35.67167],[6.2452,35.67163],[6.24461,35.67166],[6.24432,35.67208],[6.244,35.67238],[6.24362,35.6726],[6.24334,35.67297],[6.24367,35.6741],[6.24343,35.6747],[6.24434,35.67497],[6.2451,35.67534],[6.24527,35.67567],[6.24615,35.67695]],[[6.22347,35.6791],[6.22386,35.67895],[6.22489,35.67869],[6.22578,35.678],[6.22761,35.67734]],[[6.22347,35.6791],[6.22374,35.67761]],[[6.24469,35.68521],[6.24436,35.68438],[6.24433,35.68291],[6.24503,35.68217],[6.24558,35.68133],[6.24585,35.68043],[6.24599,35.67966],[6.24653,35.67945],[6.24684,35.67913],[6.24798,35.67823]],[[6.24194,35.67602],[6.2412,35.67596],[6.24083,35.67602],[6.23911,35.67681],[6.23837,35.67755],[6.23823,35.67815]],[[6.22294,35.68041],[6.22347,35.6791]]]}},{"type":"Feature","properties":{},"geometry":{"type":"MultiLineString","coordinates":[[[6.21346,35.6493],[6.21199,35.64989],[6.21173,35.65009],[6.2114,35.65023],[6.21078,35.65069]],[[6.21237,35.6668],[6.21263,35.66662],[6.21288,35.66615],[6.21306,35.66566],[6.21312,35.66531],[6.21311,35.66489],[6.21294,35.66449],[6.21265,35.66409],[6.21237,35.66358],[6.21225,35.66312],[6.21187,35.66273],[6.21146,35.66188],[6.21162,35.66117],[6.21195,35.66036],[6.21194,35.66],[6.21204,35.65976],[6.2123,35.65945],[6.21272,35.65934],[6.21332,35.65889],[6.21383,35.65816],[6.21411,35.65794],[6.21408,35.65762],[6.21391,35.65705],[6.21384,35.65587],[6.2141,35.65491],[6.2143,35.65459],[6.21447,35.65417],[6.21486,35.65376],[6.215,35.65348],[6.21499,35.65324],[6.21525,35.65236],[6.21547,35.65215],[6.21606,35.65177],[6.21673,35.65171],[6.21697,35.65143],[6.21758,35.65118]],[[6.21061,35.65168],[6.21073,35.65169],[6.21145,35.65148],[6.21238,35.65133],[6.21275,35.65115]],[[6.20958,35.6487],[6.21068,35.65035],[6.21084,35.65099],[6.21078,35.6515],[6.21061,35.65168]],[[6.2106,35.65169],[6.21059,35.65168],[6.21061,35.65168]],[[6.21061,35.65168],[6.2106,35.65169]],[[6.21063,35.65172],[6.2106,35.65169]],[[6.215,35.67194],[6.21486,35.67115],[6.21442,35.67029],[6.21423,35.66971],[6.21391,35.66915],[6.21352,35.66881],[6.21338,35.6677],[6.21339,35.66725],[6.21359,35.66698],[6.21369,35.66656],[6.21408,35.66606],[6.21446,35.66574],[6.21497,35.66515],[6.2152,35.66473],[6.21494,35.66349],[6.21551,35.66202],[6.21569,35.6614],[6.21625,35.66119],[6.21671,35.66107],[6.21736,35.66114],[6.21767,35.66099],[6.21818,35.6605],[6.21879,35.65976],[6.21899,35.65934],[6.21941,35.6588],[6.21976,35.65853],[6.2199,35.65813],[6.21991,35.65763],[6.21965,35.65715],[6.21961,35.65669],[6.21971,35.65634],[6.22006,35.656],[6.22029,35.65563],[6.22074,35.65516],[6.22184,35.65436],[6.22219,35.65416]],[[6.21688,35.65671],[6.21663,35.65655],[6.21612,35.65648],[6.21568,35.65662],[6.21505,35.65691],[6.21445,35.65742],[6.21416,35.65778]],[[6.22923,35.65526],[6.22768,35.6557],[6.2272,35.65611],[6.22697,35.65661],[6.2262,35.65735],[6.22568,35.65746],[6.22536,35.65776],[6.22498,35.65893],[6.22486,35.65958],[6.22452,35.65998]],[[6.22457,35.65997],[6.22452,35.65998]],[[6.22452,35.65998],[6.22445,35.66],[6.22451,35.66]],[[6.22452,35.65998],[6.22451,35.66]],[[6.22457,35.66],[6.22457,35.66002],[6.22451,35.66]],[[6.22451,35.66],[6.22457,35.66]],[[6.22457,35.66],[6.2246,35.66],[6.22519,35.65994],[6.22626,35.66006],[6.22687,35.66023],[6.22696,35.66038],[6.22738,35.66054]],[[6.2106,35.65169],[6.2102,35.65214],[6.21005,35.6525],[6.21013,35.65282],[6.21003,35.65314],[6.21004,35.65342],[6.20989,35.6538],[6.20986,35.65406],[6.21026,35.65525],[6.2102,35.65556],[6.21024,35.65582],[6.21056,35.6566],[6.21044,35.65735],[6.21079,35.65986],[6.21076,35.66003],[6.21084,35.66047],[6.21078,35.66135],[6.21085,35.66203],[6.21077,35.66248],[6.21054,35.66291],[6.21083,35.66343],[6.21081,35.66403],[6.21139,35.6645],[6.2115,35.66518],[6.21163,35.6655],[6.21162,35.66573],[6.21228,35.66647],[6.21237,35.6668]],[[6.21235,35.66682],[6.21237,35.6668]],[[6.21916,35.66857],[6.2191,35.66864],[6.21994,35.66843],[6.22146,35.66792],[6.22202,35.66778],[6.22295,35.6677],[6.22417,35.66808],[6.22471,35.66837],[6.22507,35.66863],[6.22534,35.66868]],[[6.21237,35.6668],[6.21249,35.66743],[6.21232,35.66788],[6.21174,35.66865]],[[6.2182,35.66789],[6.21779,35.66831],[6.21794,35.66924],[6.21795,35.66977],[6.21766,35.67026],[6.21717,35.67091],[6.2167,35.6712],[6.21614,35.67141],[6.21561,35.67172],[6.215,35.67194]],[[6.21501,35.67199],[6.215,35.67194]],[[6.215,35.67194],[6.21495,35.67196]],[[6.22451,35.66],[6.22416,35.66037],[6.22389,35.66089],[6.224,35.66144],[6.22395,35.66184],[6.22382,35.66219],[6.22353,35.66264],[6.22309,35.6628],[6.22259,35.66292],[6.22201,35.66285],[6.22133,35.66286],[6.22095,35.66313],[6.22075,35.66365],[6.22019,35.6647],[6.22024,35.66515],[6.22021,35.66583],[6.21977,35.66612],[6.21936,35.66649],[6.21947,35.66681],[6.21933,35.66726],[6.21914,35.66754],[6.21921,35.66806],[6.2191,35.66854],[6.219,35.66962],[6.21837,35.67109],[6.21832,35.67169],[6.21833,35.67211]]]}},{"type":"Feature","properties":{},"geometry":{"type":"MultiLineString","coordinates":[[[6.1327,35.63875],[6.13188,35.63743],[6.13189,35.63635],[6.1307,35.63323],[6.13069,35.6325],[6.13153,35.63119],[6.13246,35.62922]],[[6.12657,35.63707],[6.12587,35.63653],[6.12481,35.63594],[6.12431,35.63484],[6.12464,35.63359],[6.12559,35.63132],[6.12663,35.6312]],[[6.13557,35.63814],[6.13469,35.63756],[6.13458,35.63638],[6.13474,35.63506],[6.13569,35.6337]],[[6.15827,35.64211],[6.15117,35.63578]],[[6.13557,35.63814],[6.13616,35.63768],[6.13669,35.6369],[6.13736,35.63615]],[[6.13745,35.64074],[6.13805,35.64025],[6.13973,35.63938],[6.14037,35.63858],[6.14151,35.63801],[6.14226,35.63721]],[[6.12965,35.62736],[6.12638,35.62713],[6.12478,35.62768],[6.12337,35.62891],[6.1215,35.6299],[6.12051,35.63028],[6.1195,35.63047],[6.11845,35.63159],[6.11838,35.63258],[6.1191,35.63363],[6.11935,35.63546],[6.12012,35.63615],[6.12072,35.63649],[6.1231,35.63634],[6.12399,35.63657],[6.12488,35.63694],[6.12581,35.63705],[6.12657,35.63707]],[[6.15827,35.64211],[6.15816,35.64152],[6.15854,35.63995],[6.15916,35.6389],[6.1599,35.63816]],[[6.13566,35.63967],[6.13554,35.6389],[6.13571,35.63823],[6.13557,35.63814]],[[6.14169,35.64207],[6.14138,35.64166],[6.14165,35.64122],[6.14204,35.64032],[6.14213,35.63973],[6.14274,35.63893]],[[6.12657,35.63707],[6.12729,35.637],[6.12879,35.63742],[6.12998,35.63742],[6.1309,35.63788],[6.13174,35.63849],[6.1327,35.63875]],[[6.1327,35.63875],[6.13355,35.63921],[6.1343,35.63931],[6.13498,35.63933],[6.13566,35.63967]],[[6.13566,35.63967],[6.13681,35.64046],[6.13704,35.64056]],[[6.13704,35.64056],[6.13745,35.64074]],[[6.13704,35.64056],[6.13623,35.64071],[6.13557,35.64108],[6.13484,35.64121],[6.13272,35.64116]],[[6.15735,35.64627],[6.15767,35.64522],[6.15798,35.64455],[6.15782,35.64401],[6.158,35.64293],[6.15831,35.64232],[6.15827,35.64211]],[[6.12657,35.63707],[6.12633,35.63762],[6.12526,35.63854],[6.12385,35.63948],[6.12307,35.64028],[6.12241,35.64153]],[[6.13745,35.64074],[6.1381,35.64087],[6.13856,35.64109],[6.13956,35.64126],[6.14009,35.64157],[6.1404,35.64196],[6.14169,35.64207]],[[6.16283,35.64823],[6.16399,35.64786],[6.164,35.64636],[6.16348,35.64594],[6.16349,35.64565],[6.16404,35.64534],[6.16429,35.64443],[6.16471,35.64379],[6.16523,35.64325]],[[6.14169,35.64207],[6.144,35.64278],[6.1472,35.64396]],[[6.1472,35.64396],[6.14788,35.64422],[6.14862,35.64459]],[[6.17397,35.6422],[6.17381,35.64211],[6.17357,35.64208],[6.17336,35.64214],[6.17314,35.64228],[6.17298,35.64269],[6.17251,35.64327],[6.1722,35.64348],[6.17212,35.64365],[6.17187,35.64385],[6.17173,35.64412],[6.17124,35.64446],[6.17083,35.64466],[6.17037,35.64515]],[[6.1472,35.64396],[6.14662,35.64419],[6.14532,35.64428],[6.1442,35.64449],[6.14374,35.64418],[6.14187,35.64414],[6.14138,35.64465],[6.14084,35.64464]],[[6.14862,35.64459],[6.14919,35.6449]],[[6.17033,35.64538],[6.17065,35.64555],[6.17136,35.64571],[6.172,35.6457]],[[6.14862,35.64459],[6.14868,35.64506],[6.14779,35.64557],[6.14707,35.64561],[6.14562,35.64581],[6.14271,35.64589]],[[6.14919,35.6449],[6.15007,35.64442],[6.15243,35.64474],[6.15361,35.64509],[6.1552,35.64583],[6.15584,35.64597],[6.15664,35.64598],[6.15735,35.64627]],[[6.1892,35.64539],[6.18983,35.6458],[6.19005,35.64605],[6.19016,35.64641],[6.19017,35.64677],[6.19001,35.64733]],[[6.16684,35.6439],[6.16704,35.64412],[6.16714,35.64445],[6.16757,35.64495],[6.16802,35.64564],[6.16816,35.64625],[6.16812,35.64685],[6.16815,35.6471],[6.1683,35.64738]],[[6.15735,35.64627],[6.15794,35.64675],[6.15868,35.64721]],[[6.17766,35.64759],[6.17768,35.64761],[6.17622,35.64778]],[[6.17364,35.64677],[6.17438,35.64749],[6.17525,35.64802],[6.17549,35.64836],[6.17615,35.64836]],[[6.15868,35.64721],[6.16,35.64747],[6.16112,35.64747],[6.16283,35.64823]],[[6.15553,35.64887],[6.15467,35.64867],[6.1531,35.64813],[6.15113,35.64791],[6.14979,35.64809]],[[6.18108,35.64519],[6.18058,35.64746],[6.18042,35.6478],[6.18016,35.64809],[6.18017,35.64843],[6.18024,35.64862],[6.18018,35.64892],[6.18032,35.64918]],[[6.1844,35.64763],[6.1839,35.64776],[6.18338,35.64776],[6.18293,35.64795],[6.18255,35.64831],[6.18212,35.64852],[6.18167,35.64859],[6.18032,35.64918]],[[6.18032,35.64918],[6.18032,35.64918]],[[6.15868,35.64721],[6.15806,35.64758],[6.1575,35.64797],[6.15676,35.64866],[6.15553,35.64887]],[[6.15553,35.64887],[6.15416,35.64892],[6.1527,35.64939],[6.1506,35.64955]],[[6.16283,35.64823],[6.16325,35.64846],[6.16377,35.64894],[6.16393,35.6496],[6.16371,35.64986]],[[6.18213,35.65033],[6.18092,35.65037],[6.18037,35.65045],[6.17993,35.65038]],[[6.15553,35.64887],[6.155,35.6495],[6.15437,35.64996],[6.15364,35.65038],[6.15288,35.65045],[6.15172,35.65045]],[[6.19487,35.64975],[6.19375,35.65059],[6.19339,35.65092],[6.19314,35.65159]],[[6.19945,35.65187],[6.19775,35.65187],[6.19738,35.65173]],[[6.18032,35.64918],[6.18034,35.64922],[6.17999,35.65024],[6.17965,35.65054],[6.17915,35.65073],[6.17869,35.6512],[6.17827,35.65133]],[[6.16371,35.64986],[6.16218,35.65005],[6.16174,35.65034],[6.16133,35.65071],[6.16084,35.65107]],[[6.16084,35.65107],[6.16022,35.65142],[6.15958,35.6514],[6.15884,35.65183],[6.15827,35.65175],[6.15783,35.65198],[6.15733,35.65176],[6.15615,35.65147],[6.15425,35.65119]],[[6.19687,35.64797],[6.19696,35.64863],[6.19678,35.64911],[6.19652,35.64931],[6.19655,35.64967],[6.19645,35.64997],[6.19643,35.65042],[6.19602,35.65109],[6.19591,35.65143],[6.19583,35.65243]],[[6.20013,35.64976],[6.19995,35.65028],[6.1995,35.65053],[6.19894,35.65073],[6.19851,35.65102],[6.19814,35.65103],[6.19781,35.65125],[6.19755,35.65158],[6.19717,35.65174],[6.19665,35.65205],[6.19639,35.65234],[6.19583,35.65243]],[[6.14919,35.6449],[6.14872,35.64577],[6.14805,35.64634],[6.14748,35.64721],[6.14578,35.64864],[6.14504,35.64915],[6.14409,35.64942],[6.14316,35.65028],[6.14239,35.65064],[6.14195,35.65101],[6.1411,35.65149],[6.14046,35.65133]],[[6.16837,35.64001],[6.16852,35.64024],[6.16853,35.64042],[6.16863,35.64058],[6.16903,35.64084],[6.16919,35.64119],[6.16941,35.6414],[6.16951,35.64155],[6.1695,35.642],[6.16963,35.64245],[6.16959,35.64262],[6.16972,35.64285],[6.16974,35.64312],[6.16966,35.64371],[6.1697,35.64397],[6.16988,35.64438],[6.17024,35.6448],[6.17031,35.64495],[6.17032,35.64528],[6.17021,35.6456],[6.16999,35.64587],[6.1698,35.64599],[6.16978,35.64614],[6.16959,35.64619],[6.16934,35.64654],[6.16933,35.64673],[6.1692,35.64708],[6.1683,35.6474],[6.1683,35.64757],[6.16784,35.64792],[6.16789,35.64824],[6.16781,35.64865],[6.16785,35.64892],[6.16776,35.64984],[6.16785,35.65006],[6.16839,35.65064],[6.16827,35.65073],[6.16828,35.6509],[6.16843,35.65127],[6.16838,35.6515],[6.16845,35.65167],[6.16843,35.65191],[6.16848,35.65208],[6.16842,35.65232],[6.16868,35.65292],[6.1688,35.653]],[[6.16725,35.65338],[6.16757,35.65344],[6.16809,35.65298],[6.16826,35.65314],[6.1688,35.653]],[[6.16371,35.64986],[6.16355,35.65006],[6.16407,35.65045],[6.16453,35.65073],[6.16465,35.65138],[6.16485,35.65188],[6.16543,35.65183],[6.16607,35.65211],[6.16696,35.65228],[6.1672,35.65279],[6.16725,35.65338]],[[6.20693,35.65389],[6.20479,35.6539],[6.20423,35.65403],[6.20367,35.65425],[6.203,35.65425]],[[6.16084,35.65107],[6.16063,35.65122],[6.16073,35.65149],[6.16034,35.65219],[6.15914,35.65251],[6.15912,35.6531],[6.15803,35.65328],[6.15614,35.65385],[6.15525,35.65365],[6.15435,35.65363],[6.15292,35.65321]],[[6.18641,35.64465],[6.18649,35.64492],[6.18707,35.64551],[6.18808,35.64639],[6.18851,35.64664],[6.18884,35.64699],[6.18932,35.64726],[6.18999,35.64735],[6.19037,35.64764],[6.19081,35.64816],[6.19107,35.64864],[6.1911,35.64906],[6.19147,35.64908],[6.19183,35.64936],[6.19187,35.65013],[6.19217,35.65095],[6.19269,35.65117],[6.19305,35.65161],[6.19381,35.65221],[6.19371,35.65253],[6.19349,35.6528],[6.19384,35.65345],[6.19416,35.65393],[6.19404,35.65433]],[[6.17463,35.65171],[6.17423,35.6519],[6.17392,35.6522],[6.17355,35.65283],[6.17349,35.65396]],[[6.16725,35.65338],[6.16571,35.65316],[6.1653,35.65359],[6.16411,35.65357],[6.16349,35.65364],[6.16259,35.65388],[6.16213,35.65425]],[[6.19583,35.65243],[6.19577,35.65288],[6.19526,35.65303],[6.19481,35.65331],[6.19487,35.65368],[6.19503,35.65418],[6.19499,35.65465],[6.19479,35.65512]],[[6.17395,35.64494],[6.1744,35.64544],[6.17449,35.64576],[6.1748,35.64601],[6.17509,35.64632],[6.17552,35.64655],[6.17601,35.64689],[6.17617,35.64719],[6.17614,35.64804],[6.17652,35.64926],[6.17655,35.64954],[6.17704,35.64979],[6.17779,35.65033],[6.17809,35.65068],[6.1783,35.65103],[6.1782,35.65187],[6.17809,35.65229],[6.17744,35.65302],[6.177,35.65374],[6.17635,35.65405],[6.17592,35.65438],[6.17516,35.65474],[6.1745,35.65467]],[[6.19949,35.6549],[6.19813,35.65483],[6.19703,35.65585],[6.19606,35.65579],[6.19537,35.65586]],[[6.18192,35.65355],[6.18174,35.65361],[6.18096,35.65405],[6.1802,35.65458],[6.18003,35.6552],[6.18002,35.65566],[6.17991,35.65602]],[[6.18315,35.65491],[6.18262,35.65548],[6.18189,35.65581],[6.18151,35.65604],[6.18104,35.65619],[6.18071,35.65618],[6.1804,35.65595],[6.17991,35.65602]],[[6.20508,35.656],[6.2048,35.65618],[6.20392,35.65631],[6.2034,35.6566],[6.20293,35.65668]],[[6.16213,35.65425],[6.16195,35.6544],[6.1613,35.65471],[6.16006,35.655],[6.15714,35.65625],[6.15432,35.65654]],[[6.19013,35.64984],[6.19091,35.65062],[6.19113,35.65102],[6.19137,35.6513],[6.19239,35.65187],[6.19286,35.6523],[6.19327,35.6532],[6.19339,35.65371],[6.1937,35.65392],[6.19386,35.65421],[6.19419,35.65463],[6.19479,35.65519],[6.19545,35.656],[6.19535,35.65628],[6.19513,35.65665],[6.19485,35.65693],[6.19469,35.65736],[6.19468,35.65768]],[[6.19889,35.65817],[6.1979,35.65815],[6.19756,35.65791],[6.19691,35.65782],[6.1965,35.65766],[6.1956,35.65766],[6.19514,35.6578],[6.19477,35.65775]],[[6.2058,35.65788],[6.20568,35.65803],[6.205,35.65827],[6.20463,35.65825],[6.2038,35.65834],[6.20338,35.65852],[6.20291,35.6586]],[[6.17991,35.65602],[6.17972,35.65634],[6.17971,35.65672],[6.17936,35.65754],[6.17942,35.65791],[6.1797,35.65825],[6.18006,35.65855]],[[6.20144,35.66303],[6.20152,35.66287],[6.20182,35.66278],[6.20199,35.66257],[6.2023,35.66236],[6.20307,35.66126],[6.2035,35.66103],[6.20413,35.66083],[6.2051,35.66069],[6.20674,35.66078],[6.20722,35.66085],[6.20768,35.66084],[6.20799,35.6607],[6.2082,35.66051],[6.20794,35.66008]],[[6.1688,35.653],[6.16954,35.65287],[6.16992,35.65294],[6.17022,35.65306],[6.1704,35.65308],[6.17057,35.65318],[6.17174,35.65349],[6.17254,35.65348],[6.17275,35.65364],[6.17275,35.65387],[6.1729,35.65399],[6.1731,35.65403],[6.17336,35.65398],[6.1738,35.65411],[6.17403,35.65426],[6.17455,35.65488],[6.17474,35.65527],[6.17486,35.65629],[6.17509,35.65662],[6.17628,35.65691],[6.17659,35.65708],[6.1766,35.65724],[6.17641,35.65763],[6.17657,35.65775],[6.1769,35.65782],[6.17767,35.65816],[6.17794,35.65835],[6.17884,35.65834],[6.17929,35.65876],[6.18004,35.65854],[6.18062,35.65892],[6.18134,35.65903],[6.18186,35.65903],[6.18238,35.65953],[6.18273,35.65934],[6.18295,35.65933],[6.18337,35.6597],[6.18371,35.65987],[6.18396,35.66007],[6.18489,35.66029]],[[6.16725,35.65338],[6.16659,35.65371],[6.1657,35.65434],[6.16543,35.65492],[6.16548,35.65563],[6.16521,35.65609],[6.16399,35.6568],[6.16127,35.65853],[6.15945,35.65995]],[[6.16213,35.65425],[6.1614,35.65491],[6.16105,35.65555],[6.16075,35.65587],[6.15983,35.65643],[6.15877,35.65788],[6.15787,35.65894],[6.15578,35.66007]],[[6.20262,35.65125],[6.20232,35.65173],[6.20222,35.65205],[6.20213,35.65255],[6.20218,35.65303],[6.20293,35.6541],[6.20273,35.65455],[6.20281,35.65496],[6.20311,35.65555],[6.20299,35.65644],[6.20288,35.65681],[6.20289,35.6574],[6.20282,35.65785],[6.20291,35.65877],[6.20284,35.6595],[6.20285,35.65982],[6.20273,35.66067],[6.20246,35.66095],[6.20231,35.66126],[6.20207,35.66156]],[[6.19738,35.66032],[6.19726,35.66041],[6.19694,35.66046],[6.19673,35.66061],[6.1964,35.66069],[6.19639,35.66088],[6.196,35.66151],[6.1957,35.66226],[6.1955,35.66256],[6.19539,35.66306],[6.19527,35.66327],[6.19494,35.66343],[6.19417,35.66367],[6.19404,35.66412]],[[6.18746,35.64758],[6.18743,35.64781],[6.1875,35.64812],[6.18749,35.64843],[6.18737,35.64878],[6.18738,35.64911],[6.18727,35.64938],[6.18744,35.64967],[6.18745,35.65002],[6.18752,35.65021],[6.18754,35.65042],[6.18771,35.65067],[6.18769,35.65101],[6.18757,35.65125],[6.18766,35.65146],[6.18755,35.65177],[6.18764,35.65208],[6.18749,35.65288],[6.18757,35.65349],[6.18711,35.6539],[6.18692,35.65419],[6.187,35.65443],[6.18696,35.65494],[6.1865,35.65581],[6.1863,35.65637],[6.18612,35.65754],[6.18585,35.65842],[6.18551,35.65913],[6.18524,35.65984],[6.18518,35.66021],[6.18493,35.66029],[6.18503,35.66064],[6.18561,35.66142],[6.18608,35.66167],[6.1869,35.66195],[6.18762,35.66207],[6.1879,35.66221],[6.18807,35.66276],[6.18833,35.66303],[6.18884,35.66376],[6.18966,35.66393],[6.19084,35.66426],[6.19107,35.66474],[6.19163,35.6653]],[[6.19178,35.65423],[6.19189,35.65427],[6.19281,35.65496],[6.19375,35.65577],[6.19406,35.65615],[6.19437,35.65659],[6.19436,35.65684],[6.19455,35.65737],[6.19461,35.65779],[6.19415,35.65823],[6.19398,35.65862],[6.19374,35.6588],[6.19334,35.65891],[6.19311,35.65913],[6.1925,35.65985],[6.19184,35.66038],[6.19189,35.66083],[6.1911,35.66245],[6.19113,35.66285],[6.191,35.66315],[6.19108,35.66347],[6.19143,35.66401],[6.19182,35.6649],[6.19163,35.6653]],[[6.19163,35.6653],[6.19163,35.6653]],[[6.19163,35.6653],[6.19161,35.66571]]]}},{"type":"Feature","properties":{},"geometry":{"type":"MultiLineString","coordinates":[[[6.24955,35.60682],[6.24947,35.60729],[6.24906,35.60745],[6.24859,35.6078],[6.24821,35.60768],[6.24799,35.60803],[6.24792,35.60846],[6.24758,35.60885],[6.24711,35.60909],[6.24687,35.60992],[6.24644,35.6105],[6.24618,35.61109],[6.2459,35.61131],[6.24547,35.61127],[6.24514,35.61153],[6.24485,35.61219],[6.24425,35.61217],[6.24435,35.61248],[6.24382,35.61304],[6.24311,35.61316],[6.24223,35.61453],[6.24088,35.61602],[6.24034,35.61609],[6.23908,35.61662],[6.23866,35.61698],[6.23793,35.61712]],[[6.23793,35.61712],[6.23714,35.61719],[6.23707,35.61774],[6.23655,35.61799],[6.23607,35.61851],[6.23522,35.61884],[6.23493,35.61941],[6.23433,35.61966],[6.23403,35.61992],[6.2338,35.62031],[6.23268,35.62057],[6.23199,35.62108],[6.23166,35.62118],[6.23138,35.62144],[6.23132,35.62177],[6.23165,35.62218]],[[6.22643,35.62947],[6.22651,35.62878],[6.22691,35.62833],[6.2278,35.62751],[6.22857,35.62706],[6.2285,35.62667],[6.22838,35.62631],[6.22836,35.62598],[6.22873,35.62548],[6.22874,35.62522],[6.22937,35.62512],[6.22969,35.62513],[6.22982,35.62438],[6.23032,35.624],[6.23061,35.62356],[6.23057,35.62314],[6.23101,35.62271],[6.23133,35.62226],[6.23165,35.62218]],[[6.19245,35.62362],[6.19318,35.62344],[6.19362,35.62344],[6.19409,35.62332],[6.19625,35.62337],[6.19735,35.62354],[6.19799,35.62374],[6.19887,35.62412],[6.19914,35.62431],[6.1995,35.62438],[6.1997,35.62458],[6.19973,35.62491],[6.2,35.62542],[6.20034,35.62563],[6.20225,35.62614],[6.20264,35.62613]],[[6.23793,35.61712],[6.23792,35.61749],[6.23743,35.61817],[6.23724,35.619],[6.23726,35.62008],[6.23769,35.62172],[6.2378,35.62249],[6.23885,35.6234],[6.239,35.62371],[6.23836,35.62484],[6.23772,35.6254],[6.23727,35.6261],[6.23748,35.62698]],[[6.18997,35.62934],[6.19042,35.62882],[6.19118,35.62828],[6.19166,35.62784],[6.19193,35.62768],[6.19285,35.62766],[6.19346,35.62739],[6.19433,35.62718],[6.1955,35.62707],[6.19583,35.62699],[6.19648,35.6267],[6.19719,35.62659],[6.19768,35.62663],[6.19806,35.62659],[6.19869,35.62628],[6.19909,35.62625],[6.19942,35.62636],[6.20005,35.62647],[6.20119,35.62654],[6.2018,35.62648],[6.20227,35.62649],[6.20271,35.62638],[6.20297,35.62624]],[[6.23165,35.62218],[6.23167,35.62251],[6.232,35.62296],[6.23241,35.62438],[6.23297,35.62542],[6.23305,35.62624],[6.23336,35.62673],[6.23389,35.6269],[6.23488,35.62732]],[[6.18881,35.62568],[6.19015,35.62549],[6.19144,35.62542],[6.1922,35.62585],[6.19272,35.62589],[6.19311,35.62605],[6.19353,35.62644],[6.19362,35.62676]],[[6.18819,35.64287],[6.1879,35.64272],[6.18774,35.64249],[6.18756,35.64205],[6.18675,35.6412],[6.1866,35.64092],[6.18668,35.63972],[6.18662,35.63883],[6.18648,35.63849],[6.18621,35.63816],[6.1864,35.63726],[6.18586,35.6364],[6.1859,35.63617],[6.18612,35.6359],[6.18615,35.63549],[6.18602,35.63478],[6.1857,35.63453],[6.18541,35.63447],[6.18515,35.63429],[6.18506,35.63392],[6.18477,35.63379],[6.18418,35.63338],[6.18373,35.63287],[6.18355,35.63258],[6.18358,35.63223],[6.18373,35.63187],[6.18408,35.63144],[6.18413,35.63127],[6.18435,35.63108],[6.18469,35.6301],[6.18497,35.62972],[6.185,35.62942],[6.18527,35.62863],[6.18543,35.62836],[6.18597,35.62823],[6.18638,35.62802],[6.18706,35.62779],[6.18754,35.62749],[6.18786,35.62722],[6.18819,35.62717],[6.18948,35.62679],[6.18977,35.62657],[6.19012,35.62646],[6.19086,35.62659],[6.19134,35.6268],[6.19178,35.62687],[6.19252,35.62665],[6.19287,35.62661],[6.19333,35.62668],[6.19388,35.62688],[6.19398,35.62696],[6.19477,35.62707]],[[6.21502,35.62456],[6.21523,35.62504],[6.21425,35.6265],[6.21431,35.62677],[6.21426,35.62705],[6.21415,35.62736],[6.214,35.62758]],[[6.20595,35.62316],[6.20528,35.62317],[6.20487,35.6234],[6.2043,35.62387],[6.204,35.62403],[6.20342,35.62426],[6.20305,35.62435],[6.20281,35.62451],[6.20264,35.62475],[6.20245,35.62534],[6.2025,35.62583],[6.2027,35.62609],[6.20336,35.62645],[6.20407,35.6269],[6.20504,35.62708],[6.20546,35.62741],[6.20565,35.62767]],[[6.19454,35.62979],[6.19566,35.62926],[6.19563,35.62912],[6.19572,35.62901],[6.19606,35.62893],[6.19658,35.62888],[6.19957,35.62885],[6.20011,35.62872],[6.20042,35.6285]],[[6.19673,35.63104],[6.19727,35.63086],[6.19747,35.63071],[6.19785,35.63052],[6.20036,35.62957],[6.2006,35.62925],[6.20082,35.62872],[6.20112,35.62854]],[[6.21363,35.6242],[6.21341,35.62422],[6.21303,35.62417],[6.21274,35.62459],[6.21261,35.62487],[6.21229,35.62514],[6.21216,35.62535],[6.21225,35.62565],[6.2118,35.62615],[6.21211,35.62678],[6.21244,35.6271],[6.2128,35.62729],[6.2139,35.62754],[6.21425,35.62787],[6.21516,35.62852],[6.21561,35.62909]],[[6.22648,35.62945],[6.22643,35.62947]],[[6.22239,35.64457],[6.22341,35.64371],[6.22445,35.64302],[6.22614,35.64168],[6.22628,35.6415],[6.22683,35.64108],[6.22724,35.64069],[6.22765,35.64006],[6.22787,35.63959],[6.228,35.63914],[6.22785,35.63886],[6.22697,35.63842],[6.2267,35.63821],[6.22659,35.63796],[6.22674,35.63774],[6.22655,35.63768],[6.22648,35.6372],[6.22623,35.63714],[6.2259,35.63717],[6.22569,35.6367],[6.22565,35.63645],[6.22493,35.63589],[6.22469,35.63552],[6.22468,35.63522],[6.22473,35.635],[6.22517,35.63378],[6.22509,35.63339],[6.22512,35.63299],[6.22509,35.63207],[6.22526,35.63184],[6.22587,35.63144],[6.22585,35.63078],[6.22641,35.63038],[6.22649,35.63023],[6.22645,35.62995],[6.22651,35.62971],[6.22643,35.62947]],[[6.23496,35.63761],[6.23401,35.6376],[6.2336,35.63756],[6.23293,35.63739],[6.23274,35.6371],[6.23178,35.63665],[6.23147,35.63626],[6.231,35.63582],[6.23104,35.63537],[6.23075,35.63508],[6.23082,35.63457],[6.23026,35.63399],[6.22993,35.63342],[6.2297,35.63268],[6.22955,35.63238],[6.22807,35.63121],[6.2277,35.63071],[6.22652,35.62991]],[[6.21189,35.62301],[6.21165,35.62308],[6.21128,35.62307],[6.21088,35.62317],[6.2102,35.62352],[6.20993,35.62372],[6.20989,35.62398],[6.20976,35.62422],[6.20973,35.62445],[6.20955,35.62463],[6.20944,35.62489],[6.20946,35.62515],[6.20975,35.62576],[6.2098,35.62602],[6.20972,35.62628],[6.20939,35.62676],[6.20945,35.62704],[6.20936,35.62775],[6.20976,35.62802],[6.21051,35.62828],[6.21117,35.62835],[6.21146,35.62844],[6.21182,35.62864],[6.21212,35.62885],[6.2122,35.62918],[6.21215,35.62951],[6.21229,35.62957],[6.21251,35.62978],[6.21316,35.6298]],[[6.20058,35.63185],[6.20074,35.63149],[6.20091,35.63128],[6.20094,35.63094],[6.20081,35.6306],[6.20086,35.63023],[6.20081,35.62971],[6.20086,35.62906],[6.20094,35.62885],[6.20127,35.62839],[6.2014,35.62813],[6.20191,35.6278],[6.20233,35.62765],[6.20287,35.62761],[6.20335,35.62768],[6.20503,35.62773],[6.20546,35.62768],[6.20571,35.6277],[6.20596,35.62781],[6.20613,35.62795],[6.20621,35.62815],[6.20613,35.62833],[6.20593,35.6286],[6.20611,35.62893],[6.20636,35.62917],[6.2067,35.62939],[6.20705,35.62984]],[[6.20384,35.63347],[6.20385,35.63296],[6.20414,35.63259],[6.20421,35.63214],[6.2045,35.63152],[6.20469,35.63136],[6.20487,35.63091],[6.20513,35.63075],[6.20556,35.63029],[6.20603,35.63007],[6.20664,35.62988],[6.2071,35.62989],[6.20758,35.63003],[6.20781,35.63004],[6.2084,35.6303],[6.2086,35.63045],[6.20902,35.63046],[6.20996,35.63061],[6.21114,35.63064],[6.21159,35.6309],[6.21184,35.6309],[6.21214,35.63083],[6.21245,35.63062],[6.21274,35.63017],[6.21315,35.62988],[6.21342,35.62996],[6.21379,35.62995],[6.21433,35.62981],[6.21487,35.62947],[6.21562,35.62911],[6.21607,35.62931],[6.2166,35.62943],[6.21701,35.6297],[6.21727,35.63016],[6.21821,35.63032],[6.21902,35.63026]],[[6.19799,35.64304],[6.1989,35.64277],[6.19909,35.6425],[6.20098,35.64122],[6.2017,35.64107],[6.20211,35.64059],[6.20229,35.64018],[6.20232,35.63978],[6.20248,35.63935],[6.20272,35.63898],[6.20305,35.63827],[6.20299,35.6379],[6.20305,35.63746],[6.20331,35.63655],[6.20369,35.6362],[6.20394,35.63566],[6.20468,35.63564],[6.20497,35.63534],[6.20529,35.63473],[6.20526,35.63424],[6.20537,35.63369],[6.20571,35.63321],[6.20576,35.63255],[6.20596,35.63222],[6.20627,35.6319],[6.20681,35.63156],[6.20712,35.63128],[6.20769,35.63092],[6.2082,35.63072],[6.2086,35.63049]],[[6.23194,35.63202],[6.23159,35.63216],[6.23046,35.63221],[6.22964,35.63251]],[[6.20021,35.63289],[6.20057,35.63216],[6.20063,35.63187]],[[6.20021,35.63289],[6.20021,35.63289]],[[6.19804,35.63446],[6.19857,35.63415],[6.19916,35.63371],[6.19963,35.63358],[6.19986,35.63345],[6.19991,35.63304],[6.20021,35.63289]],[[6.1943,35.64041],[6.19479,35.64],[6.19492,35.6397],[6.19517,35.63941],[6.19528,35.63872],[6.19591,35.63802],[6.19585,35.63738],[6.19625,35.63721],[6.19648,35.63703],[6.19668,35.63674],[6.19695,35.63664],[6.19736,35.63674],[6.19751,35.63691],[6.19784,35.6368],[6.1982,35.63684],[6.19931,35.6368],[6.20042,35.63626],[6.20087,35.6359],[6.201,35.63558],[6.20101,35.63532],[6.20076,35.63488],[6.20076,35.63457],[6.20082,35.6343],[6.2008,35.63399],[6.20056,35.63374],[6.20049,35.63339],[6.20021,35.63289]],[[6.2333,35.63476],[6.23254,35.63469],[6.2309,35.63422],[6.23055,35.63426]],[[6.17862,35.63785],[6.17878,35.63772],[6.17909,35.63729],[6.17965,35.63705],[6.18011,35.63671],[6.18041,35.63658],[6.18066,35.63627],[6.18106,35.63604],[6.18131,35.63579],[6.18163,35.63563],[6.18199,35.63521],[6.18256,35.63443],[6.18275,35.63428],[6.18318,35.63411],[6.18343,35.63383],[6.18372,35.63338],[6.18409,35.6333]],[[6.21212,35.63888],[6.21289,35.63854],[6.21328,35.63791],[6.21334,35.63766],[6.21311,35.63747],[6.21317,35.63717],[6.21336,35.63704],[6.2136,35.63675],[6.2132,35.63619],[6.21333,35.63593],[6.21352,35.63514],[6.21302,35.63491],[6.2128,35.63451]],[[6.21383,35.64645],[6.21414,35.64564],[6.2142,35.64527],[6.21412,35.64485],[6.21415,35.64399],[6.21458,35.64362],[6.21443,35.64326],[6.21469,35.64298],[6.21519,35.64194],[6.21579,35.64125],[6.21594,35.64092],[6.21586,35.64054],[6.21585,35.64018],[6.21603,35.63968],[6.21625,35.63936],[6.21656,35.63903],[6.21727,35.63859],[6.21751,35.6383],[6.21795,35.63806],[6.21887,35.63769],[6.22037,35.63767],[6.22109,35.63755],[6.22223,35.63722],[6.2227,35.63702],[6.2231,35.63681],[6.22372,35.63627],[6.22396,35.63592],[6.22463,35.63533]],[[6.18958,35.63524],[6.18864,35.63517],[6.18729,35.63516],[6.18703,35.63524],[6.18615,35.6353]],[[6.19243,35.63462],[6.19289,35.63497],[6.19336,35.63516],[6.1951,35.63651],[6.19556,35.63667],[6.19665,35.63675]],[[6.23626,35.64291],[6.23559,35.6426],[6.23499,35.64262],[6.23453,35.64253],[6.23384,35.64207],[6.23344,35.64202],[6.23293,35.64159],[6.23236,35.64147],[6.23215,35.64127],[6.23131,35.6411],[6.23101,35.64093],[6.23072,35.64058],[6.23055,35.64014],[6.23031,35.63991],[6.22992,35.63968],[6.22914,35.639],[6.22824,35.63839],[6.22771,35.63829],[6.22744,35.63811],[6.22694,35.63799],[6.22671,35.63781]],[[6.18868,35.63773],[6.1872,35.63766],[6.18687,35.63759],[6.18633,35.6376]],[[6.18284,35.63996],[6.18306,35.63972],[6.18406,35.63894],[6.18446,35.63887],[6.18561,35.6382],[6.18619,35.63773]],[[6.22933,35.64666],[6.229,35.64646],[6.22822,35.64623],[6.22795,35.64591],[6.22744,35.64482],[6.22711,35.6443],[6.2273,35.64412],[6.22822,35.64292],[6.22842,35.64239],[6.22854,35.64164],[6.22871,35.64129],[6.2288,35.64082],[6.2287,35.64033],[6.22913,35.6399],[6.22926,35.63961],[6.22932,35.63927]],[[6.20869,35.64466],[6.2082,35.6441],[6.20815,35.64359],[6.20802,35.64329],[6.20768,35.64309],[6.20771,35.64281],[6.20748,35.64218],[6.20746,35.64147],[6.20739,35.64092],[6.20769,35.64012]],[[6.23626,35.64287],[6.23626,35.64291]],[[6.23792,35.64331],[6.23733,35.64322],[6.23626,35.64291]],[[6.21313,35.6447],[6.21361,35.64416],[6.21408,35.64393]],[[6.23626,35.64291],[6.23625,35.64317],[6.23619,35.64338],[6.23629,35.64354],[6.2367,35.64414],[6.23706,35.64443],[6.2374,35.64461]],[[6.22505,35.64648],[6.22524,35.64626],[6.22566,35.64606],[6.22637,35.64555],[6.22686,35.64494],[6.22711,35.64438]],[[6.22933,35.64666],[6.22933,35.64666]],[[6.22938,35.64669],[6.22933,35.64666]],[[6.23657,35.65354],[6.2361,35.65319],[6.23574,35.65305],[6.23525,35.6527],[6.23523,35.65239],[6.23513,35.65208],[6.23497,35.65182],[6.23386,35.65124],[6.23335,35.65103],[6.23262,35.65014],[6.23198,35.64954],[6.23115,35.64854],[6.2308,35.6483],[6.23021,35.64776],[6.2303,35.64747],[6.23003,35.64741],[6.22944,35.64684],[6.22933,35.64666]],[[6.22643,35.62947],[6.22627,35.62954],[6.22555,35.62964],[6.22421,35.6297],[6.22293,35.62982],[6.22245,35.62994],[6.22211,35.62976],[6.22145,35.63005],[6.22045,35.63035],[6.21989,35.63039],[6.21953,35.63021],[6.21918,35.63026],[6.21866,35.63074],[6.2185,35.63115],[6.2183,35.63113],[6.21774,35.63121],[6.21729,35.63152],[6.2169,35.63147],[6.21652,35.63163],[6.21639,35.63221],[6.21605,35.63268],[6.21525,35.63322],[6.21477,35.63374],[6.21406,35.63403],[6.21314,35.63408],[6.21299,35.63428],[6.21266,35.63456],[6.21242,35.63489],[6.21216,35.63513],[6.21098,35.63518],[6.21072,35.63536],[6.21047,35.63571],[6.21004,35.63614],[6.2097,35.63662],[6.20951,35.63699],[6.20859,35.63761],[6.20868,35.63822],[6.20844,35.63844],[6.2082,35.63877],[6.20804,35.63931],[6.20757,35.64024],[6.20712,35.64048],[6.20676,35.64088],[6.20668,35.64124],[6.20639,35.64171],[6.20624,35.64208],[6.20579,35.64245],[6.20559,35.64272],[6.20563,35.64293],[6.20537,35.64325],[6.2047,35.64436],[6.20476,35.64476],[6.20462,35.6453],[6.20461,35.64572],[6.20418,35.64608]],[[6.23563,35.64872],[6.23512,35.64885],[6.234,35.64876],[6.23254,35.64898],[6.23209,35.64894],[6.23147,35.64877]],[[6.23729,35.65164],[6.2371,35.65161],[6.23674,35.65165],[6.23562,35.65189],[6.2352,35.65203]]]}},{"type":"Feature","properties":{},"geometry":{"type":"MultiLineString","coordinates":[[[6.26627,35.61537],[6.26561,35.61511],[6.26486,35.61498],[6.26389,35.61496],[6.2635,35.61526],[6.26274,35.61542],[6.26235,35.61582],[6.26195,35.61577],[6.26169,35.61612],[6.25987,35.61797],[6.25978,35.61835],[6.25946,35.61904],[6.25879,35.61956],[6.25862,35.61999],[6.25815,35.62031],[6.2575,35.62026],[6.25692,35.61998],[6.25582,35.61978],[6.25445,35.62027],[6.25252,35.62071],[6.25166,35.62125]],[[6.24068,35.62928],[6.24069,35.62928]],[[6.25166,35.62125],[6.24995,35.62092],[6.24916,35.6209],[6.24838,35.62099],[6.24702,35.62136],[6.24545,35.62201],[6.24476,35.6225],[6.24435,35.62339],[6.24429,35.62381],[6.24459,35.62435],[6.24457,35.6249],[6.24409,35.62553],[6.24329,35.62621],[6.2425,35.62719],[6.24204,35.62759],[6.24173,35.62783],[6.24145,35.62798],[6.24089,35.62817],[6.24077,35.62849],[6.24074,35.62911],[6.24068,35.62928]],[[6.23835,35.62841],[6.23845,35.62872],[6.2395,35.62919],[6.24044,35.62931],[6.24068,35.62928]],[[6.25166,35.62125],[6.25098,35.62136],[6.24978,35.62111],[6.24918,35.62128],[6.24857,35.62173],[6.24774,35.62221],[6.24721,35.6228],[6.24694,35.62345],[6.24563,35.6256],[6.24556,35.62609],[6.24578,35.62664],[6.24609,35.62707],[6.24591,35.62766],[6.246,35.62804],[6.24626,35.62851],[6.2459,35.62878],[6.24591,35.62925],[6.24572,35.63006],[6.24571,35.63041],[6.24468,35.6305]],[[6.23451,35.63125],[6.23502,35.63179],[6.2354,35.6321],[6.23562,35.63237],[6.23598,35.63266],[6.23655,35.63282],[6.23695,35.63281],[6.23734,35.63269],[6.23769,35.63266],[6.23817,35.63278]],[[6.23876,35.63418],[6.23876,35.63419]],[[6.24068,35.62928],[6.24035,35.62982],[6.24002,35.63009],[6.23964,35.63022],[6.23957,35.63052],[6.23935,35.63081],[6.23892,35.63108],[6.23823,35.6318],[6.23812,35.63214],[6.23814,35.63239],[6.23829,35.63267],[6.23828,35.63286],[6.23876,35.63419]],[[6.23876,35.63419],[6.23906,35.63442],[6.23926,35.63437],[6.23961,35.63435],[6.23998,35.63442],[6.24089,35.63491],[6.24167,35.63509]],[[6.23876,35.63419],[6.23906,35.63516],[6.23909,35.63638],[6.23919,35.63669],[6.2395,35.63703],[6.23977,35.63793],[6.24001,35.63836],[6.24031,35.63914],[6.24057,35.63954],[6.24068,35.63983],[6.241,35.64009]],[[6.241,35.64006],[6.241,35.64009]],[[6.241,35.64009],[6.24147,35.64024],[6.24206,35.64063]],[[6.241,35.64009],[6.24101,35.64088],[6.24097,35.64103]]]}},{"type":"Feature","properties":{},"geometry":{"type":"MultiLineString","coordinates":[[[6.17742,35.61917],[6.17802,35.61917],[6.17864,35.61841],[6.17895,35.61823],[6.17944,35.61817],[6.17993,35.61834],[6.18109,35.61812],[6.18136,35.61821],[6.18148,35.61864],[6.18223,35.61846],[6.18246,35.61855],[6.18254,35.61875],[6.1824,35.61897],[6.18261,35.61915]],[[6.15342,35.60609],[6.15306,35.60641],[6.15221,35.60768],[6.15135,35.60832],[6.15071,35.60909],[6.15054,35.60947],[6.15055,35.60987],[6.15042,35.61041],[6.15032,35.61142],[6.15016,35.61181],[6.14982,35.61233],[6.14923,35.61343]],[[6.13712,35.61482],[6.1375,35.61479],[6.13866,35.61512],[6.13965,35.61495],[6.14004,35.61482],[6.14048,35.61451],[6.141,35.6143],[6.14141,35.61424],[6.14197,35.61404],[6.14232,35.61384],[6.14287,35.61377],[6.14347,35.61377],[6.14388,35.61364],[6.14417,35.61349]],[[6.20437,35.61655],[6.20561,35.61609],[6.20698,35.61584]],[[6.15561,35.6061],[6.15547,35.6065],[6.15546,35.60674],[6.15523,35.60719],[6.15501,35.60738],[6.15465,35.60805],[6.15461,35.60857],[6.15429,35.60928],[6.1542,35.60977],[6.1539,35.61065],[6.15367,35.61164],[6.15326,35.61299],[6.15329,35.61337],[6.15323,35.61379],[6.15345,35.61411],[6.15357,35.61437],[6.15361,35.61462]],[[6.13866,35.61695],[6.13869,35.61669],[6.13889,35.61645],[6.13903,35.61617],[6.1396,35.61571],[6.14053,35.61483],[6.14086,35.61464],[6.14117,35.61434]],[[6.22648,35.60624],[6.22517,35.60661],[6.2245,35.60765],[6.22242,35.60863],[6.22121,35.60864],[6.21957,35.60974],[6.21939,35.61027],[6.21851,35.61088],[6.21768,35.61091],[6.21604,35.61151],[6.21531,35.61146],[6.21129,35.61253],[6.21068,35.61311],[6.20968,35.6136],[6.20893,35.61426],[6.20889,35.6154],[6.20934,35.61616]],[[6.22022,35.61909],[6.22082,35.6185],[6.22109,35.61815],[6.22136,35.61772],[6.2214,35.61719],[6.22174,35.61671]],[[6.2084,35.6181],[6.20815,35.61785],[6.20741,35.61727],[6.2073,35.61698]],[[6.21268,35.60757],[6.21197,35.60889],[6.21024,35.60997],[6.20952,35.61004],[6.20799,35.61207],[6.20826,35.61336],[6.20801,35.61374],[6.20807,35.61513],[6.207,35.61582],[6.20733,35.617]],[[6.21729,35.61855],[6.21735,35.61797],[6.21732,35.61761],[6.2172,35.61725]],[[6.16057,35.60615],[6.16021,35.60647],[6.15975,35.60679],[6.15915,35.60746],[6.15891,35.6078],[6.15896,35.60799],[6.15887,35.60824],[6.15853,35.6087],[6.15858,35.6091],[6.15829,35.6095],[6.15805,35.6097],[6.15776,35.61063],[6.15772,35.61128],[6.15751,35.61171],[6.15727,35.61193],[6.15688,35.61264],[6.15697,35.613],[6.15689,35.61339],[6.15684,35.61419],[6.15662,35.61451],[6.15666,35.6147],[6.1569,35.61492],[6.15684,35.61544],[6.15661,35.61587]],[[6.14783,35.61844],[6.14995,35.61884],[6.15049,35.61888],[6.15083,35.61882],[6.15135,35.61854],[6.15174,35.61842],[6.15202,35.61845],[6.15232,35.6184],[6.15294,35.61821],[6.15335,35.6182],[6.15385,35.61809],[6.15445,35.61777],[6.15467,35.61771],[6.15503,35.61772],[6.15542,35.61766],[6.15574,35.61753],[6.15581,35.61742],[6.15642,35.61709],[6.15706,35.61655]],[[6.14727,35.61277],[6.14789,35.61261],[6.1484,35.61261],[6.14866,35.6127],[6.1489,35.613],[6.14908,35.61334],[6.14935,35.61363],[6.14965,35.61368],[6.15079,35.61338],[6.15104,35.61353],[6.15086,35.61375],[6.15133,35.61379],[6.15188,35.61398],[6.15193,35.61423],[6.15175,35.61448],[6.15263,35.6151],[6.15308,35.61509],[6.15328,35.61482],[6.15356,35.61461],[6.15379,35.61478],[6.15419,35.61494],[6.15475,35.61496],[6.15539,35.61555],[6.15583,35.61573],[6.15659,35.61587],[6.15706,35.61593],[6.15753,35.61593],[6.15807,35.61634],[6.15832,35.61663]],[[6.13281,35.62347],[6.133,35.62373],[6.13335,35.6239],[6.1333,35.62419],[6.13316,35.6245],[6.13348,35.62458],[6.13367,35.62472],[6.13402,35.62489],[6.13481,35.62505],[6.1351,35.62516],[6.13672,35.62536],[6.13783,35.62533],[6.13879,35.62523],[6.13934,35.62535],[6.14028,35.62541],[6.14127,35.62515],[6.14175,35.62493],[6.14271,35.62429],[6.14344,35.62372],[6.14349,35.62337],[6.1437,35.62303],[6.14392,35.62277],[6.1447,35.62141],[6.145,35.62114],[6.14529,35.6208],[6.14564,35.62065],[6.14595,35.62034],[6.1461,35.61967],[6.14668,35.619],[6.14816,35.61823],[6.14838,35.61796],[6.14854,35.61765],[6.14876,35.61745],[6.14926,35.61727],[6.1498,35.61709],[6.15025,35.61705],[6.15148,35.61678],[6.15245,35.61644],[6.1533,35.61668],[6.15481,35.61668],[6.15588,35.61622],[6.15648,35.61611],[6.15681,35.61633],[6.15691,35.61645],[6.15715,35.61651],[6.15904,35.61673],[6.16006,35.61696],[6.16046,35.61713],[6.16096,35.61726],[6.16226,35.61754],[6.16262,35.61757],[6.1632,35.61751],[6.16343,35.61743],[6.16396,35.61718],[6.16405,35.6169]],[[6.16164,35.60971],[6.1615,35.60995],[6.16129,35.61103],[6.16084,35.61221],[6.16081,35.61266],[6.16067,35.61297],[6.16044,35.61323],[6.16033,35.61392],[6.16051,35.61439],[6.16052,35.61476],[6.16033,35.61514],[6.16039,35.61523],[6.1605,35.61586],[6.16067,35.61647],[6.1609,35.61657],[6.16098,35.61678],[6.1609,35.61721]],[[6.16405,35.6169],[6.16429,35.61682],[6.16456,35.61684],[6.16477,35.61699],[6.16519,35.61742],[6.16554,35.61755],[6.16604,35.61752],[6.16637,35.6176]],[[6.16637,35.6176],[6.16686,35.61773],[6.16724,35.61774],[6.16761,35.6177],[6.16823,35.61752],[6.16844,35.61762],[6.16852,35.61779],[6.16854,35.618],[6.16877,35.61815],[6.16922,35.61803],[6.1695,35.61788],[6.17021,35.61785]],[[6.17021,35.61785],[6.17046,35.61794]],[[6.17046,35.61794],[6.17208,35.61796],[6.17298,35.61805],[6.17356,35.61836],[6.17394,35.61849]],[[6.17046,35.61794],[6.17088,35.6182],[6.17024,35.61874]],[[6.17394,35.61849],[6.17485,35.61872],[6.17522,35.6187],[6.17566,35.6188],[6.17646,35.61911],[6.17687,35.61917],[6.17742,35.61917]]]}},{"type":"Feature","properties":{},"geometry":{"type":"MultiLineString","coordinates":[[[5.98596,35.63578],[5.98547,35.6356],[5.98501,35.63493],[5.98499,35.63418],[5.98476,35.63273],[5.98298,35.63021],[5.98207,35.62901],[5.98168,35.62783],[5.98186,35.62697],[5.98213,35.626],[5.98166,35.62458],[5.98197,35.62396],[5.98122,35.62225],[5.981,35.62029],[5.98041,35.61824],[5.9806,35.61707],[5.98065,35.61573],[5.98045,35.61455],[5.98135,35.61121],[5.98375,35.60864]],[[5.97916,35.63294],[5.97902,35.63191],[5.97937,35.63118],[5.97946,35.63066],[5.97921,35.62974],[5.97926,35.62751],[5.97899,35.62706],[5.97791,35.62598],[5.97735,35.62473],[5.97652,35.62385],[5.97598,35.62287],[5.97526,35.62188],[5.9754,35.62089],[5.97458,35.61981],[5.97368,35.61799],[5.97234,35.61731]],[[5.9886,35.63666],[5.98754,35.6353],[5.98724,35.63314],[5.98732,35.6324],[5.98684,35.63101],[5.98579,35.62969],[5.98482,35.62869],[5.98456,35.62669],[5.98493,35.62556],[5.98524,35.6238],[5.98595,35.62276],[5.98629,35.62265],[5.98665,35.62208],[5.98769,35.61983]],[[5.97916,35.63294],[5.97821,35.63245],[5.97758,35.63199],[5.97685,35.63218],[5.97687,35.63162],[5.97665,35.63079],[5.97664,35.62997],[5.97645,35.62941],[5.9769,35.62904],[5.97685,35.62845],[5.97632,35.62705],[5.97528,35.62617],[5.97449,35.62598],[5.97337,35.6253],[5.97175,35.6242],[5.97119,35.62181]],[[5.98931,35.63687],[5.99132,35.63438],[5.99152,35.63289],[5.99203,35.63224],[5.99192,35.6311],[5.99347,35.62965],[5.99393,35.62868],[5.99355,35.62754],[5.99357,35.62683],[5.99381,35.62566],[5.99357,35.62421],[5.99215,35.62241]],[[5.98898,35.63667],[5.9893,35.63593],[5.9899,35.63517],[5.98971,35.63391],[5.98938,35.63253],[5.98895,35.63111],[5.98828,35.6298]],[[5.98711,35.63683],[5.98621,35.637],[5.98513,35.63682],[5.98459,35.63608],[5.98443,35.63551],[5.98332,35.63519],[5.98288,35.63539],[5.98268,35.635],[5.98178,35.63498],[5.98079,35.6346],[5.98031,35.634],[5.97956,35.63383],[5.97916,35.63294]],[[5.98816,35.63669],[5.98719,35.63588],[5.98596,35.63578]],[[5.98711,35.63683],[5.98701,35.63666],[5.98627,35.6359],[5.98596,35.63578]],[[5.95707,35.66101],[5.95772,35.66114],[5.95864,35.66064],[5.9593,35.66012],[5.95995,35.6602],[5.96122,35.65991],[5.9631,35.6596],[5.96353,35.65976],[5.96552,35.65946],[5.96797,35.65864],[5.96992,35.65754],[5.97082,35.65742],[5.97149,35.65699],[5.97184,35.65621],[5.9726,35.65599],[5.97358,35.65484],[5.97483,35.65426],[5.97571,35.65375],[5.97767,35.65351],[5.97914,35.65354],[5.97944,35.65323],[5.98022,35.65272],[5.98051,35.65258],[5.98106,35.65241],[5.98212,35.65191],[5.98287,35.6519],[5.98396,35.65175],[5.9847,35.65112],[5.98469,35.65051],[5.9849,35.64869],[5.98443,35.6478],[5.98431,35.64627],[5.98481,35.64554],[5.98564,35.64451],[5.98612,35.64326],[5.98657,35.6428],[5.98719,35.64258],[5.98748,35.64241],[5.98739,35.64191],[5.98769,35.64171],[5.98804,35.64089],[5.98869,35.64076],[5.98907,35.64024],[5.98851,35.63982],[5.98874,35.63868],[5.98873,35.63794],[5.98846,35.63752],[5.98885,35.63748],[5.98937,35.63711],[5.98898,35.63667]],[[5.98898,35.63667],[5.98759,35.63674],[5.98711,35.63683]],[[5.98715,35.6369],[5.98711,35.63683]]]}},{"type":"Feature","properties":{},"geometry":{"type":"MultiLineString","coordinates":[[[6.03385,35.60381],[6.03326,35.60133],[6.03357,35.60057],[6.03414,35.59973],[6.03401,35.59662],[6.03329,35.59645],[6.03107,35.59534],[6.02967,35.59416]],[[6.03364,35.60454],[6.03282,35.60376],[6.03222,35.60366],[6.03121,35.60272],[6.02868,35.60093],[6.02824,35.60033],[6.02833,35.59977],[6.02759,35.59946],[6.0267,35.59923],[6.02596,35.59857],[6.02344,35.59668]],[[6.03385,35.60381],[6.0345,35.6033],[6.03502,35.60282],[6.03597,35.60228],[6.03749,35.60205],[6.03823,35.6016],[6.03944,35.60096],[6.04063,35.60096],[6.04153,35.60089],[6.04455,35.59996],[6.04589,35.59982],[6.04749,35.59942],[6.04893,35.59934],[6.05058,35.59935]],[[6.00857,35.64749],[6.00793,35.64652],[6.00763,35.64498],[6.00795,35.6442],[6.00849,35.64318],[6.00792,35.64111],[6.00802,35.63935],[6.00777,35.63837],[6.00698,35.63812],[6.00686,35.6375],[6.0063,35.63713],[6.00594,35.63706],[6.00507,35.63631],[6.00387,35.63575],[6.0029,35.63561],[6.00113,35.63489],[6.00003,35.63436],[5.99888,35.63448],[5.99802,35.63419],[5.99726,35.63341],[5.99726,35.63144],[5.99766,35.63039],[5.99794,35.62887],[5.99736,35.62703],[5.99788,35.62658],[5.99769,35.62578],[5.99797,35.62502],[5.99806,35.62364],[5.99826,35.62303],[5.99837,35.62206],[5.99912,35.6212],[5.99907,35.62061],[5.99867,35.61981],[5.99919,35.61935],[5.99985,35.61913],[6.00092,35.61834],[6.00134,35.6177],[6.00203,35.61654],[6.00239,35.61458],[6.00243,35.6137],[6.00192,35.61266],[6.00199,35.61193],[6.00107,35.61041],[6.00087,35.60922],[6.00074,35.60784],[6.00093,35.60652],[6.0008,35.60508],[6.00023,35.6041],[5.99985,35.60367],[5.99894,35.60292],[5.99779,35.60207],[5.99565,35.60148],[5.99362,35.59996]],[[6.03364,35.60454],[6.03385,35.60381]],[[6.03436,35.60922],[6.03408,35.60817],[6.03411,35.60752],[6.0343,35.60623],[6.03423,35.60511],[6.03364,35.60454]],[[6.03436,35.60922],[6.03537,35.60897],[6.03631,35.6089],[6.03742,35.60893],[6.0383,35.60857],[6.04079,35.60731],[6.04133,35.60623],[6.04204,35.60563]],[[6.03436,35.60922],[6.03399,35.60926],[6.03315,35.60856],[6.03181,35.60797],[6.03092,35.60765],[6.02811,35.6077],[6.02578,35.60747]],[[6.00857,35.64749],[6.0087,35.64704],[6.00933,35.64667],[6.01019,35.64666],[6.01078,35.64632],[6.01215,35.6463],[6.01267,35.64602],[6.01268,35.64569],[6.01313,35.64515],[6.01482,35.6451],[6.01564,35.64439],[6.01647,35.64432],[6.01745,35.64431],[6.01812,35.64354],[6.01852,35.64261],[6.01873,35.64082],[6.01796,35.63924],[6.0173,35.63855],[6.01625,35.63776],[6.01594,35.63734],[6.01618,35.63661],[6.016,35.63581],[6.01586,35.63469],[6.01621,35.63309],[6.01641,35.63262],[6.01692,35.63222],[6.01712,35.63185],[6.01764,35.63139],[6.01754,35.63021],[6.0169,35.6289],[6.01625,35.62797],[6.0153,35.62745],[6.0151,35.62701],[6.01517,35.62615],[6.01478,35.62506],[6.01367,35.62306],[6.01388,35.62216],[6.014,35.62089],[6.01474,35.62027],[6.01453,35.61912],[6.01413,35.61825],[6.01487,35.61692],[6.015,35.61633],[6.01443,35.61606],[6.01424,35.61532],[6.01436,35.615],[6.01509,35.61478],[6.01511,35.61428],[6.01443,35.61309],[6.01419,35.61194],[6.01418,35.61129],[6.0151,35.61049],[6.01587,35.61013],[6.01685,35.60995],[6.01797,35.61],[6.01842,35.60948],[6.01988,35.60887],[6.0204,35.60842]],[[6.02972,35.63072],[6.03134,35.62976],[6.03188,35.62895],[6.03234,35.62896],[6.03265,35.62841],[6.03319,35.62836],[6.03415,35.62871],[6.03515,35.628],[6.03607,35.62758],[6.03648,35.62715],[6.03635,35.62662],[6.03687,35.62622],[6.03655,35.62607],[6.03685,35.62478],[6.03705,35.62434],[6.03679,35.62363],[6.03706,35.62217],[6.03709,35.6212],[6.03622,35.61939],[6.03632,35.61883],[6.03652,35.61831],[6.03625,35.61783],[6.03611,35.61656],[6.03554,35.61637],[6.03564,35.61585],[6.03509,35.61513],[6.03441,35.61385],[6.03451,35.61232],[6.0347,35.61194],[6.03462,35.61124],[6.03427,35.6109],[6.0344,35.60938],[6.03436,35.60922]],[[5.98143,35.66754],[5.98233,35.66668],[5.98306,35.66644],[5.98351,35.66595],[5.98384,35.66487],[5.98431,35.66476],[5.98494,35.66434],[5.98515,35.66358],[5.98506,35.66305],[5.98622,35.66176],[5.98692,35.66151],[5.98719,35.66102],[5.98805,35.66018],[5.9904,35.65883],[5.99152,35.65786],[5.99224,35.65779],[5.99296,35.65696],[5.99376,35.65683],[5.99441,35.65679],[5.99486,35.65727],[5.99551,35.6572],[5.99659,35.65722],[5.99762,35.65649],[5.99844,35.65577],[5.99921,35.65535],[5.99979,35.65522],[6.00021,35.65476],[6.00112,35.65434],[6.00117,35.65399],[6.00197,35.65369],[6.00197,35.65275],[6.00257,35.65214],[6.00269,35.65103],[6.00289,35.65027],[6.00337,35.65011],[6.00467,35.64984],[6.00584,35.64946],[6.00808,35.64828],[6.0085,35.64771],[6.00857,35.64749]]]}},{"type":"Feature","properties":{},"geometry":{"type":"MultiLineString","coordinates":[[[6.06529,35.60699],[6.06498,35.60554],[6.06519,35.6047],[6.06526,35.60382],[6.06635,35.60346],[6.0672,35.60295],[6.06857,35.60293]],[[6.06529,35.60699],[6.06414,35.60659],[6.05977,35.60398]],[[6.04713,35.62221],[6.04739,35.62104],[6.04742,35.62019],[6.04664,35.61911],[6.04603,35.61792],[6.04578,35.6168],[6.04574,35.61521],[6.04552,35.61418],[6.04595,35.61322],[6.04676,35.61274],[6.04695,35.61154],[6.04756,35.6097],[6.04866,35.60814],[6.05004,35.60691],[6.05107,35.60617],[6.05227,35.60573],[6.05434,35.60528]],[[6.06474,35.61012],[6.06551,35.60976],[6.06582,35.6093],[6.06554,35.60897],[6.06573,35.60865],[6.06597,35.60798],[6.06529,35.60699]],[[6.06474,35.61012],[6.06435,35.60971],[6.06354,35.60913],[6.06261,35.60893],[6.06143,35.60881],[6.06037,35.60814]],[[6.06783,35.6161],[6.06914,35.61549],[6.06898,35.6149],[6.06914,35.61338],[6.06973,35.61192],[6.07152,35.61032],[6.07206,35.60939]],[[6.0758,35.61592],[6.07616,35.6159],[6.07671,35.61562],[6.07683,35.61518],[6.07707,35.61468],[6.07705,35.6141],[6.0779,35.61256],[6.07807,35.61174],[6.07931,35.6113],[6.07994,35.61093],[6.08094,35.61013],[6.08349,35.61028]],[[6.06395,35.61314],[6.06406,35.61296],[6.06484,35.61236],[6.06497,35.6118],[6.06482,35.61098],[6.06474,35.61012]],[[6.08046,35.61767],[6.08081,35.6176],[6.081,35.61725],[6.08201,35.61716],[6.08298,35.61727],[6.08428,35.61727],[6.08538,35.61665],[6.08608,35.61608],[6.08644,35.61509],[6.08718,35.61458],[6.08816,35.61431],[6.08893,35.61388],[6.08936,35.61313],[6.08977,35.61264],[6.09073,35.61205]],[[6.06395,35.61314],[6.06354,35.61295],[6.06159,35.61134]],[[6.09207,35.62316],[6.09273,35.62323],[6.09335,35.62319],[6.09366,35.62255],[6.09403,35.62215],[6.09483,35.62093],[6.0954,35.62024],[6.09831,35.61834],[6.09956,35.61761],[6.10009,35.6168],[6.10011,35.61539],[6.10059,35.61408],[6.10166,35.61319],[6.10297,35.61278],[6.1052,35.61287]],[[6.07466,35.61581],[6.07527,35.61503],[6.07524,35.61379],[6.07488,35.61302],[6.07417,35.61262],[6.07281,35.61232]],[[6.05644,35.61859],[6.05615,35.6182],[6.05642,35.61771],[6.05663,35.61689],[6.05705,35.61629],[6.05689,35.61478],[6.0569,35.61346],[6.05623,35.61215]],[[6.06395,35.61619],[6.06346,35.61579],[6.06319,35.61523],[6.0634,35.61426],[6.06364,35.61365],[6.06395,35.61314]],[[6.0758,35.61592],[6.07494,35.61581],[6.07466,35.61581]],[[6.08046,35.61767],[6.08053,35.6175],[6.08033,35.61703],[6.07941,35.61662],[6.07884,35.61646],[6.07794,35.61629],[6.07725,35.61645],[6.07643,35.61631],[6.07592,35.61636],[6.0758,35.61592]],[[6.07466,35.61581],[6.07429,35.61582],[6.07399,35.61617],[6.07372,35.61657],[6.07332,35.61686],[6.07261,35.61649],[6.07035,35.61628],[6.06923,35.61635],[6.06783,35.6161]],[[6.06783,35.6161],[6.06737,35.61604],[6.06569,35.61564],[6.06505,35.61557],[6.06421,35.61578],[6.06395,35.61619]],[[6.09207,35.62316],[6.09195,35.62295],[6.09125,35.62252],[6.08953,35.6213],[6.08892,35.62117],[6.0885,35.62096],[6.08801,35.62144],[6.08743,35.62161],[6.08704,35.62148],[6.08672,35.62027],[6.08608,35.6201],[6.08475,35.61998],[6.08204,35.61948],[6.08169,35.61912],[6.08185,35.61868],[6.08169,35.61826],[6.08115,35.61813],[6.08085,35.61848],[6.08038,35.61847],[6.08029,35.61811],[6.08046,35.61767]],[[6.0959,35.62516],[6.09711,35.62466],[6.0977,35.62415],[6.09869,35.62373],[6.09946,35.62331],[6.10018,35.6233],[6.10121,35.62282],[6.10207,35.62178],[6.10314,35.62122],[6.10391,35.62089],[6.10535,35.62086],[6.10625,35.62074],[6.10663,35.62022],[6.10737,35.61971],[6.10853,35.61847]],[[6.06395,35.61619],[6.06374,35.61695],[6.06461,35.61767],[6.06385,35.61771],[6.06327,35.61808],[6.06221,35.61835],[6.0574,35.61811],[6.05644,35.61859]],[[6.0959,35.62516],[6.09437,35.62471],[6.09364,35.62417],[6.09243,35.62381],[6.09207,35.62316]],[[6.05644,35.61859],[6.05589,35.61911],[6.05549,35.61915],[6.05525,35.6188],[6.05487,35.61846],[6.05432,35.61863],[6.05347,35.61928],[6.0518,35.61956],[6.0512,35.62022],[6.04997,35.6204],[6.04927,35.62077],[6.04847,35.62107],[6.04801,35.62182],[6.04713,35.62221]],[[6.09955,35.62931],[6.10037,35.62894],[6.10085,35.62881],[6.10149,35.62894],[6.10179,35.62868],[6.10245,35.62843],[6.10372,35.62808],[6.10443,35.62831],[6.10499,35.62867],[6.10532,35.62847],[6.10596,35.62881],[6.10702,35.62837],[6.10771,35.62818],[6.10883,35.62809],[6.10981,35.62794],[6.11115,35.62659],[6.11168,35.62589],[6.11212,35.62576],[6.1128,35.62566],[6.11412,35.62507],[6.11492,35.625],[6.11624,35.6243],[6.11761,35.62401]],[[6.09697,35.62685],[6.09645,35.62609],[6.0959,35.62516]],[[6.09697,35.62685],[6.1008,35.62704],[6.10252,35.62723],[6.10318,35.62716],[6.10387,35.62694],[6.10465,35.62631],[6.10591,35.62625]],[[6.09955,35.62931],[6.09915,35.62903],[6.09822,35.6288],[6.09763,35.62829],[6.0971,35.62704],[6.09697,35.62685]],[[6.04713,35.62221],[6.04658,35.62264],[6.04581,35.62309],[6.04524,35.62275],[6.04456,35.62271],[6.04409,35.62275],[6.04361,35.62298],[6.04293,35.62296],[6.04266,35.62334],[6.04227,35.62344],[6.04164,35.62375],[6.04159,35.62428],[6.04114,35.62459],[6.04029,35.62436],[6.03952,35.62464],[6.03911,35.62513],[6.03902,35.6256],[6.03834,35.62655],[6.03648,35.62715]],[[6.11765,35.63012],[6.11639,35.63003],[6.11334,35.63075],[6.11199,35.63113],[6.11124,35.63197],[6.1101,35.63288],[6.10895,35.63273],[6.10756,35.63247],[6.10694,35.63245],[6.10552,35.63189],[6.10369,35.63187],[6.10223,35.6314],[6.10099,35.63072],[6.09987,35.62996],[6.09971,35.62943],[6.09955,35.62931]]]}},{"type":"Feature","properties":{},"geometry":{"type":"MultiLineString","coordinates":[[[6.22428,35.60333],[6.22388,35.60314],[6.22309,35.60307],[6.2221,35.60266],[6.22202,35.60181],[6.22183,35.60113],[6.22203,35.60042],[6.22041,35.59933],[6.21944,35.59837],[6.21711,35.59711],[6.21655,35.59651],[6.21654,35.59585],[6.21529,35.59532],[6.21261,35.59297],[6.21221,35.59205],[6.21139,35.59159],[6.21089,35.59149],[6.20974,35.59143],[6.20939,35.59119],[6.20755,35.59026],[6.20659,35.58995],[6.20633,35.5883],[6.20551,35.5879],[6.20504,35.58691],[6.20419,35.5866],[6.20208,35.5862],[6.20136,35.5853],[6.20088,35.5845],[6.19927,35.58434],[6.19851,35.58335],[6.19775,35.58266],[6.1969,35.58217],[6.19533,35.58072],[6.19457,35.58073],[6.19304,35.57923],[6.19223,35.57889],[6.19188,35.57853],[6.19063,35.57829],[6.18972,35.57871],[6.18904,35.57858],[6.18551,35.57667],[6.18446,35.57583],[6.18384,35.57484],[6.18335,35.5744],[6.18184,35.57207],[6.17931,35.56877]],[[6.2243,35.6034],[6.22428,35.60333]],[[6.30078,35.6428],[6.30008,35.64208],[6.29966,35.64178],[6.29901,35.64188],[6.29797,35.64177],[6.29725,35.64175],[6.29667,35.64195],[6.29224,35.63991],[6.292,35.63931],[6.292,35.63849],[6.29179,35.63825],[6.29156,35.63748],[6.29075,35.63708],[6.29033,35.63666],[6.2901,35.63601],[6.28953,35.63585],[6.28926,35.63523],[6.28887,35.63519],[6.28836,35.63532],[6.2879,35.63511],[6.28681,35.63335],[6.28447,35.63221],[6.28443,35.63115],[6.28487,35.63098],[6.28495,35.63081],[6.28391,35.63049],[6.2835,35.63001],[6.28311,35.62971],[6.28214,35.62986],[6.28185,35.62968],[6.28159,35.62909],[6.28158,35.62809],[6.28181,35.62765],[6.28125,35.62638],[6.2812,35.62573],[6.28072,35.62501],[6.28031,35.6243],[6.27942,35.62407],[6.27832,35.62361],[6.27794,35.62292],[6.27755,35.6218],[6.27778,35.62136],[6.27754,35.62088],[6.2766,35.62016],[6.27556,35.61996],[6.27482,35.61962],[6.2744,35.6192],[6.27406,35.61854],[6.27267,35.61813],[6.27044,35.6182],[6.2698,35.618],[6.26923,35.61761],[6.26896,35.61713],[6.26906,35.61643],[6.26846,35.61598],[6.26774,35.61593],[6.26672,35.61635],[6.26633,35.61607],[6.26624,35.61557],[6.26643,35.61428],[6.26641,35.61378],[6.26622,35.61313],[6.2658,35.61265],[6.26575,35.61221],[6.26555,35.61171],[6.26368,35.61161],[6.26306,35.61186],[6.26301,35.61238],[6.26257,35.61258],[6.2621,35.61248],[6.26169,35.61194],[6.2616,35.61135],[6.26115,35.61078],[6.26033,35.61077],[6.25958,35.61043],[6.25917,35.60983],[6.25846,35.60955],[6.25546,35.60889],[6.25508,35.60841],[6.25414,35.60754],[6.25135,35.60698],[6.25027,35.60695],[6.24898,35.60672],[6.24809,35.60646],[6.24704,35.60573],[6.24673,35.60525],[6.24601,35.60518],[6.24532,35.60534],[6.2452,35.60592],[6.24471,35.60632],[6.2437,35.60645],[6.24061,35.60632],[6.23989,35.60633],[6.23938,35.60647],[6.23881,35.60651],[6.23846,35.60621],[6.23792,35.60623],[6.23737,35.60645],[6.23728,35.60701],[6.23669,35.60743],[6.23578,35.60777],[6.23533,35.60814],[6.23503,35.60848],[6.23424,35.60846],[6.23304,35.60794],[6.23146,35.6077],[6.23072,35.60736],[6.22998,35.60684],[6.22903,35.60605],[6.22817,35.60509],[6.2274,35.60446],[6.22569,35.60389],[6.22501,35.60381],[6.22466,35.60351],[6.22428,35.60333]]]}},{"type":"Feature","properties":{},"geometry":{"type":"MultiLineString","coordinates":[[[6.19414,35.58031],[6.19357,35.58035],[6.19311,35.58104],[6.19118,35.58139],[6.18953,35.58209],[6.189,35.5833],[6.18866,35.58352]],[[6.18866,35.58352],[6.18738,35.58435],[6.18583,35.58479],[6.18576,35.58545],[6.18526,35.58619],[6.184,35.58639]],[[6.184,35.58639],[6.18141,35.58664]],[[6.19865,35.58353],[6.19747,35.58473],[6.19617,35.5856],[6.19549,35.58625],[6.19529,35.58712],[6.1952,35.58871]],[[6.184,35.58639],[6.18346,35.58679],[6.1833,35.58824],[6.18306,35.5891],[6.18251,35.59027]],[[6.20896,35.59097],[6.2086,35.59141],[6.20559,35.59285],[6.20467,35.59269],[6.20398,35.59282],[6.20105,35.59219],[6.20064,35.59218],[6.19897,35.5929],[6.19782,35.59329],[6.19647,35.59354],[6.19469,35.59355],[6.19382,35.59367],[6.19221,35.59353],[6.19125,35.59356]],[[6.18866,35.58352],[6.18864,35.58393],[6.18808,35.5851],[6.18756,35.58528],[6.18682,35.58571],[6.18664,35.58605],[6.1872,35.58659],[6.18732,35.5873],[6.18566,35.58945],[6.18486,35.59069],[6.18286,35.59305],[6.1811,35.59433]],[[6.18141,35.58664],[6.18102,35.58667],[6.18024,35.58689],[6.18027,35.5874],[6.17947,35.5884],[6.17869,35.59026],[6.17757,35.59071],[6.17567,35.59137],[6.17455,35.59185],[6.17434,35.5924],[6.17256,35.594],[6.17168,35.59441],[6.16936,35.59483]],[[6.20193,35.58601],[6.20167,35.58614],[6.20107,35.58683],[6.20079,35.58778],[6.20012,35.58849],[6.19936,35.58856],[6.1991,35.58903],[6.1972,35.58943],[6.19648,35.58939],[6.19582,35.58971],[6.19493,35.5905],[6.19445,35.59058],[6.19352,35.59055],[6.19341,35.59083],[6.19271,35.59101],[6.19104,35.59092],[6.18938,35.59208],[6.18897,35.5921],[6.1883,35.5927],[6.18775,35.59367],[6.18766,35.59418],[6.1872,35.59456],[6.18675,35.59561],[6.1858,35.59618],[6.18527,35.59673],[6.18385,35.5972]],[[6.17352,35.59979],[6.17221,35.59992],[6.1703,35.59953],[6.16887,35.59841]],[[6.18141,35.58664],[6.18127,35.58735],[6.18061,35.58776],[6.18054,35.58851],[6.1799,35.58931],[6.17972,35.5904],[6.1798,35.59127],[6.17958,35.59166],[6.17935,35.59224],[6.17951,35.59258],[6.17939,35.59317],[6.17857,35.59584],[6.17872,35.59649],[6.17766,35.59745],[6.17686,35.5976],[6.17667,35.5981],[6.17552,35.59855],[6.17506,35.59913],[6.17352,35.59979]],[[6.18385,35.5972],[6.18354,35.59722],[6.1827,35.59759],[6.1821,35.59808],[6.18104,35.59882],[6.18047,35.59945],[6.17987,35.6],[6.17984,35.60072]],[[6.20997,35.59144],[6.20989,35.59186],[6.20657,35.59436],[6.20436,35.59493],[6.20131,35.59556],[6.19863,35.59569],[6.19754,35.59553],[6.19489,35.59552],[6.19249,35.59535],[6.19136,35.59547],[6.19012,35.59538],[6.18868,35.59546],[6.18791,35.59578],[6.18745,35.59633],[6.18735,35.59703],[6.18681,35.59789],[6.18628,35.59922],[6.1866,35.60004],[6.18719,35.60073],[6.18776,35.60105],[6.18903,35.60105]],[[6.17352,35.59979],[6.17362,35.60005],[6.17304,35.60082]],[[6.17304,35.60082],[6.17176,35.6011]],[[6.17176,35.6011],[6.17096,35.60134],[6.16983,35.60129],[6.16917,35.60161],[6.16779,35.60175],[6.1675,35.60196],[6.16685,35.60209],[6.1664,35.60208],[6.16597,35.60176],[6.16549,35.60155],[6.16509,35.60129],[6.16389,35.60115]],[[6.18385,35.5972],[6.18357,35.59815],[6.18387,35.59933],[6.18381,35.60031],[6.18358,35.6009],[6.18265,35.602]],[[6.17176,35.6011],[6.1716,35.60168],[6.17043,35.60277],[6.16971,35.60368],[6.16939,35.60494]],[[6.17304,35.60082],[6.17294,35.60159],[6.17277,35.60156],[6.17258,35.60217],[6.17226,35.60258],[6.17227,35.60317],[6.1727,35.60374],[6.17226,35.6053]]]}},{"type":"Feature","properties":{},"geometry":{"type":"MultiLineString","coordinates":[[[6.06116,35.51923],[6.06068,35.51938],[6.05936,35.52001]],[[6.02273,35.5054],[6.02254,35.50665],[6.02333,35.50725],[6.02377,35.50828],[6.02364,35.50918],[6.02389,35.51017],[6.024,35.51111],[6.02454,35.51206],[6.0247,35.51301],[6.02434,35.51378],[6.02367,35.51498],[6.02369,35.51584],[6.0239,35.5164],[6.02392,35.51734],[6.02364,35.51843],[6.02371,35.5191],[6.02425,35.51989],[6.02495,35.5205],[6.02535,35.52129]],[[6.04371,35.52339],[6.04306,35.52341],[6.04192,35.52307],[6.03911,35.52261]],[[6.05936,35.52001],[6.05674,35.52077],[6.05376,35.52246],[6.05181,35.52198],[6.0495,35.52236],[6.04884,35.52195],[6.04773,35.5222],[6.04643,35.52232],[6.04595,35.52243],[6.0457,35.52266],[6.04492,35.52283],[6.04447,35.52357],[6.04371,35.52339]],[[6.0434,35.52503],[6.04207,35.52554],[6.04035,35.52546],[6.03758,35.52512],[6.03474,35.52415]],[[6.04371,35.52339],[6.04326,35.52377],[6.04361,35.52464],[6.0434,35.52503]],[[6.0434,35.52503],[6.04325,35.52531]],[[6.04325,35.52531],[6.04279,35.52615],[6.04198,35.52742]],[[6.04198,35.52742],[6.04116,35.52807],[6.03982,35.52807],[6.03806,35.5276],[6.03601,35.52747]],[[6.04325,35.52531],[6.04407,35.52583],[6.04533,35.52672],[6.0464,35.52761],[6.04754,35.52783],[6.04748,35.52818]],[[6.04198,35.52742],[6.04199,35.52859]],[[6.04199,35.52859],[6.04314,35.52894],[6.04422,35.52959],[6.04539,35.53041],[6.04676,35.53099]],[[6.05936,35.52001],[6.05891,35.52114],[6.0594,35.52224],[6.05889,35.52294],[6.05843,35.52387],[6.05759,35.52432],[6.05753,35.5249],[6.05662,35.52598],[6.05541,35.52642],[6.05532,35.52744],[6.05465,35.52742],[6.05448,35.52835],[6.0526,35.52995],[6.05253,35.53038],[6.05176,35.53052],[6.05073,35.53116],[6.04831,35.53165]],[[6.0749,35.52501],[6.07523,35.52777],[6.07478,35.5283],[6.07491,35.52991],[6.07437,35.53151],[6.07353,35.53243],[6.07347,35.53384],[6.07275,35.53519],[6.07167,35.53606],[6.07071,35.53608],[6.06955,35.53644],[6.06788,35.53613],[6.06659,35.5361],[6.06581,35.53622]],[[6.06581,35.53622],[6.06518,35.53594],[6.06403,35.53584],[6.0609,35.53623],[6.05947,35.53608]],[[6.04199,35.52859],[6.042,35.52927],[6.04162,35.52941],[6.04071,35.53053],[6.04009,35.53306],[6.04024,35.5342],[6.04153,35.53576],[6.04202,35.53659],[6.04277,35.5372],[6.04299,35.53779]],[[6.06581,35.53622],[6.06548,35.53627],[6.06522,35.53661],[6.06404,35.53764],[6.06085,35.53835],[6.05947,35.53937],[6.05825,35.53993],[6.05701,35.53978],[6.05501,35.53946],[6.05376,35.53943],[6.05217,35.53963],[6.05116,35.5396],[6.05046,35.53919],[6.04946,35.53905],[6.04806,35.53933],[6.04679,35.53871],[6.04445,35.53834]],[[6.0806,35.525],[6.08042,35.52601],[6.081,35.52728],[6.08074,35.52778],[6.08113,35.52889],[6.08168,35.52957],[6.08187,35.53114],[6.08235,35.53225],[6.08227,35.5344],[6.08217,35.53471],[6.08145,35.53587],[6.08142,35.53673],[6.08026,35.53831],[6.07861,35.53902],[6.0778,35.54001],[6.07673,35.54046],[6.07588,35.54161],[6.07552,35.54227],[6.07474,35.54268],[6.07435,35.54401],[6.07394,35.5447],[6.0735,35.545],[6.07272,35.54538],[6.07187,35.54504],[6.07082,35.5449],[6.06959,35.54436],[6.06911,35.54454],[6.0684,35.54414],[6.06735,35.54411],[6.06666,35.54445],[6.06609,35.54435]],[[6.06609,35.54435],[6.06599,35.54509],[6.06526,35.54558],[6.06363,35.5468],[6.06313,35.54745],[6.06221,35.5477],[6.06047,35.54923],[6.06044,35.55009],[6.0591,35.55147],[6.05794,35.55285],[6.05773,35.55351],[6.05681,35.5551],[6.05602,35.55555],[6.05431,35.55782],[6.05368,35.55788],[6.05164,35.55877],[6.05093,35.55958],[6.04929,35.5613]],[[6.06609,35.54435],[6.06561,35.54446],[6.0647,35.54432],[6.06455,35.54455],[6.06418,35.54415],[6.06379,35.54442],[6.06259,35.5445],[6.06183,35.54437],[6.0607,35.54505],[6.05986,35.54565],[6.05865,35.54601],[6.05795,35.5467],[6.05575,35.54649],[6.05365,35.54773],[6.05271,35.54842],[6.0517,35.54847],[6.0504,35.54883],[6.04975,35.5494],[6.04864,35.54957],[6.04745,35.5495],[6.04698,35.55039],[6.04643,35.55116],[6.04521,35.55156],[6.04413,35.55099],[6.04414,35.55193],[6.04307,35.55253],[6.04284,35.55346],[6.04214,35.55439],[6.0422,35.55517],[6.04177,35.55661],[6.04125,35.55773],[6.0413,35.55895],[6.0406,35.55964],[6.04062,35.56046],[6.04093,35.56117],[6.04144,35.56279]]]}},{"type":"Feature","properties":{},"geometry":{"type":"MultiLineString","coordinates":[[[6.1131,35.56795],[6.11286,35.56794],[6.11209,35.56742],[6.1112,35.5674],[6.11038,35.56727],[6.10947,35.56691],[6.10891,35.56695],[6.10848,35.56658],[6.1077,35.56644],[6.10696,35.56581]],[[6.11559,35.56924],[6.11537,35.56884],[6.11453,35.56829],[6.11379,35.56797],[6.1131,35.56795]],[[6.14062,35.55671],[6.1401,35.5576],[6.13933,35.55811],[6.13788,35.55943],[6.13708,35.55955],[6.13659,35.55982],[6.13651,35.56035],[6.13601,35.56076],[6.13514,35.56107],[6.13459,35.5612],[6.13406,35.56149],[6.13337,35.56153],[6.13319,35.56175],[6.13222,35.56212],[6.13058,35.56194],[6.13026,35.56233],[6.12944,35.56315],[6.1296,35.56352],[6.12974,35.56428],[6.12937,35.565],[6.12815,35.56646],[6.12719,35.56747],[6.12711,35.56772],[6.12628,35.56804],[6.1255,35.56843]],[[6.1255,35.56843],[6.12516,35.5686],[6.12427,35.56855],[6.12265,35.56877],[6.12175,35.56894],[6.12116,35.56921],[6.11926,35.56941],[6.11813,35.56925],[6.1181,35.56936],[6.11759,35.56921],[6.11666,35.56932],[6.11559,35.56924]],[[6.1131,35.56795],[6.11289,35.5682],[6.11218,35.56871],[6.11099,35.56944],[6.10944,35.56963]],[[6.11559,35.56924],[6.11477,35.56925],[6.11395,35.56912],[6.11309,35.56918],[6.11219,35.5695],[6.11138,35.57007]],[[6.1255,35.56843],[6.12556,35.56884],[6.12437,35.57049],[6.1237,35.57095],[6.12328,35.57131],[6.12224,35.57164],[6.12139,35.57219]]]}},{"type":"Feature","properties":{},"geometry":{"type":"LineString","coordinates":[[6.18568,35.54119],[6.18534,35.54149],[6.18343,35.54216],[6.18125,35.54432],[6.179,35.54601],[6.17982,35.54673],[6.18004,35.54711],[6.17625,35.55022],[6.17299,35.553],[6.17147,35.55364],[6.17103,35.55393],[6.17075,35.55451],[6.16919,35.55725],[6.16877,35.55806],[6.16925,35.55836],[6.16943,35.55891]]}},{"type":"Feature","properties":{},"geometry":{"type":"LineString","coordinates":[[6.18544,35.53933],[6.18421,35.53917],[6.18337,35.53888],[6.18211,35.53879],[6.18136,35.53885],[6.17998,35.53926],[6.17928,35.53958],[6.17845,35.53967],[6.1775,35.53969],[6.17724,35.53981],[6.17706,35.54039],[6.17727,35.54116],[6.17698,35.54262],[6.17606,35.54329],[6.17526,35.54405],[6.1752,35.54439],[6.17581,35.54516],[6.17585,35.54562],[6.17495,35.54705],[6.17413,35.54779],[6.17299,35.54871],[6.17241,35.54965],[6.17154,35.55028],[6.17089,35.55037],[6.16942,35.55136],[6.16845,35.55189],[6.16823,35.55222],[6.16745,35.55308],[6.16683,35.5541],[6.1663,35.55436],[6.16561,35.55434],[6.16502,35.55425],[6.16451,35.55396],[6.16359,35.55388],[6.16289,35.55397],[6.16185,35.55432],[6.16041,35.555],[6.15993,35.55547],[6.15995,35.5557],[6.16007,35.55609]]}},{"type":"Feature","properties":{},"geometry":{"type":"MultiLineString","coordinates":[[[6.17558,35.57628],[6.1744,35.5767],[6.17289,35.57782],[6.17171,35.57813],[6.17024,35.57876],[6.17008,35.579]],[[6.17008,35.579],[6.1697,35.57951]],[[6.1697,35.57951],[6.16915,35.57969]],[[6.16342,35.58012],[6.1632,35.58],[6.16251,35.57998]],[[6.1697,35.57951],[6.16971,35.58027]],[[6.16552,35.58025],[6.16529,35.57999],[6.1645,35.58006],[6.16367,35.58026],[6.16342,35.58012]],[[6.16915,35.57969],[6.16842,35.57979],[6.1674,35.57965],[6.16711,35.58004],[6.16635,35.58024]],[[6.16635,35.58024],[6.16552,35.58025]],[[6.17008,35.579],[6.17111,35.58041],[6.17264,35.58139]],[[6.16342,35.58012],[6.16342,35.58059],[6.16296,35.581],[6.16218,35.58155]],[[6.16635,35.58024],[6.16632,35.58094],[6.16613,35.58164],[6.16551,35.58272],[6.16553,35.58308],[6.16502,35.58383]],[[6.16251,35.57998],[6.16184,35.5805],[6.16023,35.58128],[6.15998,35.5818],[6.15966,35.58208],[6.15892,35.58248],[6.15843,35.58286],[6.15788,35.58389]],[[6.17264,35.58139],[6.17257,35.5819],[6.17299,35.58259],[6.17292,35.58365],[6.17214,35.5845]],[[6.16251,35.57998],[6.16197,35.57983],[6.16108,35.57981],[6.1606,35.57963],[6.15992,35.57953],[6.15908,35.57996],[6.15759,35.58133],[6.15747,35.58183],[6.1569,35.58232],[6.15596,35.58277],[6.15576,35.58361],[6.1554,35.58414]],[[6.17264,35.58139],[6.17283,35.58152],[6.17371,35.58168],[6.17415,35.58194],[6.1754,35.58346],[6.17528,35.58385],[6.17455,35.5848]],[[6.16218,35.58155],[6.16149,35.58173],[6.16086,35.58205],[6.16035,35.58277],[6.15936,35.58378],[6.15867,35.58477]],[[6.16971,35.58027],[6.16961,35.5811],[6.16886,35.58398],[6.16873,35.58563]],[[6.16218,35.58155],[6.16206,35.58205],[6.16135,35.58268],[6.16012,35.58548]],[[6.16915,35.57969],[6.16841,35.58113],[6.16768,35.58148],[6.16714,35.58222],[6.16714,35.58318],[6.16746,35.58386],[6.16767,35.58468],[6.16763,35.58588]],[[6.16502,35.58383],[6.16437,35.58477],[6.16439,35.58513],[6.16431,35.5855],[6.16387,35.58635],[6.16354,35.58677]],[[6.16552,35.58025],[6.16514,35.58055],[6.16413,35.58092],[6.1637,35.58141],[6.16388,35.58204],[6.16338,35.58253],[6.16347,35.58301],[6.16321,35.58367],[6.16338,35.5846],[6.16267,35.58537],[6.16213,35.58693]],[[6.16354,35.58677],[6.16297,35.58748]],[[6.17455,35.5848],[6.17475,35.58529],[6.17465,35.58717],[6.17482,35.58815]],[[6.17455,35.5848],[6.17442,35.58498],[6.17329,35.58576],[6.1728,35.58721],[6.17242,35.58807],[6.17176,35.58842]],[[6.15788,35.58389],[6.1577,35.58503],[6.15679,35.58633],[6.15656,35.58722],[6.15591,35.5881],[6.156,35.58855]],[[6.16354,35.58677],[6.16469,35.58872],[6.16514,35.589],[6.16506,35.58986],[6.16549,35.59054]],[[6.16297,35.58748],[6.16222,35.58831],[6.16212,35.58903],[6.16179,35.58981],[6.16099,35.58999],[6.15985,35.59013],[6.15923,35.59097]],[[6.156,35.58855],[6.1564,35.5896],[6.15663,35.59087],[6.15718,35.59181]],[[6.156,35.58855],[6.1559,35.58931],[6.15594,35.59012],[6.15573,35.59127],[6.15512,35.59204]],[[6.16971,35.58027],[6.17084,35.58133],[6.17098,35.58321],[6.17093,35.58467],[6.17069,35.58556],[6.17047,35.58606],[6.17039,35.58738],[6.17003,35.58776],[6.16933,35.58915],[6.16845,35.59061],[6.16807,35.5908],[6.16787,35.59161],[6.16815,35.59229],[6.16869,35.59272],[6.1692,35.59293]],[[6.16297,35.58748],[6.16297,35.58838],[6.16277,35.58925],[6.16271,35.58992],[6.1631,35.59066],[6.1631,35.59144],[6.16252,35.59235],[6.16234,35.59369],[6.16245,35.5944]],[[6.15923,35.59097],[6.15906,35.59221],[6.15945,35.59287],[6.16001,35.59347],[6.16025,35.59451]],[[6.16502,35.58383],[6.16551,35.58451],[6.16544,35.58468],[6.16675,35.58645],[6.16677,35.58867],[6.16696,35.58926],[6.16662,35.59001],[6.16684,35.59058],[6.16693,35.59209],[6.16641,35.59314],[6.16534,35.59506],[6.16493,35.59611],[6.16477,35.59681],[6.16436,35.59758]],[[6.15788,35.58389],[6.15732,35.58404],[6.15692,35.5847],[6.15588,35.58611],[6.15514,35.58646],[6.15478,35.5869],[6.15422,35.58725],[6.15371,35.58825],[6.15321,35.58958],[6.15233,35.59029],[6.15178,35.59036],[6.15121,35.59091],[6.15105,35.59152],[6.15112,35.59234],[6.15068,35.59311],[6.1504,35.59338],[6.15015,35.59447],[6.15038,35.59594],[6.1504,35.59734]],[[6.15923,35.59097],[6.15823,35.59222],[6.15825,35.59278],[6.15715,35.59467],[6.15706,35.59522],[6.15663,35.59597],[6.15674,35.5967],[6.15714,35.598]]]}},{"type":"Feature","properties":{},"geometry":{"type":"MultiLineString","coordinates":[[[6.17931,35.56877],[6.17743,35.56954],[6.17709,35.56977],[6.17674,35.56983],[6.1758,35.57038],[6.17558,35.57075],[6.17488,35.57049],[6.17346,35.57042],[6.17199,35.57069],[6.17125,35.57028],[6.17042,35.57006],[6.16992,35.56967],[6.1698,35.56932],[6.16921,35.56926],[6.16849,35.56904],[6.16746,35.56917],[6.16322,35.57],[6.16233,35.57073],[6.16135,35.57088],[6.15991,35.5712],[6.15901,35.57155],[6.15726,35.57206],[6.15634,35.57239],[6.15621,35.57251]],[[6.15621,35.57251],[6.15586,35.57287],[6.15574,35.57331],[6.15543,35.57372],[6.15453,35.57389],[6.1542,35.57411],[6.15322,35.57435],[6.15261,35.57489],[6.15189,35.57531]],[[6.15189,35.57531],[6.15065,35.57521],[6.15019,35.57529],[6.14972,35.57557],[6.14907,35.57582],[6.14851,35.57616],[6.14822,35.57608]],[[6.15621,35.57251],[6.15537,35.57237],[6.15504,35.57256],[6.15381,35.57288],[6.1529,35.57264],[6.1522,35.57256],[6.15079,35.57299],[6.14729,35.5735],[6.14575,35.57351],[6.14511,35.57341],[6.14367,35.5728],[6.14297,35.57274],[6.14251,35.57284],[6.1422,35.57309],[6.14169,35.57315],[6.14126,35.57312],[6.14079,35.57346],[6.1389,35.57407],[6.1354,35.57617],[6.13399,35.57711],[6.13129,35.57872],[6.13011,35.57867],[6.12898,35.5793],[6.1284,35.57955],[6.12776,35.57952],[6.12697,35.57954],[6.12528,35.57928],[6.12421,35.57829],[6.12109,35.57737],[6.11903,35.57618],[6.11869,35.57588]],[[6.15189,35.57531],[6.15098,35.57567],[6.15031,35.5767]],[[6.15189,35.57531],[6.15293,35.57536],[6.15339,35.5759],[6.15316,35.5764],[6.15375,35.57723]],[[6.15031,35.5767],[6.14888,35.57823]],[[6.14287,35.58094],[6.14495,35.57991],[6.14637,35.57953],[6.14864,35.57849],[6.14888,35.57823]],[[6.14888,35.57823],[6.14843,35.57926]],[[6.14843,35.57926],[6.14816,35.57951]],[[6.14822,35.57608],[6.14708,35.57651],[6.14645,35.57702],[6.1459,35.57704],[6.1451,35.5773],[6.14467,35.57768],[6.14225,35.57819],[6.1408,35.57863],[6.13992,35.57909],[6.13883,35.57984],[6.13819,35.58042],[6.13764,35.58052]],[[6.15031,35.5767],[6.14496,35.57959],[6.14293,35.58006],[6.1416,35.58081],[6.1406,35.58074],[6.13935,35.58087],[6.13842,35.58136]],[[6.15375,35.57723],[6.15424,35.57788],[6.15456,35.57859],[6.15423,35.57934],[6.15354,35.58031],[6.15342,35.58075],[6.15262,35.58213]],[[6.13842,35.58136],[6.13702,35.58148],[6.13627,35.58241]],[[6.14843,35.57926],[6.14872,35.57971],[6.14919,35.58088],[6.1492,35.58175],[6.14879,35.58258],[6.14891,35.58271]],[[6.14816,35.57951],[6.14819,35.58012],[6.14814,35.58065],[6.14767,35.58118],[6.14752,35.58162],[6.14764,35.58216],[6.14717,35.58285],[6.14712,35.58335],[6.14699,35.58388],[6.14667,35.58432],[6.14647,35.58516]],[[6.15375,35.57723],[6.15308,35.57777],[6.15231,35.5782],[6.15228,35.57904],[6.15166,35.58093],[6.15073,35.58217],[6.1506,35.58282],[6.15059,35.58329],[6.15032,35.58393],[6.14989,35.58445],[6.14952,35.58523],[6.14947,35.58579]],[[6.14287,35.58094],[6.14284,35.58182],[6.14343,35.58366],[6.14327,35.58531],[6.14328,35.58579]],[[6.14816,35.57951],[6.14723,35.58024],[6.146,35.58181],[6.1449,35.58305],[6.14435,35.58382],[6.14328,35.58579]],[[6.13627,35.58241],[6.1357,35.583],[6.13554,35.5835],[6.13566,35.58414],[6.13664,35.58647],[6.13652,35.58683],[6.136,35.58704]],[[6.11858,35.59075],[6.11728,35.59026],[6.11502,35.58923],[6.11401,35.58916],[6.11163,35.58879],[6.11083,35.58834],[6.10926,35.58791],[6.1076,35.58725],[6.10631,35.58721]],[[6.14891,35.58271],[6.1474,35.58397],[6.14748,35.58459],[6.14732,35.58546],[6.14681,35.58615],[6.14642,35.5876],[6.1461,35.58784],[6.14608,35.58837],[6.14576,35.58873],[6.14413,35.58917]],[[6.14328,35.58579],[6.1433,35.58727],[6.14294,35.58796],[6.14298,35.58853],[6.14264,35.58953]],[[6.14264,35.58953],[6.14274,35.58988]],[[6.14891,35.58271],[6.14902,35.58283],[6.14897,35.58342],[6.14874,35.58392],[6.1491,35.58452],[6.14882,35.58561],[6.14872,35.58653],[6.14857,35.58692],[6.14909,35.58777],[6.14954,35.58868],[6.15043,35.58974],[6.15042,35.59078]],[[6.14822,35.57608],[6.14776,35.5762],[6.14684,35.5762],[6.14563,35.576],[6.14529,35.57584],[6.14444,35.57617],[6.14255,35.57764],[6.14181,35.57791],[6.14051,35.57804],[6.13997,35.57827],[6.13962,35.57819],[6.13907,35.57838],[6.13856,35.57843],[6.13833,35.57867],[6.13784,35.5789],[6.13757,35.57894],[6.13708,35.57915],[6.13654,35.57916],[6.13617,35.57957],[6.1359,35.57969],[6.1358,35.57949],[6.13548,35.57939],[6.13528,35.5795],[6.13506,35.57974],[6.1342,35.57958],[6.13357,35.57972],[6.13334,35.57954],[6.13307,35.57954],[6.13284,35.57982],[6.13263,35.58043],[6.13221,35.58082],[6.13189,35.5809],[6.13142,35.58111],[6.13122,35.58145],[6.13115,35.5818],[6.13094,35.58182],[6.13071,35.58199],[6.13044,35.58205],[6.13049,35.58232],[6.13005,35.58257],[6.12975,35.58252],[6.12915,35.58288],[6.12893,35.58279],[6.12839,35.58275],[6.12836,35.58308],[6.12797,35.58329],[6.12767,35.58326],[6.12763,35.58304],[6.12725,35.58312],[6.12703,35.58402],[6.12666,35.58373],[6.12589,35.58375],[6.12491,35.58436],[6.12419,35.5843],[6.12432,35.58462],[6.12389,35.58473],[6.12383,35.58484],[6.12359,35.58495],[6.12338,35.58538],[6.12236,35.58579],[6.12192,35.58601],[6.12173,35.58589],[6.12054,35.587],[6.12071,35.58778],[6.12075,35.58935],[6.11968,35.58976],[6.11923,35.5903],[6.11858,35.59075]],[[6.14287,35.58094],[6.14215,35.58131],[6.14109,35.58416],[6.14015,35.58529],[6.13947,35.58642],[6.13927,35.58845],[6.13857,35.59021],[6.13822,35.59143]],[[6.14274,35.58988],[6.14266,35.59101],[6.14276,35.59197],[6.1429,35.59276]],[[6.13627,35.58241],[6.13342,35.58293],[6.13171,35.58386],[6.13128,35.58519],[6.13157,35.58637],[6.13209,35.58669],[6.1324,35.58995],[6.13236,35.59266]],[[6.11858,35.59075],[6.11809,35.59109],[6.11673,35.59172],[6.11617,35.59283]],[[6.11617,35.59283],[6.11585,35.59347],[6.11492,35.59407]],[[6.13842,35.58136],[6.13838,35.58194],[6.13785,35.58229],[6.1373,35.58317],[6.13715,35.58452],[6.13665,35.58509],[6.13726,35.58819],[6.13773,35.58949],[6.13812,35.59006],[6.13789,35.59082],[6.1375,35.5912],[6.13699,35.59208],[6.13639,35.59336],[6.13596,35.59489]],[[6.14264,35.58953],[6.14129,35.58977],[6.14025,35.59011],[6.13971,35.59069],[6.13917,35.59163],[6.13902,35.59286],[6.1402,35.59356],[6.14089,35.59439],[6.14205,35.59537]],[[6.11492,35.59407],[6.11411,35.59382],[6.11362,35.59408],[6.11315,35.59505]],[[6.13822,35.59143],[6.13849,35.59223],[6.13856,35.5931],[6.13868,35.59375],[6.13906,35.59446],[6.13944,35.59461],[6.14004,35.59502],[6.14064,35.59562],[6.14145,35.59584]],[[6.14274,35.58988],[6.14279,35.59006],[6.14346,35.59067],[6.14385,35.59118],[6.14429,35.59133],[6.1454,35.59195],[6.14583,35.59252],[6.14614,35.59334],[6.14601,35.59421],[6.14614,35.59452],[6.14634,35.59548],[6.14632,35.59623]],[[6.13822,35.59143],[6.13813,35.59177],[6.13814,35.59339],[6.13897,35.59518],[6.13841,35.59653]],[[6.11617,35.59283],[6.1174,35.59375],[6.11823,35.59447],[6.11933,35.5947],[6.12135,35.596],[6.12233,35.59669],[6.12465,35.59745]],[[6.11492,35.59407],[6.11488,35.59447],[6.11513,35.59534],[6.11554,35.5959],[6.11668,35.59628],[6.11704,35.59711],[6.11769,35.59767],[6.12064,35.59818],[6.12466,35.59847]],[[6.11411,35.59945],[6.11417,35.59947]],[[6.11315,35.59505],[6.11305,35.59673],[6.11332,35.59834],[6.11417,35.59947]],[[6.11417,35.59947],[6.11577,35.59996],[6.1182,35.60061],[6.11879,35.60148],[6.12067,35.60251],[6.12201,35.60391],[6.12291,35.60421]],[[6.11417,35.59947],[6.11438,35.59974],[6.1144,35.60182],[6.11406,35.60318],[6.11427,35.60409],[6.11419,35.60495],[6.11349,35.60579],[6.11289,35.60633],[6.11226,35.60666]],[[6.11315,35.59505],[6.11239,35.59541],[6.11171,35.59551],[6.11063,35.59627],[6.10986,35.5975],[6.10746,35.59764],[6.10645,35.59785],[6.10443,35.59784],[6.1034,35.59837],[6.10261,35.59913],[6.10159,35.59938],[6.09963,35.59914],[6.09786,35.60043],[6.09691,35.60146],[6.09658,35.60271],[6.09648,35.60412],[6.09696,35.60679]]]}},{"type":"Feature","properties":{},"geometry":{"type":"LineString","coordinates":[[6.15551,35.55743],[6.1548,35.55766],[6.1544,35.55807],[6.15262,35.55824],[6.15198,35.55877],[6.15076,35.55912],[6.15042,35.55939],[6.15024,35.56004],[6.14951,35.56096],[6.14905,35.56175],[6.14839,35.5622],[6.14785,35.56269],[6.14598,35.56333],[6.14522,35.56429],[6.1446,35.56495],[6.14425,35.56565],[6.14374,35.56608],[6.14376,35.56657],[6.14332,35.56735],[6.14287,35.56864],[6.14266,35.56939],[6.14236,35.57002],[6.14194,35.5703],[6.14169,35.57086],[6.14135,35.57138],[6.14073,35.57203],[6.14047,35.5718],[6.13903,35.57233],[6.13774,35.57256],[6.13703,35.57314],[6.13351,35.57497],[6.13247,35.57525],[6.13185,35.5753],[6.13012,35.57495],[6.12968,35.57463],[6.1288,35.57435],[6.12791,35.57416],[6.12733,35.57409],[6.12709,35.57426],[6.12615,35.57446],[6.12502,35.57449],[6.12463,35.57479],[6.12311,35.57503],[6.1219,35.57534],[6.12025,35.57533],[6.11825,35.57607],[6.1179,35.57589],[6.11741,35.57625],[6.11665,35.57639],[6.11608,35.57631],[6.11566,35.57605],[6.11487,35.57612],[6.11423,35.57595],[6.11335,35.57584],[6.11277,35.57541],[6.11201,35.57464],[6.11133,35.57423],[6.10944,35.57419],[6.10864,35.57459],[6.10779,35.57439],[6.10659,35.57467],[6.10613,35.5747],[6.10527,35.57525],[6.10416,35.57545],[6.10331,35.57582],[6.10258,35.57578],[6.10236,35.57604],[6.10156,35.57655],[6.10111,35.57705],[6.10042,35.57754],[6.0997,35.57787],[6.09905,35.57797],[6.09806,35.57845],[6.09638,35.57943],[6.09603,35.58014],[6.09592,35.58164]]}},{"type":"Feature","properties":{},"geometry":{"type":"LineString","coordinates":[[6.17931,35.56877],[6.17723,35.56589],[6.17431,35.56319],[6.16654,35.55639],[6.16439,35.55607],[6.16122,35.55634],[6.15984,35.55604],[6.15801,35.55474],[6.1565,35.55419],[6.15518,35.55346],[6.15344,35.55263],[6.15148,35.55239],[6.15018,35.55115],[6.14919,35.55085],[6.14731,35.55112],[6.14497,35.55075],[6.144,35.54974],[6.14182,35.54899],[6.14112,35.54846],[6.14078,35.54716],[6.14008,35.54663],[6.13954,35.5469],[6.13875,35.54633],[6.13835,35.5455],[6.13753,35.54563],[6.1371,35.54562],[6.13651,35.54596],[6.13605,35.54544],[6.13529,35.54519],[6.13487,35.5449],[6.13344,35.5446],[6.13302,35.54419],[6.13226,35.5441],[6.13218,35.5437],[6.13158,35.5431],[6.13127,35.54243],[6.12971,35.54157],[6.12903,35.54179],[6.12799,35.54145],[6.12699,35.54131],[6.12632,35.54133],[6.12491,35.54173],[6.1243,35.54152],[6.1239,35.54198],[6.12377,35.54151],[6.12338,35.54165],[6.12262,35.54156],[6.12176,35.5413],[6.12011,35.54197],[6.11926,35.54163],[6.11873,35.54182],[6.1183,35.54169],[6.11757,35.54187],[6.11698,35.54248],[6.11587,35.54261],[6.11467,35.54254],[6.11322,35.54302],[6.11216,35.54299],[6.1116,35.54278],[6.11117,35.54273],[6.10916,35.54386],[6.10882,35.54389],[6.10848,35.54412],[6.10757,35.54406],[6.10713,35.54432],[6.10642,35.54415],[6.10575,35.54413],[6.10523,35.5438],[6.10521,35.54431],[6.10439,35.54449],[6.10381,35.54467],[6.10349,35.54431],[6.10299,35.54469],[6.10241,35.54487],[6.10235,35.54518]]}},{"type":"Feature","properties":{},"geometry":{"type":"MultiLineString","coordinates":[[[6.10235,35.54518],[6.1022,35.54562],[6.10237,35.54605],[6.10236,35.54652],[6.10288,35.54657],[6.10333,35.54752],[6.10412,35.54946],[6.10473,35.54991],[6.10452,35.55041],[6.10492,35.55113],[6.10454,35.55237],[6.1044,35.55515],[6.10421,35.55628],[6.10343,35.55662],[6.10283,35.55727],[6.10234,35.5589]],[[6.10234,35.5589],[6.10236,35.55931],[6.10216,35.56014],[6.10268,35.561]],[[6.10268,35.561],[6.10211,35.56135],[6.10167,35.56215]],[[6.09882,35.56331],[6.0993,35.5633],[6.10003,35.56312],[6.10066,35.56274],[6.10098,35.56236],[6.10167,35.56215]],[[6.10268,35.561],[6.10347,35.56186],[6.10349,35.56227]],[[6.10234,35.5589],[6.10147,35.55931],[6.10011,35.55979],[6.09884,35.56043],[6.09804,35.56131],[6.09803,35.5628]],[[6.10167,35.56215],[6.1014,35.56312]],[[6.10349,35.56227],[6.10325,35.56314],[6.10236,35.56393]],[[6.10349,35.56227],[6.10351,35.56264],[6.10394,35.56319],[6.10474,35.56377],[6.105,35.56414],[6.10492,35.56453],[6.10452,35.56519],[6.10348,35.56618]]]}},{"type":"Feature","properties":{},"geometry":{"type":"MultiLineString","coordinates":[[[6.05016,35.57754],[6.05085,35.57705],[6.05147,35.57574],[6.05157,35.57437],[6.05083,35.5736],[6.05051,35.57309],[6.05044,35.57242],[6.04979,35.57178],[6.04814,35.57123],[6.04693,35.56998]],[[6.04294,35.57828],[6.04318,35.57686],[6.04323,35.57538],[6.04303,35.57314],[6.0428,35.57141],[6.04342,35.57041]],[[6.05707,35.58038],[6.05737,35.5798],[6.05748,35.57788],[6.05721,35.57736],[6.05653,35.57637],[6.05615,35.57503],[6.05552,35.57391]],[[6.06611,35.5805],[6.06608,35.58013],[6.06564,35.57914],[6.0654,35.57772],[6.06553,35.57694],[6.06483,35.57634],[6.06389,35.57455]],[[6.05016,35.57754],[6.04869,35.577],[6.04735,35.57571]],[[6.05012,35.57989],[6.05058,35.57897],[6.05075,35.57842],[6.05016,35.57754]],[[6.05012,35.57989],[6.04983,35.57988],[6.04893,35.57962],[6.04823,35.57898],[6.0477,35.57904],[6.04676,35.57851],[6.04557,35.57817],[6.0449,35.57823],[6.04412,35.57845],[6.04294,35.57828]],[[6.04294,35.57828],[6.0413,35.57818],[6.04049,35.57805],[6.03893,35.57883],[6.03577,35.57875]],[[6.05707,35.58038],[6.05557,35.58037],[6.0536,35.58029],[6.05215,35.58056],[6.05045,35.5799],[6.05012,35.57989]],[[6.06611,35.5805],[6.06396,35.58038]],[[6.07266,35.58189],[6.07187,35.58179],[6.07111,35.58154],[6.06982,35.58139],[6.06849,35.58112],[6.06769,35.58071],[6.06654,35.58052],[6.06611,35.5805]],[[6.06396,35.58038],[6.06334,35.58037],[6.06239,35.58003],[6.06051,35.58034],[6.05939,35.5807],[6.05843,35.58068],[6.05734,35.58038],[6.05707,35.58038]],[[6.0775,35.57867],[6.07629,35.58025],[6.07581,35.58032],[6.07563,35.58125],[6.07451,35.58181],[6.07306,35.58194],[6.07266,35.58189]],[[6.06396,35.58038],[6.06361,35.58093],[6.06359,35.58152],[6.06263,35.58283],[6.06154,35.58358],[6.0598,35.58534],[6.05859,35.58704],[6.05796,35.58851],[6.05819,35.58997]],[[6.07266,35.58189],[6.07214,35.58243],[6.07204,35.58388],[6.0711,35.58593],[6.06811,35.58766],[6.06667,35.589],[6.0652,35.59116]]]}},{"type":"Feature","properties":{},"geometry":{"type":"MultiLineString","coordinates":[[[6.08047,35.58271],[6.08112,35.58222],[6.08204,35.58181],[6.08363,35.58153]],[[6.08146,35.58321],[6.0822,35.58271],[6.08331,35.58247],[6.08629,35.5823]],[[6.07835,35.57775],[6.07877,35.57946],[6.07947,35.57994],[6.07969,35.58062],[6.08026,35.58188],[6.08047,35.58271]],[[6.08047,35.58271],[6.08146,35.58321]],[[6.08623,35.58756],[6.08698,35.58714],[6.08806,35.58638],[6.08975,35.58493],[6.09045,35.58409]],[[6.09083,35.59099],[6.09204,35.59048],[6.09326,35.5898],[6.09484,35.58862],[6.09591,35.58708],[6.09664,35.58534]],[[6.08746,35.58838],[6.08786,35.58791],[6.08858,35.58788],[6.08956,35.58732],[6.0908,35.58629],[6.09189,35.5853]],[[6.08146,35.58321],[6.08227,35.58468],[6.08358,35.58576],[6.08623,35.58756]],[[6.08623,35.58756],[6.08746,35.58838]],[[6.0775,35.57867],[6.07775,35.57949],[6.07735,35.57995],[6.07724,35.58171],[6.07778,35.58259],[6.07753,35.58305],[6.0778,35.58353],[6.07915,35.58458],[6.07901,35.58579],[6.0801,35.5875],[6.08057,35.58767],[6.08094,35.58811],[6.0813,35.5887],[6.08185,35.58946],[6.08181,35.59056]],[[6.08746,35.58838],[6.09,35.58999],[6.09083,35.59099]],[[6.08181,35.59056],[6.08278,35.59168],[6.08406,35.59236]],[[6.08406,35.59236],[6.08523,35.59295],[6.08616,35.59364],[6.0871,35.5941],[6.08751,35.59417]],[[6.08751,35.59417],[6.08717,35.59437]],[[6.09083,35.59099],[6.09119,35.5914],[6.09219,35.59154],[6.09353,35.59161],[6.0941,35.59186],[6.09601,35.59359],[6.09651,35.59419],[6.09635,35.59465]],[[6.08751,35.59417],[6.08868,35.59437],[6.08956,35.5951]],[[6.08956,35.5951],[6.08951,35.59559],[6.0897,35.59692],[6.08959,35.59723]],[[6.08717,35.59437],[6.08701,35.59549],[6.08698,35.59639],[6.08666,35.59732]],[[6.08956,35.5951],[6.09055,35.59551],[6.09156,35.59554],[6.09227,35.59583],[6.09253,35.5965],[6.0926,35.59725],[6.09253,35.5976]],[[6.08406,35.59236],[6.08379,35.59302],[6.08359,35.59321],[6.08372,35.59376],[6.08353,35.59505],[6.08315,35.59629],[6.08074,35.5978]],[[6.08181,35.59056],[6.07987,35.59151],[6.07945,35.59248],[6.07886,35.59278],[6.07903,35.59349],[6.07912,35.59494],[6.07887,35.59647],[6.07761,35.59816]],[[6.08959,35.59723],[6.08911,35.59859]],[[6.08959,35.59723],[6.09023,35.59807],[6.08968,35.59884],[6.0899,35.59928],[6.09004,35.60065]],[[6.09253,35.5976],[6.09302,35.59798],[6.09349,35.59941],[6.0933,35.60081]],[[6.08717,35.59437],[6.08656,35.59473],[6.08582,35.59534],[6.08538,35.59698],[6.08508,35.59861],[6.08466,35.59958],[6.08345,35.60124]],[[6.09253,35.5976],[6.09219,35.59935],[6.09269,35.60023],[6.09236,35.60128],[6.09186,35.60197],[6.09172,35.6031],[6.09036,35.60487],[6.0903,35.60644]]]}},{"type":"Feature","properties":{},"geometry":{"type":"MultiLineString","coordinates":[[[6.10235,35.54518],[6.10123,35.54582],[6.10013,35.54576],[6.09885,35.54522],[6.09771,35.54496],[6.09609,35.54472],[6.09561,35.54455],[6.09383,35.54345],[6.09259,35.54346],[6.09092,35.54322],[6.08972,35.54327],[6.0893,35.54287],[6.08814,35.54312],[6.08661,35.54308],[6.08434,35.5435],[6.0832,35.54312],[6.083,35.54339],[6.08263,35.54432],[6.08365,35.5454],[6.08343,35.54614],[6.08308,35.5464],[6.08238,35.54713],[6.08275,35.54777],[6.08134,35.54942],[6.08197,35.55077],[6.08209,35.5512],[6.08262,35.55133],[6.08418,35.55309],[6.08459,35.55389],[6.0852,35.55421],[6.08566,35.55458],[6.08529,35.55574],[6.08583,35.55646],[6.08556,35.55732],[6.08602,35.55792]],[[6.08602,35.55792],[6.08704,35.55822],[6.08786,35.5582],[6.08871,35.5585],[6.08971,35.55872],[6.09107,35.55957],[6.09235,35.55992]],[[6.09235,35.55992],[6.0925,35.55996],[6.09438,35.55998]],[[6.09438,35.55998],[6.09482,35.56]],[[6.09482,35.56],[6.09551,35.56003]],[[6.08602,35.55792],[6.08601,35.5596],[6.08522,35.56021]],[[6.09235,35.55992],[6.09275,35.56031],[6.09355,35.56092],[6.09366,35.5617]],[[6.09438,35.55998],[6.09425,35.56147],[6.09457,35.56212]],[[6.08522,35.56021],[6.08515,35.56068],[6.08452,35.5609],[6.08446,35.56145],[6.08462,35.56208],[6.08418,35.5623],[6.0838,35.56233],[6.08344,35.56252]],[[6.08344,35.56252],[6.08327,35.56261]],[[6.08204,35.57005],[6.08252,35.56982],[6.0818,35.56847],[6.08235,35.56782],[6.08218,35.56731],[6.08182,35.56679],[6.08207,35.56636],[6.0819,35.56573],[6.08254,35.56395],[6.08316,35.56267],[6.08327,35.56261]],[[6.09482,35.56],[6.09524,35.56068],[6.09591,35.56125],[6.09642,35.56306]],[[6.08522,35.56021],[6.08539,35.5608],[6.08555,35.56196],[6.08601,35.56256],[6.0876,35.56304],[6.08921,35.56334]],[[6.05087,35.56515],[6.04963,35.5646],[6.04803,35.5637]],[[6.08344,35.56252],[6.08256,35.56231],[6.07957,35.5613],[6.07795,35.56114],[6.07697,35.56162],[6.07601,35.56184],[6.07299,35.56161],[6.07231,35.56194],[6.07096,35.5621],[6.06923,35.56214],[6.06845,35.56267],[6.06725,35.56393],[6.06672,35.56408],[6.06556,35.56421],[6.06434,35.56488],[6.06333,35.5649],[6.06193,35.56522],[6.06064,35.56624],[6.05852,35.56666],[6.05704,35.56651],[6.05409,35.56694],[6.05325,35.56641],[6.05142,35.56539],[6.05087,35.56515]],[[6.05087,35.56515],[6.05022,35.56532],[6.04734,35.56556]],[[6.08857,35.56782],[6.08904,35.56801],[6.08955,35.56797],[6.09001,35.56779],[6.09036,35.56751],[6.09105,35.56736],[6.09334,35.56753],[6.09457,35.56781],[6.09481,35.56775]],[[6.08327,35.56261],[6.08362,35.56317],[6.08474,35.56446],[6.08548,35.56571],[6.08546,35.56627],[6.08606,35.56693],[6.08857,35.56782]],[[6.09481,35.56775],[6.09516,35.5685]],[[6.08204,35.57005],[6.07962,35.56984],[6.07872,35.5695],[6.07802,35.56897],[6.07606,35.56877]],[[6.09481,35.56775],[6.09554,35.56758],[6.09657,35.5675],[6.09756,35.5678],[6.0984,35.56813],[6.10006,35.56893],[6.10175,35.5695]],[[6.09516,35.5685],[6.09638,35.56973]],[[6.09516,35.5685],[6.09496,35.56942],[6.09428,35.57002]],[[6.08204,35.57005],[6.08174,35.5702],[6.08134,35.57073]],[[6.08134,35.57073],[6.08019,35.57142],[6.07883,35.57181],[6.07796,35.57191],[6.07546,35.57091]],[[6.08857,35.56782],[6.08832,35.56884],[6.08853,35.56974],[6.08885,35.57042],[6.09036,35.5713]],[[6.08134,35.57073],[6.08166,35.57098],[6.08164,35.57121]],[[6.09638,35.56973],[6.09665,35.57002],[6.09759,35.57063],[6.0978,35.57069],[6.09934,35.57177]],[[6.09428,35.57002],[6.09376,35.57043],[6.09308,35.57114],[6.09282,35.57172]],[[6.09428,35.57002],[6.09403,35.57147],[6.09427,35.57224]],[[6.08164,35.57121],[6.0816,35.57152],[6.08124,35.57195]],[[6.09638,35.56973],[6.09619,35.5706],[6.09636,35.5715],[6.09742,35.57242]],[[6.08124,35.57195],[6.08123,35.57238]],[[6.08124,35.57195],[6.07942,35.57281],[6.07719,35.57342],[6.07583,35.57253]],[[6.08164,35.57121],[6.08311,35.57157],[6.084,35.57202],[6.08619,35.5725],[6.08781,35.5727],[6.08885,35.57319],[6.09052,35.57351]],[[6.08123,35.57238],[6.08183,35.57251],[6.08291,35.57305],[6.08351,35.57365],[6.08523,35.57381]],[[6.08123,35.57238],[6.08104,35.57355],[6.0805,35.57401]],[[6.0805,35.57401],[6.08127,35.57462],[6.08217,35.57503],[6.08292,35.57528],[6.08483,35.57568],[6.08523,35.5764],[6.08593,35.57696],[6.088,35.57686],[6.0901,35.57722],[6.09186,35.57766],[6.09379,35.57864]],[[6.0805,35.57401],[6.08015,35.57443],[6.08021,35.57529],[6.07967,35.57575],[6.07949,35.57665],[6.07862,35.57698],[6.07835,35.57775],[6.07804,35.57837],[6.0775,35.57867]]]}},{"type":"Feature","properties":{},"geometry":{"type":"MultiLineString","coordinates":[[[6.03412,35.58153],[6.034,35.58129],[6.03335,35.58107],[6.03294,35.58104],[6.03124,35.5811],[6.03071,35.58101],[6.0298,35.58075],[6.02931,35.58033],[6.02892,35.57983],[6.02827,35.57971],[6.02774,35.57939],[6.02777,35.57872],[6.02769,35.57826],[6.02724,35.5775],[6.02691,35.57716],[6.02658,35.57663],[6.02635,35.57611],[6.02637,35.57562],[6.02655,35.57506],[6.02606,35.57459],[6.0255,35.57431],[6.02514,35.57402],[6.02524,35.57364],[6.02525,35.57341],[6.02475,35.57327],[6.02431,35.57328],[6.02402,35.57273],[6.02378,35.57242],[6.02316,35.57197],[6.0225,35.57123],[6.02225,35.57037],[6.0222,35.57004],[6.02192,35.5699],[6.02123,35.56978],[6.02092,35.56952],[6.02088,35.56913],[6.01898,35.56759],[6.01862,35.56717],[6.01798,35.56659],[6.01737,35.56593],[6.0173,35.56526],[6.01632,35.56446],[6.01462,35.5629],[6.01403,35.56253],[6.01353,35.56254],[6.01308,35.56271],[6.01232,35.56287],[6.01195,35.56268]],[[6.02159,35.56441],[6.0209,35.56416],[6.0205,35.56392],[6.01994,35.56388],[6.01881,35.5636],[6.01838,35.56343],[6.01788,35.56337],[6.01657,35.56282],[6.0161,35.56276],[6.01474,35.5629]],[[6.01897,35.57976],[6.01902,35.57925],[6.01931,35.57823],[6.01932,35.57712],[6.01892,35.57608],[6.01843,35.57558],[6.01842,35.57507],[6.01793,35.57462],[6.01718,35.5737],[6.01707,35.5731],[6.01693,35.57264],[6.01704,35.57225],[6.01704,35.57156],[6.01644,35.57069],[6.01613,35.56978],[6.01583,35.56924],[6.01569,35.56885],[6.01529,35.56843],[6.01512,35.56796],[6.01476,35.56749],[6.01408,35.56713],[6.01287,35.56674],[6.01259,35.56653],[6.01222,35.56647],[6.01176,35.56605],[6.01133,35.56583],[6.01122,35.56454],[6.01108,35.56407],[6.01137,35.56385],[6.0116,35.56342]],[[6.00912,35.58531],[6.00926,35.58488],[6.00919,35.58431],[6.0093,35.58308],[6.00929,35.58251],[6.00912,35.58194],[6.00936,35.58146],[6.0094,35.58043],[6.00954,35.57909],[6.00955,35.57804],[6.0096,35.57742],[6.00999,35.57707],[6.01016,35.57682],[6.01021,35.57641],[6.01051,35.5759],[6.01096,35.57555],[6.01123,35.57507],[6.01144,35.57451],[6.01164,35.57359],[6.01153,35.57214],[6.0116,35.57119],[6.01144,35.57052],[6.01101,35.57017],[6.0108,35.56988],[6.01075,35.56952],[6.01086,35.56904],[6.01078,35.5687],[6.01022,35.56768],[6.00995,35.56729],[6.00993,35.56698],[6.01004,35.56654],[6.01003,35.56598],[6.00988,35.56569],[6.00955,35.56525],[6.00953,35.56488]],[[6.02259,35.57123],[6.02331,35.5714],[6.02447,35.57156],[6.02504,35.57142],[6.02549,35.57125],[6.0257,35.57077],[6.02615,35.57044],[6.02669,35.57038],[6.02689,35.56997],[6.02734,35.56968],[6.02837,35.56921],[6.02924,35.56864],[6.02932,35.56826],[6.02968,35.56793],[6.03001,35.56745],[6.03063,35.56693],[6.03105,35.56665]],[[6.02345,35.5677],[6.02277,35.56737],[6.02227,35.56731],[6.0217,35.56714],[6.02079,35.5672],[6.01958,35.5674],[6.0192,35.56754]],[[6.00726,35.555],[6.00688,35.55506],[6.00623,35.55538],[6.00597,35.55579],[6.00554,35.55616],[6.00481,35.5563],[6.00314,35.55716],[6.00269,35.55764],[6.00223,35.55796],[6.00206,35.55842],[6.00176,35.55967],[6.00152,35.56023],[6.00111,35.56092],[6.00065,35.56145],[6.00027,35.56162],[5.99951,35.56168],[5.99928,35.56182],[5.99899,35.5622],[5.99825,35.56267],[5.99696,35.56323],[5.99575,35.56359],[5.9954,35.56392],[5.99482,35.56424],[5.99368,35.56519],[5.99348,35.56549],[5.99323,35.56613],[5.9929,35.56656],[5.99235,35.56698]],[[6.00823,35.57286],[6.00819,35.57224],[6.00833,35.57178],[6.00827,35.5709],[6.00844,35.57062],[6.00931,35.56998],[6.00939,35.56964],[6.00988,35.56904],[6.0099,35.56865],[6.00983,35.56788],[6.01009,35.56765]],[[6.0074,35.5707],[6.00741,35.57047],[6.00778,35.56981],[6.00779,35.56953],[6.00799,35.56922],[6.00843,35.56913],[6.00866,35.56898],[6.00892,35.56878],[6.00974,35.56795]],[[5.9924,35.57565],[5.99333,35.57532],[5.99498,35.57497],[5.99658,35.57432],[5.99728,35.57426],[5.99782,35.57414],[5.99845,35.57393],[5.99907,35.57356],[5.99936,35.57323],[5.99997,35.57291],[6.00043,35.57251],[6.00104,35.57227]],[[6.00183,35.57463],[6.00187,35.57448],[6.00173,35.57396],[6.00127,35.57274],[6.00126,35.57227]],[[6.02287,35.57554],[6.02362,35.57404],[6.02382,35.57376],[6.0238,35.5734],[6.0241,35.57299]],[[6.03666,35.56813],[6.03605,35.5685],[6.0346,35.56955],[6.0342,35.56997],[6.03384,35.5705],[6.03339,35.57067],[6.03271,35.57122],[6.03208,35.57203],[6.03149,35.57251],[6.0309,35.57324],[6.03063,35.57377],[6.03026,35.57428],[6.02977,35.57468],[6.02894,35.57522],[6.02847,35.57501],[6.02772,35.57488],[6.02694,35.57456],[6.02646,35.57403],[6.02533,35.57387]],[[6.03502,35.57586],[6.03475,35.57573],[6.03371,35.57547],[6.03287,35.5754],[6.03231,35.57513],[6.03179,35.5748],[6.03126,35.57459],[6.03088,35.57458],[6.03063,35.57465],[6.03003,35.57466]],[[5.99598,35.57698],[5.99612,35.57657],[5.99617,35.57598],[5.9967,35.57545],[5.99736,35.57467],[5.99778,35.57427]],[[5.9923,35.57336],[5.99242,35.57357],[5.99391,35.5741],[5.99457,35.57424],[5.99614,35.57441]],[[6.02354,35.5788],[6.02383,35.57857],[6.0241,35.57824],[6.0243,35.57781],[6.02628,35.57629]],[[6.02574,35.5832],[6.02603,35.583],[6.02645,35.58291],[6.02707,35.58215],[6.0272,35.58125],[6.02746,35.581],[6.02791,35.58006],[6.02786,35.57957]]]}},{"type":"Feature","properties":{},"geometry":{"type":"LineString","coordinates":[[6.0056,35.55042],[6.00574,35.55002]]}},{"type":"Feature","properties":{},"geometry":{"type":"MultiLineString","coordinates":[[[5.92585,35.53897],[5.92587,35.53923],[5.92607,35.53975],[5.92593,35.54016]],[[5.95041,35.53069],[5.95042,35.53133],[5.9503,35.53192],[5.95027,35.5328],[5.95038,35.53331],[5.9503,35.53367],[5.95032,35.53403],[5.95018,35.53431],[5.95014,35.53452],[5.94957,35.53548],[5.94911,35.53588],[5.94885,35.53626],[5.9485,35.53718],[5.94851,35.53769],[5.94843,35.53821],[5.94811,35.539],[5.94778,35.53953],[5.94806,35.54031],[5.94817,35.54085],[5.94809,35.54134],[5.94789,35.54164],[5.94747,35.54189],[5.94738,35.54268],[5.94711,35.54306],[5.94719,35.54353],[5.9473,35.54381],[5.94757,35.5441],[5.94804,35.54432],[5.94886,35.54514],[5.94916,35.54553],[5.9493,35.54587],[5.94948,35.54613],[5.94982,35.54627],[5.95024,35.54675],[5.95055,35.54693],[5.95066,35.54742],[5.95095,35.54795],[5.95107,35.54826]]]}},{"type":"Feature","properties":{},"geometry":{"type":"LineString","coordinates":[[5.93461,35.52056],[5.93379,35.52059]]}},{"type":"Feature","properties":{},"geometry":{"type":"LineString","coordinates":[[6.02758,35.55045],[6.0275,35.55001],[6.02734,35.54947],[6.02726,35.5489]]}},{"type":"Feature","properties":{},"geometry":{"type":"MultiLineString","coordinates":[[[6.0203,35.54881],[6.0201,35.54844]],[[6.0236,35.54832],[6.0231,35.54743],[6.02274,35.54696],[6.02212,35.54659],[6.02176,35.54617],[6.02187,35.54568]],[[6.02689,35.54457],[6.02625,35.54463],[6.02584,35.54483],[6.02554,35.5451],[6.02516,35.54532],[6.02484,35.54542],[6.02443,35.54541],[6.0241,35.54589]],[[6.02865,35.54721],[6.02849,35.54726],[6.02793,35.54714],[6.02731,35.54669],[6.0267,35.54634],[6.02566,35.54619],[6.02497,35.54627]],[[6.02726,35.5489],[6.02668,35.54855],[6.0262,35.54792],[6.02596,35.54748],[6.02585,35.54701],[6.02546,35.54664]]]}},{"type":"Feature","properties":{},"geometry":{"type":"LineString","coordinates":[[6.0201,35.54844],[6.02015,35.54798],[6.01991,35.54766],[6.01989,35.54715],[6.01978,35.54671],[6.01977,35.54632],[6.01966,35.54583],[6.01962,35.54519]]}},{"type":"Feature","properties":{},"geometry":{"type":"LineString","coordinates":[[6.00489,35.55077],[6.00478,35.5504],[6.00428,35.55042],[6.00374,35.55053]]}},{"type":"Feature","properties":{},"geometry":{"type":"LineString","coordinates":[[6.00374,35.55053],[6.00319,35.5508],[6.00271,35.55097],[6.00221,35.55083],[6.00187,35.55067]]}},{"type":"Feature","properties":{},"geometry":{"type":"LineString","coordinates":[[6.00187,35.55067],[6.00134,35.55052],[6.0002,35.55003],[5.99945,35.54983],[5.99907,35.54982],[5.99861,35.54956],[5.99817,35.54939],[5.99777,35.54915],[5.99757,35.54873],[5.9972,35.54836],[5.99665,35.54801],[5.99603,35.54787],[5.99569,35.54753],[5.99516,35.54744],[5.99335,35.54618],[5.99268,35.54552],[5.99216,35.54523],[5.99132,35.54484],[5.9908,35.54447],[5.99027,35.5442],[5.98974,35.54408],[5.98857,35.54416],[5.98804,35.54409],[5.98745,35.54385],[5.98705,35.5436],[5.98683,35.54378],[5.98606,35.54409],[5.98565,35.54414],[5.98521,35.544],[5.98474,35.54393],[5.98386,35.54399],[5.98377,35.5437],[5.98347,35.54351],[5.983,35.5434],[5.98263,35.54316],[5.98173,35.54278]]}},{"type":"Feature","properties":{},"geometry":{"type":"MultiLineString","coordinates":[[[6.00493,35.55077],[6.00524,35.55078],[6.00537,35.55073],[6.0056,35.55042]],[[6.02342,35.54206],[6.02348,35.54209],[6.0227,35.54189],[6.02211,35.54167],[6.0216,35.54181],[6.0212,35.54173],[6.02054,35.54168],[6.01988,35.54149],[6.0191,35.54136],[6.01831,35.54132],[6.01782,35.54108],[6.01562,35.54177]]]}},{"type":"Feature","properties":{},"geometry":{"type":"LineString","coordinates":[[6.03113,35.54995],[6.03067,35.54968],[6.03021,35.54918],[6.02926,35.54892]]}},{"type":"Feature","properties":{},"geometry":{"type":"LineString","coordinates":[[6.02926,35.54892],[6.02881,35.54879],[6.0282,35.54826],[6.02672,35.54747],[6.02592,35.54684],[6.02524,35.54643],[6.02438,35.546],[6.02388,35.54594],[6.02313,35.54569],[6.02261,35.54567]]}},{"type":"Feature","properties":{},"geometry":{"type":"LineString","coordinates":[[6.02261,35.54567],[6.02215,35.54566],[6.02134,35.54546],[6.02043,35.54534],[6.01953,35.54506],[6.01923,35.54474],[6.01902,35.5444],[6.01862,35.54406],[6.01832,35.54382],[6.01788,35.5437],[6.01747,35.543],[6.01713,35.54265],[6.01688,35.54262],[6.01651,35.54248],[6.01546,35.54179],[6.01532,35.54153],[6.01453,35.54151],[6.01401,35.54116],[6.01279,35.54075],[6.0122,35.54065]]}},{"type":"Feature","properties":{},"geometry":{"type":"LineString","coordinates":[[6.00626,35.54959],[6.00633,35.5494]]}},{"type":"Feature","properties":{},"geometry":{"type":"LineString","coordinates":[[6.0122,35.54065],[6.01145,35.54033],[6.01077,35.54021]]}},{"type":"Feature","properties":{},"geometry":{"type":"LineString","coordinates":[[6.01077,35.54021],[6.0101,35.54024],[6.0097,35.54013]]}},{"type":"Feature","properties":{},"geometry":{"type":"LineString","coordinates":[[6.0097,35.54013],[6.00916,35.53998]]}},{"type":"Feature","properties":{},"geometry":{"type":"LineString","coordinates":[[6.00574,35.55002],[6.00626,35.54959]]}},{"type":"Feature","properties":{},"geometry":{"type":"MultiLineString","coordinates":[[[6.22287,35.60555],[6.22369,35.60527],[6.2243,35.60433],[6.22442,35.60375],[6.2243,35.6034]],[[6.19983,35.60798],[6.20048,35.60702],[6.20024,35.60644],[6.20021,35.60605],[6.20058,35.60537],[6.20053,35.6044]],[[6.20101,35.60401],[6.19999,35.60339],[6.19956,35.60323],[6.19889,35.60244],[6.19812,35.60192],[6.19722,35.60187],[6.19616,35.60161],[6.19561,35.60162],[6.19367,35.60135],[6.19309,35.60166],[6.19276,35.60178],[6.19292,35.60206],[6.1933,35.60228],[6.19379,35.60283],[6.19473,35.6035],[6.19508,35.60389],[6.19636,35.60441],[6.19878,35.60485]],[[6.21904,35.60608],[6.22052,35.60606],[6.22075,35.60577],[6.22156,35.60555],[6.22287,35.60555]],[[6.21877,35.60884],[6.21962,35.60834],[6.21988,35.60774],[6.22251,35.60602],[6.22287,35.60555]],[[6.12534,35.60334],[6.1257,35.6032],[6.1261,35.60275],[6.12677,35.60266],[6.12828,35.6027],[6.12943,35.60285],[6.13013,35.60311],[6.13082,35.60342],[6.13146,35.60387],[6.13203,35.60415],[6.1339,35.60449],[6.13467,35.60442],[6.13569,35.60446],[6.13626,35.60477],[6.13659,35.60502],[6.13693,35.60575],[6.13724,35.60605],[6.1379,35.60598],[6.13949,35.60619],[6.14048,35.60665],[6.14079,35.60701],[6.14099,35.60734],[6.14096,35.60771],[6.14103,35.60801],[6.14136,35.60824],[6.14162,35.6083],[6.14243,35.60832],[6.14341,35.60822],[6.14386,35.60827],[6.14462,35.60861],[6.1451,35.6089],[6.14531,35.60942],[6.1454,35.61011],[6.14568,35.61056],[6.14591,35.61072],[6.14631,35.61089],[6.14659,35.61124],[6.14683,35.61116],[6.14728,35.6111],[6.14794,35.61065],[6.14812,35.61032],[6.14881,35.60948],[6.14935,35.60826],[6.14938,35.6078],[6.14962,35.60708],[6.14966,35.60666],[6.14984,35.60633],[6.14999,35.60573],[6.15055,35.60495],[6.15138,35.60442],[6.15174,35.60409]],[[6.2129,35.60356],[6.21382,35.60354],[6.21613,35.60417],[6.21688,35.60464],[6.21739,35.60546],[6.2174,35.6061],[6.21904,35.60608]],[[6.21268,35.60757],[6.21277,35.6074],[6.21439,35.6074],[6.21502,35.60704],[6.2159,35.60703],[6.21671,35.60678],[6.21887,35.60659],[6.21904,35.60608]],[[6.2172,35.62243],[6.21862,35.6221],[6.21982,35.62128],[6.22041,35.62101],[6.22176,35.62007],[6.22203,35.61947],[6.22224,35.61887],[6.22207,35.61828],[6.22179,35.61782],[6.22175,35.61692],[6.22179,35.61649],[6.22194,35.61606],[6.22219,35.6157],[6.22266,35.6153],[6.2232,35.61456],[6.224,35.61409],[6.22428,35.61381],[6.22479,35.61373],[6.22529,35.61346],[6.22587,35.61266],[6.22579,35.61234],[6.22598,35.61214],[6.22599,35.61172],[6.2261,35.61127],[6.22637,35.61098],[6.22656,35.61066],[6.22667,35.61006],[6.22732,35.60927],[6.22738,35.60829],[6.22704,35.60754],[6.22695,35.60688],[6.22678,35.60637]],[[6.17528,35.60718],[6.17554,35.60709],[6.17585,35.60693],[6.17617,35.60674],[6.17648,35.60649],[6.17698,35.60624],[6.178,35.60586],[6.17912,35.60556],[6.17952,35.60553],[6.18041,35.60533]],[[6.1753,35.60613],[6.17584,35.60597],[6.17612,35.60582],[6.17632,35.6056],[6.17662,35.60548],[6.17753,35.60529],[6.17793,35.60534],[6.1783,35.60526],[6.17913,35.60524],[6.17996,35.60537]],[[6.22241,35.61268],[6.22269,35.61253],[6.223,35.61229],[6.22366,35.61195],[6.22392,35.61156],[6.22443,35.61101],[6.22467,35.61058],[6.22478,35.61022],[6.22479,35.60988],[6.22508,35.60955],[6.22523,35.60918],[6.22598,35.60805],[6.22672,35.60731],[6.22692,35.60699]],[[6.14029,35.60067],[6.14022,35.60079],[6.13978,35.60111],[6.13949,35.60161],[6.13902,35.60217],[6.13872,35.60277],[6.13873,35.60305],[6.13853,35.60327],[6.13833,35.60337],[6.13814,35.60395],[6.1378,35.60465],[6.1372,35.60471],[6.13657,35.60497]],[[6.19026,35.60268],[6.19038,35.60275],[6.19052,35.60296],[6.191,35.60341],[6.19179,35.60387],[6.19263,35.60423],[6.19299,35.6045],[6.19343,35.60469],[6.19364,35.60487],[6.19388,35.60524],[6.1944,35.60626],[6.19489,35.60641]],[[6.2016,35.615],[6.20253,35.61433],[6.20283,35.61365],[6.205,35.61265],[6.20518,35.61182],[6.20552,35.61134],[6.20567,35.60929],[6.20719,35.60859],[6.20944,35.60855],[6.21113,35.60767],[6.21198,35.60748],[6.21268,35.60757]],[[6.18309,35.60382],[6.18373,35.60441],[6.18458,35.60509],[6.18499,35.60536],[6.18539,35.60574],[6.18578,35.60603],[6.18631,35.6063],[6.18733,35.60704],[6.18818,35.60755],[6.18867,35.6077],[6.18969,35.60783],[6.1902,35.608],[6.19128,35.60811],[6.19278,35.60797],[6.19431,35.60759]],[[6.17802,35.60703],[6.1785,35.60683],[6.17957,35.60661],[6.18004,35.60668],[6.1806,35.60706],[6.18167,35.60712],[6.18229,35.60755]],[[6.17702,35.6034],[6.17759,35.60346],[6.17842,35.60401],[6.17914,35.60434],[6.17974,35.60484],[6.18005,35.605],[6.18053,35.60538],[6.18097,35.60583],[6.1814,35.60615],[6.1815,35.60633],[6.18162,35.60673],[6.18207,35.60723],[6.18243,35.60774],[6.18271,35.60782],[6.18322,35.60778],[6.18335,35.60792],[6.18362,35.60805],[6.18374,35.60818]],[[6.16405,35.6169],[6.1639,35.61663],[6.16388,35.6161],[6.16373,35.61551],[6.16385,35.615],[6.1644,35.61417],[6.16427,35.61381],[6.16371,35.61315],[6.1637,35.61234],[6.16413,35.61187],[6.16407,35.61083],[6.1641,35.60991],[6.16459,35.60955],[6.16529,35.60934],[6.16585,35.60882],[6.16581,35.60821],[6.16637,35.60786]],[[6.1187,35.60747],[6.11974,35.60745],[6.12179,35.60709]],[[6.12128,35.60999],[6.12147,35.60937],[6.12163,35.60913],[6.12189,35.60886],[6.12237,35.60871],[6.12287,35.60825],[6.1233,35.60772],[6.12369,35.60747],[6.12406,35.60731]],[[6.19632,35.61047],[6.1968,35.61059],[6.19718,35.61085],[6.19764,35.61105],[6.19865,35.61105],[6.19919,35.61087],[6.19956,35.61083],[6.20004,35.61091],[6.20052,35.61111],[6.20093,35.61112],[6.20151,35.61106],[6.202,35.611],[6.20324,35.61054],[6.20495,35.60969],[6.20514,35.60954],[6.20563,35.60935]]]}},{"type":"Feature","properties":{},"geometry":{"type":"MultiLineString","coordinates":[[[6.17859,35.62525],[6.17907,35.62535],[6.1795,35.62553],[6.17991,35.6254],[6.18022,35.62507],[6.18142,35.6249],[6.18183,35.62459],[6.18311,35.62389],[6.1836,35.62349],[6.18416,35.62272],[6.18511,35.62175],[6.18512,35.62146],[6.18536,35.62112],[6.18562,35.62102],[6.18584,35.62073],[6.18569,35.62039],[6.18572,35.62008],[6.18565,35.61966],[6.18544,35.6196],[6.18495,35.61957]],[[6.14715,35.6203],[6.14798,35.62029],[6.14889,35.61994],[6.14953,35.61881]],[[6.17024,35.61874],[6.16963,35.61971],[6.16868,35.62011]],[[6.17394,35.61849],[6.17334,35.61862],[6.17239,35.61933],[6.17174,35.62015],[6.17131,35.62152]],[[6.16868,35.62011],[6.16672,35.62034],[6.16519,35.62078],[6.16408,35.6215]],[[6.17024,35.61874],[6.17018,35.61961],[6.16941,35.62088],[6.16905,35.62144],[6.16853,35.62148],[6.1682,35.62203]],[[6.17742,35.61917],[6.17736,35.62054],[6.17718,35.62087],[6.17751,35.62121],[6.17879,35.62178],[6.17948,35.62182],[6.18016,35.62203],[6.18103,35.6225]],[[6.16868,35.62011],[6.16763,35.62073],[6.16741,35.62117],[6.16683,35.622],[6.16578,35.62256],[6.16558,35.62329]],[[6.16408,35.6215],[6.16393,35.6216],[6.16309,35.62188],[6.16182,35.62188],[6.16104,35.62175],[6.16055,35.62191],[6.15907,35.6219],[6.15855,35.62225],[6.15793,35.62302],[6.15785,35.62321]],[[6.16408,35.6215],[6.16412,35.62201],[6.16378,35.62221],[6.16317,35.62268],[6.16257,35.62269],[6.16208,35.62293],[6.15983,35.62378]],[[6.18052,35.6291],[6.18075,35.62894],[6.18081,35.62867],[6.18119,35.62825],[6.18131,35.628],[6.18142,35.62726],[6.18196,35.62689],[6.18214,35.62667],[6.18189,35.62583],[6.18204,35.62559],[6.18232,35.62472],[6.1825,35.62447],[6.1824,35.62432]],[[6.15785,35.62321],[6.15751,35.6239]],[[6.15785,35.62321],[6.15682,35.6231],[6.15604,35.62329],[6.15428,35.62405]],[[6.17656,35.6328],[6.17673,35.63249],[6.17685,35.63202],[6.177,35.63184],[6.1771,35.63156],[6.17727,35.63129],[6.17728,35.63031],[6.1775,35.63006],[6.17771,35.62962],[6.17975,35.62807],[6.17981,35.62777],[6.17999,35.62753],[6.18011,35.62726],[6.18004,35.62705],[6.18022,35.62662],[6.18036,35.62649],[6.18056,35.6262],[6.18097,35.62515],[6.18122,35.62495]],[[6.17329,35.62879],[6.17348,35.62871],[6.17378,35.62836],[6.1741,35.62809],[6.1744,35.628],[6.17458,35.62789],[6.17494,35.6272],[6.17497,35.62683],[6.17555,35.6262],[6.17685,35.62557],[6.17717,35.62512]],[[6.16903,35.62933],[6.16915,35.62892],[6.16914,35.62851],[6.16922,35.62821],[6.16919,35.62779],[6.16945,35.62728],[6.16955,35.62696],[6.16958,35.62664],[6.1709,35.62603],[6.17162,35.62549],[6.17183,35.62528],[6.17191,35.62498],[6.17211,35.62477],[6.17221,35.6245],[6.17243,35.62418],[6.17251,35.62398],[6.17286,35.62363],[6.17324,35.62365],[6.17355,35.62383],[6.17383,35.62388],[6.17421,35.62356],[6.1751,35.62367],[6.1758,35.62407],[6.17617,35.62415],[6.17652,35.6245],[6.1773,35.62435],[6.17783,35.62463],[6.17845,35.62505],[6.17859,35.62525]],[[6.17568,35.63914],[6.17524,35.63909],[6.17468,35.63923],[6.17438,35.63901],[6.17373,35.63881],[6.17339,35.63863],[6.17304,35.63787],[6.17292,35.63743],[6.1727,35.63699],[6.17244,35.63628],[6.17212,35.63598],[6.17202,35.6355],[6.1717,35.63544],[6.1715,35.63509],[6.17144,35.63473],[6.17131,35.63447],[6.17034,35.63344],[6.17029,35.63298],[6.17005,35.63265],[6.17038,35.63184],[6.17086,35.63013],[6.17113,35.62966],[6.17151,35.62876],[6.17168,35.62809],[6.17198,35.62741],[6.17235,35.62704],[6.17263,35.62684],[6.17304,35.62664],[6.17339,35.62657],[6.17382,35.62635],[6.17422,35.62632],[6.17455,35.62619],[6.17541,35.62566],[6.17596,35.62525],[6.1766,35.62506],[6.17671,35.6251],[6.17737,35.62508],[6.17859,35.62525]],[[6.17574,35.62825],[6.17577,35.62793],[6.17592,35.62759],[6.17613,35.62733],[6.17701,35.62696],[6.17777,35.62653],[6.17792,35.62625],[6.1784,35.6258],[6.17848,35.62555],[6.17869,35.62531]],[[6.17973,35.63147],[6.18025,35.63107],[6.18047,35.63086],[6.18058,35.63068],[6.18159,35.6299],[6.18256,35.62878],[6.1828,35.62844],[6.18314,35.62836],[6.18332,35.62804],[6.18369,35.62763],[6.18378,35.62736],[6.18425,35.62703],[6.18442,35.62662],[6.18489,35.62624],[6.18497,35.6256]],[[6.17131,35.62152],[6.17083,35.62246],[6.16958,35.62383],[6.1695,35.62436],[6.16907,35.62466],[6.16887,35.62555]],[[6.14189,35.62656],[6.14194,35.62611],[6.14185,35.62577],[6.14173,35.62542],[6.14144,35.62515]],[[6.15751,35.6239],[6.15715,35.62384],[6.15696,35.62396],[6.1564,35.62464],[6.15609,35.62535],[6.15531,35.62561]],[[6.1397,35.62741],[6.13992,35.6273],[6.14016,35.62704],[6.1407,35.62634],[6.14104,35.62572],[6.14112,35.62529]],[[6.16558,35.62329],[6.16502,35.62367],[6.16497,35.62403],[6.16413,35.62455],[6.16408,35.62508],[6.16337,35.62568],[6.16218,35.62632],[6.16117,35.62669]],[[6.15751,35.6239],[6.15742,35.62405],[6.15733,35.62458],[6.15712,35.62531],[6.15713,35.6258],[6.1566,35.62618],[6.1554,35.62656]],[[6.17607,35.62999],[6.17634,35.62971],[6.17647,35.62941],[6.17669,35.6292],[6.17679,35.62897],[6.17718,35.62861],[6.17754,35.62847],[6.17815,35.62803],[6.17856,35.62787],[6.17965,35.62728]],[[6.16117,35.62669],[6.16125,35.62725],[6.16022,35.62821],[6.16003,35.62885]],[[6.1682,35.62203],[6.16729,35.6226],[6.16691,35.62371],[6.16644,35.6244],[6.16627,35.62532],[6.16446,35.62607],[6.16403,35.62656],[6.16354,35.62675],[6.16325,35.62702],[6.16269,35.6283],[6.16267,35.62894]],[[6.1682,35.62203],[6.16834,35.62313],[6.16823,35.62335],[6.16769,35.62398],[6.1677,35.62457],[6.16744,35.62532],[6.16704,35.62669],[6.16667,35.62769],[6.1659,35.62804],[6.16583,35.62907]],[[6.17131,35.62152],[6.17161,35.62178],[6.17193,35.62249],[6.17134,35.62359],[6.16995,35.62524],[6.16976,35.62577],[6.16771,35.62912]],[[6.16558,35.62329],[6.16472,35.62338],[6.16355,35.62361],[6.1623,35.624],[6.16205,35.6243],[6.16123,35.62507],[6.15982,35.6259],[6.15874,35.62647],[6.1581,35.62704],[6.15573,35.62796],[6.15335,35.62953]],[[6.15335,35.62953],[6.15292,35.62981],[6.15141,35.6298],[6.15074,35.63015]],[[6.15074,35.63015],[6.14964,35.63018],[6.14785,35.63039],[6.1475,35.6303]],[[6.1475,35.6303],[6.14724,35.63023],[6.14506,35.63054],[6.14298,35.63097]],[[6.1475,35.6303],[6.14767,35.63069],[6.14698,35.63154]],[[6.15074,35.63015],[6.15101,35.63046],[6.15058,35.63096],[6.14952,35.63183]],[[6.15335,35.62953],[6.15343,35.63006],[6.15334,35.6309],[6.15281,35.63226]],[[6.16117,35.62669],[6.16099,35.627],[6.15991,35.62728],[6.15811,35.62864],[6.1575,35.62932],[6.15719,35.63047],[6.15708,35.6315],[6.15641,35.63317]],[[6.16771,35.62912],[6.16687,35.63056],[6.16627,35.632],[6.16604,35.63281],[6.16549,35.63378],[6.16414,35.63487],[6.16375,35.63511]],[[6.16375,35.63511],[6.16288,35.63565],[6.1617,35.6359]],[[6.16375,35.63511],[6.16365,35.63614],[6.16337,35.63726]],[[6.16771,35.62912],[6.16816,35.63014],[6.16816,35.6312],[6.16751,35.63192],[6.16688,35.63241],[6.16704,35.6337],[6.16681,35.63428],[6.1657,35.63566],[6.16494,35.63769]]]}},{"type":"Feature","properties":{},"geometry":{"type":"MultiLineString","coordinates":[[[6.21632,35.61851],[6.21696,35.61735],[6.2172,35.6171],[6.21713,35.61645],[6.21724,35.61602],[6.21768,35.61583],[6.21783,35.6156],[6.21804,35.61431],[6.2183,35.61396],[6.21845,35.61362],[6.21844,35.61322],[6.21853,35.61277],[6.21847,35.6124],[6.21849,35.61172],[6.21871,35.61144],[6.2189,35.61065]],[[6.14842,35.60381],[6.14843,35.60407],[6.14855,35.60431],[6.14847,35.60477],[6.1482,35.60516],[6.14821,35.60546],[6.14811,35.60633],[6.14819,35.60779],[6.14792,35.60827],[6.14758,35.60865],[6.14719,35.60892],[6.14684,35.60924],[6.14607,35.60912],[6.14534,35.60928]],[[6.1904,35.61009],[6.19067,35.61024],[6.19155,35.61028],[6.19182,35.61042],[6.19226,35.61057]]]}},{"type":"Feature","properties":{},"geometry":{"type":"MultiLineString","coordinates":[[[6.1739,35.60953],[6.17414,35.60942],[6.17506,35.60935],[6.17589,35.60923],[6.17627,35.60933],[6.17686,35.60957],[6.17755,35.60932],[6.17828,35.60925],[6.17903,35.60936],[6.17958,35.60935],[6.17993,35.60924],[6.18038,35.60916],[6.18175,35.609],[6.18209,35.60901],[6.1825,35.60881],[6.18268,35.60862],[6.18301,35.60844],[6.18402,35.60811],[6.18434,35.60822],[6.18472,35.60825],[6.1858,35.60845],[6.18625,35.60862],[6.1869,35.60876],[6.18751,35.60905],[6.18786,35.60937],[6.18816,35.60943],[6.18876,35.60939],[6.18932,35.60986],[6.18959,35.61002],[6.19015,35.61002],[6.1904,35.61009]],[[6.21358,35.615],[6.21382,35.61402],[6.21415,35.6138],[6.21437,35.61345],[6.21504,35.61275],[6.21542,35.6125],[6.21552,35.61221],[6.21586,35.61196],[6.21612,35.61151]],[[6.12638,35.61467],[6.12643,35.61453],[6.12648,35.61364],[6.12659,35.61291],[6.12674,35.61253],[6.12671,35.61152],[6.12683,35.61119],[6.12805,35.60991],[6.12825,35.6096]],[[6.1159,35.61051],[6.11684,35.61052],[6.11742,35.61034],[6.11781,35.61028],[6.11849,35.6098],[6.11862,35.60963],[6.11888,35.60952],[6.11959,35.60936],[6.11997,35.60935],[6.12059,35.60883],[6.12052,35.60844],[6.12062,35.60811],[6.1211,35.60783],[6.12121,35.60755],[6.12141,35.60729],[6.12185,35.60715],[6.12202,35.60701],[6.12239,35.607],[6.1227,35.60712],[6.12364,35.60716],[6.12404,35.60725],[6.12445,35.60725],[6.12501,35.60719],[6.1257,35.60682],[6.12605,35.60669],[6.12645,35.60667],[6.12731,35.60672],[6.12776,35.60654],[6.12806,35.60662],[6.12877,35.60698],[6.12941,35.60712],[6.12991,35.60734],[6.13099,35.60766],[6.13163,35.6082],[6.13199,35.60817],[6.13336,35.60829],[6.13375,35.6085],[6.1342,35.60859],[6.13463,35.6086],[6.13519,35.60905],[6.13616,35.60929],[6.13659,35.60931],[6.13696,35.60955],[6.13743,35.60952],[6.13781,35.60964],[6.13841,35.61011],[6.13948,35.61006],[6.1402,35.61029],[6.14071,35.61028],[6.14102,35.61057],[6.14144,35.61035],[6.14176,35.61031],[6.14243,35.61069],[6.14261,35.61096],[6.14291,35.61101]],[[6.20353,35.61461],[6.20436,35.61416],[6.20481,35.61376],[6.20494,35.61344],[6.20494,35.61278]],[[6.17021,35.61785],[6.16978,35.61736],[6.17002,35.61647],[6.17035,35.61569],[6.17049,35.61482],[6.17185,35.61303],[6.17223,35.61223]],[[6.13323,35.61352],[6.13345,35.61334],[6.13382,35.61313],[6.13549,35.61251],[6.13669,35.61237],[6.13703,35.61244],[6.13787,35.61224],[6.1382,35.61207],[6.13876,35.61193],[6.13923,35.6119],[6.14037,35.61165],[6.14182,35.61148],[6.1423,35.61133],[6.1428,35.61106],[6.14314,35.61099],[6.14476,35.61106],[6.1454,35.61128],[6.14562,35.61157],[6.14633,35.61212],[6.1466,35.61217],[6.14704,35.61247],[6.14718,35.61272]],[[6.13549,35.61438],[6.13564,35.61417],[6.13603,35.61282],[6.13617,35.61248]],[[6.14727,35.61277],[6.14722,35.61274]],[[6.13692,35.6138],[6.13777,35.61316],[6.13803,35.61308],[6.13848,35.613],[6.13977,35.61294],[6.14022,35.61289],[6.14056,35.61277],[6.14092,35.61278],[6.14132,35.61296],[6.14431,35.61351],[6.14504,35.61356],[6.14546,35.61367],[6.14591,35.61365],[6.14626,35.61334],[6.14657,35.61298],[6.14727,35.61277]],[[6.14433,35.61787],[6.14504,35.61703],[6.14518,35.61677],[6.14568,35.61661],[6.1461,35.61618],[6.14651,35.61555],[6.14692,35.6146],[6.14735,35.61414],[6.14749,35.6136],[6.14741,35.61344],[6.14743,35.61288],[6.14727,35.61277]],[[6.18582,35.61291],[6.18622,35.61313],[6.18683,35.61322],[6.18719,35.6134],[6.18743,35.61372],[6.18787,35.61408]]]}},{"type":"Feature","properties":{},"geometry":{"type":"LineString","coordinates":[[6.18262,35.61277],[6.1832,35.61273],[6.18352,35.61281],[6.18399,35.61282],[6.18432,35.61295],[6.18494,35.613],[6.18582,35.61291]]}},{"type":"Feature","properties":{},"geometry":{"type":"LineString","coordinates":[[6.18077,35.61269],[6.18117,35.61279],[6.18151,35.61273],[6.18262,35.61277]]}},{"type":"Feature","properties":{},"geometry":{"type":"LineString","coordinates":[[6.18585,35.6148],[6.18665,35.61437],[6.18728,35.61418],[6.18788,35.6141],[6.18828,35.61386],[6.18871,35.61353],[6.18912,35.61305],[6.18961,35.61282],[6.18985,35.61262],[6.19008,35.61211],[6.1904,35.61203],[6.19123,35.61214],[6.19137,35.61211],[6.19188,35.61142],[6.19228,35.61056],[6.19256,35.61029],[6.19287,35.61009],[6.19336,35.60997],[6.19397,35.60959],[6.19421,35.6095],[6.19438,35.60922],[6.19471,35.6097],[6.19503,35.60974],[6.19532,35.60988],[6.19559,35.61011],[6.19632,35.61047]]}},{"type":"Feature","properties":{},"geometry":{"type":"LineString","coordinates":[[6.21655,35.59651],[6.21612,35.5965],[6.21312,35.59787],[6.21244,35.59788],[6.21169,35.59863],[6.21107,35.59891],[6.21087,35.59943],[6.21015,35.59968],[6.2087,35.6],[6.20835,35.60058],[6.2077,35.60074],[6.20691,35.60072],[6.20592,35.60126],[6.20527,35.60115],[6.20512,35.60141],[6.20442,35.60178],[6.20399,35.60177],[6.20362,35.60206],[6.20365,35.60232],[6.20281,35.60254],[6.20258,35.60315],[6.20207,35.60306],[6.2021,35.60304],[6.20177,35.60308],[6.20156,35.6032],[6.20135,35.60342],[6.20109,35.60402],[6.20088,35.60418],[6.20048,35.60438],[6.19971,35.60438],[6.19944,35.60463],[6.19921,35.60476],[6.19846,35.605],[6.19785,35.60509],[6.1977,35.60527],[6.19751,35.60537],[6.19748,35.60576],[6.19725,35.606],[6.19693,35.6061],[6.1963,35.60592],[6.196,35.60605],[6.19562,35.6064],[6.19514,35.60645],[6.19492,35.6064],[6.19469,35.60698],[6.19434,35.60747],[6.19419,35.60816],[6.19382,35.60864],[6.19376,35.60882],[6.19387,35.60902],[6.19438,35.60921]]}},{"type":"Feature","properties":{},"geometry":{"type":"MultiLineString","coordinates":[[[6.18051,35.61277],[6.18077,35.61269]],[[6.18261,35.61915],[6.18337,35.61945],[6.18488,35.61955],[6.18581,35.61931],[6.1866,35.61877],[6.18682,35.6185],[6.18702,35.61812],[6.18704,35.61781],[6.18739,35.61733],[6.18781,35.61704],[6.18802,35.61659],[6.18779,35.61636],[6.18714,35.61594],[6.18726,35.61569],[6.18727,35.6153],[6.18741,35.61494],[6.18745,35.61464],[6.18756,35.61433],[6.18783,35.61411]]]}},{"type":"Feature","properties":{},"geometry":{"type":"LineString","coordinates":[[5.93199,35.51491],[5.93224,35.51502],[5.93242,35.51533],[5.933,35.5157],[5.93308,35.5162],[5.93322,35.51669],[5.93298,35.51702],[5.93291,35.5173],[5.93315,35.51769],[5.93323,35.51813],[5.93297,35.51908],[5.93307,35.51964],[5.93391,35.5208],[5.93403,35.52111],[5.93482,35.52175],[5.93493,35.52214],[5.93489,35.52239],[5.9351,35.52263],[5.93554,35.52277],[5.93562,35.523],[5.93526,35.5233],[5.93482,35.52334],[5.9345,35.52357],[5.93467,35.52393],[5.93477,35.52478],[5.93512,35.52546],[5.93514,35.52585],[5.93528,35.52608],[5.93534,35.52632],[5.93522,35.52706],[5.93508,35.52744],[5.93509,35.52778],[5.93498,35.52816],[5.93459,35.52851],[5.93428,35.5285],[5.93377,35.52859],[5.93357,35.52885],[5.93337,35.5293],[5.93258,35.53003],[5.93257,35.53047],[5.93228,35.53144],[5.93219,35.53203],[5.931,35.5328],[5.93061,35.53299],[5.9303,35.53303],[5.92991,35.53323],[5.92976,35.53387],[5.92957,35.53405],[5.92925,35.53409],[5.92896,35.53421],[5.92892,35.53457],[5.92913,35.5347],[5.92918,35.53499],[5.92865,35.5357],[5.9283,35.53592],[5.92832,35.53615],[5.92818,35.53658],[5.92813,35.5371],[5.92776,35.5376],[5.92706,35.53771],[5.92658,35.53791],[5.92629,35.53821],[5.92611,35.53872],[5.92582,35.53894],[5.92509,35.5391],[5.92461,35.53938],[5.92425,35.5404],[5.9237,35.5409],[5.92374,35.54134],[5.92392,35.54175],[5.92413,35.54207],[5.92427,35.54251],[5.92412,35.54302],[5.92404,35.54356],[5.92415,35.54389],[5.92455,35.54411],[5.92509,35.54477],[5.92494,35.54556],[5.92436,35.54655],[5.92423,35.54688],[5.92418,35.54722],[5.92423,35.54763],[5.9245,35.54792],[5.92488,35.54795],[5.92573,35.54792],[5.92617,35.54799],[5.92683,35.548],[5.92723,35.54822],[5.92756,35.54869],[5.92799,35.54893],[5.92863,35.54946],[5.92903,35.54966],[5.92949,35.54995],[5.93024,35.55092],[5.93048,35.55134],[5.93081,35.55171],[5.93134,35.55203],[5.93155,35.55227],[5.93168,35.55289],[5.93252,35.55314],[5.93309,35.55313],[5.93337,35.55332],[5.93423,35.55447],[5.93612,35.5546],[5.93668,35.55484],[5.93738,35.55532],[5.93854,35.55566],[5.9404,35.5564],[5.94156,35.55659],[5.9443,35.55638],[5.9452,35.55611],[5.94649,35.5561],[5.94766,35.55595],[5.94847,35.55607],[5.94925,35.55637],[5.94967,35.55682],[5.95003,35.55732]]}},{"type":"Feature","properties":{},"geometry":{"type":"MultiLineString","coordinates":[[[6.00486,35.50158],[6.00312,35.50245],[6.00222,35.50375],[6.00126,35.50435],[6.0014,35.50519],[6.00013,35.50739],[6.00071,35.50782],[6.0012,35.50832],[6.00079,35.51019],[6.00126,35.51125],[6.00096,35.51235],[6.00159,35.51383],[6.00224,35.51493]],[[6.00916,35.53998],[6.00895,35.53993],[6.00789,35.5392],[6.0076,35.53787],[6.0068,35.53653],[6.00583,35.53511],[6.00508,35.53461],[6.0031,35.53296],[6.0015,35.53222],[6.00144,35.53152],[6.00304,35.52975],[6.00226,35.52792],[6.00142,35.52748],[6.00191,35.52582],[6.00111,35.52448],[6.00144,35.52254],[6.00203,35.52025],[6.00288,35.51804],[6.00247,35.51532],[6.00224,35.51493]]]}},{"type":"Feature","properties":{},"geometry":{"type":"LineString","coordinates":[[6.01152,35.56333],[6.01174,35.56319],[6.01185,35.56288],[6.01187,35.56214],[6.01201,35.56173],[6.01204,35.56106],[6.01175,35.56049],[6.01113,35.55998],[6.01051,35.55974],[6.00989,35.55967],[6.00918,35.55988],[6.00875,35.55985],[6.00808,35.55903],[6.00774,35.55817],[6.00791,35.55782],[6.00854,35.55701],[6.00849,35.55649],[6.00828,35.55618],[6.00734,35.55528],[6.00721,35.55461],[6.00725,35.55438],[6.00695,35.55401],[6.00696,35.55375],[6.00678,35.55331],[6.00674,35.55272],[6.00663,35.55233],[6.00664,35.55205],[6.00659,35.55181],[6.00622,35.55142],[6.00639,35.55127],[6.00636,35.55114],[6.00647,35.55086],[6.00648,35.55058],[6.00613,35.55046],[6.00618,35.55018],[6.00645,35.54967],[6.00639,35.54941]]}},{"type":"Feature","properties":{},"geometry":{"type":"MultiLineString","coordinates":[[[6.00224,35.51493],[6.00358,35.51545],[6.00675,35.51652],[6.00962,35.51692],[6.01161,35.51825],[6.01253,35.51836],[6.01328,35.51902],[6.01424,35.51941],[6.01511,35.5199],[6.01629,35.52002],[6.0172,35.52017],[6.01771,35.52034],[6.01817,35.52097],[6.01961,35.52157],[6.02093,35.52233],[6.02232,35.52285],[6.02369,35.52372],[6.02596,35.52461],[6.02749,35.5247],[6.02887,35.52531]],[[6.00633,35.5494],[6.0065,35.54895],[6.00662,35.54837],[6.00724,35.54789],[6.00731,35.54761],[6.00729,35.54722],[6.0075,35.54687],[6.00779,35.54657],[6.00796,35.54616],[6.0084,35.54553],[6.00855,35.54478],[6.00936,35.54421],[6.01002,35.54346],[6.01019,35.54289],[6.00985,35.54196],[6.00942,35.54172],[6.00908,35.54163],[6.00874,35.54131],[6.00866,35.54098],[6.00868,35.54049],[6.00885,35.53998]]]}},{"type":"Feature","properties":{},"geometry":{"type":"LineString","coordinates":[[6.00633,35.5494],[6.0065,35.54895],[6.00662,35.54837],[6.00724,35.54789],[6.00731,35.54761],[6.00729,35.54722],[6.0075,35.54687],[6.00779,35.54657],[6.00796,35.54616],[6.0084,35.54553],[6.00855,35.54478],[6.00936,35.54421],[6.01002,35.54346],[6.01019,35.54289],[6.00985,35.54196],[6.00942,35.54172],[6.00908,35.54163],[6.00874,35.54131],[6.00866,35.54098],[6.00868,35.54049],[6.00885,35.53998]]}},{"type":"Feature","properties":{},"geometry":{"type":"MultiLineString","coordinates":[[[6.12319,35.61258],[6.12414,35.61179],[6.12471,35.6114],[6.12493,35.61101],[6.12526,35.61075],[6.12561,35.61057],[6.12654,35.61029],[6.12693,35.61006],[6.12744,35.60962],[6.12789,35.60952],[6.12823,35.60952]],[[6.12891,35.6137],[6.12919,35.61329],[6.12935,35.61277],[6.12961,35.61223],[6.12971,35.61169],[6.12998,35.61128],[6.13008,35.61085],[6.13077,35.61019],[6.13113,35.60965],[6.13234,35.60858],[6.13252,35.60826]]]}},{"type":"Feature","properties":{},"geometry":{"type":"MultiLineString","coordinates":[[[6.18269,35.61477],[6.18469,35.61491],[6.18499,35.61501],[6.18535,35.61523],[6.18552,35.61502],[6.18585,35.6148]],[[6.21655,35.59651],[6.21612,35.5965],[6.21312,35.59787],[6.21244,35.59788],[6.21169,35.59863],[6.21107,35.59891],[6.21087,35.59943],[6.21015,35.59968],[6.2087,35.6],[6.20835,35.60058],[6.2077,35.60074],[6.20691,35.60072],[6.20592,35.60126],[6.20527,35.60115],[6.20512,35.60141],[6.20442,35.60178],[6.20399,35.60177],[6.20362,35.60206],[6.20365,35.60232],[6.20281,35.60254],[6.20258,35.60315],[6.20207,35.60306],[6.2021,35.60304],[6.20177,35.60308],[6.20156,35.6032],[6.20135,35.60342],[6.20109,35.60402],[6.20088,35.60418],[6.20048,35.60438],[6.19971,35.60438],[6.19944,35.60463],[6.19921,35.60476],[6.19846,35.605],[6.19785,35.60509],[6.1977,35.60527],[6.19751,35.60537],[6.19748,35.60576],[6.19725,35.606],[6.19693,35.6061],[6.1963,35.60592],[6.196,35.60605],[6.19562,35.6064],[6.19514,35.60645],[6.19492,35.6064],[6.19469,35.60698],[6.19434,35.60747],[6.19419,35.60816],[6.19382,35.60864],[6.19376,35.60882],[6.19387,35.60902],[6.19438,35.60921]],[[6.14463,35.60164],[6.14426,35.60191],[6.14409,35.60233],[6.14381,35.60246],[6.14351,35.60297],[6.14348,35.6033],[6.14336,35.60363],[6.1432,35.60394],[6.14296,35.60423],[6.14285,35.60496],[6.1423,35.60598],[6.14225,35.60624],[6.14236,35.60652],[6.14216,35.60732],[6.14174,35.60799],[6.14141,35.60817]],[[6.16637,35.6176],[6.16676,35.61636],[6.16708,35.61603],[6.16705,35.61575],[6.16656,35.61512],[6.16702,35.61387],[6.16753,35.61279],[6.16792,35.61249],[6.1682,35.61138],[6.16958,35.61037],[6.16973,35.61007],[6.17033,35.60963],[6.17082,35.60911]],[[6.12823,35.60952],[6.12903,35.60939],[6.12976,35.60912],[6.13036,35.60901],[6.13106,35.60862],[6.13136,35.60865],[6.13179,35.60845],[6.13214,35.60821]]]}}]}