{"type":"FeatureCollection","features":[{"type":"Feature","properties":{"Name":"Sans titre - Polygone"},"geometry":{"type":"Polygon","coordinates":[[[5.94825,35.55794],[5.94834,35.55829],[5.94902,35.55895],[5.94891,35.55919],[5.94851,35.55924],[5.94816,35.559],[5.94817,35.5586],[5.94778,35.5585],[5.94791,35.55809],[5.94743,35.55788],[5.94825,35.55794]]]}},{"type":"Feature","properties":{"Name":"Pelouse [30:Polygon]"},"geometry":{"type":"Polygon","coordinates":[[[6.07501,35.60455],[6.07553,35.6042],[6.0754,35.60513],[6.07609,35.60541],[6.07601,35.60604],[6.07567,35.60604],[6.07519,35.60576],[6.07584,35.60544],[6.07512,35.60527],[6.07501,35.60455]]]}},{"type":"Feature","properties":{"Name":"Pelouse [28:Polygon]"},"geometry":{"type":"Polygon","coordinates":[[[6.07806,35.60379],[6.07922,35.60396],[6.07944,35.60417],[6.079,35.60432],[6.0783,35.60408],[6.07815,35.60384],[6.07793,35.60396],[6.07806,35.60379]]]}},{"type":"Feature","properties":{"Name":"Sans titre - Polygone"},"geometry":{"type":"Polygon","coordinates":[[[5.98515,35.53269],[5.98515,35.53287],[5.9847,35.53325],[5.98437,35.53314],[5.98435,35.533],[5.98468,35.53291],[5.98483,35.5326],[5.98515,35.53269]]]}},{"type":"Feature","properties":{"Name":"Sans titre - Polygone"},"geometry":{"type":"Polygon","coordinates":[[[5.98339,35.53485],[5.98349,35.53506],[5.98298,35.53505],[5.98302,35.5349],[5.98339,35.53485]]]}},{"type":"Feature","properties":{"Name":"Sans titre - Polygone"},"geometry":{"type":"Polygon","coordinates":[[[5.98365,35.5369],[5.9838,35.53715],[5.98355,35.53733],[5.98331,35.53691],[5.98365,35.5369]]]}},{"type":"Feature","properties":{"Name":"Sans titre - Polygone"},"geometry":{"type":"Polygon","coordinates":[[[5.9926,35.54033],[5.99282,35.5406],[5.99258,35.54074],[5.99195,35.54067],[5.99217,35.54033],[5.9926,35.54033]]]}},{"type":"Feature","properties":{"Name":"Sans titre - Polygone"},"geometry":{"type":"Polygon","coordinates":[[[5.99164,35.54148],[5.9919,35.54178],[5.99165,35.54188],[5.99153,35.54216],[5.99115,35.54214],[5.99131,35.54144],[5.99164,35.54148]]]}},{"type":"Feature","properties":{"Name":"Sans titre - Polygone"},"geometry":{"type":"Polygon","coordinates":[[[5.99227,35.54366],[5.99202,35.54391],[5.99181,35.54374],[5.99205,35.5436],[5.99227,35.54366]]]}},{"type":"Feature","properties":{"Name":"Sans titre - Polygone"},"geometry":{"type":"Polygon","coordinates":[[[5.99348,35.54322],[5.9936,35.54347],[5.99276,35.54359],[5.99277,35.54344],[5.99348,35.54322]]]}},{"type":"Feature","properties":{"Name":"Sans titre - Polygone"},"geometry":{"type":"Polygon","coordinates":[[[5.9958,35.54374],[5.9959,35.54399],[5.99578,35.54436],[5.99535,35.54379],[5.9958,35.54374]]]}},{"type":"Feature","properties":{"Name":"Sans titre - Polygone"},"geometry":{"type":"Polygon","coordinates":[[[5.99146,35.54422],[5.99135,35.54456],[5.99089,35.54426],[5.99068,35.54439],[5.99057,35.5442],[5.99146,35.54422]]]}},{"type":"Feature","properties":{"Name":"Sans titre - Polygone"},"geometry":{"type":"Polygon","coordinates":[[[5.99527,35.54951],[5.99499,35.54973],[5.99475,35.54953],[5.99505,35.54938],[5.99527,35.54951]]]}},{"type":"Feature","properties":{"Name":"Sans titre - Polygone"},"geometry":{"type":"Polygon","coordinates":[[[5.98761,35.54707],[5.98726,35.54727],[5.98708,35.54711],[5.98732,35.54695],[5.98761,35.54707]]]}},{"type":"Feature","properties":{"Name":"Sans titre - Polygone"},"geometry":{"type":"Polygon","coordinates":[[[5.98574,35.54682],[5.98593,35.54706],[5.98572,35.54721],[5.98479,35.5469],[5.9854,35.54673],[5.98574,35.54682]]]}},{"type":"Feature","properties":{"Name":"Sans titre - Polygone"},"geometry":{"type":"Polygon","coordinates":[[[5.98157,35.54598],[5.98112,35.5462],[5.98086,35.54596],[5.98125,35.54585],[5.98157,35.54598]]]}},{"type":"Feature","properties":{"Name":"Pelouse [51:Polygon]"},"geometry":{"type":"Polygon","coordinates":[[[5.97416,35.54269],[5.97426,35.54252],[5.97463,35.54267],[5.97498,35.54251],[5.97536,35.54292],[5.97495,35.54308],[5.97467,35.5428],[5.97442,35.5429],[5.97416,35.54269]]]}},{"type":"Feature","properties":{"Name":"Sans titre - Polygone"},"geometry":{"type":"Polygon","coordinates":[[[5.97497,35.5371],[5.97482,35.53733],[5.97497,35.53745],[5.97552,35.53736],[5.97503,35.53758],[5.97535,35.53762],[5.97515,35.5378],[5.97405,35.5376],[5.97417,35.53738],[5.97497,35.5371]]]}},{"type":"Feature","properties":{"Name":"Pelouse [50:Polygon]"},"geometry":{"type":"Polygon","coordinates":[[[5.97385,35.54214],[5.97356,35.54121],[5.97379,35.54083],[5.97401,35.541],[5.9742,35.54222],[5.97385,35.54214]]]}},{"type":"Feature","properties":{"Name":"Pelouse [54:Polygon]"},"geometry":{"type":"Polygon","coordinates":[[[5.96992,35.54072],[5.9701,35.54041],[5.97032,35.54058],[5.97033,35.54078],[5.96992,35.54072]]]}},{"type":"Feature","properties":{"Name":"Pelouse [53:Polygon]"},"geometry":{"type":"Polygon","coordinates":[[[5.97054,35.53897],[5.97079,35.53874],[5.97093,35.5391],[5.97075,35.53916],[5.97054,35.53897]]]}},{"type":"Feature","properties":{"Name":"Pelouse [52:Polygon]"},"geometry":{"type":"Polygon","coordinates":[[[5.96938,35.53963],[5.96942,35.53947],[5.97006,35.53915],[5.97038,35.5395],[5.97,35.53982],[5.96938,35.53963]]]}},{"type":"Feature","properties":{"Name":"Sans titre - Polygone"},"geometry":{"type":"Polygon","coordinates":[[[5.96274,35.53479],[5.96333,35.53522],[5.9637,35.53537],[5.9633,35.53532],[5.96274,35.53479]]]}},{"type":"Feature","properties":{"Name":"Pelouse [39:Polygon]"},"geometry":{"type":"Polygon","coordinates":[[[5.96595,35.53727],[5.96597,35.53701],[5.96618,35.53694],[5.96675,35.53734],[5.96638,35.53756],[5.96595,35.53727]]]}},{"type":"Feature","properties":{"Name":"Pelouse [40:Polygon]"},"geometry":{"type":"Polygon","coordinates":[[[5.96016,35.53683],[5.96093,35.53648],[5.96124,35.53664],[5.96132,35.5369],[5.96095,35.53736],[5.96035,35.53723],[5.96016,35.53683]]]}},{"type":"Feature","properties":{"Name":"Sans titre - Polygone"},"geometry":{"type":"Polygon","coordinates":[[[5.96243,35.53703],[5.96239,35.53726],[5.96184,35.53744],[5.96185,35.53727],[5.96243,35.53703]]]}},{"type":"Feature","properties":{"Name":"Pelouse [38:Polygon]"},"geometry":{"type":"Polygon","coordinates":[[[5.96176,35.53902],[5.9619,35.53863],[5.96234,35.53829],[5.96239,35.53798],[5.96328,35.53755],[5.96347,35.53697],[5.96388,35.53648],[5.96386,35.53578],[5.96412,35.53579],[5.96435,35.53619],[5.96415,35.5368],[5.96475,35.5378],[5.96539,35.53793],[5.967,35.53775],[5.96722,35.53785],[5.96708,35.53823],[5.96724,35.53857],[5.96653,35.53892],[5.9664,35.53921],[5.96658,35.53955],[5.96636,35.53979],[5.96604,35.53974],[5.96416,35.53816],[5.96392,35.53823],[5.96425,35.53847],[5.96418,35.53857],[5.96275,35.53835],[5.96232,35.53907],[5.96197,35.53909],[5.96176,35.53902]]]}},{"type":"Feature","properties":{"Name":"Sans titre - Polygone"},"geometry":{"type":"Polygon","coordinates":[[[5.98369,35.54116],[5.98351,35.54162],[5.98407,35.54178],[5.98404,35.54203],[5.98326,35.54192],[5.98314,35.54176],[5.9836,35.54109],[5.98401,35.541],[5.98369,35.54116]]]}},{"type":"Feature","properties":{"Name":"Sans titre - Polygone"},"geometry":{"type":"Polygon","coordinates":[[[5.98012,35.53935],[5.98028,35.5396],[5.98026,35.53995],[5.97914,35.53967],[5.97938,35.53939],[5.97967,35.5397],[5.98012,35.53935]]]}},{"type":"Feature","properties":{"Name":"Parcours [47:Polygon]"},"geometry":{"type":"Polygon","coordinates":[[[5.98229,35.54285],[5.98036,35.54318],[5.9802,35.54306],[5.98026,35.54263],[5.98011,35.54246],[5.97961,35.54259],[5.97917,35.5425],[5.97852,35.54191],[5.97773,35.54185],[5.97784,35.54067],[5.97836,35.54061],[5.97935,35.54095],[5.97958,35.54145],[5.9799,35.54163],[5.98013,35.54149],[5.98027,35.54104],[5.98011,35.54051],[5.98042,35.54047],[5.98056,35.54069],[5.9805,35.54135],[5.9811,35.54175],[5.98159,35.54236],[5.98121,35.54278],[5.98162,35.54294],[5.98191,35.5426],[5.98229,35.54285]]]}},{"type":"Feature","properties":{"Name":"Sans titre - Polygone"},"geometry":{"type":"Polygon","coordinates":[[[5.94903,35.52119],[5.94932,35.52151],[5.94915,35.52169],[5.94815,35.52137],[5.94792,35.52106],[5.94838,35.52088],[5.94903,35.52119]]]}},{"type":"Feature","properties":{"Name":"Sans titre - Polygone"},"geometry":{"type":"Polygon","coordinates":[[[5.94875,35.52268],[5.94913,35.5235],[5.94814,35.52339],[5.9481,35.52291],[5.94832,35.52269],[5.94875,35.52268]]]}},{"type":"Feature","properties":{"Name":"Sans titre - Polygone"},"geometry":{"type":"Polygon","coordinates":[[[5.96169,35.52868],[5.96054,35.52887],[5.96039,35.52912],[5.95984,35.5291],[5.95998,35.52928],[5.95988,35.52935],[5.95875,35.52917],[5.95862,35.52899],[5.95973,35.52866],[5.96083,35.52869],[5.96133,35.52852],[5.96169,35.52868]]]}},{"type":"Feature","properties":{"Name":"Sans titre - Polygone"},"geometry":{"type":"Polygon","coordinates":[[[5.9551,35.53066],[5.95498,35.53102],[5.95398,35.53131],[5.9532,35.53094],[5.95306,35.53066],[5.95354,35.53041],[5.95435,35.53028],[5.95494,35.53039],[5.9551,35.53066]]]}},{"type":"Feature","properties":{"Name":"Sans titre - Polygone"},"geometry":{"type":"Polygon","coordinates":[[[5.94376,35.53713],[5.94398,35.53757],[5.94346,35.53748],[5.94322,35.53711],[5.94376,35.53713]]]}},{"type":"Feature","properties":{"Name":"Sans titre - Polygone"},"geometry":{"type":"Polygon","coordinates":[[[5.93677,35.54123],[5.93618,35.542],[5.93596,35.54178],[5.93618,35.54143],[5.9358,35.54124],[5.93454,35.54127],[5.93368,35.54076],[5.93318,35.54098],[5.93257,35.54077],[5.93137,35.54115],[5.93087,35.54037],[5.93136,35.5401],[5.93132,35.53996],[5.93157,35.53998],[5.93202,35.54037],[5.93246,35.54044],[5.93297,35.54015],[5.9334,35.54026],[5.93363,35.54055],[5.93383,35.54034],[5.93425,35.54049],[5.93478,35.54028],[5.93436,35.54004],[5.9355,35.53992],[5.93599,35.54047],[5.93561,35.54089],[5.93677,35.54123]]]}},{"type":"Feature","properties":{"Name":"Sans titre - Polygone"},"geometry":{"type":"Polygon","coordinates":[[[5.93413,35.54265],[5.93415,35.54303],[5.93303,35.54261],[5.93396,35.54256],[5.93413,35.54265]]]}},{"type":"Feature","properties":{"Name":"Sans titre - Polygone"},"geometry":{"type":"Polygon","coordinates":[[[5.91204,35.58377],[5.9131,35.58393],[5.91136,35.5843],[5.9112,35.58487],[5.9115,35.58497],[5.91247,35.58465],[5.91272,35.58475],[5.91159,35.58513],[5.91071,35.58517],[5.91044,35.585],[5.9113,35.58369],[5.91138,35.58398],[5.91173,35.58418],[5.91204,35.58377]]]}},{"type":"Feature","properties":{"Name":"Sans titre - Polygone"},"geometry":{"type":"Polygon","coordinates":[[[5.91464,35.58158],[5.91461,35.58202],[5.91429,35.58214],[5.91419,35.5818],[5.91464,35.58158]]]}},{"type":"Feature","properties":{"Name":"Sans titre - Polygone"},"geometry":{"type":"Polygon","coordinates":[[[5.91388,35.58126],[5.91463,35.58119],[5.91435,35.58138],[5.9138,35.58153],[5.91388,35.58126]]]}},{"type":"Feature","properties":{"Name":"Sans titre - Polygone"},"geometry":{"type":"Polygon","coordinates":[[[5.91562,35.58059],[5.91583,35.58103],[5.91626,35.58163],[5.91585,35.58159],[5.91537,35.58129],[5.91562,35.58059]]]}},{"type":"Feature","properties":{"Name":"Sans titre - Polygone"},"geometry":{"type":"Polygon","coordinates":[[[5.91322,35.59106],[5.91321,35.59167],[5.91298,35.59169],[5.91293,35.59144],[5.91322,35.59106]]]}},{"type":"Feature","properties":{"Name":"Sans titre - Polygone"},"geometry":{"type":"Polygon","coordinates":[[[5.91284,35.59548],[5.91298,35.59579],[5.9126,35.5957],[5.91247,35.59589],[5.91241,35.59556],[5.91284,35.59548]]]}},{"type":"Feature","properties":{"Name":"Sans titre - Polygone"},"geometry":{"type":"Polygon","coordinates":[[[5.94897,35.54214],[5.94827,35.5425],[5.94777,35.54241],[5.94842,35.54201],[5.94897,35.54214]]]}},{"type":"Feature","properties":{"Name":"Sans titre - Polygone"},"geometry":{"type":"Polygon","coordinates":[[[5.93156,35.54529],[5.93176,35.54551],[5.93168,35.54561],[5.93123,35.54564],[5.93092,35.54548],[5.931,35.54523],[5.93156,35.54529]]]}},{"type":"Feature","properties":{"Name":"Sans titre - Polygone"},"geometry":{"type":"Polygon","coordinates":[[[5.93346,35.5458],[5.93386,35.54655],[5.9335,35.5466],[5.9334,35.54679],[5.93314,35.5466],[5.93304,35.54676],[5.93282,35.54668],[5.93274,35.54617],[5.93302,35.5458],[5.93346,35.5458]]]}},{"type":"Feature","properties":{"Name":"Sans titre - Polygone"},"geometry":{"type":"Polygon","coordinates":[[[5.93514,35.54729],[5.93537,35.54788],[5.93424,35.54777],[5.93431,35.54729],[5.9349,35.54718],[5.93514,35.54729]]]}},{"type":"Feature","properties":{"Name":"Sans titre - Polygone"},"geometry":{"type":"Polygon","coordinates":[[[5.9328,35.55086],[5.93294,35.55102],[5.93289,35.55138],[5.93249,35.55152],[5.93173,35.55163],[5.93114,35.55139],[5.93132,35.55125],[5.93162,35.55135],[5.932,35.55124],[5.93238,35.55086],[5.9328,35.55086]]]}},{"type":"Feature","properties":{"Name":"Sans titre - Polygone"},"geometry":{"type":"Polygon","coordinates":[[[5.93891,35.55069],[5.93977,35.55094],[5.93922,35.55096],[5.93891,35.55069]]]}},{"type":"Feature","properties":{"Name":"Sans titre - Polygone"},"geometry":{"type":"Polygon","coordinates":[[[5.92694,35.55847],[5.92707,35.55903],[5.92649,35.55888],[5.92577,35.5594],[5.92561,35.55874],[5.92634,35.55869],[5.92637,35.55853],[5.92613,35.55843],[5.9263,35.55834],[5.92694,35.55847]]]}},{"type":"Feature","properties":{"Name":"Sans titre - Polygone"},"geometry":{"type":"Polygon","coordinates":[[[5.92828,35.55736],[5.92867,35.55765],[5.92869,35.55801],[5.92811,35.55842],[5.92765,35.55804],[5.92732,35.55749],[5.9275,35.55725],[5.92828,35.55736]]]}},{"type":"Feature","properties":{"Name":"Sans titre - Polygone"},"geometry":{"type":"Polygon","coordinates":[[[5.93931,35.54775],[5.93954,35.54818],[5.93964,35.54885],[5.9395,35.54894],[5.93901,35.54874],[5.93908,35.54854],[5.93889,35.54852],[5.9385,35.54791],[5.93874,35.54763],[5.93918,35.54789],[5.93931,35.54775]]]}},{"type":"Feature","properties":{"Name":"Sans titre - Polygone"},"geometry":{"type":"Polygon","coordinates":[[[5.93742,35.54974],[5.93777,35.55019],[5.93785,35.55054],[5.93745,35.55031],[5.93702,35.55051],[5.93688,35.55034],[5.93711,35.54977],[5.93742,35.54974]]]}},{"type":"Feature","properties":{"Name":"Sans titre - Polygone"},"geometry":{"type":"Polygon","coordinates":[[[5.94012,35.55531],[5.93943,35.55592],[5.93847,35.55553],[5.93893,35.55503],[5.94012,35.55531]]]}},{"type":"Feature","properties":{"Name":"Sans titre - Polygone"},"geometry":{"type":"Polygon","coordinates":[[[5.94067,35.55353],[5.9404,35.55408],[5.94007,35.55418],[5.93981,35.55368],[5.94019,35.55347],[5.94067,35.55353]]]}},{"type":"Feature","properties":{"Name":"Sans titre - Polygone"},"geometry":{"type":"Polygon","coordinates":[[[5.94254,35.55147],[5.94247,35.5519],[5.94186,35.55254],[5.94149,35.55245],[5.94115,35.55184],[5.94117,35.55158],[5.94141,35.55138],[5.94204,35.55123],[5.94223,35.55155],[5.94254,35.55147]]]}},{"type":"Feature","properties":{"Name":"Sans titre - Polygone"},"geometry":{"type":"Polygon","coordinates":[[[5.94228,35.54956],[5.94217,35.54991],[5.94158,35.54997],[5.94109,35.55084],[5.94082,35.55104],[5.93985,35.55077],[5.93966,35.55043],[5.93997,35.54998],[5.941,35.54981],[5.94186,35.54939],[5.94228,35.54956]]]}},{"type":"Feature","properties":{"Name":"Sans titre - Polygone"},"geometry":{"type":"Polygon","coordinates":[[[5.93148,35.58309],[5.93168,35.58327],[5.93112,35.58356],[5.93106,35.58321],[5.93148,35.58309]]]}},{"type":"Feature","properties":{"Name":"Sans titre - Polygone [4:Polygon]"},"geometry":{"type":"Polygon","coordinates":[[[5.91129,35.58631],[5.912,35.58643],[5.91123,35.58638],[5.91129,35.58631]]]}},{"type":"Feature","properties":{"Name":"Sans titre - Polygone"},"geometry":{"type":"Polygon","coordinates":[[[5.91447,35.58237],[5.91631,35.58308],[5.91634,35.5832],[5.9149,35.58267],[5.91444,35.58286],[5.91432,35.58269],[5.91447,35.58237]]]}},{"type":"Feature","properties":{"Name":"Sans titre - Polygone [5:Polygon]"},"geometry":{"type":"Polygon","coordinates":[[[5.91316,35.5858],[5.91425,35.58579],[5.9145,35.58592],[5.91316,35.5858]]]}},{"type":"Feature","properties":{"Name":"Sans titre - Polygone [6:Polygon]"},"geometry":{"type":"Polygon","coordinates":[[[5.91563,35.58636],[5.91558,35.58656],[5.91517,35.58642],[5.91534,35.58629],[5.91563,35.58636]]]}},{"type":"Feature","properties":{"Name":"Sans titre - Polygone [7:Polygon]"},"geometry":{"type":"Polygon","coordinates":[[[5.91733,35.58259],[5.91706,35.5829],[5.91663,35.58275],[5.91689,35.58253],[5.91733,35.58259]]]}},{"type":"Feature","properties":{"Name":"Sans titre - Polygone"},"geometry":{"type":"Polygon","coordinates":[[[5.91915,35.57987],[5.91945,35.58006],[5.91943,35.58022],[5.91879,35.58064],[5.91857,35.58041],[5.91915,35.57987]]]}},{"type":"Feature","properties":{"Name":"Sans titre - Polygone [8:Polygon]"},"geometry":{"type":"Polygon","coordinates":[[[5.91975,35.58309],[5.91849,35.58385],[5.91773,35.58376],[5.91827,35.58364],[5.91975,35.58309]]]}},{"type":"Feature","properties":{"Name":"Sans titre - Polygone"},"geometry":{"type":"Polygon","coordinates":[[[5.92103,35.58089],[5.92111,35.58133],[5.92127,35.58127],[5.92126,35.58086],[5.92178,35.58106],[5.92177,35.58121],[5.92164,35.58135],[5.92125,35.58134],[5.92102,35.58164],[5.92077,35.58168],[5.92047,35.58127],[5.92103,35.58089]]]}},{"type":"Feature","properties":{"Name":"Sans titre - Polygone"},"geometry":{"type":"Polygon","coordinates":[[[5.92296,35.57987],[5.92397,35.5803],[5.92412,35.58084],[5.92316,35.58113],[5.92248,35.58159],[5.92214,35.58156],[5.92202,35.58137],[5.92231,35.5811],[5.92232,35.58073],[5.92201,35.58049],[5.92224,35.58016],[5.9228,35.58005],[5.92284,35.58027],[5.92333,35.58056],[5.92336,35.5801],[5.92303,35.58013],[5.92296,35.57987]]]}},{"type":"Feature","properties":{"Name":"Sans titre - Polygone"},"geometry":{"type":"Polygon","coordinates":[[[5.9294,35.57959],[5.92966,35.57974],[5.92946,35.58022],[5.92977,35.58015],[5.92996,35.58045],[5.92948,35.58057],[5.92957,35.58099],[5.9292,35.58085],[5.92921,35.58122],[5.9289,35.58131],[5.92877,35.58114],[5.92892,35.58095],[5.92858,35.581],[5.92855,35.58066],[5.92811,35.58035],[5.92868,35.5804],[5.92914,35.57995],[5.92921,35.57952],[5.92953,35.5793],[5.9294,35.57959]]]}},{"type":"Feature","properties":{"Name":"Sans titre - Polygone"},"geometry":{"type":"Polygon","coordinates":[[[5.97102,35.57245],[5.97126,35.5728],[5.9705,35.57264],[5.97084,35.57244],[5.97102,35.57245]]]}},{"type":"Feature","properties":{"Name":"Sans titre - Polygone [64:Polygon]"},"geometry":{"type":"Polygon","coordinates":[[[5.95061,35.59298],[5.94958,35.59343],[5.94902,35.59398],[5.94935,35.59347],[5.95004,35.59293],[5.95061,35.59298]]]}},{"type":"Feature","properties":{"Name":"Sans titre - Polygone [65:Polygon]"},"geometry":{"type":"Polygon","coordinates":[[[5.94829,35.59575],[5.94803,35.59562],[5.94782,35.59575],[5.94774,35.59552],[5.94804,35.59545],[5.94839,35.59563],[5.94829,35.59575]]]}},{"type":"Feature","properties":{"Name":"Sans titre - Polygone [60:Polygon]"},"geometry":{"type":"Polygon","coordinates":[[[5.95437,35.5937],[5.95427,35.5944],[5.95414,35.59427],[5.95361,35.59427],[5.95375,35.59395],[5.95347,35.59385],[5.95437,35.5937]]]}},{"type":"Feature","properties":{"Name":"Sans titre - Polygone [62:Polygon]"},"geometry":{"type":"Polygon","coordinates":[[[5.95564,35.59315],[5.95543,35.59348],[5.95489,35.59331],[5.95564,35.59315]]]}},{"type":"Feature","properties":{"Name":"Sans titre - Polygone [61:Polygon]"},"geometry":{"type":"Polygon","coordinates":[[[5.95744,35.59199],[5.95681,35.59254],[5.95647,35.59243],[5.95622,35.59258],[5.95592,35.59242],[5.95621,35.59221],[5.95659,35.5923],[5.95744,35.59199]]]}},{"type":"Feature","properties":{"Name":"Sans titre - Polygone [23:Polygon]"},"geometry":{"type":"Polygon","coordinates":[[[5.96534,35.59095],[5.96583,35.59131],[5.9657,35.59155],[5.96537,35.59165],[5.96512,35.59151],[5.96502,35.59108],[5.96534,35.59095]]]}},{"type":"Feature","properties":{"Name":"Sans titre - Polygone [24:Polygon]"},"geometry":{"type":"Polygon","coordinates":[[[5.96681,35.58812],[5.96615,35.58867],[5.96708,35.58868],[5.9667,35.58923],[5.96658,35.58887],[5.96586,35.58876],[5.96538,35.58838],[5.96551,35.58826],[5.96582,35.58837],[5.96614,35.58815],[5.96647,35.58821],[5.96676,35.58802],[5.96681,35.58812]]]}},{"type":"Feature","properties":{"Name":"Sans titre - Polygone"},"geometry":{"type":"Polygon","coordinates":[[[5.97621,35.57694],[5.97675,35.57696],[5.97719,35.57753],[5.97661,35.57739],[5.9764,35.57779],[5.9752,35.57767],[5.97473,35.57796],[5.97439,35.57785],[5.97455,35.57772],[5.97443,35.57757],[5.97514,35.57732],[5.97494,35.57698],[5.97532,35.57695],[5.97564,35.57711],[5.97572,35.57695],[5.97591,35.57708],[5.97586,35.57685],[5.97601,35.57678],[5.97621,35.57694]]]}},{"type":"Feature","properties":{"Name":"Sans titre - Polygone [25:Polygon]"},"geometry":{"type":"Polygon","coordinates":[[[5.9759,35.5831],[5.97615,35.58348],[5.97595,35.58351],[5.97592,35.58376],[5.97555,35.58404],[5.97564,35.58345],[5.97546,35.5833],[5.9759,35.5831]]]}},{"type":"Feature","properties":{"Name":"Sans titre - Polygone [26:Polygon]"},"geometry":{"type":"Polygon","coordinates":[[[5.97983,35.58013],[5.97982,35.58039],[5.97952,35.58051],[5.97892,35.58035],[5.97856,35.57994],[5.97894,35.58015],[5.97983,35.58013]]]}},{"type":"Feature","properties":{"Name":"Sans titre - Polygone [27:Polygon]"},"geometry":{"type":"Polygon","coordinates":[[[5.98089,35.58019],[5.98112,35.5806],[5.98034,35.58042],[5.98089,35.58019]]]}},{"type":"Feature","properties":{"Name":"Sans titre - Polygone [27:Polygon]"},"geometry":{"type":"Polygon","coordinates":[[[5.98089,35.58019],[5.98112,35.5806],[5.98034,35.58042],[5.98089,35.58019]]]}},{"type":"Feature","properties":{"Name":"Sans titre - Polygone [28:Polygon]"},"geometry":{"type":"Polygon","coordinates":[[[5.98212,35.57732],[5.98177,35.57763],[5.98158,35.57761],[5.98184,35.57727],[5.98212,35.57732]]]}},{"type":"Feature","properties":{"Name":"Sans titre - Polygone [29:Polygon]"},"geometry":{"type":"Polygon","coordinates":[[[5.98417,35.57628],[5.9852,35.57586],[5.98605,35.57606],[5.98566,35.57682],[5.98491,35.57741],[5.98458,35.5775],[5.98382,35.57717],[5.98339,35.57762],[5.98323,35.57811],[5.98305,35.57809],[5.98331,35.57744],[5.98374,35.57704],[5.98379,35.57665],[5.98417,35.57628]]]}},{"type":"Feature","properties":{"Name":"Pelouse [34:Polygon]"},"geometry":{"type":"Polygon","coordinates":[[[6.02183,35.606],[6.02233,35.6061],[6.02257,35.606],[6.02266,35.60613],[6.02279,35.6065],[6.02249,35.60695],[6.02191,35.60666],[6.022,35.60621],[6.02183,35.606]]]}},{"type":"Feature","properties":{"Name":"Sans titre - Polygone"},"geometry":{"type":"Polygon","coordinates":[[[6.04567,35.61374],[6.04561,35.61409],[6.04556,35.61427],[6.04552,35.61384],[6.04567,35.61374]]]}},{"type":"Feature","properties":{"Name":"Sans titre - Polygone"},"geometry":{"type":"Polygon","coordinates":[[[6.04543,35.61533],[6.04512,35.61545],[6.04499,35.61522],[6.04533,35.61495],[6.04543,35.61533]]]}},{"type":"Feature","properties":{"Name":"Sans titre - Polygone"},"geometry":{"type":"Polygon","coordinates":[[[6.04676,35.61648],[6.04608,35.61709],[6.04595,35.61572],[6.04643,35.61587],[6.04676,35.61648]]]}},{"type":"Feature","properties":{"Name":"Sans titre - Polygone"},"geometry":{"type":"Polygon","coordinates":[[[6.05051,35.61721],[6.04966,35.6172],[6.04932,35.61746],[6.04881,35.61744],[6.04871,35.6173],[6.04888,35.61704],[6.04867,35.61674],[6.04965,35.61655],[6.05007,35.61708],[6.05027,35.61693],[6.05023,35.6168],[6.05049,35.61679],[6.05051,35.61721]]]}},{"type":"Feature","properties":{"Name":"Sans titre - Polygone"},"geometry":{"type":"Polygon","coordinates":[[[6.05205,35.61712],[6.05178,35.61712],[6.05165,35.61691],[6.05208,35.61684],[6.05205,35.61712]]]}},{"type":"Feature","properties":{"Name":"Sans titre - Polygone"},"geometry":{"type":"Polygon","coordinates":[[[6.05598,35.61723],[6.0548,35.61733],[6.05444,35.61722],[6.05422,35.61691],[6.0545,35.61669],[6.05524,35.61672],[6.05586,35.61697],[6.05598,35.61723]]]}},{"type":"Feature","properties":{"Name":"Pelouse [32:Polygon]"},"geometry":{"type":"Polygon","coordinates":[[[6.06692,35.61107],[6.06888,35.61067],[6.06927,35.61071],[6.07004,35.61115],[6.06984,35.61149],[6.06984,35.61187],[6.06963,35.61205],[6.06938,35.61167],[6.06864,35.6112],[6.06731,35.61158],[6.06729,35.61129],[6.06692,35.61107]]]}},{"type":"Feature","properties":{"Name":"Pelouse [31:Polygon]"},"geometry":{"type":"Polygon","coordinates":[[[6.07199,35.61065],[6.07341,35.61042],[6.07335,35.61076],[6.07401,35.61182],[6.07355,35.61188],[6.07313,35.61153],[6.073,35.61176],[6.07335,35.6121],[6.07295,35.61217],[6.0727,35.61242],[6.07276,35.61221],[6.07243,35.61165],[6.07146,35.61132],[6.07242,35.61122],[6.07226,35.61079],[6.07199,35.61065]]]}},{"type":"Feature","properties":{"Name":"Pelouse [19:Polygon]"},"geometry":{"type":"Polygon","coordinates":[[[6.10996,35.6217],[6.11028,35.62194],[6.11058,35.6225],[6.11017,35.62243],[6.10978,35.62213],[6.10974,35.62187],[6.10996,35.6217]]]}},{"type":"Feature","properties":{"Name":"Pelouse [18:Polygon]"},"geometry":{"type":"Polygon","coordinates":[[[6.10714,35.61756],[6.1076,35.61769],[6.10818,35.61816],[6.10912,35.61799],[6.10917,35.61828],[6.10847,35.6189],[6.10825,35.61929],[6.10779,35.61943],[6.10792,35.61854],[6.10758,35.6183],[6.10729,35.61877],[6.10717,35.61953],[6.10641,35.62028],[6.1058,35.62064],[6.1042,35.6207],[6.10323,35.6211],[6.10283,35.62105],[6.10285,35.62042],[6.10251,35.61978],[6.10298,35.6191],[6.10318,35.61911],[6.10359,35.61958],[6.10404,35.6197],[6.10472,35.61958],[6.10545,35.61911],[6.10609,35.61915],[6.10655,35.61861],[6.10693,35.6185],[6.10714,35.61756]]]}},{"type":"Feature","properties":{"Name":"integration"},"geometry":{"type":"Polygon","coordinates":[[[6.11896,35.62108],[6.11952,35.62124],[6.1204,35.62118],[6.12076,35.62132],[6.12078,35.62146],[6.12046,35.62206],[6.11993,35.62247],[6.11949,35.62347],[6.11811,35.6239],[6.11746,35.62443],[6.11642,35.62449],[6.11569,35.62513],[6.11547,35.62567],[6.11568,35.62603],[6.11718,35.62629],[6.11706,35.62671],[6.1163,35.62719],[6.1164,35.62759],[6.1154,35.6276],[6.11353,35.62679],[6.11203,35.62651],[6.111,35.62609],[6.11107,35.62583],[6.11154,35.62542],[6.11223,35.62441],[6.11255,35.62354],[6.11243,35.62244],[6.11269,35.62194],[6.11348,35.62152],[6.11471,35.62201],[6.11547,35.62103],[6.11548,35.62083],[6.11465,35.62034],[6.1145,35.62008],[6.11519,35.61943],[6.11552,35.61933],[6.11593,35.61945],[6.11711,35.6201],[6.11782,35.62028],[6.11801,35.61978],[6.11798,35.61873],[6.11812,35.61834],[6.11867,35.61778],[6.11941,35.61779],[6.11965,35.61827],[6.11901,35.61957],[6.11896,35.62108]]]}},{"type":"Feature","properties":{"Name":"Pelouse [7:Polygon]"},"geometry":{"type":"Polygon","coordinates":[[[6.11691,35.62542],[6.1177,35.62491],[6.11782,35.62528],[6.11827,35.6257],[6.1174,35.62584],[6.11693,35.62569],[6.11691,35.62542]]]}},{"type":"Feature","properties":{"Name":"Sans titre - Polygone"},"geometry":{"type":"Polygon","coordinates":[[[6.13076,35.63408],[6.13028,35.63393],[6.13017,35.6336],[6.13072,35.6337],[6.13075,35.63384],[6.13055,35.63393],[6.13076,35.63408]]]}},{"type":"Feature","properties":{"Name":"Pelouse [2:Polygon]"},"geometry":{"type":"Polygon","coordinates":[[[6.12497,35.63432],[6.12666,35.63528],[6.12761,35.63522],[6.12833,35.63543],[6.12892,35.6353],[6.13014,35.63535],[6.1304,35.6352],[6.13044,35.63484],[6.13073,35.63491],[6.13118,35.63433],[6.13138,35.63445],[6.13111,35.63474],[6.13131,35.63508],[6.13151,35.63513],[6.13268,35.63481],[6.13284,35.63458],[6.13334,35.63459],[6.13364,35.6343],[6.13394,35.63424],[6.13426,35.63436],[6.13445,35.63523],[6.13437,35.63566],[6.13358,35.63591],[6.13385,35.63618],[6.13375,35.63635],[6.13045,35.63565],[6.12977,35.63586],[6.12995,35.63608],[6.13129,35.63672],[6.13139,35.63696],[6.12851,35.63632],[6.11932,35.63319],[6.11868,35.63228],[6.11846,35.6313],[6.11871,35.63083],[6.12029,35.62996],[6.12245,35.62937],[6.12274,35.62946],[6.12144,35.62984],[6.12169,35.6301],[6.12038,35.6303],[6.12035,35.63068],[6.12071,35.63169],[6.12142,35.63249],[6.12497,35.63432]]]}},{"type":"Feature","properties":{"Name":"Sans titre - Polygone"},"geometry":{"type":"Polygon","coordinates":[[[6.15237,35.63873],[6.15217,35.63887],[6.15181,35.63856],[6.15221,35.63854],[6.15237,35.63873]]]}},{"type":"Feature","properties":{"Name":"Sans titre - Polygone"},"geometry":{"type":"Polygon","coordinates":[[[6.1537,35.63979],[6.15351,35.6401],[6.15325,35.64017],[6.15312,35.64001],[6.15326,35.63981],[6.15288,35.63943],[6.15312,35.63926],[6.15343,35.63958],[6.15368,35.63956],[6.15391,35.63992],[6.1537,35.63979]]]}},{"type":"Feature","properties":{"Name":"Sans titre - Polygone"},"geometry":{"type":"Polygon","coordinates":[[[6.15586,35.64129],[6.15569,35.64142],[6.15588,35.64168],[6.1556,35.64173],[6.15513,35.64128],[6.15534,35.64108],[6.15573,35.64111],[6.15586,35.64129]]]}},{"type":"Feature","properties":{"Name":"Sans titre - Polygone"},"geometry":{"type":"Polygon","coordinates":[[[6.1566,35.6424],[6.15622,35.64244],[6.15606,35.64236],[6.15632,35.64206],[6.1566,35.6424]]]}},{"type":"Feature","properties":{"Name":"Sans titre - Polygone"},"geometry":{"type":"Polygon","coordinates":[[[6.15603,35.6447],[6.1557,35.64473],[6.15588,35.64426],[6.15607,35.64448],[6.15603,35.6447]]]}},{"type":"Feature","properties":{"Name":"Sans titre - Polygone"},"geometry":{"type":"Polygon","coordinates":[[[6.15758,35.6456],[6.15739,35.64574],[6.15723,35.64563],[6.15757,35.64537],[6.15758,35.6456]]]}},{"type":"Feature","properties":{"Name":"Sans titre - Polygone"},"geometry":{"type":"Polygon","coordinates":[[[6.15978,35.6457],[6.15937,35.64584],[6.15907,35.64553],[6.15921,35.64537],[6.15942,35.64565],[6.15956,35.6455],[6.15978,35.6457]]]}},{"type":"Feature","properties":{"Name":"Sans titre - Polygone"},"geometry":{"type":"Polygon","coordinates":[[[6.1589,35.64448],[6.15862,35.64438],[6.15866,35.64407],[6.15883,35.64429],[6.1589,35.64448]]]}},{"type":"Feature","properties":{"Name":"Sans titre - Polygone"},"geometry":{"type":"Polygon","coordinates":[[[6.25585,35.64703],[6.25663,35.64723],[6.25647,35.64735],[6.25656,35.64745],[6.25585,35.64703]]]}},{"type":"Feature","properties":{"Name":"Parcours [14:Polygon]"},"geometry":{"type":"Polygon","coordinates":[[[6.24405,35.64126],[6.24351,35.64141],[6.24336,35.64125],[6.24353,35.64094],[6.24391,35.64076],[6.2441,35.64081],[6.24421,35.64106],[6.24405,35.64126]]]}},{"type":"Feature","properties":{"Name":"Sans titre - Polygone"},"geometry":{"type":"Polygon","coordinates":[[[6.23612,35.64723],[6.23582,35.64733],[6.2347,35.64727],[6.2349,35.64711],[6.23534,35.64718],[6.23541,35.64705],[6.23612,35.64723]]]}},{"type":"Feature","properties":{"Name":"Sans titre - Polygone"},"geometry":{"type":"Polygon","coordinates":[[[6.23166,35.64893],[6.23145,35.64903],[6.23112,35.64895],[6.23131,35.64861],[6.23166,35.64893]]]}},{"type":"Feature","properties":{"Name":"Sans titre - Polygone"},"geometry":{"type":"Polygon","coordinates":[[[6.22764,35.64514],[6.2273,35.64503],[6.22727,35.64489],[6.22749,35.64476],[6.22764,35.64514]]]}},{"type":"Feature","properties":{"Name":"Sans titre - Polygone"},"geometry":{"type":"Polygon","coordinates":[[[6.22611,35.64415],[6.22583,35.64422],[6.22593,35.64407],[6.22572,35.64394],[6.22597,35.64384],[6.22611,35.64415]]]}},{"type":"Feature","properties":{"Name":"Sans titre - Polygone"},"geometry":{"type":"Polygon","coordinates":[[[6.21921,35.64377],[6.21869,35.64369],[6.21849,35.64381],[6.21853,35.64368],[6.21837,35.64376],[6.21828,35.6436],[6.21858,35.64344],[6.21889,35.6436],[6.21903,35.64351],[6.21921,35.64377]]]}},{"type":"Feature","properties":{"Name":"Sans titre - Polygone"},"geometry":{"type":"Polygon","coordinates":[[[6.21866,35.64418],[6.21879,35.64442],[6.21862,35.64459],[6.21848,35.64436],[6.21832,35.64442],[6.21793,35.6441],[6.21866,35.64418]]]}},{"type":"Feature","properties":{"Name":"Sans titre - Polygone"},"geometry":{"type":"Polygon","coordinates":[[[6.20488,35.64025],[6.20459,35.64033],[6.20436,35.64021],[6.20449,35.64007],[6.20488,35.64025]]]}},{"type":"Feature","properties":{"Name":"Sans titre - Polygone"},"geometry":{"type":"Polygon","coordinates":[[[6.20735,35.64111],[6.20721,35.64117],[6.20685,35.64112],[6.20688,35.64097],[6.20716,35.64092],[6.20735,35.64111]]]}},{"type":"Feature","properties":{"Name":"Sans titre - Polygone"},"geometry":{"type":"Polygon","coordinates":[[[6.19154,35.63501],[6.19122,35.63489],[6.19117,35.63472],[6.19164,35.63482],[6.19154,35.63501]]]}},{"type":"Feature","properties":{"Name":"Sans titre - Polygone"},"geometry":{"type":"Polygon","coordinates":[[[6.18615,35.63789],[6.18586,35.6378],[6.18613,35.63769],[6.18615,35.63789]]]}},{"type":"Feature","properties":{"Name":"Sans titre - Polygone"},"geometry":{"type":"Polygon","coordinates":[[[6.1859,35.63555],[6.1857,35.63507],[6.18592,35.63495],[6.18607,35.63514],[6.18604,35.63556],[6.1859,35.63555]]]}},{"type":"Feature","properties":{"Name":"Sans titre - Polygone"},"geometry":{"type":"Polygon","coordinates":[[[6.19096,35.63431],[6.19053,35.63387],[6.19061,35.63367],[6.19023,35.63346],[6.1908,35.63352],[6.19104,35.63323],[6.1914,35.63326],[6.19176,35.63367],[6.19168,35.6341],[6.19096,35.63431]]]}},{"type":"Feature","properties":{"Name":"Sans titre - Polygone"},"geometry":{"type":"Polygon","coordinates":[[[6.0967,35.57528],[6.09559,35.57563],[6.0954,35.57553],[6.09567,35.57479],[6.0958,35.57476],[6.09626,35.57503],[6.09625,35.57517],[6.09667,35.57517],[6.0967,35.57528]]]}},{"type":"Feature","properties":{"Name":"Sans titre - Polygone"},"geometry":{"type":"Polygon","coordinates":[[[6.01813,35.54928],[6.01841,35.54974],[6.01827,35.55003],[6.0185,35.55033],[6.01837,35.55059],[6.01878,35.55061],[6.01808,35.55083],[6.01746,35.55073],[6.01733,35.55051],[6.01789,35.55042],[6.0178,35.55005],[6.01739,35.54962],[6.01769,35.54965],[6.01792,35.5493],[6.01813,35.54928]]]}},{"type":"Feature","properties":{"Name":"Sans titre - Polygone"},"geometry":{"type":"Polygon","coordinates":[[[6.01809,35.55642],[6.01833,35.5568],[6.01791,35.55674],[6.01746,35.55635],[6.01809,35.55642]]]}},{"type":"Feature","properties":{"Name":"Sans titre - Polygone"},"geometry":{"type":"Polygon","coordinates":[[[6.01688,35.55316],[6.01668,35.55357],[6.01634,35.55332],[6.0167,35.55317],[6.01664,35.55299],[6.01688,35.55316]]]}},{"type":"Feature","properties":{"Name":"Sans titre - Polygone"},"geometry":{"type":"Polygon","coordinates":[[[6.01447,35.55214],[6.01479,35.55237],[6.01478,35.5525],[6.01439,35.55249],[6.01426,35.55219],[6.01447,35.55214]]]}},{"type":"Feature","properties":{"Name":"Sans titre - Polygone"},"geometry":{"type":"Polygon","coordinates":[[[6.01383,35.55169],[6.01347,35.55232],[6.01352,35.55261],[6.0133,35.5532],[6.01263,35.55328],[6.01253,35.55354],[6.01228,35.55339],[6.01254,35.55327],[6.01243,35.55292],[6.01257,35.55281],[6.01175,35.55271],[6.01261,35.55242],[6.01247,35.55215],[6.01207,35.552],[6.01217,35.55183],[6.0129,35.55185],[6.01326,35.55161],[6.01339,35.55176],[6.01383,35.55169]]]}},{"type":"Feature","properties":{"Name":"Sans titre - Polygone"},"geometry":{"type":"Polygon","coordinates":[[[6.02273,35.53423],[6.02292,35.53458],[6.0224,35.5349],[6.02233,35.5347],[6.02273,35.53423]]]}},{"type":"Feature","properties":{"Name":"Sans titre - Polygone"},"geometry":{"type":"Polygon","coordinates":[[[6.02598,35.53531],[6.02541,35.53588],[6.0251,35.53586],[6.02491,35.53558],[6.02542,35.53553],[6.02539,35.53522],[6.02598,35.53531]]]}},{"type":"Feature","properties":{"Name":"Sans titre - Polygone"},"geometry":{"type":"Polygon","coordinates":[[[6.02829,35.53789],[6.02884,35.53818],[6.02885,35.53825],[6.02797,35.53807],[6.02829,35.53789]]]}},{"type":"Feature","properties":{"Name":"Sans titre - Polygone"},"geometry":{"type":"Polygon","coordinates":[[[6.03138,35.53731],[6.03198,35.53783],[6.03201,35.53831],[6.03229,35.53847],[6.03193,35.53844],[6.03117,35.5374],[6.03138,35.53731]]]}},{"type":"Feature","properties":{"Name":"Sans titre - Polygone"},"geometry":{"type":"Polygon","coordinates":[[[6.02435,35.53585],[6.02459,35.53634],[6.02343,35.53648],[6.02289,35.53676],[6.02186,35.53627],[6.02157,35.53589],[6.0218,35.5357],[6.02238,35.53588],[6.02298,35.53571],[6.02393,35.53599],[6.02435,35.53585]]]}},{"type":"Feature","properties":{"Name":"Mesure de polygone"},"geometry":{"type":"Polygon","coordinates":[[[6.03396,35.54156],[6.03376,35.54206],[6.03309,35.54229],[6.03301,35.5418],[6.03266,35.54193],[6.03255,35.54174],[6.03193,35.54151],[6.0313,35.54039],[6.03178,35.5404],[6.03196,35.54072],[6.03211,35.54039],[6.0316,35.53999],[6.03187,35.53993],[6.03212,35.54018],[6.03241,35.54008],[6.03286,35.54028],[6.03246,35.53979],[6.03239,35.53952],[6.03258,35.5393],[6.03298,35.53921],[6.03377,35.53955],[6.03389,35.53972],[6.03357,35.54015],[6.03328,35.54024],[6.03317,35.54053],[6.03322,35.54094],[6.03396,35.54156]]]}},{"type":"Feature","properties":{"Name":"Sans titre - Polygone"},"geometry":{"type":"Polygon","coordinates":[[[6.02977,35.53549],[6.03033,35.53588],[6.03055,35.53626],[6.03101,35.53617],[6.03064,35.53637],[6.03026,35.53627],[6.03037,35.5365],[6.02999,35.5365],[6.03017,35.53718],[6.02979,35.53667],[6.02967,35.53686],[6.02938,35.53684],[6.0293,35.53744],[6.02906,35.53759],[6.02851,35.53719],[6.02842,35.53748],[6.0281,35.53762],[6.02607,35.53742],[6.02663,35.53732],[6.02699,35.53688],[6.02667,35.53682],[6.02677,35.53665],[6.02656,35.53641],[6.02678,35.53633],[6.02693,35.53591],[6.02714,35.53606],[6.02785,35.53584],[6.02838,35.53593],[6.02852,35.53555],[6.02902,35.53544],[6.02915,35.53566],[6.02977,35.53549]]]}},{"type":"Feature","properties":{"Name":"Sans titre - Polygone"},"geometry":{"type":"Polygon","coordinates":[[[6.0351,35.53168],[6.03586,35.53192],[6.03553,35.5319],[6.03538,35.53205],[6.03512,35.53191],[6.03365,35.53186],[6.03314,35.53166],[6.03311,35.53152],[6.0326,35.53151],[6.03243,35.53127],[6.03319,35.53136],[6.03354,35.5316],[6.03443,35.53166],[6.03473,35.53184],[6.0351,35.53168]]]}},{"type":"Feature","properties":{"Name":"Mesure de polygone"},"geometry":{"type":"Polygon","coordinates":[[[6.04445,35.53803],[6.04411,35.53825],[6.0441,35.53844],[6.04388,35.53844],[6.04365,35.53809],[6.0439,35.53782],[6.0443,35.53784],[6.04445,35.53803]]]}},{"type":"Feature","properties":{"Name":"Mesure de polygone"},"geometry":{"type":"Polygon","coordinates":[[[6.04821,35.54345],[6.04757,35.54433],[6.04702,35.54465],[6.04683,35.54435],[6.04701,35.54383],[6.0464,35.54432],[6.04585,35.54373],[6.04652,35.54345],[6.0454,35.54338],[6.04532,35.54354],[6.04491,35.54334],[6.04502,35.54293],[6.04483,35.54242],[6.04461,35.54241],[6.04442,35.54159],[6.04362,35.54138],[6.04339,35.54116],[6.04196,35.54116],[6.04181,35.54078],[6.04137,35.54051],[6.04056,35.53917],[6.03992,35.53866],[6.03857,35.53768],[6.03664,35.53697],[6.03691,35.5368],[6.03768,35.53698],[6.04021,35.5381],[6.04056,35.53849],[6.04156,35.53861],[6.04219,35.539],[6.04252,35.53974],[6.04573,35.54077],[6.04654,35.54163],[6.05034,35.54308],[6.04979,35.54329],[6.04907,35.54328],[6.04874,35.54312],[6.04821,35.54345]]]}},{"type":"Feature","properties":{"Name":"Sans titre - Polygone"},"geometry":{"type":"Polygon","coordinates":[[[6.0583,35.55649],[6.05867,35.55663],[6.0587,35.5568],[6.05854,35.55697],[6.05764,35.55703],[6.05817,35.55723],[6.05799,35.55735],[6.05727,35.55723],[6.05719,35.55743],[6.05675,35.55734],[6.05784,35.55653],[6.0583,35.55649]]]}},{"type":"Feature","properties":{"Name":"Sans titre - Polygone"},"geometry":{"type":"Polygon","coordinates":[[[6.04386,35.55129],[6.04403,35.55164],[6.04354,35.55161],[6.0432,35.55138],[6.04386,35.55129]]]}},{"type":"Feature","properties":{"Name":"Sans titre - Polygone"},"geometry":{"type":"Polygon","coordinates":[[[6.0486,35.5511],[6.04867,35.55133],[6.04749,35.55206],[6.04729,35.55197],[6.04771,35.55146],[6.0486,35.5511]]]}},{"type":"Feature","properties":{"Name":"Sans titre - Polygone"},"geometry":{"type":"Polygon","coordinates":[[[6.04593,35.54852],[6.04647,35.54875],[6.04602,35.54898],[6.0455,35.54896],[6.04592,35.54955],[6.04545,35.54995],[6.045,35.54991],[6.04449,35.55013],[6.04397,35.54975],[6.04328,35.54956],[6.04353,35.54936],[6.04349,35.54918],[6.04388,35.54919],[6.0442,35.54886],[6.04434,35.54893],[6.0444,35.54955],[6.04453,35.54884],[6.04483,35.54868],[6.04477,35.54919],[6.04513,35.54943],[6.04534,35.54899],[6.04519,35.54856],[6.04593,35.54852]]]}},{"type":"Feature","properties":{"Name":"Sans titre - Polygone"},"geometry":{"type":"Polygon","coordinates":[[[6.03679,35.55025],[6.03661,35.55085],[6.03566,35.55046],[6.03577,35.55012],[6.03608,35.54999],[6.03679,35.55025]]]}},{"type":"Feature","properties":{"Name":"Sans titre - Polygone"},"geometry":{"type":"Polygon","coordinates":[[[6.04271,35.55281],[6.04314,35.55333],[6.04258,35.55334],[6.0426,35.5535],[6.04215,35.55354],[6.04193,35.5532],[6.04197,35.55289],[6.04232,35.55269],[6.04271,35.55281]]]}},{"type":"Feature","properties":{"Name":"Sans titre - Polygone [1:Polygon]"},"geometry":{"type":"Polygon","coordinates":[[[6.04571,35.55467],[6.04591,35.55499],[6.04556,35.55503],[6.04429,35.55461],[6.04392,35.55429],[6.04486,35.55413],[6.04504,35.55417],[6.04518,35.55457],[6.04571,35.55467]]]}},{"type":"Feature","properties":{"Name":"Sans titre - Polygone"},"geometry":{"type":"Polygon","coordinates":[[[6.04688,35.5546],[6.04719,35.555],[6.048,35.55514],[6.04762,35.55528],[6.0471,35.55509],[6.0472,35.55554],[6.04703,35.55554],[6.04689,35.55509],[6.04659,35.55494],[6.04688,35.5546]]]}},{"type":"Feature","properties":{"Name":"Sans titre - Polygone"},"geometry":{"type":"Polygon","coordinates":[[[6.05237,35.55714],[6.05275,35.55793],[6.05167,35.55861],[6.05156,35.5585],[6.05175,35.55794],[6.05159,35.55787],[6.05131,35.55829],[6.05097,35.55758],[6.05204,35.55711],[6.05207,35.55691],[6.05187,35.55669],[6.05202,35.5563],[6.05182,35.556],[6.05198,35.55562],[6.05137,35.55559],[6.05116,35.55528],[6.05084,35.55531],[6.0506,35.55512],[6.04993,35.55548],[6.04983,35.55486],[6.04897,35.55454],[6.04787,35.55466],[6.0477,35.55451],[6.04768,35.55414],[6.04718,35.55378],[6.04725,35.55334],[6.0478,35.55327],[6.04914,35.55377],[6.04986,35.55382],[6.04929,35.55333],[6.04956,35.5531],[6.04965,35.55234],[6.04933,35.55172],[6.05117,35.55273],[6.05174,35.55267],[6.05226,35.55297],[6.05298,35.55309],[6.05428,35.55304],[6.05463,35.55317],[6.05481,35.5534],[6.05461,35.55416],[6.05436,35.55439],[6.05391,35.55452],[6.05299,35.55439],[6.0525,35.55465],[6.05266,35.55498],[6.05236,35.55512],[6.05276,35.55583],[6.05236,35.5567],[6.05237,35.55714]]]}},{"type":"Feature","properties":{"Name":"Sans titre - Polygone [43:Polygon]"},"geometry":{"type":"Polygon","coordinates":[[[5.99988,35.56748],[6.00003,35.56788],[5.99974,35.56803],[5.9997,35.56757],[5.99988,35.56748]]]}},{"type":"Feature","properties":{"Name":"Parcours [52:Polygon]"},"geometry":{"type":"Polygon","coordinates":[[[6.00333,35.5644],[6.00274,35.56403],[6.00314,35.5637],[6.00353,35.56355],[6.0041,35.5639],[6.00333,35.5644]]]}},{"type":"Feature","properties":{"Name":"Sans titre - Polygone [42:Polygon]"},"geometry":{"type":"Polygon","coordinates":[[[6.00015,35.5658],[6.00091,35.56597],[6.00157,35.56579],[6.0017,35.56599],[6.00131,35.56626],[6.00063,35.56624],[6.00029,35.56608],[6,35.56614],[5.99988,35.56598],[6.00015,35.5658]]]}},{"type":"Feature","properties":{"Name":"Sans titre - Polygone [38:Polygon]"},"geometry":{"type":"Polygon","coordinates":[[[6.00142,35.56333],[6.00168,35.56349],[6.00165,35.56382],[6.00202,35.56423],[6.00182,35.56425],[6.00115,35.56361],[6.0011,35.56343],[6.00142,35.56333]]]}},{"type":"Feature","properties":{"Name":"Parcours [53:Polygon]"},"geometry":{"type":"Polygon","coordinates":[[[5.9998,35.565],[5.99982,35.56449],[6.00005,35.5643],[5.99954,35.56394],[6,35.56334],[6.00031,35.56349],[6.00022,35.56385],[6.00044,35.56416],[6.00013,35.56446],[6.00037,35.5648],[6.00031,35.565],[5.99995,35.56515],[5.9998,35.565]]]}},{"type":"Feature","properties":{"Name":"Parcours [51:Polygon]"},"geometry":{"type":"Polygon","coordinates":[[[5.99871,35.56368],[5.99772,35.56281],[5.99794,35.56257],[5.99851,35.5624],[5.99877,35.56209],[5.99939,35.56228],[5.99907,35.5629],[5.99914,35.56367],[5.99871,35.56368]]]}},{"type":"Feature","properties":{"Name":"Sans titre - Polygone [39:Polygon]"},"geometry":{"type":"Polygon","coordinates":[[[5.99687,35.56317],[5.99705,35.56332],[5.9967,35.56346],[5.99642,35.56321],[5.99687,35.56317]]]}},{"type":"Feature","properties":{"Name":"Sans titre - Polygone [40:Polygon]"},"geometry":{"type":"Polygon","coordinates":[[[5.99736,35.56133],[5.99775,35.56145],[5.99761,35.56164],[5.99728,35.56153],[5.99736,35.56133]]]}},{"type":"Feature","properties":{"Name":"Sans titre - Polygone [33:Polygon]"},"geometry":{"type":"Polygon","coordinates":[[[5.99535,35.55551],[5.99539,35.55578],[5.99517,35.55598],[5.99503,35.55583],[5.99535,35.55551]]]}},{"type":"Feature","properties":{"Name":"Sans titre - Polygone [34:Polygon]"},"geometry":{"type":"Polygon","coordinates":[[[5.99545,35.5561],[5.99565,35.55637],[5.99565,35.55668],[5.99547,35.55679],[5.99504,35.5566],[5.99545,35.55664],[5.99517,35.55623],[5.99545,35.5561]]]}},{"type":"Feature","properties":{"Name":"Sans titre - Polygone [35:Polygon]"},"geometry":{"type":"Polygon","coordinates":[[[5.99548,35.55724],[5.99572,35.55748],[5.99573,35.55756],[5.99539,35.55752],[5.99532,35.55734],[5.99548,35.55724]]]}},{"type":"Feature","properties":{"Name":"Sans titre - Polygone [37:Polygon]"},"geometry":{"type":"Polygon","coordinates":[[[5.99625,35.5585],[5.99641,35.55892],[5.99636,35.55903],[5.99601,35.55869],[5.99625,35.5585]]]}},{"type":"Feature","properties":{"Name":"Sans titre - Polygone [36:Polygon]"},"geometry":{"type":"Polygon","coordinates":[[[5.99594,35.55819],[5.99589,35.55861],[5.99583,35.55865],[5.99553,35.55835],[5.99594,35.55819]]]}},{"type":"Feature","properties":{"Name":"Sans titre - Polygone"},"geometry":{"type":"Polygon","coordinates":[[[5.98187,35.55939],[5.98143,35.55998],[5.9809,35.56009],[5.98125,35.55985],[5.98149,35.55924],[5.98187,35.55939]]]}},{"type":"Feature","properties":{"Name":"Sans titre - Polygone [30:Polygon]"},"geometry":{"type":"Polygon","coordinates":[[[5.98278,35.56011],[5.98351,35.56046],[5.98353,35.56097],[5.98332,35.56125],[5.98247,35.56091],[5.98311,35.56086],[5.98323,35.56069],[5.98322,35.56055],[5.9823,35.56019],[5.98278,35.56011]]]}},{"type":"Feature","properties":{"Name":"Sans titre - Polygone [32:Polygon]"},"geometry":{"type":"Polygon","coordinates":[[[5.99064,35.55737],[5.99077,35.55758],[5.99037,35.55751],[5.99044,35.55736],[5.99064,35.55737]]]}},{"type":"Feature","properties":{"Name":"Parcours [50:Polygon]"},"geometry":{"type":"Polygon","coordinates":[[[5.98596,35.55266],[5.98216,35.55136],[5.98309,35.55105],[5.98482,35.55117],[5.98543,35.55147],[5.98535,35.55174],[5.98546,35.55175],[5.98602,35.55147],[5.98656,35.55145],[5.98701,35.55106],[5.98772,35.55104],[5.98908,35.55132],[5.99149,35.55088],[5.99262,35.55097],[5.99318,35.55152],[5.99279,35.55197],[5.99149,35.55197],[5.99058,35.55178],[5.99008,35.55192],[5.99033,35.55213],[5.99292,35.55284],[5.9942,35.55272],[5.99554,35.55285],[5.99527,35.55317],[5.99428,35.55319],[5.99266,35.55361],[5.99399,35.55451],[5.99429,35.55421],[5.99451,35.55358],[5.9949,35.55344],[5.99532,35.55363],[5.99498,35.55399],[5.99542,35.55414],[5.99561,35.55447],[5.99519,35.55462],[5.99459,35.55438],[5.994,35.55513],[5.9946,35.55575],[5.99449,35.55623],[5.9947,35.55733],[5.99452,35.55778],[5.99536,35.55903],[5.99628,35.55917],[5.9972,35.55984],[5.99778,35.56049],[5.99777,35.56086],[5.99668,35.55983],[5.99648,35.55981],[5.9969,35.56042],[5.99653,35.56053],[5.99584,35.55943],[5.99354,35.55897],[5.99341,35.55873],[5.99386,35.55849],[5.99327,35.55812],[5.99306,35.55779],[5.99318,35.55752],[5.99362,35.55768],[5.99374,35.55747],[5.99306,35.55715],[5.99046,35.5569],[5.98971,35.55695],[5.98604,35.55829],[5.98483,35.55914],[5.98453,35.55879],[5.9847,35.55794],[5.98549,35.55746],[5.9857,35.557],[5.98514,35.55561],[5.98618,35.55543],[5.98598,35.55519],[5.98542,35.55508],[5.98622,35.55477],[5.98644,35.55431],[5.98582,35.55405],[5.98505,35.55305],[5.9841,35.55314],[5.98387,35.55261],[5.98596,35.55266]]]}},{"type":"Feature","properties":{"Name":"Sans titre - Polygone"},"geometry":{"type":"Polygon","coordinates":[[[6.03798,35.55692],[6.04092,35.55816],[6.04024,35.55823],[6.04049,35.55856],[6.04039,35.55862],[6.03968,35.55776],[6.03752,35.55743],[6.03624,35.5571],[6.03597,35.55688],[6.03698,35.55688],[6.03709,35.55702],[6.03798,35.55692]]]}},{"type":"Feature","properties":{"Name":"Sans titre - Polygone"},"geometry":{"type":"Polygon","coordinates":[[[6.03063,35.55816],[6.03012,35.55883],[6.02953,35.55885],[6.02973,35.55871],[6.0296,35.55858],[6.02985,35.55865],[6.02975,35.55839],[6.03056,35.55802],[6.03063,35.55816]]]}},{"type":"Feature","properties":{"Name":"Sans titre - Polygone"},"geometry":{"type":"Polygon","coordinates":[[[6.02717,35.56233],[6.02749,35.56278],[6.0267,35.56262],[6.02687,35.56228],[6.02717,35.56233]]]}},{"type":"Feature","properties":{"Name":"Sans titre - Polygone"},"geometry":{"type":"Polygon","coordinates":[[[6.02355,35.56474],[6.02391,35.56493],[6.02414,35.56488],[6.02391,35.565],[6.02342,35.56482],[6.02355,35.56474]]]}},{"type":"Feature","properties":{"Name":"Parcours [42:Polygon]"},"geometry":{"type":"Polygon","coordinates":[[[6.04023,35.57056],[6.03984,35.57005],[6.0401,35.56958],[6.04088,35.56902],[6.04135,35.56907],[6.04147,35.56924],[6.04136,35.5694],[6.04028,35.56956],[6.0404,35.57044],[6.04023,35.57056]]]}},{"type":"Feature","properties":{"Name":"Sans titre - Polygone"},"geometry":{"type":"Polygon","coordinates":[[[6.23759,35.65449],[6.23738,35.65464],[6.23672,35.65462],[6.23706,35.65442],[6.23716,35.65456],[6.23759,35.65449]]]}},{"type":"Feature","properties":{"Name":"Sans titre - Polygone"},"geometry":{"type":"Polygon","coordinates":[[[6.23605,35.65501],[6.2359,35.65521],[6.23552,35.65525],[6.23557,35.65557],[6.23528,35.65578],[6.23538,35.65596],[6.23503,35.6561],[6.23544,35.65518],[6.23605,35.65501]]]}},{"type":"Feature","properties":{"Name":"Sans titre - Polygone"},"geometry":{"type":"Polygon","coordinates":[[[6.16657,35.63876],[6.16629,35.6389],[6.1656,35.63839],[6.16576,35.63828],[6.16604,35.63844],[6.16617,35.6383],[6.16657,35.63876]]]}},{"type":"Feature","properties":{"Name":"Pelouse [1:Polygon]"},"geometry":{"type":"Polygon","coordinates":[[[6.17294,35.64604],[6.17393,35.64678],[6.17416,35.64725],[6.17404,35.64753],[6.17357,35.6477],[6.17277,35.64696],[6.17212,35.64662],[6.17208,35.64628],[6.17238,35.64601],[6.17294,35.64604]]]}},{"type":"Feature","properties":{"Name":"Sans titre - Polygone"},"geometry":{"type":"Polygon","coordinates":[[[6.16246,35.63842],[6.16191,35.63845],[6.16114,35.63802],[6.16128,35.63784],[6.1611,35.63771],[6.16196,35.63716],[6.162,35.6375],[6.16226,35.63741],[6.16258,35.63777],[6.1623,35.63792],[6.16246,35.63842]]]}},{"type":"Feature","properties":{"Name":"Sans titre - Polygone"},"geometry":{"type":"Polygon","coordinates":[[[6.14701,35.63626],[6.14615,35.63633],[6.14592,35.63596],[6.14701,35.63626]]]}},{"type":"Feature","properties":{"Name":"Sans titre - Polygone"},"geometry":{"type":"Polygon","coordinates":[[[6.14851,35.63669],[6.1477,35.63657],[6.14736,35.63635],[6.14759,35.63622],[6.14818,35.63632],[6.14853,35.63649],[6.14851,35.63669]]]}},{"type":"Feature","properties":{"Name":"Sans titre - Polygone"},"geometry":{"type":"Polygon","coordinates":[[[6.14973,35.63558],[6.149,35.63551],[6.14874,35.63564],[6.14834,35.63524],[6.14838,35.63495],[6.14895,35.63502],[6.14924,35.63516],[6.14912,35.63525],[6.14929,35.63535],[6.14966,35.63535],[6.14973,35.63558]]]}},{"type":"Feature","properties":{"Name":"Sans titre - Polygone"},"geometry":{"type":"Polygon","coordinates":[[[6.14465,35.63316],[6.14434,35.63375],[6.14418,35.63373],[6.14383,35.63345],[6.14371,35.63306],[6.14321,35.63302],[6.14313,35.63222],[6.14295,35.63204],[6.1403,35.63219],[6.13896,35.63107],[6.13963,35.63074],[6.14022,35.63021],[6.14109,35.63061],[6.14181,35.63055],[6.14215,35.63121],[6.1435,35.63208],[6.14465,35.63316]]]}},{"type":"Feature","properties":{"Name":"Sans titre - Polygone"},"geometry":{"type":"Polygon","coordinates":[[[6.1358,35.63191],[6.13432,35.63148],[6.13385,35.63156],[6.13414,35.63138],[6.13472,35.63138],[6.1358,35.63191]]]}},{"type":"Feature","properties":{"Name":"Sans titre - Polygone"},"geometry":{"type":"Polygon","coordinates":[[[6.13437,35.63004],[6.13416,35.63011],[6.13404,35.6305],[6.13385,35.6304],[6.13395,35.62991],[6.13437,35.63004]]]}},{"type":"Feature","properties":{"Name":"Sans titre - Polygone"},"geometry":{"type":"Polygon","coordinates":[[[6.13744,35.63001],[6.13599,35.63023],[6.13551,35.63064],[6.13498,35.63039],[6.13442,35.62966],[6.13371,35.62925],[6.13404,35.62897],[6.13396,35.62878],[6.13317,35.62871],[6.13248,35.62818],[6.13321,35.62831],[6.13267,35.62796],[6.13285,35.62778],[6.13425,35.6286],[6.13525,35.62904],[6.13619,35.62924],[6.13713,35.62972],[6.13744,35.63001]]]}},{"type":"Feature","properties":{"Name":"Pelouse [3:Polygon]"},"geometry":{"type":"Polygon","coordinates":[[[6.1246,35.63009],[6.1252,35.63004],[6.12554,35.63046],[6.12631,35.63067],[6.12632,35.63094],[6.12585,35.63103],[6.12534,35.63061],[6.12514,35.63071],[6.1246,35.63054],[6.12445,35.63036],[6.1246,35.63009]]]}},{"type":"Feature","properties":{"Name":"Pelouse [4:Polygon]"},"geometry":{"type":"Polygon","coordinates":[[[6.12611,35.62946],[6.12639,35.62984],[6.1262,35.6301],[6.12598,35.62993],[6.12586,35.62948],[6.12611,35.62946]]]}},{"type":"Feature","properties":{"Name":"Pelouse [6:Polygon]"},"geometry":{"type":"Polygon","coordinates":[[[6.12259,35.62535],[6.12348,35.6252],[6.12431,35.6255],[6.12373,35.62577],[6.12355,35.62643],[6.12336,35.62647],[6.1224,35.6259],[6.12237,35.6256],[6.12259,35.62535]]]}},{"type":"Feature","properties":{"Name":"Pelouse [5:Polygon]"},"geometry":{"type":"Polygon","coordinates":[[[6.12481,35.62369],[6.12589,35.62355],[6.12689,35.62401],[6.12694,35.62443],[6.12658,35.62468],[6.12604,35.6245],[6.12564,35.62474],[6.12497,35.62447],[6.1247,35.62532],[6.12374,35.62498],[6.12412,35.62476],[6.12404,35.62449],[6.12463,35.62446],[6.12474,35.62408],[6.12556,35.62428],[6.12562,35.62397],[6.12477,35.62394],[6.12481,35.62369]]]}},{"type":"Feature","properties":{"Name":"Pelouse [10:Polygon]"},"geometry":{"type":"Polygon","coordinates":[[[6.11814,35.61671],[6.11899,35.61646],[6.11957,35.61699],[6.11957,35.61721],[6.11868,35.61766],[6.1181,35.61684],[6.11814,35.61671]]]}},{"type":"Feature","properties":{"Name":"Pelouse [11:Polygon]"},"geometry":{"type":"Polygon","coordinates":[[[6.12528,35.61752],[6.12583,35.61717],[6.12588,35.6173],[6.12623,35.61734],[6.12594,35.61785],[6.12569,35.61774],[6.12539,35.61784],[6.12528,35.61752]]]}},{"type":"Feature","properties":{"Name":"Pelouse [9:Polygon]"},"geometry":{"type":"Polygon","coordinates":[[[6.1234,35.6182],[6.12449,35.61809],[6.12485,35.61822],[6.12368,35.61888],[6.1234,35.6182]]]}},{"type":"Feature","properties":{"Name":"Pelouse [8:Polygon]"},"geometry":{"type":"Polygon","coordinates":[[[6.12228,35.61872],[6.12289,35.6188],[6.1232,35.61902],[6.12347,35.61897],[6.12369,35.61967],[6.12432,35.61976],[6.12393,35.61945],[6.12435,35.61933],[6.12452,35.61968],[6.12522,35.61997],[6.12446,35.62017],[6.12323,35.61974],[6.12261,35.62038],[6.12211,35.62065],[6.12181,35.62114],[6.1217,35.62101],[6.12179,35.62083],[6.12148,35.62057],[6.12203,35.62032],[6.12188,35.61993],[6.12225,35.61973],[6.12199,35.61951],[6.12211,35.61935],[6.12176,35.61888],[6.12228,35.61872]]]}},{"type":"Feature","properties":{"Name":"Pelouse [24:Polygon]"},"geometry":{"type":"Polygon","coordinates":[[[6.09985,35.61944],[6.10021,35.61945],[6.10052,35.61993],[6.1003,35.62004],[6.09982,35.61989],[6.09971,35.61962],[6.09985,35.61944]]]}},{"type":"Feature","properties":{"Name":"Pelouse [20:Polygon]"},"geometry":{"type":"Polygon","coordinates":[[[6.10051,35.61874],[6.10117,35.6185],[6.10147,35.61874],[6.10123,35.61894],[6.10158,35.61907],[6.1016,35.61932],[6.10103,35.61937],[6.10031,35.61909],[6.10051,35.61874]]]}},{"type":"Feature","properties":{"Name":"Pelouse [22:Polygon]"},"geometry":{"type":"Polygon","coordinates":[[[6.10199,35.61658],[6.10243,35.61665],[6.10268,35.61682],[6.10268,35.61702],[6.10238,35.61709],[6.10196,35.61681],[6.10199,35.61658]]]}},{"type":"Feature","properties":{"Name":"Pelouse [21:Polygon]"},"geometry":{"type":"Polygon","coordinates":[[[6.09972,35.61612],[6.10017,35.61602],[6.10012,35.61666],[6.09982,35.617],[6.0994,35.61708],[6.09923,35.61668],[6.09972,35.61612]]]}},{"type":"Feature","properties":{"Name":"Pelouse [26:Polygon]"},"geometry":{"type":"Polygon","coordinates":[[[6.09422,35.61802],[6.09457,35.61807],[6.09455,35.61851],[6.09424,35.61877],[6.09361,35.61863],[6.09386,35.61822],[6.09422,35.61802]]]}},{"type":"Feature","properties":{"Name":"Pelouse [25:Polygon]"},"geometry":{"type":"Polygon","coordinates":[[[6.09624,35.61863],[6.09695,35.6186],[6.09707,35.61874],[6.09735,35.6186],[6.09736,35.61871],[6.09679,35.61892],[6.09651,35.6192],[6.09624,35.61863]]]}},{"type":"Feature","properties":{"Name":"Pelouse [23:Polygon]"},"geometry":{"type":"Polygon","coordinates":[[[6.10357,35.61687],[6.10436,35.61684],[6.10461,35.6171],[6.10434,35.61728],[6.10356,35.61703],[6.10357,35.61687]]]}},{"type":"Feature","properties":{"Name":"Pelouse"},"geometry":{"type":"Polygon","coordinates":[[[6.1054,35.61309],[6.10593,35.61304],[6.10599,35.61259],[6.10626,35.61242],[6.10604,35.6121],[6.10619,35.61198],[6.10667,35.61212],[6.10705,35.61196],[6.1089,35.61252],[6.10943,35.6125],[6.10992,35.61281],[6.1099,35.61343],[6.11004,35.61358],[6.11123,35.61378],[6.11188,35.6143],[6.11299,35.61442],[6.11401,35.61474],[6.11448,35.61499],[6.11465,35.61543],[6.11372,35.61567],[6.11313,35.615],[6.11227,35.6148],[6.11116,35.61492],[6.11093,35.61482],[6.1106,35.61425],[6.10975,35.61378],[6.10964,35.61388],[6.10976,35.61402],[6.11044,35.61442],[6.10957,35.61414],[6.10924,35.61433],[6.10901,35.61419],[6.10882,35.61431],[6.1084,35.6141],[6.10838,35.61373],[6.10795,35.61387],[6.10763,35.61339],[6.10675,35.61321],[6.10617,35.61378],[6.10596,35.61351],[6.10555,35.61342],[6.1054,35.61309]]]}},{"type":"Feature","properties":{"Name":"Pelouse [12:Polygon]"},"geometry":{"type":"Polygon","coordinates":[[[6.10219,35.60944],[6.10364,35.60976],[6.10376,35.61032],[6.1029,35.61061],[6.10239,35.61049],[6.10202,35.61004],[6.10202,35.60964],[6.10219,35.60944]]]}},{"type":"Feature","properties":{"Name":"Pelouse [13:Polygon]"},"geometry":{"type":"Polygon","coordinates":[[[6.10051,35.61156],[6.1013,35.61196],[6.10158,35.61198],[6.10208,35.61167],[6.10297,35.61189],[6.10325,35.61219],[6.1038,35.61215],[6.1039,35.61227],[6.10359,35.6125],[6.10348,35.61305],[6.10325,35.61323],[6.10287,35.61323],[6.10229,35.61294],[6.10164,35.61303],[6.10128,35.61325],[6.10142,35.61273],[6.10088,35.61206],[6.10019,35.61162],[6.10051,35.61156]]]}},{"type":"Feature","properties":{"Name":"Pelouse [14:Polygon]"},"geometry":{"type":"Polygon","coordinates":[[[6.09723,35.60986],[6.09785,35.60985],[6.09806,35.61015],[6.0985,35.61018],[6.09855,35.61037],[6.09826,35.61051],[6.09816,35.61076],[6.09764,35.61097],[6.09737,35.61068],[6.0973,35.61033],[6.09746,35.61013],[6.09723,35.60986]]]}},{"type":"Feature","properties":{"Name":"Pelouse [15:Polygon]"},"geometry":{"type":"Polygon","coordinates":[[[6.09036,35.607],[6.09115,35.60727],[6.0938,35.60769],[6.09456,35.60819],[6.09431,35.60853],[6.09379,35.60856],[6.09348,35.60831],[6.09255,35.60833],[6.09149,35.60788],[6.09071,35.60787],[6.09068,35.60758],[6.09015,35.60729],[6.09036,35.607]]]}},{"type":"Feature","properties":{"Name":"Pelouse [16:Polygon]"},"geometry":{"type":"Polygon","coordinates":[[[6.08947,35.60982],[6.08987,35.60984],[6.09003,35.60956],[6.09073,35.60952],[6.09126,35.60908],[6.09134,35.60867],[6.09169,35.60886],[6.09143,35.60894],[6.09162,35.60911],[6.09229,35.60911],[6.09183,35.61017],[6.091,35.61073],[6.08997,35.61085],[6.08947,35.60982]]]}},{"type":"Feature","properties":{"Name":"Pelouse [17:Polygon]"},"geometry":{"type":"Polygon","coordinates":[[[6.07803,35.60556],[6.07963,35.60582],[6.08022,35.60571],[6.08099,35.60518],[6.08135,35.6052],[6.08251,35.60559],[6.08279,35.60592],[6.08277,35.60635],[6.08253,35.60671],[6.08135,35.60712],[6.08085,35.60672],[6.07964,35.60639],[6.07926,35.60634],[6.07856,35.60655],[6.0787,35.60598],[6.07818,35.6062],[6.07804,35.60607],[6.07803,35.60556]]]}},{"type":"Feature","properties":{"Name":"Pelouse [27:Polygon]"},"geometry":{"type":"Polygon","coordinates":[[[6.07975,35.60348],[6.08033,35.60318],[6.08128,35.60359],[6.08233,35.60354],[6.08301,35.60447],[6.0825,35.6046],[6.08148,35.60431],[6.08054,35.60399],[6.0805,35.60349],[6.08006,35.60382],[6.07975,35.60348]]]}},{"type":"Feature","properties":{"Name":"Pelouse [29:Polygon]"},"geometry":{"type":"Polygon","coordinates":[[[6.07479,35.60283],[6.07514,35.60278],[6.07518,35.60319],[6.07488,35.60328],[6.07493,35.60312],[6.07474,35.60312],[6.07479,35.60283]]]}},{"type":"Feature","properties":{"Name":"Sans titre - Polygone"},"geometry":{"type":"Polygon","coordinates":[[[6.05478,35.60942],[6.05442,35.60939],[6.05425,35.60921],[6.05437,35.60899],[6.05464,35.60926],[6.05484,35.60918],[6.05478,35.60942]]]}},{"type":"Feature","properties":{"Name":"Pelouse [33:Polygon]"},"geometry":{"type":"Polygon","coordinates":[[[6.0569,35.60796],[6.05768,35.60702],[6.05833,35.60711],[6.05896,35.60745],[6.05906,35.60768],[6.0589,35.60807],[6.05837,35.60806],[6.05794,35.60754],[6.05719,35.60798],[6.0569,35.60796]]]}},{"type":"Feature","properties":{"Name":"Sans titre - Polygone"},"geometry":{"type":"Polygon","coordinates":[[[6.05552,35.6089],[6.05484,35.60869],[6.05355,35.60885],[6.05449,35.60833],[6.0555,35.60863],[6.05562,35.60877],[6.05552,35.6089]]]}},{"type":"Feature","properties":{"Name":"Pelouse [24:Polygon]"},"geometry":{"type":"Polygon","coordinates":[[[6.05385,35.59376],[6.05377,35.59335],[6.05404,35.59317],[6.05494,35.59303],[6.05556,35.59346],[6.05625,35.593],[6.05665,35.59293],[6.05707,35.59361],[6.05688,35.59405],[6.05661,35.59415],[6.05626,35.59388],[6.05576,35.59376],[6.05447,35.59401],[6.05385,35.59376]]]}},{"type":"Feature","properties":{"Name":"Pelouse [23:Polygon]"},"geometry":{"type":"Polygon","coordinates":[[[6.05277,35.59674],[6.05306,35.59622],[6.05359,35.5962],[6.05392,35.59657],[6.05359,35.59709],[6.05277,35.59674]]]}},{"type":"Feature","properties":{"Name":"Pelouse [22:Polygon]"},"geometry":{"type":"Polygon","coordinates":[[[6.05134,35.5954],[6.05196,35.59519],[6.05234,35.5953],[6.05295,35.59613],[6.05271,35.5962],[6.0514,35.59575],[6.05134,35.5954]]]}},{"type":"Feature","properties":{"Name":"Sans titre - Polygone [38:Polygon]"},"geometry":{"type":"Polygon","coordinates":[[[5.9705,35.61952],[5.96988,35.61941],[5.96954,35.61949],[5.97031,35.61928],[5.9705,35.61952]]]}},{"type":"Feature","properties":{"Name":"Sans titre - Polygone [39:Polygon]"},"geometry":{"type":"Polygon","coordinates":[[[5.97136,35.61725],[5.97097,35.61714],[5.97092,35.61701],[5.9713,35.61701],[5.97136,35.61725]]]}},{"type":"Feature","properties":{"Name":"Sans titre - Polygone [50:Polygon]"},"geometry":{"type":"Polygon","coordinates":[[[5.97488,35.61155],[5.97487,35.61196],[5.97476,35.61201],[5.97455,35.61177],[5.97457,35.61146],[5.97488,35.61155]]]}},{"type":"Feature","properties":{"Name":"Pelouse [13:Polygon]"},"geometry":{"type":"Polygon","coordinates":[[[5.98462,35.60791],[5.98412,35.60739],[5.98479,35.60635],[5.98477,35.60588],[5.98452,35.60535],[5.98553,35.6041],[5.98594,35.60399],[5.98586,35.60486],[5.98536,35.6054],[5.98505,35.60605],[5.98556,35.60783],[5.98529,35.60801],[5.98462,35.60791]]]}},{"type":"Feature","properties":{"Name":"Pelouse [12:Polygon]"},"geometry":{"type":"Polygon","coordinates":[[[5.98958,35.6007],[5.98907,35.60026],[5.98906,35.59975],[5.98878,35.59899],[5.98937,35.59904],[5.98919,35.59868],[5.98952,35.59837],[5.98937,35.59741],[5.98925,35.59725],[5.98844,35.59713],[5.98968,35.59671],[5.99012,35.59612],[5.99041,35.59602],[5.99051,35.59617],[5.99041,35.59654],[5.98993,35.59733],[5.99016,35.59756],[5.99024,35.59818],[5.99014,35.59845],[5.98964,35.59886],[5.9894,35.59939],[5.98934,35.5998],[5.98958,35.6007]]]}},{"type":"Feature","properties":{"Name":"Pelouse [14:Polygon]"},"geometry":{"type":"Polygon","coordinates":[[[5.98947,35.58824],[5.98981,35.58723],[5.99066,35.58702],[5.99061,35.58748],[5.99022,35.58784],[5.99004,35.58795],[5.98975,35.5878],[5.98947,35.58824]]]}},{"type":"Feature","properties":{"Name":"Pelouse [15:Polygon]"},"geometry":{"type":"Polygon","coordinates":[[[5.98461,35.58978],[5.98319,35.58881],[5.98339,35.58835],[5.98382,35.58817],[5.98392,35.58793],[5.98331,35.58758],[5.98259,35.58688],[5.98285,35.58599],[5.98397,35.58563],[5.98492,35.58563],[5.9855,35.58593],[5.98587,35.58664],[5.9864,35.58666],[5.9868,35.58591],[5.98728,35.58587],[5.9875,35.58562],[5.98718,35.5854],[5.98655,35.58566],[5.98634,35.58542],[5.98685,35.58531],[5.98696,35.5851],[5.98749,35.58518],[5.98784,35.58554],[5.98813,35.58561],[5.9882,35.5863],[5.98767,35.58692],[5.98742,35.58753],[5.98708,35.5878],[5.98697,35.58813],[5.98709,35.58838],[5.9867,35.58947],[5.98593,35.58948],[5.98547,35.58916],[5.9854,35.58877],[5.98507,35.58852],[5.98498,35.58934],[5.98461,35.58978]]]}},{"type":"Feature","properties":{"Name":"Pelouse [11:Polygon]"},"geometry":{"type":"Polygon","coordinates":[[[5.99323,35.58168],[5.99481,35.58106],[5.99518,35.58078],[5.99612,35.58123],[5.99699,35.58118],[5.99748,35.58155],[5.99757,35.58187],[5.9975,35.58213],[5.99729,35.58214],[5.99586,35.58165],[5.99511,35.58205],[5.99437,35.58197],[5.99347,35.58219],[5.99323,35.58207],[5.99323,35.58168]]]}},{"type":"Feature","properties":{"Name":"Sans titre - Polygone"},"geometry":{"type":"Polygon","coordinates":[[[5.99577,35.58442],[5.99609,35.58505],[5.99554,35.5851],[5.9954,35.58488],[5.99497,35.5853],[5.99491,35.58512],[5.9954,35.5845],[5.99577,35.58442]]]}},{"type":"Feature","properties":{"Name":"Pelouse [10:Polygon]"},"geometry":{"type":"Polygon","coordinates":[[[5.99076,35.5888],[5.9912,35.58804],[5.99191,35.58817],[5.99257,35.58777],[5.99309,35.58768],[5.99419,35.58664],[5.9943,35.58626],[5.99473,35.58666],[5.99522,35.58639],[5.99542,35.58648],[5.99538,35.58712],[5.99478,35.58779],[5.99503,35.58848],[5.99415,35.58839],[5.99361,35.5887],[5.99373,35.58893],[5.99415,35.58903],[5.99387,35.58958],[5.99414,35.58995],[5.99411,35.59054],[5.99393,35.59058],[5.99321,35.59009],[5.99261,35.59116],[5.99237,35.5899],[5.99256,35.58969],[5.99313,35.58964],[5.99329,35.5893],[5.99311,35.58917],[5.9923,35.58937],[5.99232,35.58871],[5.99196,35.5885],[5.99148,35.58882],[5.99115,35.58945],[5.99112,35.591],[5.99075,35.59137],[5.99057,35.59189],[5.99018,35.59217],[5.98999,35.59184],[5.99029,35.5912],[5.99027,35.59094],[5.99065,35.59054],[5.99066,35.58965],[5.99086,35.58909],[5.99109,35.58889],[5.99076,35.5888]]]}},{"type":"Feature","properties":{"Name":"Sans titre - Polygone"},"geometry":{"type":"Polygon","coordinates":[[[6.0055,35.58315],[6.00612,35.58378],[6.00609,35.58404],[6.00515,35.5841],[6.00489,35.58397],[6.00548,35.58353],[6.00501,35.58344],[6.00409,35.58293],[6.00364,35.58298],[6.00323,35.5827],[6.00283,35.58266],[6.00179,35.58286],[6.00142,35.5826],[6.00168,35.58243],[6.00333,35.58219],[6.00443,35.58287],[6.0055,35.58315]]]}},{"type":"Feature","properties":{"Name":"Sans titre - Polygone"},"geometry":{"type":"Polygon","coordinates":[[[6.00267,35.58325],[6.00375,35.58351],[6.00565,35.58513],[6.00472,35.58527],[6.00465,35.58489],[6.00358,35.58371],[6.00343,35.58426],[6.0032,35.58442],[6.00279,35.58415],[6.00323,35.58373],[6.00316,35.58359],[6.00259,35.58352],[6.00256,35.58369],[6.00283,35.58398],[6.00242,35.58411],[6.00211,35.58399],[6.00233,35.58358],[6.00221,35.58345],[6.00169,35.58381],[6.00121,35.58364],[6.00267,35.58325]]]}},{"type":"Feature","properties":{"Name":"Pelouse [9:Polygon]"},"geometry":{"type":"Polygon","coordinates":[[[5.99917,35.58614],[5.99998,35.58489],[6.0005,35.58498],[6.0007,35.58481],[6.00098,35.58516],[6.00139,35.58516],[6.00137,35.58489],[6.00097,35.58482],[6.00132,35.58451],[6.00193,35.58507],[6.00215,35.58509],[6.00226,35.58474],[6.00273,35.58502],[6.00345,35.58517],[6.00344,35.58534],[6.00316,35.5854],[6.00323,35.58559],[6.00449,35.58582],[6.00478,35.5865],[6.00458,35.5869],[6.00416,35.58695],[6.00377,35.58736],[6.0035,35.58716],[6.00331,35.5862],[6.00299,35.58595],[6.00268,35.58617],[6.00217,35.58604],[6.00177,35.58628],[6.00014,35.5867],[5.99948,35.58665],[5.99917,35.58614]]]}},{"type":"Feature","properties":{"Name":"Pelouse [5:Polygon]"},"geometry":{"type":"Polygon","coordinates":[[[6.01898,35.58588],[6.01838,35.58508],[6.01908,35.58532],[6.01919,35.58542],[6.01908,35.5856],[6.0194,35.58542],[6.01983,35.58546],[6.01997,35.58559],[6.01974,35.58589],[6.01984,35.586],[6.02139,35.58628],[6.02237,35.5868],[6.02256,35.5871],[6.02223,35.58728],[6.02164,35.58722],[6.02166,35.58753],[6.02137,35.58758],[6.02113,35.58716],[6.02017,35.58671],[6.0201,35.58627],[6.01898,35.58588]]]}},{"type":"Feature","properties":{"Name":"Pelouse [6:Polygon]"},"geometry":{"type":"Polygon","coordinates":[[[6.01581,35.58453],[6.01566,35.58387],[6.01666,35.58443],[6.01655,35.58487],[6.01678,35.5852],[6.01717,35.58535],[6.01713,35.58566],[6.01681,35.58567],[6.01581,35.58453]]]}},{"type":"Feature","properties":{"Name":"Sans titre - Polygone"},"geometry":{"type":"Polygon","coordinates":[[[6.01148,35.58837],[6.01182,35.58872],[6.01143,35.58871],[6.01093,35.5892],[6.01086,35.58905],[6.01102,35.58882],[6.01088,35.58872],[6.01119,35.58829],[6.01132,35.58844],[6.01148,35.58837]]]}},{"type":"Feature","properties":{"Name":"Sans titre - Polygone"},"geometry":{"type":"Polygon","coordinates":[[[6.01246,35.58952],[6.01302,35.59004],[6.01294,35.59041],[6.01334,35.59073],[6.01332,35.591],[6.01312,35.59089],[6.0131,35.59062],[6.01255,35.59021],[6.01272,35.59049],[6.01258,35.5905],[6.01217,35.58992],[6.01148,35.5903],[6.01125,35.59025],[6.01111,35.59046],[6.01136,35.59051],[6.01113,35.59078],[6.01079,35.59055],[6.01095,35.58974],[6.01149,35.58923],[6.01246,35.58952]]]}},{"type":"Feature","properties":{"Name":"Pelouse [7:Polygon]"},"geometry":{"type":"Polygon","coordinates":[[[6.00947,35.58649],[6.00991,35.58584],[6.01087,35.58557],[6.01123,35.58526],[6.01285,35.58516],[6.0131,35.58534],[6.01324,35.58589],[6.01353,35.58619],[6.01511,35.58722],[6.0153,35.5876],[6.01525,35.58806],[6.01504,35.58831],[6.01451,35.58831],[6.01288,35.58745],[6.01184,35.58649],[6.01143,35.58634],[6.00975,35.58676],[6.00978,35.5874],[6.00991,35.58748],[6.0102,35.58747],[6.01132,35.58676],[6.0117,35.58689],[6.01168,35.5872],[6.0114,35.58745],[6.00894,35.58798],[6.00896,35.58841],[6.00873,35.58892],[6.00904,35.58912],[6.00868,35.58941],[6.00878,35.5899],[6.00787,35.5902],[6.00664,35.59105],[6.00569,35.59104],[6.00521,35.59175],[6.0047,35.59171],[6.00444,35.59211],[6.00373,35.59248],[6.00367,35.59236],[6.00453,35.59132],[6.0051,35.59115],[6.00519,35.5904],[6.00576,35.58975],[6.00571,35.58932],[6.00528,35.58916],[6.00486,35.58932],[6.00445,35.58982],[6.00429,35.58963],[6.00555,35.58717],[6.00531,35.58698],[6.00571,35.58597],[6.00603,35.58585],[6.00675,35.58631],[6.00818,35.58664],[6.00947,35.58649]]]}},{"type":"Feature","properties":{"Name":"Pelouse [8:Polygon]"},"geometry":{"type":"Polygon","coordinates":[[[6.0028,35.59421],[6.00377,35.59347],[6.00406,35.59302],[6.004,35.59271],[6.00419,35.59242],[6.00459,35.59262],[6.00537,35.59242],[6.00585,35.59322],[6.00657,35.59319],[6.00659,35.59375],[6.00644,35.59407],[6.00611,35.59418],[6.00535,35.59587],[6.00481,35.59632],[6.00467,35.59826],[6.00428,35.59882],[6.00402,35.59868],[6.00378,35.59813],[6.00322,35.59754],[6.00285,35.59659],[6.00323,35.59591],[6.00312,35.59542],[6.00326,35.59496],[6.0032,35.59467],[6.0028,35.59421]]]}},{"type":"Feature","properties":{"Name":"Pelouse [20:Polygon]"},"geometry":{"type":"Polygon","coordinates":[[[5.99517,35.60483],[5.9964,35.60447],[5.99657,35.60389],[5.99669,35.60387],[5.99731,35.60431],[5.99761,35.60508],[5.99757,35.60544],[5.99719,35.6062],[5.99648,35.60658],[5.99653,35.60574],[5.9963,35.60559],[5.99518,35.60557],[5.99498,35.60527],[5.99517,35.60483]]]}},{"type":"Feature","properties":{"Name":"Sans titre - Polygone"},"geometry":{"type":"Polygon","coordinates":[[[6.01487,35.59712],[6.01507,35.59754],[6.0145,35.5975],[6.01375,35.59794],[6.01367,35.5977],[6.01387,35.59694],[6.01436,35.59715],[6.01454,35.59699],[6.01487,35.59712]]]}},{"type":"Feature","properties":{"Name":"Sans titre - Polygone"},"geometry":{"type":"Polygon","coordinates":[[[6.01564,35.59757],[6.01616,35.59783],[6.01583,35.59797],[6.01539,35.59774],[6.01528,35.59787],[6.01553,35.59817],[6.01498,35.5981],[6.01476,35.59835],[6.01451,35.59828],[6.01455,35.59811],[6.01526,35.59759],[6.01564,35.59757]]]}},{"type":"Feature","properties":{"Name":"Pelouse [17:Polygon]"},"geometry":{"type":"Polygon","coordinates":[[[6.00424,35.6018],[6.0033,35.60198],[6.00295,35.60178],[6.00346,35.60153],[6.00465,35.60165],[6.005,35.60146],[6.00513,35.60127],[6.00536,35.60118],[6.00539,35.60116],[6.00541,35.60112],[6.00543,35.6011],[6.00544,35.60152],[6.00572,35.60197],[6.00677,35.60174],[6.00697,35.60186],[6.0068,35.60219],[6.00613,35.6022],[6.00586,35.60259],[6.00547,35.60266],[6.00476,35.6025],[6.00424,35.6018]]]}},{"type":"Feature","properties":{"Name":"Pelouse [19:Polygon]"},"geometry":{"type":"Polygon","coordinates":[[[6.0134,35.60131],[6.01281,35.60054],[6.01328,35.60026],[6.01322,35.59965],[6.01344,35.59978],[6.01398,35.60075],[6.01426,35.60044],[6.01507,35.60107],[6.01482,35.60132],[6.01395,35.60112],[6.01354,35.60153],[6.0138,35.60191],[6.01454,35.60208],[6.01449,35.60251],[6.01501,35.60364],[6.01552,35.60368],[6.01597,35.60336],[6.01653,35.60351],[6.01687,35.60341],[6.01725,35.60297],[6.01786,35.60327],[6.01787,35.60353],[6.01747,35.60382],[6.01701,35.60375],[6.01646,35.60416],[6.01524,35.60425],[6.01418,35.60466],[6.01366,35.60452],[6.01283,35.60381],[6.01116,35.60343],[6.01096,35.60269],[6.01116,35.60242],[6.01162,35.60238],[6.01236,35.60291],[6.01292,35.60309],[6.0131,35.60301],[6.0131,35.60263],[6.01272,35.60201],[6.01339,35.60176],[6.0134,35.60131]]]}},{"type":"Feature","properties":{"Name":"Sans titre - Polygone"},"geometry":{"type":"Polygon","coordinates":[[[6.01678,35.60242],[6.01605,35.60289],[6.01571,35.60286],[6.01578,35.60206],[6.01643,35.60211],[6.01648,35.60176],[6.01676,35.602],[6.01649,35.60223],[6.01656,35.60243],[6.01678,35.60242]]]}},{"type":"Feature","properties":{"Name":"Sans titre - Polygone"},"geometry":{"type":"Polygon","coordinates":[[[6.01871,35.60204],[6.018,35.6024],[6.01756,35.60242],[6.01783,35.60202],[6.01751,35.60195],[6.01791,35.60152],[6.0183,35.60142],[6.01874,35.60171],[6.01894,35.60076],[6.01906,35.60073],[6.01949,35.60104],[6.01924,35.60124],[6.01947,35.60148],[6.01942,35.60177],[6.01927,35.60197],[6.01871,35.60204]]]}},{"type":"Feature","properties":{"Name":"Pelouse [18:Polygon]"},"geometry":{"type":"Polygon","coordinates":[[[6.01667,35.59883],[6.01793,35.59888],[6.01881,35.59922],[6.01895,35.60011],[6.01847,35.6013],[6.01759,35.60071],[6.01786,35.60055],[6.01804,35.60005],[6.01738,35.60016],[6.01647,35.59956],[6.01669,35.59917],[6.01667,35.59883]]]}},{"type":"Feature","properties":{"Name":"Sans titre - Polygone"},"geometry":{"type":"Polygon","coordinates":[[[6.01965,35.59021],[6.02065,35.59087],[6.02069,35.59132],[6.02045,35.59157],[6.01999,35.59119],[6.01984,35.59064],[6.01938,35.59035],[6.01965,35.59021]]]}},{"type":"Feature","properties":{"Name":"Pelouse [4:Polygon]"},"geometry":{"type":"Polygon","coordinates":[[[6.01881,35.59269],[6.0198,35.5921],[6.02001,35.59253],[6.02091,35.593],[6.02107,35.5933],[6.02176,35.59377],[6.02176,35.59396],[6.02141,35.5941],[6.0216,35.59458],[6.02132,35.59501],[6.0211,35.59505],[6.02057,35.59475],[6.0203,35.59421],[6.01984,35.59413],[6.01987,35.59385],[6.02025,35.59346],[6.02021,35.59316],[6.01984,35.59317],[6.01963,35.59286],[6.01903,35.59286],[6.01881,35.59269]]]}},{"type":"Feature","properties":{"Name":"Pelouse [3:Polygon]"},"geometry":{"type":"Polygon","coordinates":[[[6.02266,35.59154],[6.02393,35.59191],[6.02425,35.59078],[6.02493,35.59145],[6.02571,35.59191],[6.026,35.59191],[6.02616,35.59155],[6.02598,35.59135],[6.02639,35.59113],[6.0265,35.59081],[6.02597,35.59027],[6.02595,35.59002],[6.0265,35.59025],[6.02649,35.59055],[6.02715,35.59105],[6.02731,35.59073],[6.02764,35.5908],[6.02947,35.59324],[6.02955,35.59398],[6.03085,35.59587],[6.03095,35.59648],[6.03074,35.59703],[6.0304,35.59721],[6.03035,35.59663],[6.02999,35.59658],[6.02971,35.5963],[6.02945,35.5967],[6.02915,35.59633],[6.02923,35.59572],[6.0289,35.59562],[6.02867,35.59579],[6.02781,35.5959],[6.0277,35.59609],[6.02792,35.59642],[6.02686,35.59653],[6.02649,35.59688],[6.02645,35.59715],[6.02629,35.59717],[6.02582,35.59654],[6.02568,35.59606],[6.0233,35.59372],[6.02293,35.59275],[6.02313,35.59242],[6.02305,35.59222],[6.02266,35.59219],[6.02243,35.59262],[6.02237,35.59052],[6.02222,35.59024],[6.02274,35.59065],[6.0225,35.59105],[6.02266,35.59154]]]}},{"type":"Feature","properties":{"Name":"Sans titre - Polygone [14:Polygon]"},"geometry":{"type":"Polygon","coordinates":[[[5.94068,35.5762],[5.94081,35.57645],[5.94091,35.57657],[5.94055,35.57636],[5.94068,35.5762]]]}},{"type":"Feature","properties":{"Name":"Sans titre - Polygone"},"geometry":{"type":"Polygon","coordinates":[[[5.95048,35.57817],[5.95057,35.57837],[5.95045,35.57867],[5.94957,35.57871],[5.95007,35.57831],[5.95012,35.57808],[5.95048,35.57817]]]}},{"type":"Feature","properties":{"Name":"Sans titre - Polygone [15:Polygon]"},"geometry":{"type":"Polygon","coordinates":[[[5.94829,35.57188],[5.9481,35.57221],[5.94785,35.57227],[5.94814,35.57184],[5.94829,35.57188]]]}},{"type":"Feature","properties":{"Name":"Sans titre - Polygone"},"geometry":{"type":"Polygon","coordinates":[[[5.94068,35.57115],[5.94011,35.5713],[5.9393,35.57104],[5.94065,35.57105],[5.94068,35.57115]]]}},{"type":"Feature","properties":{"Name":"Sans titre - Polygone"},"geometry":{"type":"Polygon","coordinates":[[[5.95061,35.57172],[5.95026,35.57256],[5.94986,35.573],[5.94957,35.57297],[5.94952,35.57271],[5.9502,35.5724],[5.95012,35.57169],[5.95049,35.57151],[5.95061,35.57172]]]}},{"type":"Feature","properties":{"Name":"Sans titre - Polygone"},"geometry":{"type":"Polygon","coordinates":[[[5.94945,35.57013],[5.94937,35.57109],[5.94899,35.57158],[5.94881,35.5716],[5.94878,35.57139],[5.94945,35.57013]]]}},{"type":"Feature","properties":{"Name":"Sans titre - Polygone"},"geometry":{"type":"Polygon","coordinates":[[[5.94918,35.57003],[5.94882,35.57111],[5.94833,35.57131],[5.94886,35.56993],[5.94905,35.56983],[5.94918,35.57003]]]}},{"type":"Feature","properties":{"Name":"Sans titre - Polygone"},"geometry":{"type":"Polygon","coordinates":[[[5.94825,35.5641],[5.94835,35.56457],[5.94817,35.56485],[5.94811,35.56563],[5.94784,35.56532],[5.94779,35.565],[5.94811,35.56392],[5.94849,35.5632],[5.94872,35.56306],[5.94877,35.56335],[5.94825,35.5641]]]}},{"type":"Feature","properties":{"Name":"Sans titre - Polygone"},"geometry":{"type":"Polygon","coordinates":[[[5.94443,35.56364],[5.94325,35.56466],[5.94298,35.56446],[5.94327,35.56406],[5.94265,35.56429],[5.94233,35.56411],[5.94379,35.56342],[5.94443,35.56364]]]}},{"type":"Feature","properties":{"Name":"Pelouse [49:Polygon]"},"geometry":{"type":"Polygon","coordinates":[[[5.96326,35.55569],[5.96389,35.55528],[5.96424,35.55455],[5.9649,35.55462],[5.9647,35.55508],[5.96476,35.55542],[5.96455,35.55566],[5.96424,35.55541],[5.96388,35.55541],[5.96345,35.55583],[5.96326,35.55569]]]}},{"type":"Feature","properties":{"Name":"Sans titre - Polygone [31:Polygon]"},"geometry":{"type":"Polygon","coordinates":[[[5.9896,35.56221],[5.98989,35.56244],[5.98987,35.5626],[5.98912,35.56218],[5.9896,35.56221]]]}},{"type":"Feature","properties":{"Name":"Sans titre - Polygone"},"geometry":{"type":"Polygon","coordinates":[[[5.97993,35.55895],[5.98022,35.55932],[5.98037,35.55982],[5.98015,35.55985],[5.97996,35.55961],[5.9797,35.55895],[5.97993,35.55895]]]}},{"type":"Feature","properties":{"Name":"Sans titre - Polygone"},"geometry":{"type":"Polygon","coordinates":[[[5.97631,35.55624],[5.97676,35.55677],[5.97683,35.55714],[5.9766,35.55705],[5.97582,35.55602],[5.97631,35.55624]]]}},{"type":"Feature","properties":{"Name":"Pelouse [42:Polygon]"},"geometry":{"type":"Polygon","coordinates":[[[5.95734,35.5404],[5.95693,35.54015],[5.95703,35.53982],[5.95638,35.53977],[5.95608,35.53951],[5.95615,35.53912],[5.95636,35.53904],[5.95699,35.53923],[5.9572,35.53998],[5.9574,35.53999],[5.95749,35.54016],[5.95734,35.5404]]]}},{"type":"Feature","properties":{"Name":"Pelouse [43:Polygon]"},"geometry":{"type":"Polygon","coordinates":[[[5.95259,35.54853],[5.95229,35.54819],[5.953,35.54783],[5.95292,35.54676],[5.95379,35.54673],[5.95328,35.5452],[5.95355,35.54511],[5.95396,35.54522],[5.95422,35.54584],[5.95437,35.54725],[5.95422,35.54766],[5.95449,35.54816],[5.95424,35.54855],[5.95418,35.54903],[5.95371,35.54886],[5.95336,35.54915],[5.95255,35.54891],[5.95236,35.54872],[5.95236,35.54857],[5.95259,35.54853]]]}},{"type":"Feature","properties":{"Name":"Pelouse [41:Polygon]"},"geometry":{"type":"Polygon","coordinates":[[[5.95791,35.54343],[5.95823,35.54265],[5.95887,35.54251],[5.95917,35.54263],[5.95921,35.54291],[5.9589,35.5434],[5.95864,35.54349],[5.95855,35.54328],[5.9583,35.54327],[5.95806,35.54364],[5.95791,35.54343]]]}},{"type":"Feature","properties":{"Name":"Pelouse [44:Polygon]"},"geometry":{"type":"Polygon","coordinates":[[[5.95762,35.54738],[5.95873,35.54713],[5.95921,35.54793],[5.95845,35.54793],[5.95762,35.54738]]]}},{"type":"Feature","properties":{"Name":"Pelouse [45:Polygon]"},"geometry":{"type":"Polygon","coordinates":[[[5.96165,35.55285],[5.96178,35.55136],[5.96165,35.55102],[5.96105,35.55043],[5.961,35.54972],[5.96066,35.54908],[5.96106,35.54926],[5.96155,35.55034],[5.96242,35.55141],[5.9622,35.55218],[5.96184,35.55231],[5.96192,35.55253],[5.96175,35.55293],[5.96165,35.55285]]]}},{"type":"Feature","properties":{"Name":"Pelouse [46:Polygon]"},"geometry":{"type":"Polygon","coordinates":[[[5.95786,35.55352],[5.9575,35.553],[5.95769,35.55184],[5.9583,35.55146],[5.95847,35.55097],[5.95888,35.55156],[5.95855,35.55242],[5.95852,35.55315],[5.95786,35.55352]]]}},{"type":"Feature","properties":{"Name":"Sans titre - Polygone"},"geometry":{"type":"Polygon","coordinates":[[[5.95657,35.55237],[5.95635,35.55303],[5.95668,35.55342],[5.95631,35.55351],[5.95653,35.5539],[5.95622,35.5539],[5.95577,35.55295],[5.95587,35.55271],[5.95625,35.55264],[5.95638,35.55235],[5.95657,35.55237]]]}},{"type":"Feature","properties":{"Name":"Pelouse [37:Polygon]"},"geometry":{"type":"Polygon","coordinates":[[[5.94661,35.55322],[5.9471,35.55248],[5.94654,35.55199],[5.94558,35.55163],[5.94541,35.55119],[5.94555,35.55069],[5.94538,35.55035],[5.9441,35.54947],[5.94373,35.54889],[5.94416,35.54853],[5.94466,35.54862],[5.94478,35.54842],[5.94405,35.54767],[5.94329,35.54727],[5.94299,35.54697],[5.943,35.54675],[5.94367,35.54678],[5.94448,35.54729],[5.94559,35.54887],[5.94646,35.54942],[5.94727,35.55036],[5.94803,35.55065],[5.94901,35.55154],[5.94938,35.55169],[5.95018,35.55257],[5.95165,35.55227],[5.95242,35.55256],[5.95293,35.55347],[5.95301,35.55404],[5.95285,35.55492],[5.95215,35.55598],[5.95042,35.55631],[5.94997,35.55665],[5.94816,35.55684],[5.94746,35.5576],[5.94632,35.55793],[5.94583,35.55751],[5.94592,35.55714],[5.94643,35.55682],[5.94672,35.55638],[5.94525,35.55583],[5.94617,35.55551],[5.94794,35.55565],[5.94863,35.55536],[5.94921,35.5546],[5.94938,35.554],[5.94888,35.55325],[5.94781,35.55323],[5.94767,35.55306],[5.94686,35.55337],[5.94661,35.55322]]]}},{"type":"Feature","properties":{"Name":"Sans titre - Polygone"},"geometry":{"type":"Polygon","coordinates":[[[5.95679,35.55714],[5.95724,35.55763],[5.95727,35.55818],[5.95643,35.55867],[5.95685,35.55785],[5.95679,35.55714]]]}},{"type":"Feature","properties":{"Name":"Sans titre - Polygone"},"geometry":{"type":"Polygon","coordinates":[[[5.95587,35.5568],[5.95632,35.5581],[5.95621,35.55847],[5.95585,35.55869],[5.95562,35.55859],[5.9557,35.55838],[5.95555,35.55818],[5.95594,35.55805],[5.9561,35.5577],[5.95584,35.55763],[5.95557,35.55671],[5.95587,35.5568]]]}},{"type":"Feature","properties":{"Name":"Sans titre - Polygone"},"geometry":{"type":"Polygon","coordinates":[[[5.95465,35.55747],[5.95491,35.5583],[5.95423,35.55879],[5.95397,35.55875],[5.95392,35.55861],[5.95441,35.558],[5.95449,35.55746],[5.95465,35.55747]]]}},{"type":"Feature","properties":{"Name":"Sans titre - Polygone"},"geometry":{"type":"Polygon","coordinates":[[[5.95312,35.56112],[5.95333,35.56152],[5.95289,35.56174],[5.95259,35.56156],[5.95227,35.56105],[5.95261,35.56086],[5.95288,35.56102],[5.9532,35.56097],[5.95312,35.56112]]]}},{"type":"Feature","properties":{"Name":"Sans titre - Polygone"},"geometry":{"type":"Polygon","coordinates":[[[5.95477,35.55922],[5.95521,35.55935],[5.95525,35.5595],[5.95446,35.56006],[5.95426,35.56049],[5.95368,35.56047],[5.95364,35.56019],[5.95325,35.56076],[5.95285,35.56089],[5.95327,35.55985],[5.95388,35.5594],[5.95477,35.55922]]]}},{"type":"Feature","properties":{"Name":"Sans titre - Polygone"},"geometry":{"type":"Polygon","coordinates":[[[5.95707,35.56541],[5.95698,35.56586],[5.95662,35.56617],[5.95654,35.5657],[5.95674,35.56547],[5.95707,35.56541]]]}},{"type":"Feature","properties":{"Name":"Sans titre - Polygone"},"geometry":{"type":"Polygon","coordinates":[[[5.95842,35.56443],[5.95839,35.56481],[5.95795,35.56529],[5.95743,35.56545],[5.95766,35.56491],[5.95842,35.56443]]]}},{"type":"Feature","properties":{"Name":"Pelouse [47:Polygon]"},"geometry":{"type":"Polygon","coordinates":[[[5.94793,35.56127],[5.94871,35.56071],[5.94897,35.56018],[5.94898,35.56],[5.94856,35.55962],[5.9487,35.55952],[5.94946,35.55987],[5.94991,35.56028],[5.95026,35.56167],[5.95052,35.56181],[5.95126,35.56182],[5.95232,35.5613],[5.95287,35.562],[5.95407,35.56195],[5.95557,35.56146],[5.95787,35.56021],[5.95864,35.5603],[5.9588,35.56064],[5.95832,35.56112],[5.95664,35.56142],[5.95457,35.56302],[5.95426,35.56301],[5.9542,35.5628],[5.95393,35.5627],[5.95276,35.56322],[5.95259,35.56272],[5.95148,35.56286],[5.95184,35.56231],[5.95156,35.5621],[5.95098,35.56239],[5.94992,35.56227],[5.94894,35.56296],[5.94873,35.56279],[5.94904,35.56226],[5.94879,35.56214],[5.94808,35.56289],[5.94777,35.56289],[5.94771,35.56275],[5.94847,35.56165],[5.94843,35.56143],[5.94793,35.56127]]]}},{"type":"Feature","properties":{"Name":"Sans titre - Polygone"},"geometry":{"type":"Polygon","coordinates":[[[5.95836,35.55812],[5.95834,35.55877],[5.95681,35.56028],[5.95672,35.56057],[5.95637,35.5608],[5.95609,35.5607],[5.95606,35.56045],[5.95653,35.56001],[5.95664,35.5597],[5.95775,35.55882],[5.95812,35.55806],[5.95836,35.55812]]]}},{"type":"Feature","properties":{"Name":"Sans titre - Polygone"},"geometry":{"type":"Polygon","coordinates":[[[5.95974,35.55932],[5.96055,35.55963],[5.96047,35.56043],[5.96029,35.56056],[5.96,35.56027],[5.95913,35.5612],[5.95888,35.56128],[5.95875,35.56111],[5.95896,35.56034],[5.95974,35.55932]]]}},{"type":"Feature","properties":{"Name":"Sans titre - Polygone"},"geometry":{"type":"Polygon","coordinates":[[[5.96111,35.56131],[5.96142,35.56176],[5.96066,35.56213],[5.96076,35.56235],[5.96045,35.5628],[5.95958,35.5637],[5.95942,35.56369],[5.95962,35.5628],[5.96071,35.56141],[5.96111,35.56131]]]}},{"type":"Feature","properties":{"Name":"Pelouse [48:Polygon]"},"geometry":{"type":"Polygon","coordinates":[[[5.9605,35.5691],[5.96166,35.56828],[5.96193,35.56794],[5.96206,35.56742],[5.9624,35.56729],[5.96232,35.56808],[5.96175,35.56882],[5.96146,35.56904],[5.96064,35.56921],[5.9605,35.5691]]]}},{"type":"Feature","properties":{"Name":"Sans titre - Polygone"},"geometry":{"type":"Polygon","coordinates":[[[5.96401,35.56504],[5.96413,35.56552],[5.96343,35.56653],[5.96302,35.56694],[5.96264,35.56685],[5.96223,35.56709],[5.96215,35.56688],[5.96281,35.56609],[5.96291,35.56554],[5.96342,35.56536],[5.96368,35.56499],[5.96401,35.56504]]]}},{"type":"Feature","properties":{"Name":"Sans titre - Polygone"},"geometry":{"type":"Polygon","coordinates":[[[5.95477,35.56697],[5.95505,35.56727],[5.95496,35.56788],[5.9547,35.56839],[5.95402,35.56883],[5.9535,35.56895],[5.95357,35.56865],[5.95457,35.56789],[5.95454,35.56775],[5.9542,35.56775],[5.95455,35.56732],[5.954,35.5673],[5.9542,35.56678],[5.95433,35.56676],[5.95447,35.56703],[5.95477,35.56697]]]}},{"type":"Feature","properties":{"Name":"Pelouse [34:Polygon]"},"geometry":{"type":"Polygon","coordinates":[[[5.95262,35.57473],[5.95253,35.5744],[5.95265,35.57412],[5.95324,35.57341],[5.95376,35.57307],[5.95466,35.57301],[5.95488,35.57338],[5.95504,35.57442],[5.9547,35.57476],[5.9544,35.5749],[5.95372,35.57467],[5.95301,35.57488],[5.95262,35.57473]]]}},{"type":"Feature","properties":{"Name":"Pelouse [35:Polygon]"},"geometry":{"type":"Polygon","coordinates":[[[5.96867,35.5614],[5.96848,35.56014],[5.96855,35.55992],[5.96887,35.55981],[5.96988,35.56008],[5.97058,35.55995],[5.97117,35.56023],[5.97149,35.56073],[5.97174,35.56056],[5.972,35.56005],[5.97224,35.56009],[5.97238,35.56044],[5.97229,35.56085],[5.9718,35.56108],[5.97097,35.56116],[5.97016,35.5608],[5.96998,35.56113],[5.96948,35.56076],[5.9689,35.56158],[5.96867,35.5614]]]}},{"type":"Feature","properties":{"Name":"Pelouse [28:Polygon]"},"geometry":{"type":"Polygon","coordinates":[[[5.98718,35.56916],[5.98768,35.56907],[5.9878,35.56887],[5.98701,35.56806],[5.98694,35.56789],[5.98714,35.56777],[5.98777,35.56806],[5.98872,35.56925],[5.98826,35.56947],[5.98793,35.56932],[5.98716,35.56934],[5.98718,35.56916]]]}},{"type":"Feature","properties":{"Name":"Pelouse [31:Polygon]"},"geometry":{"type":"Polygon","coordinates":[[[5.97192,35.56482],[5.97284,35.56414],[5.97297,35.56378],[5.97298,35.56288],[5.97251,35.56232],[5.97242,35.5619],[5.97304,35.56141],[5.97341,35.5616],[5.97352,35.56184],[5.97354,35.56206],[5.97331,35.56229],[5.9736,35.5632],[5.97419,35.56342],[5.9766,35.56495],[5.97894,35.56592],[5.97931,35.56633],[5.97881,35.56655],[5.97801,35.56638],[5.97679,35.5656],[5.97636,35.56594],[5.97578,35.56565],[5.97575,35.56538],[5.97555,35.56522],[5.9753,35.56553],[5.97377,35.56467],[5.97277,35.56477],[5.9722,35.565],[5.97192,35.56482]]]}},{"type":"Feature","properties":{"Name":"Parcours [41:Polygon]"},"geometry":{"type":"Polygon","coordinates":[[[6.03498,35.58022],[6.03438,35.57958],[6.03415,35.57891],[6.03377,35.57879],[6.03329,35.57876],[6.03255,35.57902],[6.03235,35.57944],[6.03242,35.57988],[6.03207,35.58001],[6.03163,35.5799],[6.03124,35.57952],[6.03099,35.57893],[6.03032,35.5785],[6.03083,35.57812],[6.03071,35.57742],[6.03132,35.57722],[6.03231,35.57733],[6.03299,35.5781],[6.03345,35.57826],[6.0337,35.57809],[6.03373,35.57774],[6.03311,35.57701],[6.0331,35.57683],[6.03339,35.57667],[6.034,35.57688],[6.03436,35.57679],[6.03516,35.57723],[6.03524,35.57709],[6.035,35.57664],[6.03555,35.57662],[6.03619,35.57632],[6.03618,35.5756],[6.03751,35.57573],[6.03913,35.57623],[6.0392,35.57636],[6.03802,35.57626],[6.03723,35.57654],[6.03674,35.57646],[6.03667,35.57664],[6.0369,35.57705],[6.03681,35.57747],[6.03791,35.57791],[6.038,35.57812],[6.03695,35.57806],[6.03626,35.57824],[6.03542,35.57798],[6.03521,35.57821],[6.03524,35.57868],[6.03585,35.5788],[6.0365,35.57924],[6.03548,35.57994],[6.03563,35.58043],[6.03541,35.58084],[6.03587,35.5813],[6.03573,35.58143],[6.0353,35.58146],[6.03537,35.58118],[6.03498,35.58022]]]}},{"type":"Feature","properties":{"Name":"Sans titre - Polygone [15:Polygon]"},"geometry":{"type":"Polygon","coordinates":[[[6.00934,35.61113],[6.00902,35.61144],[6.00902,35.61123],[6.00876,35.61112],[6.00924,35.61087],[6.00934,35.61113]]]}},{"type":"Feature","properties":{"Name":"Sans titre - Polygone"},"geometry":{"type":"Polygon","coordinates":[[[6.02223,35.61394],[6.02167,35.61414],[6.02168,35.61366],[6.02189,35.61361],[6.02191,35.61384],[6.02216,35.61373],[6.02223,35.61394]]]}},{"type":"Feature","properties":{"Name":"Sans titre - Polygone [16:Polygon]"},"geometry":{"type":"Polygon","coordinates":[[[6.02616,35.6186],[6.02609,35.61896],[6.0259,35.61876],[6.02616,35.6186]]]}},{"type":"Feature","properties":{"Name":"Parcours [44:Polygon]"},"geometry":{"type":"Polygon","coordinates":[[[6.01517,35.57623],[6.01485,35.5759],[6.01514,35.57572],[6.01529,35.57513],[6.01549,35.57509],[6.01549,35.57602],[6.01517,35.57623]]]}},{"type":"Feature","properties":{"Name":"Pelouse [36:Polygon]"},"geometry":{"type":"Polygon","coordinates":[[[5.9644,35.56361],[5.96388,35.56323],[5.9637,35.56266],[5.96388,35.56237],[5.96463,35.562],[5.96463,35.56118],[5.96483,35.56109],[5.96527,35.56135],[5.96565,35.56054],[5.96601,35.56027],[5.967,35.56001],[5.96766,35.5603],[5.96777,35.56071],[5.96739,35.56105],[5.96748,35.56138],[5.96706,35.56181],[5.96702,35.56256],[5.96604,35.56254],[5.96573,35.563],[5.96516,35.5631],[5.96472,35.56365],[5.9644,35.56361]]]}},{"type":"Feature","properties":{"Name":"Sans titre - Polygone"},"geometry":{"type":"Polygon","coordinates":[[[6.02778,35.61499],[6.02708,35.61495],[6.02685,35.61465],[6.02729,35.61456],[6.02778,35.61499]]]}},{"type":"Feature","properties":{"Name":"Sans titre - Polygone"},"geometry":{"type":"Polygon","coordinates":[[[6.00849,35.60981],[6.00826,35.6102],[6.00788,35.61042],[6.0081,35.60985],[6.00772,35.60929],[6.00771,35.60901],[6.00832,35.60916],[6.00849,35.60981]]]}},{"type":"Feature","properties":{"Name":"Sans titre - Polygone"},"geometry":{"type":"Polygon","coordinates":[[[6.00758,35.60742],[6.00717,35.60816],[6.00702,35.60815],[6.007,35.60776],[6.00722,35.60739],[6.00758,35.60742]]]}},{"type":"Feature","properties":{"Name":"Parcours [4:Polygon]"},"geometry":{"type":"Polygon","coordinates":[[[6.24922,35.65647],[6.24872,35.65673],[6.24831,35.65631],[6.24838,35.65572],[6.24853,35.65554],[6.24899,35.65549],[6.24908,35.65532],[6.24879,35.65517],[6.24889,35.65481],[6.24867,35.65436],[6.24879,35.65418],[6.25067,35.6543],[6.25157,35.65467],[6.25164,35.65519],[6.25112,35.65539],[6.24988,35.65483],[6.24915,35.65507],[6.24906,35.65602],[6.24922,35.65647]]]}},{"type":"Feature","properties":{"Name":"Pelouse [32:Polygon]"},"geometry":{"type":"Polygon","coordinates":[[[5.96516,35.56946],[5.96573,35.56902],[5.96544,35.56849],[5.96565,35.56795],[5.96619,35.56766],[5.96667,35.5679],[5.96686,35.56857],[5.96652,35.56915],[5.96556,35.56993],[5.96516,35.56946]]]}},{"type":"Feature","properties":{"Name":"Sans titre - Polygone"},"geometry":{"type":"Polygon","coordinates":[[[6.25089,35.651],[6.25078,35.65119],[6.2505,35.65115],[6.25022,35.65078],[6.24998,35.65088],[6.25015,35.6502],[6.25087,35.65053],[6.25083,35.65068],[6.2505,35.65078],[6.25089,35.651]]]}},{"type":"Feature","properties":{"Name":"Sans titre - Polygone"},"geometry":{"type":"Polygon","coordinates":[[[6.24864,35.6513],[6.24862,35.6511],[6.24914,35.65076],[6.24901,35.65071],[6.24946,35.65012],[6.24974,35.65015],[6.24976,35.64981],[6.25018,35.6494],[6.25012,35.64929],[6.25063,35.64905],[6.24988,35.65005],[6.24977,35.6508],[6.24907,35.65087],[6.24903,35.65106],[6.24864,35.6513]]]}},{"type":"Feature","properties":{"Name":"Pelouse [29:Polygon]"},"geometry":{"type":"Polygon","coordinates":[[[5.98624,35.57067],[5.98759,35.5704],[5.98848,35.57075],[5.98984,35.57169],[5.99038,35.57158],[5.99079,35.5717],[5.99103,35.57203],[5.99108,35.57256],[5.99074,35.57368],[5.99074,35.57421],[5.99015,35.57458],[5.98876,35.57472],[5.9882,35.5751],[5.98707,35.57529],[5.98701,35.57514],[5.98722,35.57486],[5.98766,35.57456],[5.98711,35.57408],[5.98788,35.57377],[5.98768,35.5732],[5.98858,35.57284],[5.98911,35.57225],[5.98889,35.57205],[5.98823,35.57215],[5.98798,35.57203],[5.98767,35.57145],[5.98637,35.57159],[5.98621,35.57141],[5.98624,35.57067]]]}},{"type":"Feature","properties":{"Name":"Sans titre - Polygone"},"geometry":{"type":"Polygon","coordinates":[[[6.10785,35.62542],[6.10825,35.62538],[6.10865,35.62504],[6.10878,35.62471],[6.10929,35.62475],[6.10958,35.62448],[6.1098,35.6245],[6.11015,35.62504],[6.11061,35.62527],[6.11199,35.62386],[6.11224,35.62391],[6.1122,35.62453],[6.11194,35.62503],[6.11071,35.62603],[6.11005,35.62609],[6.10862,35.62581],[6.10796,35.62562],[6.10785,35.62542]]]}},{"type":"Feature","properties":{"Name":"Sans titre - Polygone"},"geometry":{"type":"Polygon","coordinates":[[[6.0813,35.61686],[6.08088,35.61677],[6.0809,35.61654],[6.07993,35.61647],[6.07872,35.61564],[6.07788,35.6159],[6.07689,35.61586],[6.07719,35.61541],[6.07739,35.61435],[6.07725,35.61419],[6.07746,35.61376],[6.07771,35.6138],[6.07783,35.61486],[6.07812,35.61533],[6.07891,35.6155],[6.08017,35.61619],[6.0814,35.6163],[6.0813,35.61686]]]}},{"type":"Feature","properties":{"Name":"Sans titre - Polygone"},"geometry":{"type":"Polygon","coordinates":[[[6.0824,35.61731],[6.08137,35.6176],[6.08112,35.61754],[6.08128,35.61727],[6.08187,35.61695],[6.08229,35.617],[6.0824,35.61731]]]}},{"type":"Feature","properties":{"Name":"Sans titre - Polygone"},"geometry":{"type":"Polygon","coordinates":[[[6.08477,35.6165],[6.08409,35.61683],[6.08346,35.61664],[6.08369,35.6164],[6.08411,35.61654],[6.08477,35.6165]]]}},{"type":"Feature","properties":{"Name":"Sans titre - Polygone"},"geometry":{"type":"Polygon","coordinates":[[[6.06947,35.61585],[6.06922,35.61603],[6.06918,35.61571],[6.06945,35.61567],[6.06947,35.61585]]]}},{"type":"Feature","properties":{"Name":"Sans titre - Polygone"},"geometry":{"type":"Polygon","coordinates":[[[6.10557,35.60056],[6.10473,35.6006],[6.10385,35.60031],[6.10359,35.60045],[6.10348,35.60025],[6.10308,35.60011],[6.10274,35.59958],[6.10215,35.60002],[6.10193,35.59984],[6.1012,35.59986],[6.10104,35.59946],[6.10129,35.59935],[6.10144,35.59959],[6.10196,35.59941],[6.10328,35.59941],[6.10372,35.59972],[6.10358,35.60004],[6.10391,35.59992],[6.10474,35.60015],[6.1052,35.60009],[6.1056,35.60025],[6.10557,35.60056]]]}},{"type":"Feature","properties":{"Name":"Parcours [9:Polygon]"},"geometry":{"type":"Polygon","coordinates":[[[6.09759,35.59582],[6.09731,35.59578],[6.09713,35.59489],[6.09652,35.59447],[6.09649,35.59395],[6.09695,35.59357],[6.09714,35.59358],[6.09715,35.59417],[6.09759,35.5947],[6.09759,35.59582]]]}},{"type":"Feature","properties":{},"geometry":{"type":"Polygon","coordinates":[[[6.003,35.60467],[6.00272,35.60447],[6.00274,35.6042],[6.0032,35.6039],[6.00353,35.60442],[6.003,35.60467]]]}},{"type":"Feature","properties":{},"geometry":{"type":"Polygon","coordinates":[[[6.003,35.60467],[6.00272,35.60447],[6.00274,35.6042],[6.0032,35.6039],[6.00353,35.60442],[6.003,35.60467]]]}},{"type":"Feature","properties":{},"geometry":{"type":"Polygon","coordinates":[[[5.97941,35.58754],[5.97941,35.58754],[5.97942,35.58751],[5.97941,35.58754]]]}},{"type":"Feature","properties":{},"geometry":{"type":"Polygon","coordinates":[[[5.97938,35.58761],[5.97939,35.58759],[5.97938,35.58763],[5.97938,35.58761]]]}},{"type":"Feature","properties":{},"geometry":{"type":"Polygon","coordinates":[[[5.9794,35.58768],[5.9794,35.58768],[5.97939,35.58766],[5.9794,35.58768]]]}},{"type":"Feature","properties":{},"geometry":{"type":"Polygon","coordinates":[[[5.97934,35.58784],[5.97934,35.58784],[5.97932,35.58785],[5.97934,35.58784]]]}},{"type":"Feature","properties":{},"geometry":{"type":"Polygon","coordinates":[[[5.97926,35.58789],[5.97926,35.58789],[5.97928,35.58787],[5.97926,35.58789]]]}},{"type":"Feature","properties":{},"geometry":{"type":"Polygon","coordinates":[[[5.97914,35.58802],[5.97924,35.58793],[5.97922,35.58795],[5.97914,35.58802]]]}},{"type":"Feature","properties":{},"geometry":{"type":"Polygon","coordinates":[[[5.97899,35.58816],[5.97907,35.58808],[5.97909,35.58807],[5.97906,35.58812],[5.97899,35.58816],[5.97898,35.58818],[5.97899,35.58816]]]}},{"type":"Feature","properties":{},"geometry":{"type":"Polygon","coordinates":[[[5.97884,35.58831],[5.97897,35.58819],[5.97888,35.58829],[5.97884,35.58831]]]}},{"type":"Feature","properties":{},"geometry":{"type":"Polygon","coordinates":[[[5.97881,35.58836],[5.97883,35.58832],[5.97883,35.58832],[5.97881,35.58836]]]}},{"type":"Feature","properties":{},"geometry":{"type":"Polygon","coordinates":[[[5.97877,35.58843],[5.9788,35.58838],[5.97877,35.58843],[5.97875,35.58848],[5.97874,35.58851],[5.97868,35.58858],[5.97877,35.58843]]]}},{"type":"Feature","properties":{},"geometry":{"type":"Polygon","coordinates":[[[5.97863,35.58868],[5.97863,35.58868],[5.97864,35.58866],[5.97863,35.58868]]]}},{"type":"Feature","properties":{},"geometry":{"type":"Polygon","coordinates":[[[5.97857,35.58873],[5.97862,35.58869],[5.97855,35.58877],[5.97857,35.58873]]]}},{"type":"Feature","properties":{},"geometry":{"type":"Polygon","coordinates":[[[5.97852,35.58888],[5.97851,35.58889],[5.97852,35.58888],[5.97852,35.58888]]]}},{"type":"Feature","properties":{},"geometry":{"type":"Polygon","coordinates":[[[5.97847,35.58893],[5.97848,35.58892],[5.97847,35.58897],[5.97847,35.58893]]]}},{"type":"Feature","properties":{},"geometry":{"type":"Polygon","coordinates":[[[5.97846,35.58906],[5.97847,35.58897],[5.97839,35.58911],[5.97846,35.58906]]]}},{"type":"Feature","properties":{},"geometry":{"type":"Polygon","coordinates":[[[5.97838,35.58912],[5.97838,35.58912],[5.97835,35.58915],[5.97838,35.58912]]]}},{"type":"Feature","properties":{},"geometry":{"type":"Polygon","coordinates":[[[5.97827,35.58928],[5.97827,35.58928],[5.97828,35.58926],[5.97827,35.58928]]]}},{"type":"Feature","properties":{},"geometry":{"type":"Polygon","coordinates":[[[5.97834,35.5894],[5.97834,35.5894],[5.9783,35.58936],[5.97834,35.5894]]]}},{"type":"Feature","properties":{},"geometry":{"type":"Polygon","coordinates":[[[5.97837,35.58944],[5.97837,35.58944],[5.9784,35.58944],[5.97837,35.58944]]]}},{"type":"Feature","properties":{},"geometry":{"type":"Polygon","coordinates":[[[5.97853,35.58943],[5.97853,35.58943],[5.97855,35.58942],[5.97853,35.58943]]]}},{"type":"Feature","properties":{},"geometry":{"type":"Polygon","coordinates":[[[5.97866,35.58944],[5.97865,35.58942],[5.97869,35.58949],[5.97866,35.58944]]]}},{"type":"Feature","properties":{},"geometry":{"type":"Polygon","coordinates":[[[5.97874,35.58956],[5.97872,35.58953],[5.97876,35.58959],[5.97874,35.58956]]]}},{"type":"Feature","properties":{},"geometry":{"type":"Polygon","coordinates":[[[5.97876,35.5896],[5.97876,35.58959],[5.97876,35.58959],[5.97876,35.5896]]]}},{"type":"Feature","properties":{},"geometry":{"type":"Polygon","coordinates":[[[5.97882,35.58983],[5.97882,35.58983],[5.97882,35.5898],[5.97882,35.58983]]]}},{"type":"Feature","properties":{},"geometry":{"type":"Polygon","coordinates":[[[5.97878,35.58985],[5.97878,35.58985],[5.97881,35.58983],[5.97878,35.58985]]]}},{"type":"Feature","properties":{},"geometry":{"type":"Polygon","coordinates":[[[5.97883,35.58991],[5.97883,35.58991],[5.97881,35.5899],[5.97883,35.58991]]]}},{"type":"Feature","properties":{},"geometry":{"type":"Polygon","coordinates":[[[5.97894,35.58993],[5.97894,35.58993],[5.97892,35.58993],[5.97894,35.58993]]]}},{"type":"Feature","properties":{},"geometry":{"type":"Polygon","coordinates":[[[5.97905,35.58992],[5.97905,35.58992],[5.97901,35.58992],[5.97905,35.58992]]]}},{"type":"Feature","properties":{},"geometry":{"type":"Polygon","coordinates":[[[5.9792,35.58991],[5.9792,35.58991],[5.97917,35.58991],[5.9792,35.58991]]]}},{"type":"Feature","properties":{},"geometry":{"type":"Polygon","coordinates":[[[5.97936,35.58984],[5.97935,35.58985],[5.97935,35.58985],[5.97936,35.58984]]]}},{"type":"Feature","properties":{},"geometry":{"type":"Polygon","coordinates":[[[5.97942,35.58963],[5.97941,35.58972],[5.97944,35.58961],[5.97942,35.58963]]]}},{"type":"Feature","properties":{},"geometry":{"type":"Polygon","coordinates":[[[5.97947,35.58954],[5.97945,35.5896],[5.97945,35.58958],[5.97947,35.58954],[5.97951,35.58951],[5.97959,35.58947],[5.9796,35.58946],[5.97959,35.58947],[5.97947,35.58954]]]}},{"type":"Feature","properties":{},"geometry":{"type":"Polygon","coordinates":[[[5.97974,35.58932],[5.97974,35.58932],[5.97973,35.58935],[5.97974,35.58932]]]}},{"type":"Feature","properties":{},"geometry":{"type":"Polygon","coordinates":[[[5.97985,35.58911],[5.97984,35.58912],[5.97986,35.58907],[5.97985,35.58911]]]}},{"type":"Feature","properties":{},"geometry":{"type":"Polygon","coordinates":[[[5.97992,35.58904],[5.97992,35.58904],[5.97988,35.58906],[5.97992,35.58904]]]}},{"type":"Feature","properties":{},"geometry":{"type":"Polygon","coordinates":[[[5.98011,35.5891],[5.98005,35.58904],[5.98008,35.58907],[5.98011,35.5891],[5.98013,35.58911],[5.98011,35.5891]]]}},{"type":"Feature","properties":{},"geometry":{"type":"Polygon","coordinates":[[[5.98023,35.58913],[5.98014,35.58912],[5.98026,35.58911],[5.98023,35.58913]]]}},{"type":"Feature","properties":{},"geometry":{"type":"Polygon","coordinates":[[[5.98027,35.5891],[5.98027,35.5891],[5.98028,35.58909],[5.98027,35.5891]]]}},{"type":"Feature","properties":{},"geometry":{"type":"Polygon","coordinates":[[[5.98039,35.58891],[5.98039,35.58891],[5.98038,35.58893],[5.98039,35.58891]]]}},{"type":"Feature","properties":{},"geometry":{"type":"Polygon","coordinates":[[[5.98035,35.58875],[5.98038,35.58878],[5.98035,35.58872],[5.98035,35.58875]]]}},{"type":"Feature","properties":{},"geometry":{"type":"Polygon","coordinates":[[[5.98032,35.58867],[5.98033,35.58865],[5.98032,35.58867],[5.98032,35.58867]]]}},{"type":"Feature","properties":{},"geometry":{"type":"Polygon","coordinates":[[[5.98041,35.58849],[5.98042,35.58848],[5.98041,35.58849],[5.98041,35.58849]]]}},{"type":"Feature","properties":{},"geometry":{"type":"Polygon","coordinates":[[[5.98051,35.58836],[5.98047,35.58839],[5.98048,35.58839],[5.98051,35.58836],[5.98051,35.58836],[5.98051,35.58836]]]}},{"type":"Feature","properties":{},"geometry":{"type":"Polygon","coordinates":[[[5.98055,35.58824],[5.98055,35.58824],[5.98055,35.58826],[5.98055,35.58824]]]}},{"type":"Feature","properties":{},"geometry":{"type":"Polygon","coordinates":[[[5.98053,35.58806],[5.98053,35.58806],[5.98053,35.58807],[5.98053,35.58806]]]}},{"type":"Feature","properties":{},"geometry":{"type":"Polygon","coordinates":[[[5.98054,35.58775],[5.98051,35.58789],[5.98051,35.58788],[5.98054,35.58775]]]}},{"type":"Feature","properties":{},"geometry":{"type":"Polygon","coordinates":[[[5.98052,35.58767],[5.98053,35.58769],[5.98051,35.58765],[5.98052,35.58767]]]}},{"type":"Feature","properties":{},"geometry":{"type":"Polygon","coordinates":[[[5.98035,35.58747],[5.98045,35.58756],[5.9804,35.58752],[5.98035,35.58747],[5.98019,35.58744],[5.98035,35.58747]]]}},{"type":"Feature","properties":{},"geometry":{"type":"Polygon","coordinates":[[[5.98015,35.58746],[5.98019,35.58744],[5.98014,35.58747],[5.98015,35.58746]]]}},{"type":"Feature","properties":{},"geometry":{"type":"Polygon","coordinates":[[[5.98008,35.58756],[5.98011,35.58751],[5.98007,35.58763],[5.98008,35.58756]]]}},{"type":"Feature","properties":{},"geometry":{"type":"Polygon","coordinates":[[[5.98007,35.58764],[5.98006,35.58766],[5.98007,35.58764],[5.98007,35.58764]]]}},{"type":"Feature","properties":{},"geometry":{"type":"Polygon","coordinates":[[[5.98001,35.58771],[5.98001,35.58771],[5.98006,35.58767],[5.98001,35.58771]]]}},{"type":"Feature","properties":{},"geometry":{"type":"Polygon","coordinates":[[[5.97991,35.58773],[5.97994,35.58773],[5.97989,35.58774],[5.97991,35.58773]]]}},{"type":"Feature","properties":{},"geometry":{"type":"Polygon","coordinates":[[[5.97975,35.58769],[5.97975,35.58769],[5.97975,35.5877],[5.97975,35.58769]]]}},{"type":"Feature","properties":{},"geometry":{"type":"Polygon","coordinates":[[[5.97969,35.58762],[5.9797,35.58763],[5.97965,35.58758],[5.97969,35.58762]]]}},{"type":"Feature","properties":{},"geometry":{"type":"Polygon","coordinates":[[[5.97828,35.58932],[5.97883,35.58832],[5.97934,35.58784],[5.97946,35.58746],[5.97982,35.58774],[5.98019,35.58744],[5.98049,35.58761],[5.98055,35.58824],[5.98032,35.58867],[5.98039,35.58891],[5.98023,35.58913],[5.97986,35.58907],[5.97935,35.58985],[5.97878,35.58988],[5.97864,35.58941],[5.97828,35.58932]]]}},{"type":"Feature","properties":{},"geometry":{"type":"Polygon","coordinates":[[[5.98493,35.57745],[5.98485,35.57745],[5.98533,35.57704],[5.98551,35.57694],[5.98562,35.57683],[5.98565,35.57682],[5.98566,35.57682],[5.98567,35.57674],[5.98576,35.57667],[5.98597,35.57615],[5.98658,35.5758],[5.98695,35.57523],[5.98717,35.57433],[5.9868,35.574],[5.98676,35.57373],[5.98691,35.57362],[5.98769,35.57327],[5.98785,35.57365],[5.98784,35.57382],[5.98711,35.57408],[5.98766,35.57456],[5.98701,35.57514],[5.98707,35.57529],[5.9874,35.57531],[5.9882,35.5751],[5.98876,35.57472],[5.99015,35.57458],[5.99078,35.57414],[5.99074,35.57368],[5.99094,35.57314],[5.99101,35.57409],[5.99137,35.57426],[5.99191,35.57513],[5.99236,35.57532],[5.99323,35.57627],[5.99478,35.57674],[5.99563,35.5768],[5.99626,35.57661],[5.99795,35.5771],[5.99628,35.5767],[5.99568,35.57689],[5.9947,35.57691],[5.99356,35.57669],[5.99217,35.57565],[5.99139,35.57564],[5.99066,35.57527],[5.98907,35.57528],[5.98675,35.57588],[5.98566,35.57682],[5.98493,35.57745]]]}},{"type":"Feature","properties":{},"geometry":{"type":"Polygon","coordinates":[[[5.99066,35.57163],[5.98984,35.57169],[5.98848,35.57075],[5.98941,35.57128],[5.99009,35.57153],[5.99043,35.57144],[5.99066,35.57163]]]}},{"type":"Feature","properties":{},"geometry":{"type":"Polygon","coordinates":[[[5.98393,35.57715],[5.98409,35.57719],[5.98437,35.57739],[5.98403,35.57735],[5.98393,35.57715]]]}},{"type":"Feature","properties":{},"geometry":{"type":"Polygon","coordinates":[[[5.98365,35.57655],[5.98396,35.57646],[5.98377,35.57681],[5.98365,35.57655]]]}},{"type":"Feature","properties":{"Name":"Sans titre - Polygone"},"geometry":{"type":"Polygon","coordinates":[[[5.99804,35.58376],[5.99701,35.58351],[5.99692,35.58334],[5.99727,35.58319],[5.9979,35.58333],[5.99837,35.58367],[5.99804,35.58376]]]}},{"type":"Feature","properties":{},"geometry":{"type":"Polygon","coordinates":[[[6.03393,35.60439],[6.0339,35.60431],[6.03394,35.60441],[6.03393,35.60439]]]}},{"type":"Feature","properties":{},"geometry":{"type":"Polygon","coordinates":[[[6.03398,35.60451],[6.03398,35.60451],[6.03398,35.60446],[6.03398,35.60451]]]}},{"type":"Feature","properties":{},"geometry":{"type":"Polygon","coordinates":[[[6.03467,35.60429],[6.03471,35.60437],[6.03467,35.60428],[6.03467,35.60429]]]}},{"type":"Feature","properties":{},"geometry":{"type":"Polygon","coordinates":[[[6.03473,35.60415],[6.03473,35.60415],[6.03473,35.60417],[6.03473,35.60415]]]}},{"type":"Feature","properties":{},"geometry":{"type":"Polygon","coordinates":[[[6.03479,35.60405],[6.0348,35.60403],[6.03477,35.60407],[6.03479,35.60405]]]}},{"type":"Feature","properties":{},"geometry":{"type":"Polygon","coordinates":[[[6.0349,35.60385],[6.03488,35.6039],[6.03487,35.60392],[6.0349,35.60385]]]}},{"type":"Feature","properties":{},"geometry":{"type":"Polygon","coordinates":[[[6.03491,35.6038],[6.03491,35.6038],[6.0349,35.60382],[6.03491,35.6038]]]}},{"type":"Feature","properties":{},"geometry":{"type":"Polygon","coordinates":[[[6.03491,35.60364],[6.03491,35.60364],[6.03492,35.60368],[6.03491,35.60364]]]}},{"type":"Feature","properties":{},"geometry":{"type":"Polygon","coordinates":[[[6.03491,35.60352],[6.03491,35.60352],[6.03491,35.60354],[6.03491,35.60352]]]}},{"type":"Feature","properties":{},"geometry":{"type":"Polygon","coordinates":[[[6.03507,35.60336],[6.03501,35.6034],[6.03499,35.60343],[6.03507,35.60336]]]}},{"type":"Feature","properties":{},"geometry":{"type":"Polygon","coordinates":[[[6.0351,35.60325],[6.0351,35.60325],[6.0351,35.60325],[6.0351,35.60325]]]}},{"type":"Feature","properties":{},"geometry":{"type":"Polygon","coordinates":[[[6.03506,35.60325],[6.03506,35.60325],[6.03508,35.60325],[6.03506,35.60325]]]}},{"type":"Feature","properties":{},"geometry":{"type":"Polygon","coordinates":[[[6.03481,35.6033],[6.03487,35.60328],[6.0349,35.60327],[6.03481,35.6033]]]}},{"type":"Feature","properties":{},"geometry":{"type":"Polygon","coordinates":[[[6.03467,35.60334],[6.03466,35.60334],[6.03469,35.60334],[6.03467,35.60334]]]}},{"type":"Feature","properties":{},"geometry":{"type":"Polygon","coordinates":[[[6.03443,35.60341],[6.03441,35.60341],[6.03444,35.60341],[6.03443,35.60341]]]}},{"type":"Feature","properties":{},"geometry":{"type":"Polygon","coordinates":[[[6.03424,35.60344],[6.03424,35.60344],[6.03428,35.60344],[6.03424,35.60344]]]}},{"type":"Feature","properties":{},"geometry":{"type":"Polygon","coordinates":[[[6.0342,35.60348],[6.03419,35.60352],[6.0342,35.60347],[6.0342,35.60348]]]}},{"type":"Feature","properties":{},"geometry":{"type":"Polygon","coordinates":[[[6.03421,35.60359],[6.0342,35.60358],[6.0342,35.60358],[6.03421,35.60359]]]}},{"type":"Feature","properties":{},"geometry":{"type":"Polygon","coordinates":[[[6.03422,35.6036],[6.03422,35.6036],[6.03421,35.6036],[6.03422,35.6036]]]}},{"type":"Feature","properties":{},"geometry":{"type":"Polygon","coordinates":[[[6.03421,35.6036],[6.03423,35.60362],[6.03421,35.6036],[6.03421,35.6036]]]}},{"type":"Feature","properties":{},"geometry":{"type":"Polygon","coordinates":[[[6.03427,35.60365],[6.03427,35.60365],[6.03427,35.60365],[6.03427,35.60365]]]}},{"type":"Feature","properties":{},"geometry":{"type":"Polygon","coordinates":[[[6.03432,35.60371],[6.03432,35.60371],[6.0343,35.6037],[6.03432,35.60371]]]}},{"type":"Feature","properties":{},"geometry":{"type":"Polygon","coordinates":[[[6.0343,35.60388],[6.0343,35.60388],[6.03433,35.60385],[6.0343,35.60388]]]}},{"type":"Feature","properties":{},"geometry":{"type":"Polygon","coordinates":[[[6.03419,35.60396],[6.03423,35.60392],[6.03423,35.60392],[6.0342,35.60395],[6.03419,35.60396]]]}},{"type":"Feature","properties":{},"geometry":{"type":"Polygon","coordinates":[[[6.03413,35.60402],[6.03411,35.60404],[6.03411,35.60404],[6.03413,35.60402]]]}},{"type":"Feature","properties":{},"geometry":{"type":"Polygon","coordinates":[[[6.03409,35.60406],[6.03409,35.60406],[6.03408,35.60407],[6.03409,35.60406]]]}},{"type":"Feature","properties":{},"geometry":{"type":"Polygon","coordinates":[[[6.03353,35.60336],[6.03347,35.60338],[6.03345,35.60338],[6.03353,35.60336]]]}},{"type":"Feature","properties":{},"geometry":{"type":"Polygon","coordinates":[[[6.03358,35.60333],[6.03358,35.60333],[6.03354,35.60335],[6.03358,35.60333]]]}},{"type":"Feature","properties":{},"geometry":{"type":"Polygon","coordinates":[[[6.03372,35.60317],[6.0337,35.60325],[6.03368,35.60325],[6.03372,35.60317]]]}},{"type":"Feature","properties":{},"geometry":{"type":"Polygon","coordinates":[[[6.03372,35.60309],[6.03372,35.60313],[6.03372,35.60316],[6.03372,35.60313],[6.03372,35.60309]]]}},{"type":"Feature","properties":{},"geometry":{"type":"Polygon","coordinates":[[[6.03355,35.60287],[6.03354,35.60287],[6.03355,35.60287],[6.03355,35.60287]]]}},{"type":"Feature","properties":{},"geometry":{"type":"Polygon","coordinates":[[[6.03345,35.60289],[6.03345,35.60289],[6.03351,35.60288],[6.03345,35.60289]]]}},{"type":"Feature","properties":{},"geometry":{"type":"Polygon","coordinates":[[[6.03332,35.60301],[6.03337,35.60296],[6.03337,35.60295],[6.03332,35.60301]]]}},{"type":"Feature","properties":{},"geometry":{"type":"Polygon","coordinates":[[[6.0333,35.60306],[6.0333,35.60306],[6.0333,35.60304],[6.0333,35.60306]]]}},{"type":"Feature","properties":{},"geometry":{"type":"Polygon","coordinates":[[[6.0332,35.60317],[6.0332,35.60317],[6.03321,35.60316],[6.0332,35.60317]]]}},{"type":"Feature","properties":{},"geometry":{"type":"Polygon","coordinates":[[[6.03316,35.60321],[6.03316,35.60321],[6.03317,35.60321],[6.03316,35.60321]]]}},{"type":"Feature","properties":{},"geometry":{"type":"Polygon","coordinates":[[[6.03311,35.60321],[6.03308,35.60322],[6.03308,35.60322],[6.03311,35.60321]]]}},{"type":"Feature","properties":{},"geometry":{"type":"Polygon","coordinates":[[[6.03307,35.60313],[6.03307,35.60313],[6.03306,35.60315],[6.03307,35.60313]]]}},{"type":"Feature","properties":{},"geometry":{"type":"Polygon","coordinates":[[[6.03319,35.60301],[6.03311,35.60307],[6.03312,35.60306],[6.03315,35.60304],[6.03319,35.60301],[6.0332,35.603],[6.03319,35.60301]]]}},{"type":"Feature","properties":{},"geometry":{"type":"Polygon","coordinates":[[[6.0332,35.6029],[6.0332,35.6029],[6.0332,35.60293],[6.0332,35.6029]]]}},{"type":"Feature","properties":{},"geometry":{"type":"Polygon","coordinates":[[[6.03313,35.60285],[6.03313,35.60285],[6.03316,35.60287],[6.03313,35.60285]]]}},{"type":"Feature","properties":{},"geometry":{"type":"Polygon","coordinates":[[[6.03295,35.60295],[6.03295,35.60295],[6.03295,35.60294],[6.03295,35.60295]]]}},{"type":"Feature","properties":{},"geometry":{"type":"Polygon","coordinates":[[[6.03281,35.60309],[6.03288,35.60302],[6.03289,35.60302],[6.03288,35.60302],[6.03285,35.60306],[6.03281,35.60309]]]}},{"type":"Feature","properties":{},"geometry":{"type":"Polygon","coordinates":[[[6.03278,35.60312],[6.03278,35.60313],[6.03278,35.60312],[6.03278,35.60312]]]}},{"type":"Feature","properties":{},"geometry":{"type":"Polygon","coordinates":[[[6.03277,35.60316],[6.03277,35.60317],[6.03277,35.60317],[6.03277,35.60316]]]}},{"type":"Feature","properties":{},"geometry":{"type":"Polygon","coordinates":[[[6.03279,35.60328],[6.03279,35.60328],[6.03278,35.60324],[6.03279,35.60328]]]}},{"type":"Feature","properties":{},"geometry":{"type":"Polygon","coordinates":[[[6.03288,35.60338],[6.03289,35.60339],[6.03289,35.60339],[6.03288,35.60338]]]}},{"type":"Feature","properties":{},"geometry":{"type":"Polygon","coordinates":[[[6.0329,35.60339],[6.03292,35.6034],[6.03289,35.60339],[6.0329,35.60339]]]}},{"type":"Feature","properties":{},"geometry":{"type":"Polygon","coordinates":[[[6.03299,35.60343],[6.03299,35.60344],[6.03299,35.60344],[6.03299,35.60343]]]}},{"type":"Feature","properties":{},"geometry":{"type":"Polygon","coordinates":[[[6.03307,35.60348],[6.03303,35.60344],[6.033,35.60344],[6.03307,35.60348]]]}},{"type":"Feature","properties":{},"geometry":{"type":"Polygon","coordinates":[[[6.03312,35.60352],[6.03312,35.60352],[6.0331,35.6035],[6.03312,35.60352]]]}},{"type":"Feature","properties":{},"geometry":{"type":"Polygon","coordinates":[[[6.03317,35.60354],[6.03318,35.60355],[6.03318,35.60355],[6.03317,35.60354]]]}},{"type":"Feature","properties":{},"geometry":{"type":"Polygon","coordinates":[[[6.03328,35.60357],[6.03328,35.60357],[6.03324,35.60357],[6.03328,35.60357]]]}},{"type":"Feature","properties":{},"geometry":{"type":"Polygon","coordinates":[[[6.03328,35.60357],[6.03333,35.6036],[6.0333,35.60358],[6.03328,35.60357]]]}},{"type":"Feature","properties":{},"geometry":{"type":"Polygon","coordinates":[[[6.03343,35.60364],[6.03339,35.60363],[6.03338,35.60362],[6.03343,35.60364],[6.03347,35.60364],[6.03349,35.60365],[6.0335,35.60365],[6.03343,35.60364]]]}},{"type":"Feature","properties":{},"geometry":{"type":"Polygon","coordinates":[[[6.03358,35.60367],[6.03359,35.60367],[6.03359,35.60367],[6.03358,35.60367]]]}},{"type":"Feature","properties":{},"geometry":{"type":"Polygon","coordinates":[[[6.03362,35.60369],[6.03365,35.6037],[6.03361,35.60368],[6.03362,35.60369]]]}},{"type":"Feature","properties":{},"geometry":{"type":"Polygon","coordinates":[[[6.03368,35.60371],[6.03368,35.60371],[6.03367,35.60371],[6.03368,35.60371]]]}},{"type":"Feature","properties":{},"geometry":{"type":"Polygon","coordinates":[[[6.03384,35.60364],[6.03376,35.6037],[6.03375,35.60371],[6.03384,35.60364]]]}},{"type":"Feature","properties":{},"geometry":{"type":"Polygon","coordinates":[[[6.03385,35.60356],[6.03384,35.60354],[6.03385,35.60358],[6.03385,35.60356]]]}},{"type":"Feature","properties":{},"geometry":{"type":"Polygon","coordinates":[[[6.03372,35.60343],[6.03381,35.60347],[6.03381,35.60348],[6.03372,35.60343]]]}},{"type":"Feature","properties":{},"geometry":{"type":"Polygon","coordinates":[[[6.03363,35.60343],[6.03372,35.60343],[6.03358,35.60348],[6.03363,35.60343]]]}},{"type":"Feature","properties":{},"geometry":{"type":"Polygon","coordinates":[[[6.03351,35.60352],[6.0335,35.60352],[6.03352,35.60351],[6.03351,35.60352]]]}},{"type":"Feature","properties":{},"geometry":{"type":"Polygon","coordinates":[[[6.03337,35.60342],[6.03338,35.60341],[6.03336,35.60343],[6.03337,35.60342]]]}},{"type":"Feature","properties":{},"geometry":{"type":"Polygon","coordinates":[[[6.03147,35.60084],[6.03141,35.60084],[6.03151,35.60084],[6.03147,35.60084]]]}},{"type":"Feature","properties":{},"geometry":{"type":"Polygon","coordinates":[[[6.0316,35.60085],[6.03157,35.60085],[6.03157,35.60085],[6.0316,35.60085]]]}},{"type":"Feature","properties":{},"geometry":{"type":"Polygon","coordinates":[[[6.03145,35.60007],[6.03149,35.60005],[6.03144,35.60007],[6.03145,35.60007]]]}},{"type":"Feature","properties":{},"geometry":{"type":"Polygon","coordinates":[[[6.03139,35.6001],[6.03139,35.6001],[6.03137,35.60011],[6.03139,35.6001]]]}},{"type":"Feature","properties":{},"geometry":{"type":"Polygon","coordinates":[[[6.03153,35.59826],[6.03153,35.59825],[6.03153,35.59826],[6.03153,35.59826]]]}},{"type":"Feature","properties":{},"geometry":{"type":"Polygon","coordinates":[[[6.03151,35.59827],[6.03153,35.59826],[6.0315,35.59828],[6.03151,35.59827]]]}},{"type":"Feature","properties":{},"geometry":{"type":"Polygon","coordinates":[[[6.03147,35.59829],[6.03147,35.59829],[6.03148,35.59829],[6.03147,35.59829]]]}},{"type":"Feature","properties":{},"geometry":{"type":"Polygon","coordinates":[[[6.03143,35.5983],[6.03143,35.5983],[6.03144,35.59829],[6.03143,35.5983]]]}},{"type":"Feature","properties":{},"geometry":{"type":"Polygon","coordinates":[[[6.03138,35.59832],[6.03139,35.59832],[6.03139,35.59832],[6.03138,35.59832]]]}},{"type":"Feature","properties":{},"geometry":{"type":"Polygon","coordinates":[[[6.03134,35.59837],[6.03134,35.59837],[6.03135,35.59837],[6.03134,35.59837]]]}},{"type":"Feature","properties":{},"geometry":{"type":"Polygon","coordinates":[[[6.03133,35.59845],[6.03133,35.59845],[6.03133,35.59844],[6.03133,35.59845]]]}},{"type":"Feature","properties":{},"geometry":{"type":"Polygon","coordinates":[[[6.03136,35.59848],[6.03135,35.59846],[6.03134,35.59845],[6.03135,35.59846],[6.03136,35.59848],[6.03137,35.59848],[6.03136,35.59848]]]}},{"type":"Feature","properties":{},"geometry":{"type":"Polygon","coordinates":[[[6.03142,35.5985],[6.03142,35.5985],[6.03142,35.5985],[6.03142,35.5985]]]}},{"type":"Feature","properties":{},"geometry":{"type":"Polygon","coordinates":[[[6.03147,35.59698],[6.03147,35.59698],[6.03148,35.59698],[6.03147,35.59698]]]}},{"type":"Feature","properties":{},"geometry":{"type":"Polygon","coordinates":[[[6.0314,35.59711],[6.0314,35.59711],[6.0314,35.5971],[6.0314,35.59711]]]}},{"type":"Feature","properties":{},"geometry":{"type":"Polygon","coordinates":[[[6.0314,35.59713],[6.0314,35.59713],[6.03141,35.59716],[6.0314,35.59713]]]}},{"type":"Feature","properties":{},"geometry":{"type":"Polygon","coordinates":[[[6.03141,35.59718],[6.03141,35.59718],[6.03141,35.59717],[6.03141,35.59718]]]}},{"type":"Feature","properties":{},"geometry":{"type":"Polygon","coordinates":[[[6.03147,35.59724],[6.03146,35.59724],[6.03149,35.59725],[6.03147,35.59724]]]}},{"type":"Feature","properties":{},"geometry":{"type":"Polygon","coordinates":[[[6.03561,35.59977],[6.03561,35.59977],[6.03561,35.59975],[6.03561,35.59977]]]}},{"type":"Feature","properties":{},"geometry":{"type":"Polygon","coordinates":[[[6.03561,35.59985],[6.0356,35.59983],[6.03563,35.59988],[6.03561,35.59985]]]}},{"type":"Feature","properties":{},"geometry":{"type":"Polygon","coordinates":[[[6.03564,35.5999],[6.03564,35.5999],[6.03563,35.59989],[6.03564,35.5999]]]}},{"type":"Feature","properties":{},"geometry":{"type":"Polygon","coordinates":[[[6.03568,35.59997],[6.03567,35.59995],[6.03566,35.59994],[6.03568,35.59997]]]}},{"type":"Feature","properties":{},"geometry":{"type":"Polygon","coordinates":[[[6.0357,35.60002],[6.03569,35.60001],[6.03571,35.60005],[6.0357,35.60002]]]}},{"type":"Feature","properties":{},"geometry":{"type":"Polygon","coordinates":[[[6.03572,35.60008],[6.03572,35.60008],[6.03572,35.60007],[6.03572,35.60008]]]}},{"type":"Feature","properties":{},"geometry":{"type":"Polygon","coordinates":[[[6.03579,35.6002],[6.03577,35.60017],[6.0358,35.60021],[6.03579,35.6002]]]}},{"type":"Feature","properties":{},"geometry":{"type":"Polygon","coordinates":[[[6.03583,35.60022],[6.03581,35.60022],[6.03581,35.60022],[6.03583,35.60022]]]}},{"type":"Feature","properties":{},"geometry":{"type":"Polygon","coordinates":[[[6.03586,35.60022],[6.03586,35.60022],[6.03583,35.60022],[6.03586,35.60022]]]}},{"type":"Feature","properties":{},"geometry":{"type":"Polygon","coordinates":[[[6.03592,35.60017],[6.0359,35.60019],[6.03594,35.60015],[6.03592,35.60017]]]}},{"type":"Feature","properties":{},"geometry":{"type":"Polygon","coordinates":[[[6.03601,35.60012],[6.036,35.60012],[6.03602,35.60012],[6.03601,35.60012]]]}},{"type":"Feature","properties":{},"geometry":{"type":"Polygon","coordinates":[[[6.03616,35.60007],[6.03611,35.60009],[6.03621,35.60007],[6.03616,35.60007]]]}},{"type":"Feature","properties":{},"geometry":{"type":"Polygon","coordinates":[[[6.03631,35.60007],[6.03631,35.60007],[6.0363,35.60007],[6.03631,35.60007]]]}},{"type":"Feature","properties":{},"geometry":{"type":"Polygon","coordinates":[[[6.03635,35.60007],[6.03631,35.60007],[6.03636,35.60007],[6.03635,35.60007]]]}},{"type":"Feature","properties":{},"geometry":{"type":"Polygon","coordinates":[[[6.03642,35.60003],[6.03638,35.60006],[6.03644,35.60002],[6.03642,35.60003]]]}},{"type":"Feature","properties":{},"geometry":{"type":"Polygon","coordinates":[[[6.03664,35.59993],[6.03653,35.59997],[6.03654,35.59996],[6.03657,35.59995],[6.03664,35.59993]]]}},{"type":"Feature","properties":{},"geometry":{"type":"Polygon","coordinates":[[[6.03675,35.5999],[6.03675,35.5999],[6.03676,35.59985],[6.03675,35.5999]]]}},{"type":"Feature","properties":{},"geometry":{"type":"Polygon","coordinates":[[[6.03687,35.59978],[6.03687,35.59978],[6.03687,35.59978],[6.03687,35.59978]]]}},{"type":"Feature","properties":{},"geometry":{"type":"Polygon","coordinates":[[[6.03695,35.59978],[6.03693,35.59978],[6.03697,35.59978],[6.03695,35.59978]]]}},{"type":"Feature","properties":{},"geometry":{"type":"Polygon","coordinates":[[[6.03702,35.59977],[6.03701,35.59978],[6.03705,35.59977],[6.03702,35.59977]]]}},{"type":"Feature","properties":{},"geometry":{"type":"Polygon","coordinates":[[[6.03711,35.59968],[6.03711,35.5997],[6.0371,35.59965],[6.03711,35.59968]]]}},{"type":"Feature","properties":{},"geometry":{"type":"Polygon","coordinates":[[[6.03711,35.5996],[6.0371,35.59965],[6.0371,35.59956],[6.03711,35.5996]]]}},{"type":"Feature","properties":{},"geometry":{"type":"Polygon","coordinates":[[[6.03708,35.59952],[6.03709,35.59954],[6.03707,35.5995],[6.03708,35.59952]]]}},{"type":"Feature","properties":{},"geometry":{"type":"Polygon","coordinates":[[[6.03706,35.5994],[6.03706,35.59948],[6.03706,35.59946],[6.03705,35.59943],[6.03706,35.5994],[6.03705,35.59939],[6.03706,35.5994]]]}},{"type":"Feature","properties":{},"geometry":{"type":"Polygon","coordinates":[[[6.03705,35.59927],[6.03705,35.59931],[6.03706,35.59932],[6.03705,35.59927]]]}},{"type":"Feature","properties":{},"geometry":{"type":"Polygon","coordinates":[[[6.03698,35.59915],[6.03698,35.59915],[6.03699,35.59916],[6.03698,35.59915]]]}},{"type":"Feature","properties":{},"geometry":{"type":"Polygon","coordinates":[[[6.03694,35.5991],[6.03695,35.59912],[6.03693,35.59908],[6.03694,35.5991]]]}},{"type":"Feature","properties":{},"geometry":{"type":"Polygon","coordinates":[[[6.03691,35.59899],[6.03693,35.59907],[6.03689,35.59897],[6.03691,35.59899]]]}},{"type":"Feature","properties":{},"geometry":{"type":"Polygon","coordinates":[[[6.03689,35.59891],[6.03689,35.59897],[6.03688,35.59889],[6.03689,35.59891]]]}},{"type":"Feature","properties":{},"geometry":{"type":"Polygon","coordinates":[[[6.03689,35.59882],[6.03688,35.59887],[6.03689,35.59881],[6.03689,35.59882]]]}},{"type":"Feature","properties":{},"geometry":{"type":"Polygon","coordinates":[[[6.03681,35.59869],[6.03686,35.59872],[6.03682,35.5987],[6.03681,35.59869]]]}},{"type":"Feature","properties":{},"geometry":{"type":"Polygon","coordinates":[[[6.03679,35.59866],[6.03679,35.59866],[6.03678,35.59863],[6.03679,35.59866]]]}},{"type":"Feature","properties":{},"geometry":{"type":"Polygon","coordinates":[[[6.03678,35.59859],[6.03678,35.59858],[6.03678,35.59859],[6.03678,35.59859]]]}},{"type":"Feature","properties":{},"geometry":{"type":"Polygon","coordinates":[[[6.03681,35.59855],[6.03681,35.59855],[6.03681,35.59856],[6.03681,35.59855]]]}},{"type":"Feature","properties":{},"geometry":{"type":"Polygon","coordinates":[[[6.03687,35.59852],[6.03687,35.59852],[6.03685,35.59852],[6.03687,35.59852]]]}},{"type":"Feature","properties":{},"geometry":{"type":"Polygon","coordinates":[[[6.03693,35.59842],[6.03692,35.59843],[6.03692,35.59841],[6.03693,35.59842]]]}},{"type":"Feature","properties":{},"geometry":{"type":"Polygon","coordinates":[[[6.03681,35.59838],[6.03686,35.59837],[6.03687,35.59837],[6.03681,35.59838]]]}},{"type":"Feature","properties":{},"geometry":{"type":"Polygon","coordinates":[[[6.03672,35.5984],[6.03676,35.5984],[6.0367,35.59839],[6.03672,35.5984]]]}},{"type":"Feature","properties":{},"geometry":{"type":"Polygon","coordinates":[[[6.03655,35.59837],[6.03662,35.59838],[6.03652,35.59835],[6.03655,35.59837]]]}},{"type":"Feature","properties":{},"geometry":{"type":"Polygon","coordinates":[[[6.0365,35.59833],[6.03652,35.59835],[6.03652,35.59835],[6.0365,35.59833]]]}},{"type":"Feature","properties":{},"geometry":{"type":"Polygon","coordinates":[[[6.03643,35.59822],[6.0365,35.59832],[6.03642,35.59819],[6.03643,35.59822]]]}},{"type":"Feature","properties":{},"geometry":{"type":"Polygon","coordinates":[[[6.03644,35.59812],[6.03644,35.59813],[6.03645,35.59811],[6.03644,35.59812]]]}},{"type":"Feature","properties":{},"geometry":{"type":"Polygon","coordinates":[[[6.0365,35.59805],[6.0365,35.59805],[6.03649,35.59806],[6.0365,35.59805]]]}},{"type":"Feature","properties":{},"geometry":{"type":"Polygon","coordinates":[[[6.03648,35.59796],[6.03648,35.59796],[6.0365,35.59797],[6.03648,35.59796]]]}},{"type":"Feature","properties":{},"geometry":{"type":"Polygon","coordinates":[[[6.03646,35.59797],[6.03646,35.59797],[6.03647,35.59796],[6.03646,35.59797]]]}},{"type":"Feature","properties":{},"geometry":{"type":"Polygon","coordinates":[[[6.0364,35.59799],[6.0364,35.59799],[6.0364,35.59798],[6.0364,35.59799]]]}},{"type":"Feature","properties":{},"geometry":{"type":"Polygon","coordinates":[[[6.03633,35.59798],[6.03633,35.59798],[6.03636,35.59799],[6.03633,35.59798]]]}},{"type":"Feature","properties":{},"geometry":{"type":"Polygon","coordinates":[[[6.03629,35.59797],[6.03628,35.59795],[6.03629,35.59797],[6.03629,35.59797]]]}},{"type":"Feature","properties":{},"geometry":{"type":"Polygon","coordinates":[[[6.03623,35.59783],[6.03628,35.59794],[6.03626,35.59791],[6.03624,35.59785],[6.03623,35.59783],[6.03622,35.5978],[6.03621,35.59779],[6.03623,35.59783]]]}},{"type":"Feature","properties":{},"geometry":{"type":"Polygon","coordinates":[[[6.03616,35.59767],[6.03617,35.59769],[6.03606,35.59754],[6.03616,35.59767]]]}},{"type":"Feature","properties":{},"geometry":{"type":"Polygon","coordinates":[[[6.03599,35.59748],[6.03606,35.59754],[6.03596,35.59757],[6.03599,35.59748]]]}},{"type":"Feature","properties":{},"geometry":{"type":"Polygon","coordinates":[[[6.03588,35.59784],[6.03586,35.59783],[6.03588,35.59784],[6.03588,35.59784]]]}},{"type":"Feature","properties":{},"geometry":{"type":"Polygon","coordinates":[[[6.03581,35.59777],[6.03581,35.59777],[6.03582,35.59778],[6.03581,35.59777]]]}},{"type":"Feature","properties":{},"geometry":{"type":"Polygon","coordinates":[[[6.03579,35.59776],[6.03579,35.59776],[6.03581,35.59777],[6.03579,35.59776]]]}},{"type":"Feature","properties":{},"geometry":{"type":"Polygon","coordinates":[[[6.03569,35.59766],[6.03578,35.59775],[6.03567,35.59765],[6.03569,35.59766]]]}},{"type":"Feature","properties":{},"geometry":{"type":"Polygon","coordinates":[[[6.03562,35.59765],[6.03562,35.59765],[6.03564,35.59765],[6.03562,35.59765]]]}},{"type":"Feature","properties":{},"geometry":{"type":"Polygon","coordinates":[[[6.03553,35.59772],[6.03554,35.5977],[6.03552,35.59775],[6.03553,35.59772]]]}},{"type":"Feature","properties":{},"geometry":{"type":"Polygon","coordinates":[[[6.03551,35.59782],[6.03551,35.59782],[6.03551,35.59781],[6.03551,35.59782]]]}},{"type":"Feature","properties":{},"geometry":{"type":"Polygon","coordinates":[[[6.0355,35.5979],[6.03551,35.59786],[6.0355,35.59791],[6.0355,35.5979]]]}},{"type":"Feature","properties":{},"geometry":{"type":"Polygon","coordinates":[[[6.03577,35.59844],[6.03577,35.59844],[6.03575,35.59842],[6.03577,35.59844]]]}},{"type":"Feature","properties":{},"geometry":{"type":"Polygon","coordinates":[[[6.03584,35.5985],[6.0358,35.59847],[6.03584,35.59853],[6.03584,35.5985]]]}},{"type":"Feature","properties":{},"geometry":{"type":"Polygon","coordinates":[[[6.03591,35.59872],[6.03589,35.59861],[6.03587,35.59858],[6.03589,35.59861],[6.03591,35.59865],[6.03591,35.59872]]]}},{"type":"Feature","properties":{},"geometry":{"type":"Polygon","coordinates":[[[6.03592,35.59876],[6.03592,35.59876],[6.03592,35.59876],[6.03592,35.59876]]]}},{"type":"Feature","properties":{},"geometry":{"type":"Polygon","coordinates":[[[6.03592,35.59882],[6.03592,35.5988],[6.03593,35.59885],[6.03592,35.59882]]]}},{"type":"Feature","properties":{},"geometry":{"type":"Polygon","coordinates":[[[6.03578,35.599],[6.03593,35.59885],[6.03593,35.59888],[6.03592,35.59891],[6.0359,35.59895],[6.03588,35.59898],[6.03585,35.59899],[6.03583,35.599],[6.03578,35.599]]]}},{"type":"Feature","properties":{},"geometry":{"type":"Polygon","coordinates":[[[6.03565,35.59905],[6.03565,35.59905],[6.03566,35.59904],[6.03565,35.59905]]]}},{"type":"Feature","properties":{},"geometry":{"type":"Polygon","coordinates":[[[6.03563,35.59917],[6.03563,35.59917],[6.03563,35.59915],[6.03563,35.59917]]]}},{"type":"Feature","properties":{},"geometry":{"type":"Polygon","coordinates":[[[6.03569,35.59924],[6.03569,35.59924],[6.03568,35.59923],[6.03569,35.59924]]]}},{"type":"Feature","properties":{},"geometry":{"type":"Polygon","coordinates":[[[6.03571,35.59927],[6.03571,35.59927],[6.03571,35.59927],[6.03571,35.59927]]]}},{"type":"Feature","properties":{},"geometry":{"type":"Polygon","coordinates":[[[6.03567,35.59937],[6.0357,35.59935],[6.03566,35.5994],[6.03567,35.59937]]]}},{"type":"Feature","properties":{},"geometry":{"type":"Polygon","coordinates":[[[6.03558,35.5996],[6.03562,35.59947],[6.03559,35.59962],[6.03558,35.5996]]]}},{"type":"Feature","properties":{},"geometry":{"type":"Polygon","coordinates":[[[6.03561,35.59974],[6.03559,35.59966],[6.03559,35.59964],[6.03561,35.59974]]]}},{"type":"Feature","properties":{},"geometry":{"type":"Polygon","coordinates":[[[6.03683,35.58927],[6.03683,35.58927],[6.03684,35.58926],[6.03683,35.58927]]]}},{"type":"Feature","properties":{},"geometry":{"type":"Polygon","coordinates":[[[6.03661,35.58937],[6.03668,35.58933],[6.03658,35.58937],[6.03661,35.58937]]]}},{"type":"Feature","properties":{},"geometry":{"type":"Polygon","coordinates":[[[6.03651,35.58938],[6.03654,35.58938],[6.03649,35.5894],[6.03651,35.58938]]]}},{"type":"Feature","properties":{},"geometry":{"type":"Polygon","coordinates":[[[6.03648,35.58944],[6.03648,35.58941],[6.03648,35.58941],[6.03648,35.58944]]]}},{"type":"Feature","properties":{},"geometry":{"type":"Polygon","coordinates":[[[6.03662,35.5895],[6.03655,35.58948],[6.03663,35.5895],[6.03662,35.5895]]]}},{"type":"Feature","properties":{},"geometry":{"type":"Polygon","coordinates":[[[6.03673,35.58951],[6.03669,35.58951],[6.03679,35.58952],[6.03673,35.58951]]]}},{"type":"Feature","properties":{},"geometry":{"type":"Polygon","coordinates":[[[6.03684,35.58953],[6.03682,35.58953],[6.03684,35.58953],[6.0369,35.58952],[6.03697,35.58952],[6.03684,35.58953]]]}},{"type":"Feature","properties":{},"geometry":{"type":"Polygon","coordinates":[[[6.0371,35.5895],[6.0371,35.5895],[6.03707,35.58949],[6.0371,35.5895]]]}},{"type":"Feature","properties":{},"geometry":{"type":"Polygon","coordinates":[[[6.0372,35.58949],[6.0372,35.58949],[6.03715,35.58949],[6.0372,35.58949]]]}},{"type":"Feature","properties":{},"geometry":{"type":"Polygon","coordinates":[[[6.03744,35.58951],[6.03738,35.5895],[6.03739,35.5895],[6.03744,35.58951]]]}},{"type":"Feature","properties":{},"geometry":{"type":"Polygon","coordinates":[[[6.03747,35.58951],[6.03747,35.58951],[6.03744,35.58951],[6.03747,35.58951]]]}},{"type":"Feature","properties":{},"geometry":{"type":"Polygon","coordinates":[[[6.03751,35.58948],[6.03748,35.5895],[6.03752,35.58947],[6.03751,35.58948]]]}},{"type":"Feature","properties":{},"geometry":{"type":"Polygon","coordinates":[[[6.03754,35.58939],[6.03754,35.58941],[6.03753,35.58937],[6.03754,35.58939]]]}},{"type":"Feature","properties":{},"geometry":{"type":"Polygon","coordinates":[[[6.03751,35.58928],[6.03751,35.58928],[6.03751,35.58929],[6.03751,35.58928]]]}},{"type":"Feature","properties":{},"geometry":{"type":"Polygon","coordinates":[[[6.03751,35.58925],[6.03751,35.58925],[6.0375,35.58924],[6.03751,35.58925]]]}},{"type":"Feature","properties":{},"geometry":{"type":"Polygon","coordinates":[[[6.03745,35.58918],[6.03746,35.58919],[6.03744,35.58917],[6.03745,35.58918]]]}},{"type":"Feature","properties":{},"geometry":{"type":"Polygon","coordinates":[[[6.03737,35.58901],[6.03737,35.58901],[6.03735,35.58899],[6.03737,35.58901]]]}},{"type":"Feature","properties":{},"geometry":{"type":"Polygon","coordinates":[[[6.03737,35.58889],[6.03734,35.58893],[6.0374,35.58887],[6.03737,35.58889]]]}},{"type":"Feature","properties":{},"geometry":{"type":"Polygon","coordinates":[[[6.03754,35.58881],[6.03754,35.58881],[6.03751,35.58882],[6.03754,35.58881]]]}},{"type":"Feature","properties":{},"geometry":{"type":"Polygon","coordinates":[[[6.0378,35.58881],[6.03772,35.58881],[6.03767,35.58881],[6.03772,35.58881],[6.03777,35.58881],[6.0378,35.58881]]]}},{"type":"Feature","properties":{},"geometry":{"type":"Polygon","coordinates":[[[6.03794,35.58881],[6.03787,35.5888],[6.03782,35.58881],[6.03794,35.58881]]]}},{"type":"Feature","properties":{},"geometry":{"type":"Polygon","coordinates":[[[6.03807,35.58882],[6.03807,35.58882],[6.03806,35.58882],[6.03807,35.58882]]]}},{"type":"Feature","properties":{},"geometry":{"type":"Polygon","coordinates":[[[6.03818,35.58883],[6.03808,35.58882],[6.03812,35.58881],[6.03818,35.58883],[6.03823,35.58881],[6.03827,35.58879],[6.03831,35.58877],[6.03823,35.58881],[6.03818,35.58883]]]}},{"type":"Feature","properties":{},"geometry":{"type":"Polygon","coordinates":[[[6.03832,35.58869],[6.03832,35.58869],[6.03832,35.58873],[6.03832,35.58869]]]}},{"type":"Feature","properties":{},"geometry":{"type":"Polygon","coordinates":[[[6.03825,35.5886],[6.03832,35.58869],[6.0383,35.58867],[6.03825,35.5886]]]}},{"type":"Feature","properties":{},"geometry":{"type":"Polygon","coordinates":[[[6.0381,35.58847],[6.0381,35.58847],[6.03812,35.58848],[6.0381,35.58847]]]}},{"type":"Feature","properties":{},"geometry":{"type":"Polygon","coordinates":[[[6.03796,35.58843],[6.03798,35.58843],[6.03794,35.58842],[6.03796,35.58843]]]}},{"type":"Feature","properties":{},"geometry":{"type":"Polygon","coordinates":[[[6.03789,35.58841],[6.03791,35.58841],[6.03787,35.58841],[6.03789,35.58841]]]}},{"type":"Feature","properties":{},"geometry":{"type":"Polygon","coordinates":[[[6.03749,35.58838],[6.03779,35.58841],[6.03777,35.58841],[6.03772,35.58842],[6.03767,35.58842],[6.03749,35.58838]]]}},{"type":"Feature","properties":{},"geometry":{"type":"Polygon","coordinates":[[[6.03727,35.58842],[6.03749,35.58838],[6.03721,35.58839],[6.03727,35.58842]]]}},{"type":"Feature","properties":{},"geometry":{"type":"Polygon","coordinates":[[[6.03697,35.5883],[6.03715,35.58837],[6.03711,35.58836],[6.03697,35.5883]]]}},{"type":"Feature","properties":{},"geometry":{"type":"Polygon","coordinates":[[[6.03677,35.58822],[6.03684,35.58825],[6.03677,35.58822],[6.03666,35.58821],[6.03661,35.5882],[6.0366,35.58819],[6.03672,35.58821],[6.03677,35.58822]]]}},{"type":"Feature","properties":{},"geometry":{"type":"Polygon","coordinates":[[[6.0365,35.58817],[6.03656,35.58818],[6.03648,35.58817],[6.0365,35.58817]]]}},{"type":"Feature","properties":{},"geometry":{"type":"Polygon","coordinates":[[[6.0364,35.58815],[6.03643,35.58816],[6.03638,35.58814],[6.0364,35.58815]]]}},{"type":"Feature","properties":{},"geometry":{"type":"Polygon","coordinates":[[[6.03631,35.58812],[6.03633,35.58812],[6.03628,35.58811],[6.03631,35.58812]]]}},{"type":"Feature","properties":{},"geometry":{"type":"Polygon","coordinates":[[[6.03607,35.58804],[6.03618,35.58808],[6.0362,35.58808],[6.03613,35.58806],[6.03607,35.58804]]]}},{"type":"Feature","properties":{},"geometry":{"type":"Polygon","coordinates":[[[6.03597,35.58801],[6.03602,35.58802],[6.03594,35.588],[6.03597,35.58801]]]}},{"type":"Feature","properties":{},"geometry":{"type":"Polygon","coordinates":[[[6.0358,35.58797],[6.03586,35.58798],[6.03578,35.58798],[6.0358,35.58797]]]}},{"type":"Feature","properties":{},"geometry":{"type":"Polygon","coordinates":[[[6.03564,35.58798],[6.03576,35.58798],[6.03572,35.58799],[6.03567,35.58799],[6.03564,35.58798],[6.03555,35.58799],[6.03564,35.58798]]]}},{"type":"Feature","properties":{},"geometry":{"type":"Polygon","coordinates":[[[6.03547,35.58797],[6.03547,35.58797],[6.03549,35.58798],[6.03547,35.58797]]]}},{"type":"Feature","properties":{},"geometry":{"type":"Polygon","coordinates":[[[6.0353,35.58798],[6.0353,35.58798],[6.03533,35.58798],[6.0353,35.58798]]]}},{"type":"Feature","properties":{},"geometry":{"type":"Polygon","coordinates":[[[6.03522,35.58797],[6.03522,35.58797],[6.03524,35.58798],[6.03522,35.58797]]]}},{"type":"Feature","properties":{},"geometry":{"type":"Polygon","coordinates":[[[6.03517,35.58797],[6.03516,35.58797],[6.03517,35.58797],[6.03517,35.58797]]]}},{"type":"Feature","properties":{},"geometry":{"type":"Polygon","coordinates":[[[6.03504,35.58793],[6.03507,35.58794],[6.035,35.58792],[6.03504,35.58793]]]}},{"type":"Feature","properties":{},"geometry":{"type":"Polygon","coordinates":[[[6.03494,35.5879],[6.03494,35.5879],[6.03497,35.58791],[6.03494,35.5879]]]}},{"type":"Feature","properties":{},"geometry":{"type":"Polygon","coordinates":[[[6.03483,35.58787],[6.03485,35.58787],[6.03482,35.58786],[6.03483,35.58787]]]}},{"type":"Feature","properties":{},"geometry":{"type":"Polygon","coordinates":[[[6.03476,35.58784],[6.03476,35.58784],[6.03477,35.58785],[6.03476,35.58784]]]}},{"type":"Feature","properties":{},"geometry":{"type":"Polygon","coordinates":[[[6.03466,35.58783],[6.03471,35.58783],[6.03461,35.58781],[6.03466,35.58783]]]}},{"type":"Feature","properties":{},"geometry":{"type":"Polygon","coordinates":[[[6.03461,35.58781],[6.03461,35.58781],[6.03461,35.58781],[6.03461,35.58781]]]}},{"type":"Feature","properties":{},"geometry":{"type":"Polygon","coordinates":[[[6.03443,35.58783],[6.03451,35.58782],[6.03441,35.58783],[6.03443,35.58783]]]}},{"type":"Feature","properties":{},"geometry":{"type":"Polygon","coordinates":[[[6.03425,35.58785],[6.03425,35.58785],[6.03428,35.58785],[6.03425,35.58785]]]}},{"type":"Feature","properties":{},"geometry":{"type":"Polygon","coordinates":[[[6.03407,35.58789],[6.03412,35.58788],[6.03411,35.58788],[6.03407,35.58789],[6.03405,35.58791],[6.03407,35.58789]]]}},{"type":"Feature","properties":{},"geometry":{"type":"Polygon","coordinates":[[[6.034,35.58794],[6.034,35.58794],[6.03401,35.58793],[6.034,35.58794]]]}},{"type":"Feature","properties":{},"geometry":{"type":"Polygon","coordinates":[[[6.03374,35.58806],[6.03384,35.58804],[6.0337,35.58808],[6.03374,35.58806]]]}},{"type":"Feature","properties":{},"geometry":{"type":"Polygon","coordinates":[[[6.03348,35.58815],[6.03357,35.58811],[6.0335,35.58815],[6.03348,35.58815]]]}},{"type":"Feature","properties":{},"geometry":{"type":"Polygon","coordinates":[[[6.03332,35.58826],[6.03335,35.58822],[6.0333,35.58833],[6.03332,35.58826]]]}},{"type":"Feature","properties":{},"geometry":{"type":"Polygon","coordinates":[[[6.03332,35.58848],[6.03331,35.58845],[6.03329,35.58842],[6.03331,35.58845],[6.03332,35.58848],[6.03332,35.58849],[6.03332,35.58848]]]}},{"type":"Feature","properties":{},"geometry":{"type":"Polygon","coordinates":[[[6.03338,35.58855],[6.03335,35.58851],[6.03336,35.58852],[6.03338,35.58855],[6.0334,35.58857],[6.03341,35.58858],[6.03338,35.58855]]]}},{"type":"Feature","properties":{},"geometry":{"type":"Polygon","coordinates":[[[6.03346,35.58863],[6.03345,35.58862],[6.0335,35.58865],[6.03346,35.58863]]]}},{"type":"Feature","properties":{},"geometry":{"type":"Polygon","coordinates":[[[6.0336,35.5887],[6.03358,35.58869],[6.03362,35.58872],[6.0336,35.5887]]]}},{"type":"Feature","properties":{},"geometry":{"type":"Polygon","coordinates":[[[6.03371,35.58877],[6.03371,35.58877],[6.0337,35.58876],[6.03371,35.58877]]]}},{"type":"Feature","properties":{},"geometry":{"type":"Polygon","coordinates":[[[6.03386,35.58886],[6.03385,35.58885],[6.03386,35.58886],[6.03389,35.58887],[6.03392,35.58889],[6.03402,35.58895],[6.03405,35.58897],[6.03407,35.589],[6.03386,35.58886]]]}},{"type":"Feature","properties":{},"geometry":{"type":"Polygon","coordinates":[[[6.0341,35.58901],[6.03409,35.58901],[6.03412,35.58903],[6.0341,35.58901]]]}},{"type":"Feature","properties":{},"geometry":{"type":"Polygon","coordinates":[[[6.03417,35.58909],[6.03414,35.58905],[6.03418,35.58911],[6.03417,35.58909]]]}},{"type":"Feature","properties":{},"geometry":{"type":"Polygon","coordinates":[[[6.03426,35.58919],[6.03421,35.58915],[6.0343,35.5892],[6.03426,35.58919]]]}},{"type":"Feature","properties":{},"geometry":{"type":"Polygon","coordinates":[[[6.03435,35.58919],[6.03435,35.58919],[6.03431,35.58919],[6.03435,35.58919]]]}},{"type":"Feature","properties":{},"geometry":{"type":"Polygon","coordinates":[[[6.03443,35.58916],[6.03441,35.58917],[6.03446,35.58916],[6.03443,35.58916]]]}},{"type":"Feature","properties":{},"geometry":{"type":"Polygon","coordinates":[[[6.03453,35.58913],[6.03452,35.58913],[6.03453,35.58912],[6.03453,35.58913]]]}},{"type":"Feature","properties":{},"geometry":{"type":"Polygon","coordinates":[[[6.03453,35.58901],[6.03454,35.58902],[6.03456,35.58897],[6.03453,35.58901]]]}},{"type":"Feature","properties":{},"geometry":{"type":"Polygon","coordinates":[[[6.03472,35.58886],[6.03472,35.58886],[6.0347,35.58887],[6.03472,35.58886]]]}},{"type":"Feature","properties":{},"geometry":{"type":"Polygon","coordinates":[[[6.03492,35.58884],[6.03492,35.58884],[6.03492,35.58884],[6.03492,35.58884]]]}},{"type":"Feature","properties":{},"geometry":{"type":"Polygon","coordinates":[[[6.03502,35.58887],[6.03492,35.58884],[6.03509,35.58889],[6.03502,35.58887]]]}},{"type":"Feature","properties":{},"geometry":{"type":"Polygon","coordinates":[[[6.03509,35.58891],[6.03509,35.5889],[6.03513,35.58893],[6.03509,35.58891]]]}},{"type":"Feature","properties":{},"geometry":{"type":"Polygon","coordinates":[[[6.03543,35.58911],[6.03527,35.58901],[6.03538,35.58907],[6.0354,35.58909],[6.03543,35.58911]]]}},{"type":"Feature","properties":{},"geometry":{"type":"Polygon","coordinates":[[[6.03551,35.58916],[6.03543,35.58912],[6.03555,35.58918],[6.03551,35.58916]]]}},{"type":"Feature","properties":{},"geometry":{"type":"Polygon","coordinates":[[[6.03559,35.5892],[6.03558,35.5892],[6.03558,35.5892],[6.03559,35.5892]]]}},{"type":"Feature","properties":{},"geometry":{"type":"Polygon","coordinates":[[[6.03571,35.58927],[6.03565,35.58924],[6.03574,35.58927],[6.03571,35.58927]]]}},{"type":"Feature","properties":{},"geometry":{"type":"Polygon","coordinates":[[[6.03582,35.58929],[6.0358,35.58929],[6.03584,35.58929],[6.03582,35.58929]]]}},{"type":"Feature","properties":{},"geometry":{"type":"Polygon","coordinates":[[[6.03594,35.58929],[6.03594,35.58929],[6.03591,35.58929],[6.03594,35.58929]]]}},{"type":"Feature","properties":{},"geometry":{"type":"Polygon","coordinates":[[[6.03633,35.58916],[6.03627,35.58921],[6.03632,35.58916],[6.03633,35.58916]]]}},{"type":"Feature","properties":{},"geometry":{"type":"Polygon","coordinates":[[[6.03651,35.58902],[6.03649,35.58905],[6.03651,35.58902],[6.03651,35.58902]]]}},{"type":"Feature","properties":{},"geometry":{"type":"Polygon","coordinates":[[[6.03657,35.589],[6.03657,35.589],[6.03655,35.58901],[6.03657,35.589]]]}},{"type":"Feature","properties":{},"geometry":{"type":"Polygon","coordinates":[[[6.03683,35.58896],[6.03674,35.58894],[6.03684,35.58896],[6.03683,35.58896]]]}},{"type":"Feature","properties":{},"geometry":{"type":"Polygon","coordinates":[[[6.03691,35.58899],[6.03691,35.58899],[6.0369,35.58899],[6.03691,35.58899]]]}},{"type":"Feature","properties":{},"geometry":{"type":"Polygon","coordinates":[[[6.03698,35.58904],[6.03698,35.58904],[6.03696,35.58902],[6.03698,35.58904]]]}},{"type":"Feature","properties":{},"geometry":{"type":"Polygon","coordinates":[[[6.03697,35.58916],[6.03699,35.58912],[6.03696,35.58918],[6.03697,35.58916]]]}},{"type":"Feature","properties":{},"geometry":{"type":"Polygon","coordinates":[[[6.03691,35.58922],[6.03692,35.58921],[6.03692,35.58921],[6.03691,35.58922]]]}},{"type":"Feature","properties":{},"geometry":{"type":"Polygon","coordinates":[[[6.03162,35.58733],[6.03161,35.58732],[6.03163,35.58734],[6.03162,35.58733]]]}},{"type":"Feature","properties":{},"geometry":{"type":"Polygon","coordinates":[[[6.03189,35.58746],[6.03189,35.58746],[6.03188,35.58746],[6.03189,35.58746]]]}},{"type":"Feature","properties":{},"geometry":{"type":"Polygon","coordinates":[[[6.03218,35.58756],[6.03203,35.58751],[6.03224,35.58755],[6.03218,35.58756]]]}},{"type":"Feature","properties":{},"geometry":{"type":"Polygon","coordinates":[[[6.03238,35.58753],[6.03227,35.58755],[6.03235,35.58753],[6.03238,35.58753]]]}},{"type":"Feature","properties":{},"geometry":{"type":"Polygon","coordinates":[[[6.03245,35.58753],[6.03245,35.58753],[6.03243,35.58753],[6.03245,35.58753]]]}},{"type":"Feature","properties":{},"geometry":{"type":"Polygon","coordinates":[[[6.03259,35.58753],[6.0325,35.58752],[6.03262,35.58753],[6.03259,35.58753]]]}},{"type":"Feature","properties":{},"geometry":{"type":"Polygon","coordinates":[[[6.03276,35.58751],[6.03276,35.58754],[6.03276,35.5875],[6.03276,35.58751]]]}},{"type":"Feature","properties":{},"geometry":{"type":"Polygon","coordinates":[[[6.03278,35.58747],[6.03278,35.58747],[6.03276,35.5875],[6.03278,35.58747]]]}},{"type":"Feature","properties":{},"geometry":{"type":"Polygon","coordinates":[[[6.03291,35.58737],[6.03287,35.58743],[6.03286,35.58744],[6.03291,35.58737]]]}},{"type":"Feature","properties":{},"geometry":{"type":"Polygon","coordinates":[[[6.03293,35.58733],[6.03293,35.58733],[6.03292,35.58736],[6.03293,35.58733]]]}},{"type":"Feature","properties":{},"geometry":{"type":"Polygon","coordinates":[[[6.03296,35.58718],[6.03296,35.58718],[6.03295,35.58713],[6.03296,35.58718]]]}},{"type":"Feature","properties":{},"geometry":{"type":"Polygon","coordinates":[[[6.03289,35.58696],[6.03289,35.58696],[6.0329,35.58697],[6.03289,35.58696]]]}},{"type":"Feature","properties":{},"geometry":{"type":"Polygon","coordinates":[[[6.03285,35.58692],[6.03286,35.58692],[6.03284,35.58691],[6.03285,35.58692]]]}},{"type":"Feature","properties":{},"geometry":{"type":"Polygon","coordinates":[[[6.03281,35.58689],[6.03282,35.5869],[6.03281,35.58689],[6.0328,35.58689],[6.03277,35.58687],[6.03281,35.58689]]]}},{"type":"Feature","properties":{},"geometry":{"type":"Polygon","coordinates":[[[6.03274,35.58685],[6.03274,35.58685],[6.03275,35.58686],[6.03274,35.58685]]]}},{"type":"Feature","properties":{},"geometry":{"type":"Polygon","coordinates":[[[6.03267,35.5868],[6.03267,35.5868],[6.03269,35.58681],[6.03267,35.5868]]]}},{"type":"Feature","properties":{},"geometry":{"type":"Polygon","coordinates":[[[6.03263,35.58677],[6.03264,35.58678],[6.03261,35.58675],[6.03263,35.58677]]]}},{"type":"Feature","properties":{},"geometry":{"type":"Polygon","coordinates":[[[6.03253,35.5867],[6.03255,35.5867],[6.03253,35.58669],[6.03253,35.5867]]]}},{"type":"Feature","properties":{},"geometry":{"type":"Polygon","coordinates":[[[6.03233,35.58674],[6.03236,35.58674],[6.0323,35.58674],[6.03233,35.58674]]]}},{"type":"Feature","properties":{},"geometry":{"type":"Polygon","coordinates":[[[6.03223,35.58675],[6.03223,35.58675],[6.03226,35.58675],[6.03223,35.58675]]]}},{"type":"Feature","properties":{},"geometry":{"type":"Polygon","coordinates":[[[6.03199,35.58674],[6.03199,35.58674],[6.032,35.58674],[6.03199,35.58674]]]}},{"type":"Feature","properties":{},"geometry":{"type":"Polygon","coordinates":[[[6.03191,35.58674],[6.03194,35.58674],[6.0319,35.58675],[6.03191,35.58674]]]}},{"type":"Feature","properties":{},"geometry":{"type":"Polygon","coordinates":[[[6.03183,35.58678],[6.03186,35.58676],[6.0318,35.5868],[6.03183,35.58678]]]}},{"type":"Feature","properties":{},"geometry":{"type":"Polygon","coordinates":[[[6.03175,35.58683],[6.0318,35.5868],[6.03173,35.58687],[6.03175,35.58683]]]}},{"type":"Feature","properties":{},"geometry":{"type":"Polygon","coordinates":[[[6.03172,35.58691],[6.03172,35.5869],[6.03172,35.5869],[6.03172,35.58691]]]}},{"type":"Feature","properties":{},"geometry":{"type":"Polygon","coordinates":[[[6.03172,35.58694],[6.03172,35.58694],[6.03172,35.58695],[6.03172,35.58694]]]}},{"type":"Feature","properties":{},"geometry":{"type":"Polygon","coordinates":[[[6.03174,35.58699],[6.03174,35.58698],[6.03175,35.587],[6.03174,35.58699]]]}},{"type":"Feature","properties":{},"geometry":{"type":"Polygon","coordinates":[[[6.03177,35.58716],[6.03178,35.58705],[6.03178,35.58705],[6.03177,35.58716]]]}},{"type":"Feature","properties":{},"geometry":{"type":"Polygon","coordinates":[[[6.03164,35.58723],[6.03168,35.58721],[6.03162,35.58723],[6.03164,35.58723]]]}},{"type":"Feature","properties":{},"geometry":{"type":"Polygon","coordinates":[[[6.03161,35.58725],[6.03161,35.58725],[6.0316,35.58726],[6.03161,35.58725]]]}},{"type":"Feature","properties":{},"geometry":{"type":"Polygon","coordinates":[[[6.03851,35.58576],[6.03844,35.58568],[6.0385,35.58574],[6.03851,35.58576]]]}},{"type":"Feature","properties":{},"geometry":{"type":"Polygon","coordinates":[[[6.03862,35.58586],[6.03858,35.58582],[6.03865,35.58587],[6.03862,35.58586]]]}},{"type":"Feature","properties":{},"geometry":{"type":"Polygon","coordinates":[[[6.03869,35.58591],[6.03866,35.58588],[6.03869,35.58591],[6.03871,35.58591],[6.03875,35.58593],[6.03879,35.58596],[6.03869,35.58591]]]}},{"type":"Feature","properties":{},"geometry":{"type":"Polygon","coordinates":[[[6.03879,35.58596],[6.03879,35.58596],[6.03879,35.58596],[6.03879,35.58596]]]}},{"type":"Feature","properties":{},"geometry":{"type":"Polygon","coordinates":[[[6.03888,35.586],[6.03888,35.586],[6.03885,35.58599],[6.03888,35.586]]]}},{"type":"Feature","properties":{},"geometry":{"type":"Polygon","coordinates":[[[6.03891,35.58601],[6.0389,35.58601],[6.0389,35.58601],[6.03891,35.58601]]]}},{"type":"Feature","properties":{},"geometry":{"type":"Polygon","coordinates":[[[6.03897,35.58603],[6.03893,35.58601],[6.03898,35.58603],[6.03897,35.58603]]]}},{"type":"Feature","properties":{},"geometry":{"type":"Polygon","coordinates":[[[6.03907,35.58606],[6.03907,35.58606],[6.03906,35.58605],[6.03907,35.58606]]]}},{"type":"Feature","properties":{},"geometry":{"type":"Polygon","coordinates":[[[6.03253,35.58668],[6.03294,35.58706],[6.03276,35.58754],[6.03218,35.58756],[6.03161,35.58731],[6.03179,35.58714],[6.03172,35.5869],[6.03185,35.58676],[6.03253,35.58668]]]}},{"type":"Feature","properties":{},"geometry":{"type":"Polygon","coordinates":[[[6.03936,35.58606],[6.03862,35.58586],[6.03823,35.58527],[6.03852,35.58516],[6.03893,35.58528],[6.03947,35.58588],[6.03936,35.58606]]]}},{"type":"Feature","properties":{},"geometry":{"type":"Polygon","coordinates":[[[6.03332,35.58826],[6.03416,35.58786],[6.03461,35.58781],[6.03585,35.58798],[6.03727,35.58842],[6.03806,35.58845],[6.03832,35.58875],[6.03743,35.58885],[6.03734,35.58898],[6.03751,35.58948],[6.03684,35.58953],[6.03648,35.58944],[6.037,35.58911],[6.03676,35.58894],[6.03582,35.58929],[6.03485,35.58884],[6.03426,35.58919],[6.03338,35.58855],[6.03332,35.58826]]]}},{"type":"Feature","properties":{},"geometry":{"type":"Polygon","coordinates":[[[6.03141,35.59718],[6.03149,35.59697],[6.03173,35.59702],[6.03213,35.5979],[6.03207,35.59826],[6.03158,35.5985],[6.03133,35.59842],[6.03164,35.59803],[6.03161,35.59744],[6.03141,35.59718]]]}},{"type":"Feature","properties":{},"geometry":{"type":"Polygon","coordinates":[[[6.03171,35.59993],[6.03219,35.60008],[6.03227,35.60028],[6.03211,35.60074],[6.03124,35.60083],[6.03112,35.60123],[6.0305,35.60131],[6.03005,35.60075],[6.03015,35.60043],[6.02989,35.60016],[6.0299,35.59967],[6.02924,35.59984],[6.02835,35.59875],[6.02864,35.59843],[6.02996,35.59841],[6.02989,35.59893],[6.03028,35.59906],[6.03074,35.59898],[6.03021,35.59924],[6.0302,35.59952],[6.03054,35.59964],[6.03112,35.59931],[6.03126,35.59952],[6.03102,35.59981],[6.03111,35.60012],[6.03171,35.59993]]]}},{"type":"Feature","properties":{},"geometry":{"type":"Polygon","coordinates":[[[6.03593,35.59888],[6.03553,35.59772],[6.03566,35.59765],[6.03588,35.59784],[6.03599,35.59748],[6.03629,35.59797],[6.03652,35.598],[6.03652,35.59835],[6.03693,35.59842],[6.03677,35.59862],[6.03705,35.59928],[6.03707,35.59976],[6.03581,35.60022],[6.03559,35.59983],[6.03565,35.59905],[6.03593,35.59888]]]}},{"type":"Feature","properties":{},"geometry":{"type":"Polygon","coordinates":[[[6.03172,35.60078],[6.0317,35.6008],[6.03174,35.60078],[6.03172,35.60078]]]}},{"type":"Feature","properties":{},"geometry":{"type":"Polygon","coordinates":[[[6.03181,35.60077],[6.03181,35.60077],[6.03178,35.60077],[6.03181,35.60077]]]}},{"type":"Feature","properties":{},"geometry":{"type":"Polygon","coordinates":[[[6.0319,35.60078],[6.03184,35.60078],[6.03184,35.60078],[6.03188,35.60077],[6.0319,35.60078]]]}},{"type":"Feature","properties":{},"geometry":{"type":"Polygon","coordinates":[[[6.03194,35.60078],[6.03192,35.60078],[6.03192,35.60078],[6.03194,35.60078]]]}},{"type":"Feature","properties":{},"geometry":{"type":"Polygon","coordinates":[[[6.03199,35.60079],[6.03195,35.60078],[6.03202,35.6008],[6.03199,35.60079]]]}},{"type":"Feature","properties":{},"geometry":{"type":"Polygon","coordinates":[[[6.03208,35.60077],[6.03206,35.60079],[6.03211,35.60075],[6.03208,35.60077]]]}},{"type":"Feature","properties":{},"geometry":{"type":"Polygon","coordinates":[[[6.03214,35.6005],[6.03214,35.6005],[6.03214,35.60051],[6.03214,35.6005]]]}},{"type":"Feature","properties":{},"geometry":{"type":"Polygon","coordinates":[[[6.03213,35.60046],[6.03214,35.60047],[6.03213,35.60044],[6.03213,35.60046]]]}},{"type":"Feature","properties":{},"geometry":{"type":"Polygon","coordinates":[[[6.03217,35.60036],[6.03214,35.60039],[6.03219,35.60034],[6.03217,35.60036]]]}},{"type":"Feature","properties":{},"geometry":{"type":"Polygon","coordinates":[[[6.03221,35.60033],[6.03219,35.60034],[6.03219,35.60034],[6.03221,35.60033]]]}},{"type":"Feature","properties":{},"geometry":{"type":"Polygon","coordinates":[[[6.03227,35.6003],[6.03226,35.6003],[6.03226,35.6003],[6.03227,35.6003]]]}},{"type":"Feature","properties":{},"geometry":{"type":"Polygon","coordinates":[[[6.03225,35.60024],[6.03225,35.60024],[6.03226,35.60024],[6.03225,35.60024]]]}},{"type":"Feature","properties":{},"geometry":{"type":"Polygon","coordinates":[[[6.03219,35.60014],[6.03219,35.60008],[6.03217,35.60006],[6.03212,35.6],[6.0321,35.59999],[6.03219,35.60014]]]}},{"type":"Feature","properties":{},"geometry":{"type":"Polygon","coordinates":[[[6.03199,35.59994],[6.03207,35.59996],[6.03203,35.59996],[6.03199,35.59994]]]}},{"type":"Feature","properties":{},"geometry":{"type":"Polygon","coordinates":[[[6.03194,35.59993],[6.03195,35.59993],[6.03193,35.59993],[6.03194,35.59993]]]}},{"type":"Feature","properties":{},"geometry":{"type":"Polygon","coordinates":[[[6.03186,35.59991],[6.03186,35.59991],[6.03188,35.59991],[6.03186,35.59991]]]}},{"type":"Feature","properties":{},"geometry":{"type":"Polygon","coordinates":[[[6.03169,35.59995],[6.03169,35.59995],[6.0317,35.59995],[6.03169,35.59995]]]}},{"type":"Feature","properties":{},"geometry":{"type":"Polygon","coordinates":[[[6.03158,35.6],[6.03169,35.59995],[6.03166,35.59997],[6.03162,35.59999],[6.03158,35.6],[6.03156,35.60001],[6.03158,35.6]]]}},{"type":"Feature","properties":{},"geometry":{"type":"Polygon","coordinates":[[[6.03158,35.59818],[6.03161,35.59814],[6.03161,35.59813],[6.0316,35.59816],[6.03158,35.59818],[6.03158,35.5982],[6.03157,35.5982],[6.03158,35.5982],[6.03158,35.59818]]]}},{"type":"Feature","properties":{},"geometry":{"type":"Polygon","coordinates":[[[6.03158,35.5985],[6.03152,35.5985],[6.03159,35.5985],[6.03158,35.5985]]]}},{"type":"Feature","properties":{},"geometry":{"type":"Polygon","coordinates":[[[6.03163,35.59849],[6.03163,35.59849],[6.03161,35.59849],[6.03163,35.59849]]]}},{"type":"Feature","properties":{},"geometry":{"type":"Polygon","coordinates":[[[6.03166,35.59848],[6.03166,35.59848],[6.03166,35.59848],[6.03166,35.59848]]]}},{"type":"Feature","properties":{},"geometry":{"type":"Polygon","coordinates":[[[6.03174,35.59844],[6.03174,35.59844],[6.03173,35.59845],[6.03174,35.59844]]]}},{"type":"Feature","properties":{},"geometry":{"type":"Polygon","coordinates":[[[6.03186,35.59841],[6.0318,35.59843],[6.03183,35.59842],[6.03186,35.59841]]]}},{"type":"Feature","properties":{},"geometry":{"type":"Polygon","coordinates":[[[6.0319,35.59839],[6.03187,35.59841],[6.03189,35.5984],[6.0319,35.59839]]]}},{"type":"Feature","properties":{},"geometry":{"type":"Polygon","coordinates":[[[6.03192,35.59839],[6.0319,35.59839],[6.03194,35.59837],[6.03192,35.59839]]]}},{"type":"Feature","properties":{},"geometry":{"type":"Polygon","coordinates":[[[6.03199,35.59834],[6.03195,35.59837],[6.032,35.59833],[6.03199,35.59834]]]}},{"type":"Feature","properties":{},"geometry":{"type":"Polygon","coordinates":[[[6.03207,35.59826],[6.03207,35.59826],[6.03205,35.59827],[6.03207,35.59826]]]}},{"type":"Feature","properties":{},"geometry":{"type":"Polygon","coordinates":[[[6.03209,35.59823],[6.03209,35.59823],[6.03209,35.59823],[6.03209,35.59823]]]}},{"type":"Feature","properties":{},"geometry":{"type":"Polygon","coordinates":[[[6.03209,35.59818],[6.03209,35.5982],[6.03209,35.59816],[6.03209,35.59818]]]}},{"type":"Feature","properties":{},"geometry":{"type":"Polygon","coordinates":[[[6.0321,35.59809],[6.0321,35.5981],[6.0321,35.59809],[6.0321,35.59809]]]}},{"type":"Feature","properties":{},"geometry":{"type":"Polygon","coordinates":[[[6.03211,35.59798],[6.0321,35.59804],[6.03211,35.59795],[6.03211,35.59798]]]}},{"type":"Feature","properties":{},"geometry":{"type":"Polygon","coordinates":[[[6.03213,35.5979],[6.03211,35.59795],[6.03212,35.59789],[6.03213,35.5979]]]}},{"type":"Feature","properties":{},"geometry":{"type":"Polygon","coordinates":[[[6.03211,35.59784],[6.03212,35.59786],[6.03211,35.59783],[6.03211,35.59784]]]}},{"type":"Feature","properties":{},"geometry":{"type":"Polygon","coordinates":[[[6.03207,35.59774],[6.0321,35.59779],[6.03209,35.59778],[6.03207,35.59774]]]}},{"type":"Feature","properties":{},"geometry":{"type":"Polygon","coordinates":[[[6.03205,35.5977],[6.03206,35.59772],[6.03205,35.59769],[6.03205,35.5977]]]}},{"type":"Feature","properties":{},"geometry":{"type":"Polygon","coordinates":[[[6.03204,35.59767],[6.03205,35.59768],[6.03203,35.59765],[6.03204,35.59767]]]}},{"type":"Feature","properties":{},"geometry":{"type":"Polygon","coordinates":[[[6.03203,35.59765],[6.03203,35.59764],[6.03203,35.59765],[6.03203,35.59765]]]}},{"type":"Feature","properties":{},"geometry":{"type":"Polygon","coordinates":[[[6.03203,35.59764],[6.03203,35.59764],[6.03203,35.59764],[6.03203,35.59764]]]}},{"type":"Feature","properties":{},"geometry":{"type":"Polygon","coordinates":[[[6.03202,35.5976],[6.03202,35.5976],[6.03203,35.59761],[6.03202,35.5976]]]}},{"type":"Feature","properties":{},"geometry":{"type":"Polygon","coordinates":[[[6.03198,35.59748],[6.03199,35.59751],[6.03199,35.59752],[6.03199,35.59751],[6.03198,35.59748]]]}},{"type":"Feature","properties":{},"geometry":{"type":"Polygon","coordinates":[[[6.03195,35.59742],[6.03195,35.59742],[6.03195,35.59742],[6.03195,35.59742]]]}},{"type":"Feature","properties":{},"geometry":{"type":"Polygon","coordinates":[[[6.03188,35.59721],[6.03189,35.59723],[6.03189,35.59723],[6.03188,35.59721]]]}},{"type":"Feature","properties":{},"geometry":{"type":"Polygon","coordinates":[[[6.03187,35.59719],[6.03187,35.59719],[6.03187,35.5972],[6.03187,35.59719]]]}},{"type":"Feature","properties":{},"geometry":{"type":"Polygon","coordinates":[[[6.03184,35.59715],[6.03185,35.59716],[6.03183,35.59714],[6.03184,35.59715]]]}},{"type":"Feature","properties":{},"geometry":{"type":"Polygon","coordinates":[[[6.03179,35.59709],[6.03181,35.59712],[6.03182,35.59713],[6.03179,35.59709]]]}},{"type":"Feature","properties":{},"geometry":{"type":"Polygon","coordinates":[[[6.03176,35.59707],[6.03179,35.59709],[6.03174,35.59704],[6.03176,35.59707]]]}},{"type":"Feature","properties":{},"geometry":{"type":"Polygon","coordinates":[[[6.03173,35.59702],[6.03174,35.59704],[6.03173,35.59702],[6.03172,35.59703],[6.0317,35.597],[6.03173,35.59702]]]}},{"type":"Feature","properties":{},"geometry":{"type":"Polygon","coordinates":[[[6.03168,35.59698],[6.03168,35.59698],[6.03168,35.59698],[6.03168,35.59698]]]}},{"type":"Feature","properties":{},"geometry":{"type":"Polygon","coordinates":[[[6.0316,35.59694],[6.03163,35.59695],[6.03164,35.59696],[6.0316,35.59694]]]}},{"type":"Feature","properties":{},"geometry":{"type":"Polygon","coordinates":[[[6.03151,35.59697],[6.03151,35.59697],[6.03151,35.59696],[6.03151,35.59697]]]}},{"type":"Feature","properties":{},"geometry":{"type":"Polygon","coordinates":[[[6.03152,35.59729],[6.03152,35.59729],[6.03151,35.59728],[6.03152,35.59729]]]}},{"type":"Feature","properties":{},"geometry":{"type":"Polygon","coordinates":[[[6.03155,35.59733],[6.03154,35.59731],[6.03154,35.59731],[6.03155,35.59733]]]}},{"type":"Feature","properties":{},"geometry":{"type":"Polygon","coordinates":[[[6.03156,35.59735],[6.03156,35.59735],[6.03156,35.59735],[6.03158,35.59737],[6.03159,35.59739],[6.03156,35.59735]]]}},{"type":"Feature","properties":{},"geometry":{"type":"Polygon","coordinates":[[[6.0316,35.59743],[6.0316,35.59743],[6.0316,35.59743],[6.0316,35.59743]]]}},{"type":"Feature","properties":{},"geometry":{"type":"Polygon","coordinates":[[[6.03161,35.59749],[6.03161,35.59746],[6.03161,35.59746],[6.03161,35.59749],[6.03161,35.59749]]]}},{"type":"Feature","properties":{},"geometry":{"type":"Polygon","coordinates":[[[6.0316,35.59754],[6.0316,35.59754],[6.0316,35.59753],[6.0316,35.59754]]]}},{"type":"Feature","properties":{},"geometry":{"type":"Polygon","coordinates":[[[6.03159,35.59767],[6.03159,35.59765],[6.03159,35.59767],[6.03159,35.59767]]]}},{"type":"Feature","properties":{},"geometry":{"type":"Polygon","coordinates":[[[6.03159,35.59771],[6.03159,35.5977],[6.03159,35.59772],[6.03159,35.59771]]]}},{"type":"Feature","properties":{},"geometry":{"type":"Polygon","coordinates":[[[6.0316,35.59777],[6.0316,35.59774],[6.0316,35.59775],[6.0316,35.59777],[6.0316,35.59779],[6.0316,35.59777]]]}},{"type":"Feature","properties":{},"geometry":{"type":"Polygon","coordinates":[[[6.03164,35.5979],[6.03164,35.5979],[6.03163,35.59788],[6.03164,35.5979]]]}},{"type":"Feature","properties":{},"geometry":{"type":"Polygon","coordinates":[[[6.03165,35.59799],[6.03164,35.59797],[6.03164,35.598],[6.03165,35.59799]]]}},{"type":"Feature","properties":{},"geometry":{"type":"Polygon","coordinates":[[[6.03164,35.59809],[6.03164,35.59805],[6.03162,35.59812],[6.03164,35.59809]]]}},{"type":"Feature","properties":{},"geometry":{"type":"Polygon","coordinates":[[[6.05436,35.60008],[6.05437,35.60006],[6.05264,35.60059],[6.05437,35.60002],[6.05437,35.60006],[6.05436,35.60008]]]}},{"type":"Feature","properties":{},"geometry":{"type":"Polygon","coordinates":[[[6.05431,35.60019],[6.05431,35.60019],[6.05432,35.60018],[6.05431,35.60019]]]}},{"type":"Feature","properties":{},"geometry":{"type":"Polygon","coordinates":[[[6.05429,35.60024],[6.05429,35.60024],[6.05429,35.60023],[6.05429,35.60024]]]}},{"type":"Feature","properties":{},"geometry":{"type":"Polygon","coordinates":[[[6.05427,35.60028],[6.05427,35.60028],[6.05428,35.60026],[6.05427,35.60028]]]}},{"type":"Feature","properties":{},"geometry":{"type":"Polygon","coordinates":[[[6.05424,35.60034],[6.05424,35.60034],[6.05425,35.60033],[6.05424,35.60034]]]}},{"type":"Feature","properties":{},"geometry":{"type":"Polygon","coordinates":[[[6.0542,35.6004],[6.05423,35.60036],[6.05419,35.6004],[6.0542,35.6004]]]}},{"type":"Feature","properties":{},"geometry":{"type":"Polygon","coordinates":[[[6.05417,35.60045],[6.05417,35.60044],[6.05417,35.60044],[6.05417,35.60045]]]}},{"type":"Feature","properties":{},"geometry":{"type":"Polygon","coordinates":[[[6.05413,35.6005],[6.05413,35.6005],[6.05415,35.60048],[6.05413,35.6005]]]}},{"type":"Feature","properties":{},"geometry":{"type":"Polygon","coordinates":[[[6.05411,35.60054],[6.05411,35.60054],[6.05411,35.60053],[6.05411,35.60054]]]}},{"type":"Feature","properties":{},"geometry":{"type":"Polygon","coordinates":[[[6.05406,35.6006],[6.05409,35.60056],[6.05405,35.60061],[6.05406,35.6006]]]}},{"type":"Feature","properties":{},"geometry":{"type":"Polygon","coordinates":[[[6.054,35.60067],[6.05405,35.60062],[6.05403,35.60064],[6.054,35.60067]]]}},{"type":"Feature","properties":{},"geometry":{"type":"Polygon","coordinates":[[[6.05397,35.60073],[6.05397,35.60073],[6.05398,35.60072],[6.05397,35.60073]]]}},{"type":"Feature","properties":{},"geometry":{"type":"Polygon","coordinates":[[[6.05398,35.6008],[6.05398,35.60079],[6.05399,35.60081],[6.05398,35.6008]]]}},{"type":"Feature","properties":{},"geometry":{"type":"Polygon","coordinates":[[[6.05403,35.60084],[6.05401,35.60084],[6.05407,35.60082],[6.05403,35.60084]]]}},{"type":"Feature","properties":{},"geometry":{"type":"Polygon","coordinates":[[[6.05411,35.60079],[6.05408,35.60081],[6.05412,35.60079],[6.05411,35.60079]]]}},{"type":"Feature","properties":{},"geometry":{"type":"Polygon","coordinates":[[[6.0542,35.60066],[6.05419,35.60068],[6.05421,35.60064],[6.0542,35.60066]]]}},{"type":"Feature","properties":{},"geometry":{"type":"Polygon","coordinates":[[[6.05422,35.6006],[6.05421,35.60061],[6.05422,35.60059],[6.05422,35.6006]]]}},{"type":"Feature","properties":{},"geometry":{"type":"Polygon","coordinates":[[[6.05425,35.60054],[6.05424,35.60056],[6.05423,35.60058],[6.05425,35.60054]]]}},{"type":"Feature","properties":{},"geometry":{"type":"Polygon","coordinates":[[[6.05429,35.60044],[6.05426,35.6005],[6.0543,35.60043],[6.05429,35.60044]]]}},{"type":"Feature","properties":{},"geometry":{"type":"Polygon","coordinates":[[[6.05432,35.6004],[6.05432,35.6004],[6.05431,35.60041],[6.05432,35.6004]]]}},{"type":"Feature","properties":{},"geometry":{"type":"Polygon","coordinates":[[[6.05436,35.60036],[6.05436,35.60036],[6.05436,35.60036],[6.05436,35.60036]]]}},{"type":"Feature","properties":{},"geometry":{"type":"Polygon","coordinates":[[[6.05445,35.60037],[6.0544,35.60036],[6.05439,35.60036],[6.05445,35.60037]]]}},{"type":"Feature","properties":{},"geometry":{"type":"Polygon","coordinates":[[[6.05467,35.60039],[6.05467,35.60039],[6.05466,35.60039],[6.05467,35.60039]]]}},{"type":"Feature","properties":{},"geometry":{"type":"Polygon","coordinates":[[[6.05475,35.60037],[6.0547,35.60038],[6.05477,35.60036],[6.05475,35.60037]]]}},{"type":"Feature","properties":{},"geometry":{"type":"Polygon","coordinates":[[[6.0548,35.60035],[6.0548,35.60035],[6.05477,35.60036],[6.0548,35.60035]]]}},{"type":"Feature","properties":{},"geometry":{"type":"Polygon","coordinates":[[[6.0549,35.60036],[6.05487,35.60035],[6.05488,35.60036],[6.0549,35.60036]]]}},{"type":"Feature","properties":{},"geometry":{"type":"Polygon","coordinates":[[[6.05494,35.60036],[6.0549,35.60036],[6.05492,35.60036],[6.05494,35.60036]]]}},{"type":"Feature","properties":{},"geometry":{"type":"Polygon","coordinates":[[[6.05505,35.60038],[6.05504,35.60037],[6.05506,35.60038],[6.05505,35.60038]]]}},{"type":"Feature","properties":{},"geometry":{"type":"Polygon","coordinates":[[[6.05514,35.60041],[6.0551,35.60041],[6.0551,35.6004],[6.05514,35.60041]]]}},{"type":"Feature","properties":{},"geometry":{"type":"Polygon","coordinates":[[[6.05517,35.60042],[6.05517,35.60042],[6.05515,35.60042],[6.05517,35.60042]]]}},{"type":"Feature","properties":{},"geometry":{"type":"Polygon","coordinates":[[[6.05527,35.60053],[6.05526,35.60047],[6.05526,35.60057],[6.05527,35.60053]]]}},{"type":"Feature","properties":{},"geometry":{"type":"Polygon","coordinates":[[[6.05519,35.6007],[6.05521,35.60067],[6.05521,35.60067],[6.05519,35.6007],[6.05519,35.60072],[6.05517,35.60075],[6.05519,35.6007]]]}},{"type":"Feature","properties":{},"geometry":{"type":"Polygon","coordinates":[[[6.05516,35.60077],[6.05516,35.60077],[6.05516,35.60077],[6.05516,35.60077]]]}},{"type":"Feature","properties":{},"geometry":{"type":"Polygon","coordinates":[[[6.05515,35.60083],[6.05515,35.60083],[6.05515,35.60081],[6.05515,35.60083]]]}},{"type":"Feature","properties":{},"geometry":{"type":"Polygon","coordinates":[[[6.05517,35.60089],[6.05517,35.60089],[6.05516,35.60088],[6.05517,35.60089]]]}},{"type":"Feature","properties":{},"geometry":{"type":"Polygon","coordinates":[[[6.05522,35.60094],[6.0552,35.60093],[6.05523,35.60095],[6.05522,35.60094]]]}},{"type":"Feature","properties":{},"geometry":{"type":"Polygon","coordinates":[[[6.05526,35.60095],[6.05524,35.60095],[6.05524,35.60095],[6.05526,35.60095]]]}},{"type":"Feature","properties":{},"geometry":{"type":"Polygon","coordinates":[[[6.05527,35.60094],[6.05527,35.60095],[6.05526,35.60095],[6.05527,35.60094]]]}},{"type":"Feature","properties":{},"geometry":{"type":"Polygon","coordinates":[[[6.0553,35.60094],[6.0553,35.60094],[6.05529,35.60094],[6.0553,35.60094]]]}},{"type":"Feature","properties":{},"geometry":{"type":"Polygon","coordinates":[[[6.05531,35.60093],[6.0553,35.60094],[6.05531,35.60093],[6.05531,35.60093]]]}},{"type":"Feature","properties":{},"geometry":{"type":"Polygon","coordinates":[[[6.05536,35.60092],[6.05536,35.60092],[6.05535,35.60092],[6.05536,35.60092]]]}},{"type":"Feature","properties":{},"geometry":{"type":"Polygon","coordinates":[[[6.05547,35.60087],[6.05541,35.6009],[6.05539,35.60091],[6.05547,35.60087]]]}},{"type":"Feature","properties":{},"geometry":{"type":"Polygon","coordinates":[[[6.05553,35.60084],[6.0555,35.60085],[6.05554,35.60085],[6.05553,35.60084]]]}},{"type":"Feature","properties":{},"geometry":{"type":"Polygon","coordinates":[[[6.05556,35.60088],[6.05556,35.60088],[6.05556,35.60087],[6.05556,35.60088]]]}},{"type":"Feature","properties":{},"geometry":{"type":"Polygon","coordinates":[[[6.05562,35.601],[6.05559,35.60094],[6.0556,35.60095],[6.05561,35.60097],[6.05562,35.601],[6.05563,35.60101],[6.05562,35.601]]]}},{"type":"Feature","properties":{},"geometry":{"type":"Polygon","coordinates":[[[6.05567,35.60106],[6.05567,35.60106],[6.05568,35.60107],[6.05567,35.60106]]]}},{"type":"Feature","properties":{},"geometry":{"type":"Polygon","coordinates":[[[6.05574,35.6011],[6.05573,35.60109],[6.05575,35.6011],[6.05574,35.6011]]]}},{"type":"Feature","properties":{},"geometry":{"type":"Polygon","coordinates":[[[6.05588,35.60116],[6.05582,35.60114],[6.05589,35.60118],[6.05588,35.60116]]]}},{"type":"Feature","properties":{},"geometry":{"type":"Polygon","coordinates":[[[6.05592,35.60128],[6.0559,35.60122],[6.05591,35.60123],[6.05591,35.60125],[6.05592,35.60128],[6.05595,35.60131],[6.05592,35.60128]]]}},{"type":"Feature","properties":{},"geometry":{"type":"Polygon","coordinates":[[[6.05597,35.60133],[6.05597,35.60133],[6.05597,35.60133],[6.05597,35.60133]]]}},{"type":"Feature","properties":{},"geometry":{"type":"Polygon","coordinates":[[[6.05603,35.60142],[6.05604,35.60143],[6.05603,35.60142],[6.05603,35.60142]]]}},{"type":"Feature","properties":{},"geometry":{"type":"Polygon","coordinates":[[[6.05605,35.60147],[6.05605,35.60147],[6.05605,35.60145],[6.05605,35.60147]]]}},{"type":"Feature","properties":{},"geometry":{"type":"Polygon","coordinates":[[[6.05607,35.60151],[6.05607,35.60151],[6.05607,35.6015],[6.05607,35.60151]]]}},{"type":"Feature","properties":{},"geometry":{"type":"Polygon","coordinates":[[[6.05609,35.60155],[6.05609,35.60155],[6.05608,35.60154],[6.05609,35.60155]]]}},{"type":"Feature","properties":{},"geometry":{"type":"Polygon","coordinates":[[[6.05615,35.60167],[6.05614,35.60166],[6.05615,35.60167],[6.05615,35.60167]]]}},{"type":"Feature","properties":{},"geometry":{"type":"Polygon","coordinates":[[[6.05622,35.60176],[6.05622,35.60176],[6.0562,35.60174],[6.05622,35.60176]]]}},{"type":"Feature","properties":{},"geometry":{"type":"Polygon","coordinates":[[[6.05627,35.60179],[6.05625,35.60178],[6.05628,35.60179],[6.05627,35.60179]]]}},{"type":"Feature","properties":{},"geometry":{"type":"Polygon","coordinates":[[[6.05636,35.60172],[6.05634,35.6018],[6.05636,35.60172],[6.05636,35.60172]]]}},{"type":"Feature","properties":{},"geometry":{"type":"Polygon","coordinates":[[[6.05637,35.6017],[6.05637,35.6017],[6.05636,35.60171],[6.05637,35.6017]]]}},{"type":"Feature","properties":{},"geometry":{"type":"Polygon","coordinates":[[[6.0564,35.60163],[6.0564,35.60163],[6.05639,35.60163],[6.0564,35.60163]]]}},{"type":"Feature","properties":{},"geometry":{"type":"Polygon","coordinates":[[[6.0564,35.60159],[6.0564,35.6016],[6.0564,35.60157],[6.0564,35.60159]]]}},{"type":"Feature","properties":{},"geometry":{"type":"Polygon","coordinates":[[[6.05637,35.60149],[6.05639,35.60153],[6.05637,35.60147],[6.05637,35.60149]]]}},{"type":"Feature","properties":{},"geometry":{"type":"Polygon","coordinates":[[[6.05635,35.60145],[6.05635,35.60145],[6.05636,35.60147],[6.05635,35.60145]]]}},{"type":"Feature","properties":{},"geometry":{"type":"Polygon","coordinates":[[[6.05627,35.60133],[6.05627,35.60133],[6.05627,35.60133],[6.05627,35.60133]]]}},{"type":"Feature","properties":{},"geometry":{"type":"Polygon","coordinates":[[[6.05623,35.60129],[6.05623,35.60129],[6.05623,35.6013],[6.05623,35.60129]]]}},{"type":"Feature","properties":{},"geometry":{"type":"Polygon","coordinates":[[[6.05617,35.60126],[6.05618,35.60126],[6.05616,35.60125],[6.05617,35.60126]]]}},{"type":"Feature","properties":{},"geometry":{"type":"Polygon","coordinates":[[[6.05612,35.60123],[6.05613,35.60124],[6.0561,35.60122],[6.05612,35.60123]]]}},{"type":"Feature","properties":{},"geometry":{"type":"Polygon","coordinates":[[[6.05607,35.60119],[6.05607,35.60119],[6.05608,35.60119],[6.05607,35.60119]]]}},{"type":"Feature","properties":{},"geometry":{"type":"Polygon","coordinates":[[[6.05608,35.60114],[6.05607,35.60117],[6.05607,35.60119],[6.05608,35.60114]]]}},{"type":"Feature","properties":{},"geometry":{"type":"Polygon","coordinates":[[[6.05609,35.6011],[6.05609,35.6011],[6.05609,35.60111],[6.05609,35.6011]]]}},{"type":"Feature","properties":{},"geometry":{"type":"Polygon","coordinates":[[[6.05609,35.60103],[6.05609,35.60103],[6.05609,35.60104],[6.05609,35.60103]]]}},{"type":"Feature","properties":{},"geometry":{"type":"Polygon","coordinates":[[[6.05596,35.60091],[6.05607,35.60097],[6.05596,35.6009],[6.05596,35.60091]]]}},{"type":"Feature","properties":{},"geometry":{"type":"Polygon","coordinates":[[[6.05595,35.60086],[6.05595,35.60087],[6.05595,35.60084],[6.05595,35.60086]]]}},{"type":"Feature","properties":{},"geometry":{"type":"Polygon","coordinates":[[[6.05596,35.6008],[6.05596,35.6008],[6.05595,35.60081],[6.05596,35.6008]]]}},{"type":"Feature","properties":{},"geometry":{"type":"Polygon","coordinates":[[[6.05597,35.60076],[6.05597,35.60076],[6.05597,35.60076],[6.05597,35.60076]]]}},{"type":"Feature","properties":{},"geometry":{"type":"Polygon","coordinates":[[[6.05598,35.60072],[6.05598,35.60072],[6.05597,35.60076],[6.05598,35.60072]]]}},{"type":"Feature","properties":{},"geometry":{"type":"Polygon","coordinates":[[[6.05601,35.60054],[6.05601,35.60058],[6.05601,35.6006],[6.05601,35.60058],[6.05601,35.60056],[6.05601,35.60054]]]}},{"type":"Feature","properties":{},"geometry":{"type":"Polygon","coordinates":[[[6.05601,35.60053],[6.05601,35.60054],[6.05601,35.60053],[6.05601,35.60053]]]}},{"type":"Feature","properties":{},"geometry":{"type":"Polygon","coordinates":[[[6.05602,35.60047],[6.05602,35.6005],[6.05602,35.60047],[6.05602,35.60047]]]}},{"type":"Feature","properties":{},"geometry":{"type":"Polygon","coordinates":[[[6.05602,35.60043],[6.05602,35.60043],[6.05602,35.60045],[6.05602,35.60043]]]}},{"type":"Feature","properties":{},"geometry":{"type":"Polygon","coordinates":[[[6.05601,35.60036],[6.05601,35.60036],[6.05601,35.60036],[6.05601,35.60036]]]}},{"type":"Feature","properties":{},"geometry":{"type":"Polygon","coordinates":[[[6.0559,35.60031],[6.05597,35.60033],[6.05598,35.60033],[6.0559,35.60031]]]}},{"type":"Feature","properties":{},"geometry":{"type":"Polygon","coordinates":[[[6.05586,35.60034],[6.0559,35.60031],[6.05581,35.60034],[6.05586,35.60034]]]}},{"type":"Feature","properties":{},"geometry":{"type":"Polygon","coordinates":[[[6.05569,35.60029],[6.05572,35.60032],[6.0557,35.6003],[6.05569,35.60029]]]}},{"type":"Feature","properties":{},"geometry":{"type":"Polygon","coordinates":[[[6.05566,35.60024],[6.05566,35.60024],[6.05567,35.60026],[6.05566,35.60024]]]}},{"type":"Feature","properties":{},"geometry":{"type":"Polygon","coordinates":[[[6.05567,35.60021],[6.05567,35.60021],[6.05568,35.60019],[6.05567,35.60021]]]}},{"type":"Feature","properties":{},"geometry":{"type":"Polygon","coordinates":[[[6.05569,35.60017],[6.05568,35.60019],[6.0557,35.60016],[6.05569,35.60017]]]}},{"type":"Feature","properties":{},"geometry":{"type":"Polygon","coordinates":[[[6.05573,35.60012],[6.05573,35.60012],[6.05573,35.60012],[6.05573,35.60012]]]}},{"type":"Feature","properties":{},"geometry":{"type":"Polygon","coordinates":[[[6.0556,35.60003],[6.05562,35.60006],[6.05563,35.60007],[6.0556,35.60003]]]}},{"type":"Feature","properties":{},"geometry":{"type":"Polygon","coordinates":[[[6.05558,35.59993],[6.05558,35.59993],[6.05558,35.59993],[6.05558,35.59993]]]}},{"type":"Feature","properties":{},"geometry":{"type":"Polygon","coordinates":[[[6.05559,35.59984],[6.05559,35.59984],[6.05559,35.59986],[6.05559,35.59984]]]}},{"type":"Feature","properties":{},"geometry":{"type":"Polygon","coordinates":[[[6.05563,35.59971],[6.05562,35.59975],[6.05562,35.59977],[6.05563,35.59971]]]}},{"type":"Feature","properties":{},"geometry":{"type":"Polygon","coordinates":[[[6.05563,35.5997],[6.05563,35.59971],[6.05563,35.59968],[6.05563,35.5997]]]}},{"type":"Feature","properties":{},"geometry":{"type":"Polygon","coordinates":[[[6.05563,35.59964],[6.05563,35.59967],[6.05562,35.59964],[6.05563,35.59964]]]}},{"type":"Feature","properties":{},"geometry":{"type":"Polygon","coordinates":[[[6.05559,35.5996],[6.05559,35.5996],[6.05559,35.5996],[6.05559,35.5996]]]}},{"type":"Feature","properties":{},"geometry":{"type":"Polygon","coordinates":[[[6.05555,35.59959],[6.05555,35.59959],[6.05556,35.59959],[6.05555,35.59959]]]}},{"type":"Feature","properties":{},"geometry":{"type":"Polygon","coordinates":[[[6.05545,35.59956],[6.05552,35.59958],[6.05544,35.59956],[6.05545,35.59956]]]}},{"type":"Feature","properties":{},"geometry":{"type":"Polygon","coordinates":[[[6.05538,35.59951],[6.05538,35.59951],[6.05539,35.59952],[6.05538,35.59951]]]}},{"type":"Feature","properties":{},"geometry":{"type":"Polygon","coordinates":[[[6.05536,35.5995],[6.05536,35.5995],[6.05538,35.59951],[6.05536,35.5995]]]}},{"type":"Feature","properties":{},"geometry":{"type":"Polygon","coordinates":[[[6.0553,35.59945],[6.0553,35.59945],[6.05529,35.59944],[6.0553,35.59945]]]}},{"type":"Feature","properties":{},"geometry":{"type":"Polygon","coordinates":[[[6.05524,35.59939],[6.05526,35.59941],[6.05526,35.59941],[6.05524,35.59939],[6.05522,35.59938],[6.05521,35.59937],[6.05521,35.59936],[6.05521,35.59937],[6.05522,35.59938],[6.05524,35.59939]]]}},{"type":"Feature","properties":{},"geometry":{"type":"Polygon","coordinates":[[[6.0549,35.59842],[6.05517,35.59933],[6.05513,35.59932],[6.05506,35.59927],[6.05505,35.59926],[6.0549,35.59842]]]}},{"type":"Feature","properties":{},"geometry":{"type":"Polygon","coordinates":[[[6.05504,35.59925],[6.05505,35.59926],[6.05504,35.59924],[6.05504,35.59925]]]}},{"type":"Feature","properties":{},"geometry":{"type":"Polygon","coordinates":[[[6.05503,35.59922],[6.05503,35.59922],[6.05503,35.59923],[6.05503,35.59922]]]}},{"type":"Feature","properties":{},"geometry":{"type":"Polygon","coordinates":[[[6.05502,35.5992],[6.05502,35.5992],[6.05502,35.59921],[6.05502,35.5992]]]}},{"type":"Feature","properties":{},"geometry":{"type":"Polygon","coordinates":[[[6.05499,35.59908],[6.055,35.59911],[6.05498,35.59907],[6.05499,35.59908]]]}},{"type":"Feature","properties":{},"geometry":{"type":"Polygon","coordinates":[[[6.05497,35.59901],[6.05497,35.59901],[6.05497,35.59902],[6.05497,35.59901]]]}},{"type":"Feature","properties":{},"geometry":{"type":"Polygon","coordinates":[[[6.05491,35.599],[6.05496,35.59898],[6.05497,35.59899],[6.05491,35.599]]]}},{"type":"Feature","properties":{},"geometry":{"type":"Polygon","coordinates":[[[6.05489,35.59902],[6.0549,35.599],[6.0549,35.599],[6.05489,35.59902],[6.05489,35.59902]]]}},{"type":"Feature","properties":{},"geometry":{"type":"Polygon","coordinates":[[[6.05487,35.59905],[6.05487,35.59905],[6.05488,35.59904],[6.05487,35.59905]]]}},{"type":"Feature","properties":{},"geometry":{"type":"Polygon","coordinates":[[[6.05478,35.59912],[6.05485,35.59907],[6.05482,35.59909],[6.0548,35.59911],[6.05478,35.59912]]]}},{"type":"Feature","properties":{},"geometry":{"type":"Polygon","coordinates":[[[6.05469,35.5992],[6.05469,35.5992],[6.05469,35.5992],[6.05469,35.5992]]]}},{"type":"Feature","properties":{},"geometry":{"type":"Polygon","coordinates":[[[6.05467,35.59922],[6.05469,35.5992],[6.05467,35.59922],[6.05467,35.59922]]]}},{"type":"Feature","properties":{},"geometry":{"type":"Polygon","coordinates":[[[6.05463,35.59935],[6.05464,35.59932],[6.05465,35.59929],[6.05464,35.59932],[6.05463,35.59935],[6.05463,35.59938],[6.05463,35.59938],[6.05463,35.59935]]]}},{"type":"Feature","properties":{},"geometry":{"type":"Polygon","coordinates":[[[6.05462,35.59943],[6.05462,35.59943],[6.05462,35.59943],[6.05462,35.59943]]]}},{"type":"Feature","properties":{},"geometry":{"type":"Polygon","coordinates":[[[6.0546,35.5995],[6.05461,35.59946],[6.05461,35.59948],[6.0546,35.5995],[6.0546,35.59953],[6.05459,35.59957],[6.0546,35.59953],[6.0546,35.5995]]]}},{"type":"Feature","properties":{},"geometry":{"type":"Polygon","coordinates":[[[6.05456,35.59969],[6.05457,35.59966],[6.05456,35.59969],[6.05456,35.5997],[6.05456,35.5997],[6.05456,35.59969]]]}},{"type":"Feature","properties":{},"geometry":{"type":"Polygon","coordinates":[[[6.05454,35.59975],[6.05454,35.59975],[6.05454,35.59974],[6.05454,35.59975]]]}},{"type":"Feature","properties":{},"geometry":{"type":"Polygon","coordinates":[[[6.05452,35.5998],[6.05453,35.59978],[6.05448,35.59985],[6.05452,35.5998]]]}},{"type":"Feature","properties":{},"geometry":{"type":"Polygon","coordinates":[[[6.05444,35.59988],[6.05447,35.59986],[6.05448,35.59985],[6.05444,35.59988]]]}},{"type":"Feature","properties":{},"geometry":{"type":"Polygon","coordinates":[[[6.05443,35.5999],[6.05443,35.5999],[6.05442,35.59991],[6.05443,35.5999]]]}},{"type":"Feature","properties":{},"geometry":{"type":"Polygon","coordinates":[[[6.05441,35.59993],[6.05441,35.59993],[6.05441,35.59993],[6.05441,35.59993]]]}},{"type":"Feature","properties":{},"geometry":{"type":"Polygon","coordinates":[[[6.05438,35.60001],[6.05438,35.60001],[6.05438,35.59999],[6.05438,35.60001]]]}},{"type":"Feature","properties":{},"geometry":{"type":"Polygon","coordinates":[[[6.05483,35.59805],[6.0549,35.59842],[6.05479,35.59805],[6.05572,35.59764],[6.05483,35.59805]]]}},{"type":"Feature","properties":{},"geometry":{"type":"Polygon","coordinates":[[[6.05633,35.60181],[6.05553,35.60084],[6.0552,35.60093],[6.05527,35.6005],[6.05501,35.60036],[6.05436,35.60036],[6.05399,35.60082],[6.05467,35.59922],[6.05492,35.59898],[6.05506,35.59927],[6.05562,35.59963],[6.05568,35.60029],[6.05601,35.60036],[6.05596,35.60091],[6.05638,35.60152],[6.05633,35.60181]]]}},{"type":"Feature","properties":{},"geometry":{"type":"Polygon","coordinates":[[[6.04934,35.60537],[6.04934,35.6054],[6.04934,35.60536],[6.04934,35.60537]]]}},{"type":"Feature","properties":{},"geometry":{"type":"Polygon","coordinates":[[[6.04929,35.60535],[6.04932,35.60535],[6.04932,35.60535],[6.04929,35.60535]]]}},{"type":"Feature","properties":{},"geometry":{"type":"Polygon","coordinates":[[[6.0492,35.60534],[6.04922,35.60534],[6.04923,35.60534],[6.0492,35.60534]]]}},{"type":"Feature","properties":{},"geometry":{"type":"Polygon","coordinates":[[[6.04917,35.60531],[6.04918,35.60532],[6.04917,35.6053],[6.04917,35.60531]]]}},{"type":"Feature","properties":{},"geometry":{"type":"Polygon","coordinates":[[[6.04915,35.60529],[6.04915,35.60529],[6.04915,35.60529],[6.04915,35.60529]]]}},{"type":"Feature","properties":{},"geometry":{"type":"Polygon","coordinates":[[[6.04914,35.60526],[6.04914,35.60527],[6.04913,35.60525],[6.04914,35.60526]]]}},{"type":"Feature","properties":{},"geometry":{"type":"Polygon","coordinates":[[[6.04903,35.6052],[6.04912,35.60521],[6.04912,35.60521],[6.04903,35.6052]]]}},{"type":"Feature","properties":{},"geometry":{"type":"Polygon","coordinates":[[[6.049,35.60505],[6.049,35.60507],[6.049,35.60503],[6.049,35.60505]]]}},{"type":"Feature","properties":{},"geometry":{"type":"Polygon","coordinates":[[[6.04902,35.60495],[6.049,35.60503],[6.04901,35.6049],[6.04902,35.60495]]]}},{"type":"Feature","properties":{},"geometry":{"type":"Polygon","coordinates":[[[6.049,35.60485],[6.04901,35.60487],[6.049,35.60484],[6.049,35.60485]]]}},{"type":"Feature","properties":{},"geometry":{"type":"Polygon","coordinates":[[[6.04899,35.60479],[6.04899,35.60479],[6.04899,35.60479],[6.04899,35.60479]]]}},{"type":"Feature","properties":{},"geometry":{"type":"Polygon","coordinates":[[[6.04898,35.60478],[6.04899,35.60479],[6.04897,35.60476],[6.04898,35.60478]]]}},{"type":"Feature","properties":{},"geometry":{"type":"Polygon","coordinates":[[[6.04896,35.60472],[6.04897,35.60475],[6.04897,35.60475],[6.04896,35.60472]]]}},{"type":"Feature","properties":{},"geometry":{"type":"Polygon","coordinates":[[[6.04892,35.60469],[6.04894,35.60471],[6.04891,35.60468],[6.04892,35.60469]]]}},{"type":"Feature","properties":{},"geometry":{"type":"Polygon","coordinates":[[[6.04889,35.60464],[6.04889,35.60464],[6.04889,35.60464],[6.04889,35.60464]]]}},{"type":"Feature","properties":{},"geometry":{"type":"Polygon","coordinates":[[[6.04888,35.6046],[6.04888,35.60461],[6.04887,35.60459],[6.04888,35.6046]]]}},{"type":"Feature","properties":{},"geometry":{"type":"Polygon","coordinates":[[[6.04887,35.60454],[6.04887,35.60454],[6.04887,35.60455],[6.04887,35.60454]]]}},{"type":"Feature","properties":{},"geometry":{"type":"Polygon","coordinates":[[[6.04887,35.60449],[6.04887,35.60452],[6.04887,35.60449],[6.04887,35.60449]]]}},{"type":"Feature","properties":{},"geometry":{"type":"Polygon","coordinates":[[[6.04888,35.60445],[6.04888,35.60446],[6.04888,35.60443],[6.04888,35.60445]]]}},{"type":"Feature","properties":{},"geometry":{"type":"Polygon","coordinates":[[[6.04889,35.60441],[6.04889,35.60441],[6.04889,35.60442],[6.04889,35.60441]]]}},{"type":"Feature","properties":{},"geometry":{"type":"Polygon","coordinates":[[[6.04894,35.60423],[6.04893,35.60425],[6.04893,35.60425],[6.04894,35.60423],[6.04894,35.60423]]]}},{"type":"Feature","properties":{},"geometry":{"type":"Polygon","coordinates":[[[6.04896,35.60419],[6.04896,35.6042],[6.04896,35.60419],[6.04896,35.60419]]]}},{"type":"Feature","properties":{},"geometry":{"type":"Polygon","coordinates":[[[6.04904,35.60411],[6.04901,35.60412],[6.04899,35.60413],[6.04904,35.60411]]]}},{"type":"Feature","properties":{},"geometry":{"type":"Polygon","coordinates":[[[6.04905,35.6041],[6.04904,35.60411],[6.04904,35.60411],[6.04905,35.6041]]]}},{"type":"Feature","properties":{},"geometry":{"type":"Polygon","coordinates":[[[6.04907,35.60407],[6.04907,35.60407],[6.04906,35.60408],[6.04907,35.60407]]]}},{"type":"Feature","properties":{},"geometry":{"type":"Polygon","coordinates":[[[6.04907,35.60404],[6.04907,35.60404],[6.04907,35.60405],[6.04907,35.60404]]]}},{"type":"Feature","properties":{},"geometry":{"type":"Polygon","coordinates":[[[6.04906,35.604],[6.04906,35.604],[6.04907,35.60401],[6.04906,35.604]]]}},{"type":"Feature","properties":{},"geometry":{"type":"Polygon","coordinates":[[[6.049,35.60401],[6.04902,35.604],[6.049,35.60401],[6.049,35.60401]]]}},{"type":"Feature","properties":{},"geometry":{"type":"Polygon","coordinates":[[[6.04897,35.60402],[6.049,35.60401],[6.04897,35.60404],[6.04897,35.60402]]]}},{"type":"Feature","properties":{},"geometry":{"type":"Polygon","coordinates":[[[6.04895,35.6041],[6.04895,35.6041],[6.04895,35.6041],[6.04895,35.6041]]]}},{"type":"Feature","properties":{},"geometry":{"type":"Polygon","coordinates":[[[6.04886,35.60415],[6.04891,35.60413],[6.0489,35.60413],[6.04886,35.60415]]]}},{"type":"Feature","properties":{},"geometry":{"type":"Polygon","coordinates":[[[6.04883,35.60416],[6.04886,35.60415],[6.04882,35.60416],[6.04883,35.60416]]]}},{"type":"Feature","properties":{},"geometry":{"type":"Polygon","coordinates":[[[6.0486,35.60438],[6.04865,35.60431],[6.0486,35.60438],[6.0486,35.60438]]]}},{"type":"Feature","properties":{},"geometry":{"type":"Polygon","coordinates":[[[6.04855,35.60489],[6.04855,35.60489],[6.04855,35.60488],[6.04855,35.60489]]]}},{"type":"Feature","properties":{},"geometry":{"type":"Polygon","coordinates":[[[6.04855,35.605],[6.04854,35.60494],[6.04854,35.60496],[6.04854,35.60497],[6.04855,35.605]]]}},{"type":"Feature","properties":{},"geometry":{"type":"Polygon","coordinates":[[[6.04857,35.60506],[6.04855,35.60501],[6.04856,35.60503],[6.04857,35.60504],[6.04857,35.60506],[6.04858,35.60507],[6.04858,35.60509],[6.04857,35.60506]]]}},{"type":"Feature","properties":{},"geometry":{"type":"Polygon","coordinates":[[[6.0486,35.6051],[6.0486,35.6051],[6.0486,35.60511],[6.04861,35.60512],[6.04861,35.60513],[6.04861,35.60512],[6.0486,35.6051]]]}},{"type":"Feature","properties":{},"geometry":{"type":"Polygon","coordinates":[[[6.04868,35.60519],[6.04866,35.60518],[6.0487,35.60521],[6.04868,35.60519]]]}},{"type":"Feature","properties":{},"geometry":{"type":"Polygon","coordinates":[[[6.04874,35.60525],[6.04874,35.60524],[6.04875,35.60527],[6.04874,35.60525]]]}},{"type":"Feature","properties":{},"geometry":{"type":"Polygon","coordinates":[[[6.04876,35.60528],[6.04876,35.60528],[6.04876,35.60527],[6.04876,35.60528]]]}},{"type":"Feature","properties":{},"geometry":{"type":"Polygon","coordinates":[[[6.04878,35.6053],[6.04876,35.60528],[6.04878,35.6053],[6.04878,35.6053]]]}},{"type":"Feature","properties":{},"geometry":{"type":"Polygon","coordinates":[[[6.04882,35.60538],[6.04882,35.60538],[6.04882,35.60539],[6.04882,35.60538]]]}},{"type":"Feature","properties":{},"geometry":{"type":"Polygon","coordinates":[[[6.04884,35.60541],[6.04883,35.6054],[6.04885,35.60542],[6.04884,35.60541]]]}},{"type":"Feature","properties":{},"geometry":{"type":"Polygon","coordinates":[[[6.04888,35.60545],[6.04886,35.60543],[6.04889,35.60545],[6.04888,35.60545]]]}},{"type":"Feature","properties":{},"geometry":{"type":"Polygon","coordinates":[[[6.04892,35.60547],[6.04892,35.60547],[6.04891,35.60547],[6.04892,35.60547]]]}},{"type":"Feature","properties":{},"geometry":{"type":"Polygon","coordinates":[[[6.04896,35.60548],[6.04896,35.60548],[6.04895,35.60548],[6.04896,35.60548]]]}},{"type":"Feature","properties":{},"geometry":{"type":"Polygon","coordinates":[[[6.049,35.60549],[6.04899,35.60549],[6.049,35.60549],[6.049,35.60549]]]}},{"type":"Feature","properties":{},"geometry":{"type":"Polygon","coordinates":[[[6.04908,35.60549],[6.04904,35.60549],[6.04909,35.60549],[6.04908,35.60549]]]}},{"type":"Feature","properties":{},"geometry":{"type":"Polygon","coordinates":[[[6.04918,35.60547],[6.04914,35.60549],[6.04919,35.60547],[6.04918,35.60547]]]}},{"type":"Feature","properties":{},"geometry":{"type":"Polygon","coordinates":[[[6.04922,35.60544],[6.04922,35.60545],[6.04925,35.60544],[6.04922,35.60544]]]}},{"type":"Feature","properties":{},"geometry":{"type":"Polygon","coordinates":[[[6.04927,35.60544],[6.04926,35.60544],[6.04927,35.60544],[6.04927,35.60544]]]}},{"type":"Feature","properties":{},"geometry":{"type":"Polygon","coordinates":[[[6.04932,35.60543],[6.04932,35.60543],[6.0493,35.60543],[6.04932,35.60543]]]}},{"type":"Feature","properties":{},"geometry":{"type":"Polygon","coordinates":[[[6.05537,35.6089],[6.05486,35.6087],[6.05547,35.6089],[6.05537,35.6089]]]}},{"type":"Feature","properties":{},"geometry":{"type":"Polygon","coordinates":[[[6.05562,35.60877],[6.05554,35.60887],[6.05562,35.60877],[6.05548,35.60864],[6.05562,35.60877]]]}},{"type":"Feature","properties":{},"geometry":{"type":"Polygon","coordinates":[[[6.05867,35.608],[6.05844,35.60805],[6.05875,35.60803],[6.05867,35.608]]]}},{"type":"Feature","properties":{},"geometry":{"type":"Polygon","coordinates":[[[6.05881,35.60806],[6.0588,35.60805],[6.0588,35.60805],[6.05881,35.60806]]]}},{"type":"Feature","properties":{},"geometry":{"type":"Polygon","coordinates":[[[6.0589,35.60807],[6.05886,35.60807],[6.05893,35.60807],[6.0589,35.60807]]]}},{"type":"Feature","properties":{},"geometry":{"type":"Polygon","coordinates":[[[6.05896,35.60804],[6.05894,35.60807],[6.05896,35.60804],[6.05896,35.60804]]]}},{"type":"Feature","properties":{},"geometry":{"type":"Polygon","coordinates":[[[6.0589,35.60794],[6.05896,35.60804],[6.0589,35.60795],[6.0589,35.60794]]]}},{"type":"Feature","properties":{},"geometry":{"type":"Polygon","coordinates":[[[6.05891,35.60786],[6.05889,35.60791],[6.05891,35.60786],[6.05891,35.60786]]]}},{"type":"Feature","properties":{},"geometry":{"type":"Polygon","coordinates":[[[6.05897,35.60781],[6.05897,35.60781],[6.05895,35.60782],[6.05897,35.60781]]]}},{"type":"Feature","properties":{},"geometry":{"type":"Polygon","coordinates":[[[6.05903,35.60775],[6.05897,35.60781],[6.05905,35.60766],[6.05903,35.60775]]]}},{"type":"Feature","properties":{},"geometry":{"type":"Polygon","coordinates":[[[6.05905,35.60762],[6.05905,35.60764],[6.05904,35.6076],[6.05905,35.60762]]]}},{"type":"Feature","properties":{},"geometry":{"type":"Polygon","coordinates":[[[6.05899,35.6075],[6.05903,35.60756],[6.05898,35.60749],[6.05899,35.6075]]]}},{"type":"Feature","properties":{},"geometry":{"type":"Polygon","coordinates":[[[6.05896,35.60745],[6.05898,35.60749],[6.05894,35.60744],[6.05896,35.60745]]]}},{"type":"Feature","properties":{},"geometry":{"type":"Polygon","coordinates":[[[6.05881,35.60737],[6.05886,35.6074],[6.05879,35.60736],[6.05881,35.60737]]]}},{"type":"Feature","properties":{},"geometry":{"type":"Polygon","coordinates":[[[6.05868,35.60732],[6.05869,35.60732],[6.05867,35.60731],[6.05868,35.60732]]]}},{"type":"Feature","properties":{},"geometry":{"type":"Polygon","coordinates":[[[6.05858,35.60726],[6.05858,35.60726],[6.05859,35.60727],[6.05858,35.60726]]]}},{"type":"Feature","properties":{},"geometry":{"type":"Polygon","coordinates":[[[6.05836,35.60713],[6.05852,35.60722],[6.05845,35.60719],[6.05836,35.60713]]]}},{"type":"Feature","properties":{},"geometry":{"type":"Polygon","coordinates":[[[6.05835,35.60713],[6.05836,35.60713],[6.05836,35.60713],[6.05835,35.60713]]]}},{"type":"Feature","properties":{},"geometry":{"type":"Polygon","coordinates":[[[6.0582,35.60708],[6.05827,35.60709],[6.0583,35.6071],[6.0582,35.60708]]]}},{"type":"Feature","properties":{},"geometry":{"type":"Polygon","coordinates":[[[6.05816,35.60708],[6.05816,35.60708],[6.05817,35.60707],[6.05816,35.60708]]]}},{"type":"Feature","properties":{},"geometry":{"type":"Polygon","coordinates":[[[6.05805,35.60708],[6.05806,35.60708],[6.05805,35.60708],[6.058,35.6071],[6.05797,35.60711],[6.05793,35.60713],[6.05792,35.60713],[6.05797,35.60711],[6.05805,35.60708]]]}},{"type":"Feature","properties":{},"geometry":{"type":"Polygon","coordinates":[[[6.05782,35.60712],[6.05788,35.60713],[6.05779,35.6071],[6.05782,35.60712]]]}},{"type":"Feature","properties":{},"geometry":{"type":"Polygon","coordinates":[[[6.05768,35.60702],[6.05772,35.60703],[6.05765,35.60704],[6.05768,35.60702]]]}},{"type":"Feature","properties":{},"geometry":{"type":"Polygon","coordinates":[[[6.0575,35.60724],[6.0575,35.60724],[6.05753,35.60719],[6.0575,35.60724]]]}},{"type":"Feature","properties":{},"geometry":{"type":"Polygon","coordinates":[[[6.05737,35.60739],[6.0574,35.60737],[6.05736,35.60741],[6.05737,35.60739]]]}},{"type":"Feature","properties":{},"geometry":{"type":"Polygon","coordinates":[[[6.0573,35.60747],[6.0573,35.60747],[6.05731,35.60746],[6.0573,35.60747]]]}},{"type":"Feature","properties":{},"geometry":{"type":"Polygon","coordinates":[[[6.05722,35.60754],[6.05722,35.60754],[6.05726,35.6075],[6.05722,35.60754]]]}},{"type":"Feature","properties":{},"geometry":{"type":"Polygon","coordinates":[[[6.05719,35.60754],[6.05722,35.60754],[6.05719,35.60754],[6.05719,35.60754]]]}},{"type":"Feature","properties":{},"geometry":{"type":"Polygon","coordinates":[[[6.05709,35.60758],[6.05711,35.60758],[6.05709,35.60758],[6.05709,35.60758]]]}},{"type":"Feature","properties":{},"geometry":{"type":"Polygon","coordinates":[[[6.05706,35.60756],[6.05706,35.60756],[6.05708,35.60757],[6.05706,35.60756]]]}},{"type":"Feature","properties":{},"geometry":{"type":"Polygon","coordinates":[[[6.05703,35.6076],[6.05703,35.60759],[6.05702,35.60761],[6.05703,35.6076]]]}},{"type":"Feature","properties":{},"geometry":{"type":"Polygon","coordinates":[[[6.05703,35.6078],[6.05703,35.6078],[6.057,35.60783],[6.05703,35.6078]]]}},{"type":"Feature","properties":{},"geometry":{"type":"Polygon","coordinates":[[[6.05692,35.6079],[6.05695,35.60788],[6.05697,35.60787],[6.05695,35.60788],[6.05692,35.6079]]]}},{"type":"Feature","properties":{},"geometry":{"type":"Polygon","coordinates":[[[6.05694,35.60796],[6.05694,35.60796],[6.057,35.60794],[6.05702,35.60794],[6.05706,35.60795],[6.05706,35.60795],[6.05702,35.60794],[6.05694,35.60796]]]}},{"type":"Feature","properties":{},"geometry":{"type":"Polygon","coordinates":[[[6.05712,35.60797],[6.05712,35.60797],[6.0571,35.60797],[6.05712,35.60797]]]}},{"type":"Feature","properties":{},"geometry":{"type":"Polygon","coordinates":[[[6.05725,35.60794],[6.05719,35.60798],[6.05719,35.60798],[6.05725,35.60794]]]}},{"type":"Feature","properties":{},"geometry":{"type":"Polygon","coordinates":[[[6.05728,35.60792],[6.05728,35.60792],[6.05726,35.60794],[6.05728,35.60792]]]}},{"type":"Feature","properties":{},"geometry":{"type":"Polygon","coordinates":[[[6.05732,35.60787],[6.05732,35.60788],[6.05733,35.60786],[6.05732,35.60787]]]}},{"type":"Feature","properties":{},"geometry":{"type":"Polygon","coordinates":[[[6.05757,35.60772],[6.05751,35.60774],[6.05754,35.60773],[6.05757,35.60772],[6.05759,35.60771],[6.05762,35.6077],[6.05764,35.6077],[6.05757,35.60772]]]}},{"type":"Feature","properties":{},"geometry":{"type":"Polygon","coordinates":[[[6.05769,35.60769],[6.05769,35.60769],[6.05768,35.60769],[6.05769,35.60769]]]}},{"type":"Feature","properties":{},"geometry":{"type":"Polygon","coordinates":[[[6.05773,35.60766],[6.05769,35.60769],[6.05775,35.60766],[6.05773,35.60766]]]}},{"type":"Feature","properties":{},"geometry":{"type":"Polygon","coordinates":[[[6.05782,35.60762],[6.0578,35.60763],[6.05785,35.6076],[6.05782,35.60762]]]}},{"type":"Feature","properties":{},"geometry":{"type":"Polygon","coordinates":[[[6.05793,35.60754],[6.05789,35.60757],[6.05788,35.60758],[6.05793,35.60754]]]}},{"type":"Feature","properties":{},"geometry":{"type":"Polygon","coordinates":[[[6.05796,35.60756],[6.05794,35.60754],[6.05797,35.60759],[6.05796,35.60756]]]}},{"type":"Feature","properties":{},"geometry":{"type":"Polygon","coordinates":[[[6.058,35.60765],[6.05801,35.60765],[6.05801,35.60765],[6.058,35.60765]]]}},{"type":"Feature","properties":{},"geometry":{"type":"Polygon","coordinates":[[[6.05801,35.60769],[6.05801,35.60767],[6.05802,35.6077],[6.05801,35.60769]]]}},{"type":"Feature","properties":{},"geometry":{"type":"Polygon","coordinates":[[[6.05807,35.60777],[6.05804,35.60774],[6.05807,35.60777],[6.05809,35.6078],[6.0581,35.6078],[6.05807,35.60777]]]}},{"type":"Feature","properties":{},"geometry":{"type":"Polygon","coordinates":[[[6.05825,35.60785],[6.0582,35.60785],[6.05829,35.60788],[6.05825,35.60785]]]}},{"type":"Feature","properties":{},"geometry":{"type":"Polygon","coordinates":[[[6.05832,35.60789],[6.05829,35.60788],[6.05832,35.60791],[6.05832,35.60789]]]}},{"type":"Feature","properties":{},"geometry":{"type":"Polygon","coordinates":[[[6.05835,35.60801],[6.05835,35.60801],[6.05835,35.60798],[6.05835,35.60801]]]}},{"type":"Feature","properties":{},"geometry":{"type":"Polygon","coordinates":[[[6.05838,35.60806],[6.05837,35.60806],[6.05837,35.60806],[6.05838,35.60806]]]}},{"type":"Feature","properties":{},"geometry":{"type":"Polygon","coordinates":[[[6.08141,35.6071],[6.08135,35.60712],[6.08135,35.60712],[6.08141,35.6071]]]}},{"type":"Feature","properties":{},"geometry":{"type":"Polygon","coordinates":[[[6.08156,35.60709],[6.08154,35.6071],[6.08163,35.60708],[6.08156,35.60709]]]}},{"type":"Feature","properties":{},"geometry":{"type":"Polygon","coordinates":[[[6.08221,35.60686],[6.08207,35.60692],[6.08225,35.60684],[6.08221,35.60686]]]}},{"type":"Feature","properties":{},"geometry":{"type":"Polygon","coordinates":[[[6.0827,35.6066],[6.08239,35.60676],[6.08271,35.60656],[6.0827,35.6066]]]}},{"type":"Feature","properties":{},"geometry":{"type":"Polygon","coordinates":[[[6.0828,35.6061],[6.08277,35.60623],[6.08277,35.60619],[6.0828,35.6061],[6.08278,35.60605],[6.08277,35.60597],[6.08278,35.60595],[6.0828,35.6061]]]}},{"type":"Feature","properties":{},"geometry":{"type":"Polygon","coordinates":[[[6.08276,35.60585],[6.08276,35.60585],[6.08276,35.60587],[6.08276,35.60585]]]}},{"type":"Feature","properties":{},"geometry":{"type":"Polygon","coordinates":[[[6.08264,35.60569],[6.08265,35.60571],[6.08261,35.60567],[6.08264,35.60569]]]}},{"type":"Feature","properties":{},"geometry":{"type":"Polygon","coordinates":[[[6.08251,35.60559],[6.08252,35.6056],[6.08251,35.60559],[6.08251,35.60559]]]}},{"type":"Feature","properties":{},"geometry":{"type":"Polygon","coordinates":[[[6.08227,35.60554],[6.08227,35.60554],[6.08229,35.60554],[6.08227,35.60554]]]}},{"type":"Feature","properties":{},"geometry":{"type":"Polygon","coordinates":[[[6.08212,35.60551],[6.08212,35.60551],[6.08215,35.60552],[6.08212,35.60551]]]}},{"type":"Feature","properties":{},"geometry":{"type":"Polygon","coordinates":[[[6.08185,35.60542],[6.08189,35.60544],[6.08185,35.60542],[6.08184,35.60541],[6.08177,35.60537],[6.08185,35.60542]]]}},{"type":"Feature","properties":{},"geometry":{"type":"Polygon","coordinates":[[[6.08168,35.60535],[6.0817,35.60536],[6.08163,35.60531],[6.08168,35.60535]]]}},{"type":"Feature","properties":{},"geometry":{"type":"Polygon","coordinates":[[[6.08156,35.6053],[6.08156,35.6053],[6.0816,35.60531],[6.08156,35.6053]]]}},{"type":"Feature","properties":{},"geometry":{"type":"Polygon","coordinates":[[[6.08117,35.60516],[6.08124,35.60518],[6.08109,35.60517],[6.08117,35.60516]]]}},{"type":"Feature","properties":{},"geometry":{"type":"Polygon","coordinates":[[[6.08093,35.6052],[6.08097,35.60519],[6.08087,35.60524],[6.08093,35.6052]]]}},{"type":"Feature","properties":{},"geometry":{"type":"Polygon","coordinates":[[[6.08071,35.60531],[6.08078,35.60528],[6.08071,35.60531],[6.08071,35.60531]]]}},{"type":"Feature","properties":{},"geometry":{"type":"Polygon","coordinates":[[[6.08061,35.60538],[6.0807,35.60534],[6.0807,35.60534],[6.08061,35.60538]]]}},{"type":"Feature","properties":{},"geometry":{"type":"Polygon","coordinates":[[[6.08053,35.60545],[6.08053,35.60545],[6.08058,35.60541],[6.08053,35.60545]]]}},{"type":"Feature","properties":{},"geometry":{"type":"Polygon","coordinates":[[[6.0805,35.60549],[6.0805,35.60549],[6.08053,35.60546],[6.0805,35.60549]]]}},{"type":"Feature","properties":{},"geometry":{"type":"Polygon","coordinates":[[[6.08039,35.6056],[6.08039,35.6056],[6.08041,35.60556],[6.08039,35.6056]]]}},{"type":"Feature","properties":{},"geometry":{"type":"Polygon","coordinates":[[[6.08022,35.60571],[6.08022,35.60571],[6.08015,35.60573],[6.08022,35.60571]]]}},{"type":"Feature","properties":{},"geometry":{"type":"Polygon","coordinates":[[[6.07996,35.60573],[6.08012,35.60573],[6.08008,35.60573],[6.07996,35.60573]]]}},{"type":"Feature","properties":{},"geometry":{"type":"Polygon","coordinates":[[[6.07985,35.60575],[6.07985,35.60575],[6.07988,35.60575],[6.07985,35.60575]]]}},{"type":"Feature","properties":{},"geometry":{"type":"Polygon","coordinates":[[[6.07978,35.60579],[6.07978,35.60579],[6.07985,35.60575],[6.07978,35.60579]]]}},{"type":"Feature","properties":{},"geometry":{"type":"Polygon","coordinates":[[[6.07928,35.60576],[6.07957,35.60581],[6.07947,35.60581],[6.0794,35.6058],[6.07928,35.60576]]]}},{"type":"Feature","properties":{},"geometry":{"type":"Polygon","coordinates":[[[6.07915,35.60572],[6.0792,35.60574],[6.0791,35.60571],[6.07915,35.60572]]]}},{"type":"Feature","properties":{},"geometry":{"type":"Polygon","coordinates":[[[6.07899,35.60569],[6.07897,35.60568],[6.07899,35.60569],[6.07899,35.60569]]]}},{"type":"Feature","properties":{},"geometry":{"type":"Polygon","coordinates":[[[6.07864,35.60553],[6.07871,35.60555],[6.07858,35.60552],[6.07864,35.60553]]]}},{"type":"Feature","properties":{},"geometry":{"type":"Polygon","coordinates":[[[6.07846,35.60551],[6.07851,35.60551],[6.07836,35.60551],[6.07846,35.60551]]]}},{"type":"Feature","properties":{},"geometry":{"type":"Polygon","coordinates":[[[6.07829,35.60553],[6.07836,35.60551],[6.07836,35.60551],[6.07829,35.60553]]]}},{"type":"Feature","properties":{},"geometry":{"type":"Polygon","coordinates":[[[6.07829,35.60553],[6.0782,35.60553],[6.07829,35.60553],[6.07829,35.60553]]]}},{"type":"Feature","properties":{},"geometry":{"type":"Polygon","coordinates":[[[6.07803,35.60556],[6.07803,35.60556],[6.07806,35.60555],[6.07803,35.60556]]]}},{"type":"Feature","properties":{},"geometry":{"type":"Polygon","coordinates":[[[6.07806,35.60571],[6.07805,35.60566],[6.07808,35.60579],[6.07806,35.60571]]]}},{"type":"Feature","properties":{},"geometry":{"type":"Polygon","coordinates":[[[6.07808,35.60593],[6.07809,35.60585],[6.07808,35.60579],[6.07808,35.60593]]]}},{"type":"Feature","properties":{},"geometry":{"type":"Polygon","coordinates":[[[6.07804,35.60607],[6.07804,35.60607],[6.07805,35.60605],[6.07804,35.60607]]]}},{"type":"Feature","properties":{},"geometry":{"type":"Polygon","coordinates":[[[6.07809,35.60617],[6.07805,35.60609],[6.07809,35.60618],[6.07809,35.60617]]]}},{"type":"Feature","properties":{},"geometry":{"type":"Polygon","coordinates":[[[6.07818,35.6062],[6.07818,35.6062],[6.07814,35.6062],[6.07818,35.6062]]]}},{"type":"Feature","properties":{},"geometry":{"type":"Polygon","coordinates":[[[6.07834,35.60611],[6.07832,35.60613],[6.0784,35.60605],[6.07834,35.60611]]]}},{"type":"Feature","properties":{},"geometry":{"type":"Polygon","coordinates":[[[6.07862,35.60596],[6.07855,35.60599],[6.0787,35.60598],[6.07862,35.60596]]]}},{"type":"Feature","properties":{},"geometry":{"type":"Polygon","coordinates":[[[6.07873,35.60605],[6.07873,35.60607],[6.07873,35.60605],[6.07873,35.60605]]]}},{"type":"Feature","properties":{},"geometry":{"type":"Polygon","coordinates":[[[6.07852,35.60637],[6.07859,35.60636],[6.07852,35.60637],[6.07852,35.60637]]]}},{"type":"Feature","properties":{},"geometry":{"type":"Polygon","coordinates":[[[6.07851,35.60645],[6.07852,35.60637],[6.07851,35.60647],[6.07851,35.60645]]]}},{"type":"Feature","properties":{},"geometry":{"type":"Polygon","coordinates":[[[6.07852,35.60651],[6.07851,35.60651],[6.07851,35.60651],[6.07852,35.60651]]]}},{"type":"Feature","properties":{},"geometry":{"type":"Polygon","coordinates":[[[6.07882,35.60652],[6.07882,35.60652],[6.07892,35.60647],[6.07882,35.60652]]]}},{"type":"Feature","properties":{},"geometry":{"type":"Polygon","coordinates":[[[6.07905,35.60641],[6.07902,35.60642],[6.0791,35.60638],[6.07905,35.60641]]]}},{"type":"Feature","properties":{},"geometry":{"type":"Polygon","coordinates":[[[6.07935,35.60634],[6.07915,35.60636],[6.07954,35.60638],[6.07935,35.60634]]]}},{"type":"Feature","properties":{},"geometry":{"type":"Polygon","coordinates":[[[6.07983,35.60647],[6.07973,35.60643],[6.07983,35.60647],[6.07989,35.60645],[6.07998,35.60647],[6.07983,35.60647]]]}},{"type":"Feature","properties":{},"geometry":{"type":"Polygon","coordinates":[[[6.08025,35.60661],[6.08025,35.60661],[6.08018,35.60655],[6.08025,35.60661]]]}},{"type":"Feature","properties":{},"geometry":{"type":"Polygon","coordinates":[[[6.08052,35.60666],[6.08037,35.60665],[6.08057,35.60667],[6.08052,35.60666]]]}},{"type":"Feature","properties":{},"geometry":{"type":"Polygon","coordinates":[[[6.08069,35.60669],[6.08067,35.60669],[6.08077,35.60671],[6.08069,35.60669]]]}},{"type":"Feature","properties":{},"geometry":{"type":"Polygon","coordinates":[[[6.08115,35.60691],[6.08113,35.6069],[6.08118,35.60694],[6.08115,35.60691]]]}},{"type":"Feature","properties":{},"geometry":{"type":"Polygon","coordinates":[[[6.0813,35.60705],[6.08129,35.60704],[6.08129,35.60704],[6.0813,35.60705]]]}},{"type":"Feature","properties":{},"geometry":{"type":"Polygon","coordinates":[[[6.07611,35.60555],[6.0761,35.60558],[6.07611,35.60554],[6.07611,35.60555]]]}},{"type":"Feature","properties":{},"geometry":{"type":"Polygon","coordinates":[[[6.07612,35.60547],[6.07612,35.60547],[6.07612,35.60548],[6.07612,35.60547]]]}},{"type":"Feature","properties":{},"geometry":{"type":"Polygon","coordinates":[[[6.07592,35.6053],[6.07595,35.6053],[6.07589,35.60529],[6.07592,35.6053]]]}},{"type":"Feature","properties":{},"geometry":{"type":"Polygon","coordinates":[[[6.07578,35.60527],[6.07585,35.60528],[6.07589,35.60529],[6.07578,35.60527]]]}},{"type":"Feature","properties":{},"geometry":{"type":"Polygon","coordinates":[[[6.07573,35.60526],[6.07574,35.60526],[6.07572,35.60526],[6.07573,35.60526]]]}},{"type":"Feature","properties":{},"geometry":{"type":"Polygon","coordinates":[[[6.07555,35.60523],[6.07566,35.60525],[6.07558,35.60523],[6.07555,35.60523]]]}},{"type":"Feature","properties":{},"geometry":{"type":"Polygon","coordinates":[[[6.07549,35.60521],[6.0755,35.60522],[6.07547,35.6052],[6.07549,35.60521]]]}},{"type":"Feature","properties":{},"geometry":{"type":"Polygon","coordinates":[[[6.0754,35.60511],[6.0754,35.60511],[6.0754,35.60512],[6.0754,35.60511]]]}},{"type":"Feature","properties":{},"geometry":{"type":"Polygon","coordinates":[[[6.07539,35.60505],[6.0754,35.60507],[6.07539,35.60502],[6.07539,35.60505]]]}},{"type":"Feature","properties":{},"geometry":{"type":"Polygon","coordinates":[[[6.07541,35.60496],[6.0754,35.605],[6.07542,35.60494],[6.07541,35.60496]]]}},{"type":"Feature","properties":{},"geometry":{"type":"Polygon","coordinates":[[[6.07544,35.60486],[6.07544,35.60486],[6.07544,35.60487],[6.07544,35.60486]]]}},{"type":"Feature","properties":{},"geometry":{"type":"Polygon","coordinates":[[[6.07543,35.60471],[6.07543,35.60471],[6.07543,35.60473],[6.07543,35.60471]]]}},{"type":"Feature","properties":{},"geometry":{"type":"Polygon","coordinates":[[[6.07545,35.60462],[6.07545,35.60462],[6.07544,35.60464],[6.07545,35.60462]]]}},{"type":"Feature","properties":{},"geometry":{"type":"Polygon","coordinates":[[[6.0755,35.60445],[6.07548,35.6045],[6.0755,35.60443],[6.0755,35.60445]]]}},{"type":"Feature","properties":{},"geometry":{"type":"Polygon","coordinates":[[[6.07553,35.6042],[6.07554,35.60423],[6.07553,35.6042],[6.07553,35.6042]]]}},{"type":"Feature","properties":{},"geometry":{"type":"Polygon","coordinates":[[[6.07547,35.60418],[6.0755,35.60418],[6.07546,35.60419],[6.07547,35.60418]]]}},{"type":"Feature","properties":{},"geometry":{"type":"Polygon","coordinates":[[[6.07541,35.60426],[6.07543,35.6042],[6.0754,35.60429],[6.07541,35.60426]]]}},{"type":"Feature","properties":{},"geometry":{"type":"Polygon","coordinates":[[[6.07534,35.60439],[6.07537,35.60435],[6.07535,35.60438],[6.07534,35.60439]]]}},{"type":"Feature","properties":{},"geometry":{"type":"Polygon","coordinates":[[[6.07519,35.60449],[6.0752,35.60449],[6.07519,35.60449],[6.07519,35.60449]]]}},{"type":"Feature","properties":{},"geometry":{"type":"Polygon","coordinates":[[[6.07512,35.60451],[6.07512,35.60451],[6.07514,35.60451],[6.07512,35.60451]]]}},{"type":"Feature","properties":{},"geometry":{"type":"Polygon","coordinates":[[[6.0751,35.60453],[6.07509,35.60453],[6.0751,35.60453],[6.0751,35.60453]]]}},{"type":"Feature","properties":{},"geometry":{"type":"Polygon","coordinates":[[[6.07501,35.60455],[6.07504,35.60454],[6.07499,35.60455],[6.07501,35.60455]]]}},{"type":"Feature","properties":{},"geometry":{"type":"Polygon","coordinates":[[[6.07496,35.60456],[6.07496,35.60455],[6.07496,35.60455],[6.07496,35.60456]]]}},{"type":"Feature","properties":{},"geometry":{"type":"Polygon","coordinates":[[[6.07493,35.60458],[6.07493,35.60458],[6.07495,35.60461],[6.07493,35.60458]]]}},{"type":"Feature","properties":{},"geometry":{"type":"Polygon","coordinates":[[[6.07498,35.60465],[6.07498,35.60465],[6.07497,35.60464],[6.07498,35.60465]]]}},{"type":"Feature","properties":{},"geometry":{"type":"Polygon","coordinates":[[[6.075,35.60473],[6.075,35.60473],[6.07501,35.60471],[6.075,35.60473]]]}},{"type":"Feature","properties":{},"geometry":{"type":"Polygon","coordinates":[[[6.07499,35.60485],[6.07499,35.60485],[6.07498,35.60484],[6.07499,35.60485]]]}},{"type":"Feature","properties":{},"geometry":{"type":"Polygon","coordinates":[[[6.07505,35.60494],[6.07505,35.60494],[6.07505,35.60494],[6.07505,35.60494]]]}},{"type":"Feature","properties":{},"geometry":{"type":"Polygon","coordinates":[[[6.0751,35.60497],[6.07507,35.60496],[6.07511,35.60499],[6.0751,35.60497]]]}},{"type":"Feature","properties":{},"geometry":{"type":"Polygon","coordinates":[[[6.07513,35.60501],[6.07513,35.60501],[6.07512,35.60501],[6.07513,35.60501]]]}},{"type":"Feature","properties":{},"geometry":{"type":"Polygon","coordinates":[[[6.07513,35.60512],[6.07515,35.60504],[6.07512,35.60515],[6.07513,35.60512]]]}},{"type":"Feature","properties":{},"geometry":{"type":"Polygon","coordinates":[[[6.07516,35.60527],[6.07511,35.60524],[6.07521,35.60527],[6.07516,35.60527]]]}},{"type":"Feature","properties":{},"geometry":{"type":"Polygon","coordinates":[[[6.07522,35.60527],[6.07522,35.60527],[6.07522,35.60527],[6.07522,35.60527]]]}},{"type":"Feature","properties":{},"geometry":{"type":"Polygon","coordinates":[[[6.07547,35.60527],[6.07547,35.60527],[6.07545,35.60526],[6.07547,35.60527]]]}},{"type":"Feature","properties":{},"geometry":{"type":"Polygon","coordinates":[[[6.07553,35.60529],[6.07553,35.60529],[6.07551,35.60529],[6.07553,35.60529]]]}},{"type":"Feature","properties":{},"geometry":{"type":"Polygon","coordinates":[[[6.07557,35.60533],[6.07555,35.60532],[6.0756,35.60535],[6.07557,35.60533]]]}},{"type":"Feature","properties":{},"geometry":{"type":"Polygon","coordinates":[[[6.07562,35.60536],[6.0756,35.60535],[6.07564,35.60537],[6.07562,35.60536]]]}},{"type":"Feature","properties":{},"geometry":{"type":"Polygon","coordinates":[[[6.07574,35.6054],[6.0757,35.60539],[6.07577,35.6054],[6.07574,35.6054]]]}},{"type":"Feature","properties":{},"geometry":{"type":"Polygon","coordinates":[[[6.07582,35.60541],[6.07581,35.60541],[6.07584,35.60543],[6.07582,35.60541]]]}},{"type":"Feature","properties":{},"geometry":{"type":"Polygon","coordinates":[[[6.07584,35.60546],[6.07584,35.60546],[6.07584,35.60545],[6.07584,35.60546]]]}},{"type":"Feature","properties":{},"geometry":{"type":"Polygon","coordinates":[[[6.07581,35.60551],[6.07581,35.60551],[6.07572,35.60555],[6.07581,35.60551]]]}},{"type":"Feature","properties":{},"geometry":{"type":"Polygon","coordinates":[[[6.07559,35.60559],[6.07567,35.60558],[6.07568,35.60557],[6.07559,35.60559]]]}},{"type":"Feature","properties":{},"geometry":{"type":"Polygon","coordinates":[[[6.07544,35.6056],[6.07544,35.6056],[6.07547,35.6056],[6.07544,35.6056]]]}},{"type":"Feature","properties":{},"geometry":{"type":"Polygon","coordinates":[[[6.07536,35.60562],[6.07538,35.60561],[6.07534,35.60562],[6.07536,35.60562]]]}},{"type":"Feature","properties":{},"geometry":{"type":"Polygon","coordinates":[[[6.07523,35.60569],[6.07525,35.60568],[6.07525,35.60568],[6.07523,35.60569]]]}},{"type":"Feature","properties":{},"geometry":{"type":"Polygon","coordinates":[[[6.07522,35.60579],[6.07519,35.60575],[6.07529,35.60581],[6.07522,35.60579]]]}},{"type":"Feature","properties":{},"geometry":{"type":"Polygon","coordinates":[[[6.07537,35.60584],[6.07537,35.60584],[6.07535,35.60583],[6.07537,35.60584]]]}},{"type":"Feature","properties":{},"geometry":{"type":"Polygon","coordinates":[[[6.07567,35.60604],[6.07567,35.60604],[6.07569,35.60604],[6.07567,35.60604]]]}},{"type":"Feature","properties":{},"geometry":{"type":"Polygon","coordinates":[[[6.07582,35.60606],[6.07578,35.60606],[6.07584,35.60606],[6.07582,35.60606]]]}},{"type":"Feature","properties":{},"geometry":{"type":"Polygon","coordinates":[[[6.07589,35.60606],[6.07589,35.60606],[6.07588,35.60606],[6.07589,35.60606]]]}},{"type":"Feature","properties":{},"geometry":{"type":"Polygon","coordinates":[[[6.07597,35.60605],[6.07597,35.60605],[6.07597,35.60605],[6.07597,35.60605]]]}},{"type":"Feature","properties":{},"geometry":{"type":"Polygon","coordinates":[[[6.07601,35.60604],[6.07601,35.60604],[6.07598,35.60605],[6.07601,35.60604]]]}},{"type":"Feature","properties":{},"geometry":{"type":"Polygon","coordinates":[[[6.07603,35.60598],[6.07603,35.60598],[6.07602,35.60599],[6.07603,35.60598]]]}},{"type":"Feature","properties":{},"geometry":{"type":"Polygon","coordinates":[[[6.076,35.60587],[6.076,35.60587],[6.076,35.60589],[6.076,35.60587]]]}},{"type":"Feature","properties":{},"geometry":{"type":"Polygon","coordinates":[[[6.07597,35.60583],[6.07597,35.60583],[6.07598,35.60584],[6.07597,35.60583]]]}},{"type":"Feature","properties":{},"geometry":{"type":"Polygon","coordinates":[[[6.07596,35.60579],[6.07597,35.60575],[6.07596,35.60579],[6.07596,35.60579]]]}},{"type":"Feature","properties":{},"geometry":{"type":"Polygon","coordinates":[[[6.07602,35.60565],[6.07601,35.60566],[6.07604,35.60563],[6.07602,35.60565]]]}},{"type":"Feature","properties":{},"geometry":{"type":"Polygon","coordinates":[[[6.07842,35.6041],[6.07842,35.6041],[6.07838,35.60409],[6.07842,35.6041]]]}},{"type":"Feature","properties":{},"geometry":{"type":"Polygon","coordinates":[[[6.07849,35.60413],[6.07844,35.60412],[6.07854,35.60414],[6.07849,35.60413]]]}},{"type":"Feature","properties":{},"geometry":{"type":"Polygon","coordinates":[[[6.07861,35.60415],[6.07855,35.60414],[6.07854,35.60414],[6.07857,35.60415],[6.07861,35.60415]]]}},{"type":"Feature","properties":{},"geometry":{"type":"Polygon","coordinates":[[[6.07871,35.60421],[6.07871,35.60421],[6.07871,35.60421],[6.07871,35.60421]]]}},{"type":"Feature","properties":{},"geometry":{"type":"Polygon","coordinates":[[[6.07875,35.60422],[6.07875,35.60422],[6.07881,35.60423],[6.07875,35.60422]]]}},{"type":"Feature","properties":{},"geometry":{"type":"Polygon","coordinates":[[[6.07884,35.60424],[6.07881,35.60424],[6.07887,35.60425],[6.07884,35.60424]]]}},{"type":"Feature","properties":{},"geometry":{"type":"Polygon","coordinates":[[[6.07889,35.60425],[6.07889,35.60425],[6.07887,35.60425],[6.07889,35.60425]]]}},{"type":"Feature","properties":{},"geometry":{"type":"Polygon","coordinates":[[[6.07893,35.60427],[6.07892,35.60426],[6.07893,35.60427],[6.07893,35.60427]]]}},{"type":"Feature","properties":{},"geometry":{"type":"Polygon","coordinates":[[[6.07894,35.60429],[6.07893,35.60427],[6.07895,35.6043],[6.07894,35.60429]]]}},{"type":"Feature","properties":{},"geometry":{"type":"Polygon","coordinates":[[[6.07898,35.60432],[6.07898,35.60432],[6.07895,35.6043],[6.07898,35.60432]]]}},{"type":"Feature","properties":{},"geometry":{"type":"Polygon","coordinates":[[[6.07905,35.60433],[6.07905,35.60433],[6.07903,35.60433],[6.07905,35.60433]]]}},{"type":"Feature","properties":{},"geometry":{"type":"Polygon","coordinates":[[[6.07913,35.60431],[6.07913,35.60431],[6.0791,35.60431],[6.07913,35.60431]]]}},{"type":"Feature","properties":{},"geometry":{"type":"Polygon","coordinates":[[[6.07927,35.60425],[6.07924,35.60426],[6.07928,35.60425],[6.07927,35.60425]]]}},{"type":"Feature","properties":{},"geometry":{"type":"Polygon","coordinates":[[[6.07938,35.60422],[6.07937,35.60422],[6.07938,35.60422],[6.07938,35.60422]]]}},{"type":"Feature","properties":{},"geometry":{"type":"Polygon","coordinates":[[[6.07943,35.60411],[6.07943,35.60411],[6.0794,35.60408],[6.07943,35.60411]]]}},{"type":"Feature","properties":{},"geometry":{"type":"Polygon","coordinates":[[[6.07934,35.60403],[6.07938,35.60406],[6.07933,35.60402],[6.07934,35.60403]]]}},{"type":"Feature","properties":{},"geometry":{"type":"Polygon","coordinates":[[[6.07826,35.60405],[6.07826,35.60405],[6.07826,35.60405],[6.07826,35.60405]]]}},{"type":"Feature","properties":{},"geometry":{"type":"Polygon","coordinates":[[[6.0783,35.60408],[6.0783,35.60408],[6.07829,35.60407],[6.0783,35.60408]]]}},{"type":"Feature","properties":{},"geometry":{"type":"Polygon","coordinates":[[[6.0496,35.60666],[6.0496,35.60666],[6.04959,35.60666],[6.0496,35.60666]]]}},{"type":"Feature","properties":{},"geometry":{"type":"Polygon","coordinates":[[[6.04963,35.60663],[6.04963,35.60663],[6.04963,35.60663],[6.04963,35.60663]]]}},{"type":"Feature","properties":{},"geometry":{"type":"Polygon","coordinates":[[[6.04969,35.60648],[6.04967,35.60659],[6.04968,35.60648],[6.04969,35.60648]]]}},{"type":"Feature","properties":{},"geometry":{"type":"Polygon","coordinates":[[[6.0497,35.60642],[6.0497,35.60645],[6.0497,35.60642],[6.0497,35.6064],[6.0497,35.60637],[6.04968,35.60636],[6.0497,35.60637],[6.0497,35.60642]]]}},{"type":"Feature","properties":{},"geometry":{"type":"Polygon","coordinates":[[[6.04961,35.60636],[6.04961,35.60636],[6.04961,35.60636],[6.04961,35.60636]]]}},{"type":"Feature","properties":{},"geometry":{"type":"Polygon","coordinates":[[[6.04956,35.60636],[6.04956,35.60636],[6.04958,35.60636],[6.04956,35.60636]]]}},{"type":"Feature","properties":{},"geometry":{"type":"Polygon","coordinates":[[[6.04949,35.6064],[6.04952,35.60638],[6.04953,35.60638],[6.04951,35.60639],[6.04949,35.6064]]]}},{"type":"Feature","properties":{},"geometry":{"type":"Polygon","coordinates":[[[6.04946,35.60642],[6.04946,35.60642],[6.04949,35.6064],[6.04946,35.60642]]]}},{"type":"Feature","properties":{},"geometry":{"type":"Polygon","coordinates":[[[6.04938,35.60643],[6.04938,35.60643],[6.04938,35.60643],[6.04938,35.60643]]]}},{"type":"Feature","properties":{},"geometry":{"type":"Polygon","coordinates":[[[6.04934,35.60654],[6.04934,35.60654],[6.04936,35.60655],[6.04934,35.60654]]]}},{"type":"Feature","properties":{},"geometry":{"type":"Polygon","coordinates":[[[6.0493,35.60653],[6.04931,35.60653],[6.04928,35.60653],[6.0493,35.60653]]]}},{"type":"Feature","properties":{},"geometry":{"type":"Polygon","coordinates":[[[6.04925,35.60653],[6.04925,35.60653],[6.04926,35.60653],[6.04925,35.60653]]]}},{"type":"Feature","properties":{},"geometry":{"type":"Polygon","coordinates":[[[6.04922,35.6066],[6.04922,35.6066],[6.04922,35.60659],[6.04922,35.6066]]]}},{"type":"Feature","properties":{},"geometry":{"type":"Polygon","coordinates":[[[6.04928,35.60663],[6.04926,35.6066],[6.04927,35.60664],[6.04928,35.60663]]]}},{"type":"Feature","properties":{},"geometry":{"type":"Polygon","coordinates":[[[6.04927,35.60671],[6.04927,35.60668],[6.04927,35.60666],[6.04927,35.60671]]]}},{"type":"Feature","properties":{},"geometry":{"type":"Polygon","coordinates":[[[6.0494,35.60672],[6.04936,35.60675],[6.04938,35.60673],[6.0494,35.60672]]]}},{"type":"Feature","properties":{},"geometry":{"type":"Polygon","coordinates":[[[6.04947,35.60668],[6.04946,35.60668],[6.04947,35.60668],[6.04947,35.60668]]]}},{"type":"Feature","properties":{},"geometry":{"type":"Polygon","coordinates":[[[6.04954,35.60668],[6.04954,35.60668],[6.04955,35.60667],[6.04954,35.60668]]]}},{"type":"Feature","properties":{},"geometry":{"type":"Polygon","coordinates":[[[6.04967,35.6066],[6.0493,35.60675],[6.04921,35.60656],[6.04969,35.60636],[6.04967,35.6066]]]}},{"type":"Feature","properties":{},"geometry":{"type":"Polygon","coordinates":[[[6.04933,35.60536],[6.04886,35.60544],[6.04854,35.60496],[6.0486,35.60438],[6.04902,35.604],[6.04887,35.60459],[6.04902,35.6052],[6.04933,35.60536]]]}},{"type":"Feature","properties":{},"geometry":{"type":"Polygon","coordinates":[[[6.07493,35.60312],[6.07494,35.60314],[6.07493,35.60312],[6.07493,35.60312]]]}},{"type":"Feature","properties":{},"geometry":{"type":"Polygon","coordinates":[[[6.07494,35.60314],[6.07494,35.60316],[6.07494,35.60314],[6.07494,35.60314]]]}},{"type":"Feature","properties":{},"geometry":{"type":"Polygon","coordinates":[[[6.07491,35.6032],[6.07491,35.6032],[6.07493,35.60318],[6.07491,35.6032]]]}},{"type":"Feature","properties":{},"geometry":{"type":"Polygon","coordinates":[[[6.07487,35.60326],[6.07487,35.60326],[6.07488,35.60325],[6.07487,35.60326]]]}},{"type":"Feature","properties":{},"geometry":{"type":"Polygon","coordinates":[[[6.07488,35.60328],[6.07487,35.60326],[6.07488,35.60328],[6.07491,35.60327],[6.07494,35.60326],[6.07497,35.60324],[6.07503,35.60323],[6.07507,35.60323],[6.07488,35.60328]]]}},{"type":"Feature","properties":{},"geometry":{"type":"Polygon","coordinates":[[[6.07516,35.6032],[6.07516,35.6032],[6.07514,35.6032],[6.07516,35.6032]]]}},{"type":"Feature","properties":{},"geometry":{"type":"Polygon","coordinates":[[[6.07523,35.60307],[6.07522,35.6031],[6.07523,35.60307],[6.07522,35.60303],[6.07522,35.60297],[6.07519,35.60289],[6.07519,35.60288],[6.07522,35.60297],[6.07523,35.60307]]]}},{"type":"Feature","properties":{},"geometry":{"type":"Polygon","coordinates":[[[6.07514,35.60278],[6.07514,35.60278],[6.07515,35.60281],[6.07514,35.60278]]]}},{"type":"Feature","properties":{},"geometry":{"type":"Polygon","coordinates":[[[6.07504,35.60275],[6.0751,35.60276],[6.07511,35.60277],[6.07504,35.60275]]]}},{"type":"Feature","properties":{},"geometry":{"type":"Polygon","coordinates":[[[6.07501,35.60275],[6.07501,35.60275],[6.07503,35.60275],[6.07501,35.60275]]]}},{"type":"Feature","properties":{},"geometry":{"type":"Polygon","coordinates":[[[6.07494,35.60277],[6.07496,35.60277],[6.07493,35.60278],[6.07494,35.60277]]]}},{"type":"Feature","properties":{},"geometry":{"type":"Polygon","coordinates":[[[6.07482,35.60283],[6.07484,35.60282],[6.0748,35.60283],[6.07482,35.60283]]]}},{"type":"Feature","properties":{},"geometry":{"type":"Polygon","coordinates":[[[6.07476,35.60286],[6.07476,35.60286],[6.07477,35.60285],[6.07476,35.60286]]]}},{"type":"Feature","properties":{},"geometry":{"type":"Polygon","coordinates":[[[6.07474,35.60286],[6.07474,35.60286],[6.07476,35.60286],[6.07474,35.60286]]]}},{"type":"Feature","properties":{},"geometry":{"type":"Polygon","coordinates":[[[6.07471,35.60295],[6.07471,35.60293],[6.07473,35.60297],[6.07471,35.60295]]]}},{"type":"Feature","properties":{},"geometry":{"type":"Polygon","coordinates":[[[6.07476,35.60299],[6.07476,35.60299],[6.07475,35.60298],[6.07476,35.60299]]]}},{"type":"Feature","properties":{},"geometry":{"type":"Polygon","coordinates":[[[6.07475,35.60307],[6.07476,35.60302],[6.07476,35.60299],[6.07475,35.60307]]]}},{"type":"Feature","properties":{},"geometry":{"type":"Polygon","coordinates":[[[6.07479,35.60315],[6.07475,35.60314],[6.07474,35.60313],[6.07479,35.60315]]]}},{"type":"Feature","properties":{},"geometry":{"type":"Polygon","coordinates":[[[6.07488,35.60311],[6.07488,35.60311],[6.07485,35.60313],[6.07488,35.60311]]]}},{"type":"Feature","properties":{},"geometry":{"type":"Polygon","coordinates":[[[6.0749,35.60311],[6.07488,35.60311],[6.07492,35.60311],[6.0749,35.60311]]]}},{"type":"Feature","properties":{},"geometry":{"type":"Polygon","coordinates":[[[6.06811,35.61577],[6.06703,35.61557],[6.06834,35.61563],[6.06811,35.61577]]]}},{"type":"Feature","properties":{},"geometry":{"type":"Polygon","coordinates":[[[5.97344,35.55274],[5.97311,35.55297],[5.97292,35.55342],[5.97208,35.55348],[5.97147,35.55388],[5.97123,35.55392],[5.97095,35.55339],[5.9704,35.55349],[5.97028,35.55306],[5.96932,35.55279],[5.96976,35.5522],[5.96895,35.55237],[5.9687,35.55224],[5.96851,35.55148],[5.96719,35.54984],[5.96699,35.54935],[5.96706,35.5491],[5.96759,35.54888],[5.96827,35.54945],[5.96925,35.54969],[5.96972,35.55018],[5.97034,35.55037],[5.97228,35.549],[5.97299,35.54883],[5.97359,35.54912],[5.97416,35.54907],[5.97453,35.54889],[5.9749,35.54835],[5.97566,35.54794],[5.97808,35.54735],[5.97858,35.54756],[5.97865,35.54777],[5.97848,35.54789],[5.97784,35.5479],[5.97704,35.5485],[5.97699,35.54896],[5.97631,35.54996],[5.97592,35.55003],[5.97409,35.5497],[5.97311,35.54974],[5.97286,35.54985],[5.97279,35.55044],[5.97249,35.55097],[5.97244,35.55134],[5.97257,35.5514],[5.97356,35.5514],[5.97388,35.55094],[5.97394,35.55045],[5.97432,35.5504],[5.97478,35.55112],[5.9751,35.55133],[5.97615,35.55151],[5.97632,35.55171],[5.97719,35.55193],[5.97741,35.55223],[5.97611,35.55192],[5.97459,35.55184],[5.97398,35.55196],[5.97344,35.55274]]]}},{"type":"Feature","properties":{},"geometry":{"type":"Polygon","coordinates":[[[5.94767,35.55306],[5.94742,35.55315],[5.94767,35.55306],[5.94781,35.55323],[5.94767,35.55306]]]}},{"type":"Feature","properties":{},"geometry":{"type":"Polygon","coordinates":[[[5.94817,35.55318],[5.94813,35.55318],[5.94888,35.55325],[5.94817,35.55318]]]}},{"type":"Feature","properties":{},"geometry":{"type":"Polygon","coordinates":[[[5.94938,35.554],[5.94905,35.55351],[5.94938,35.554],[5.9493,35.5543],[5.94938,35.554]]]}},{"type":"Feature","properties":{},"geometry":{"type":"Polygon","coordinates":[[[5.94863,35.55536],[5.94896,35.55493],[5.94863,35.55536],[5.94822,35.55554],[5.94863,35.55536]]]}},{"type":"Feature","properties":{},"geometry":{"type":"Polygon","coordinates":[[[5.94617,35.55551],[5.9471,35.55565],[5.94688,35.55564],[5.94617,35.55551],[5.94572,35.55563],[5.94617,35.55551]]]}},{"type":"Feature","properties":{},"geometry":{"type":"Polygon","coordinates":[[[5.94567,35.55604],[5.94539,35.55595],[5.94574,35.55606],[5.94567,35.55604]]]}},{"type":"Feature","properties":{},"geometry":{"type":"Polygon","coordinates":[[[5.94624,35.55616],[5.94605,35.55612],[5.94632,35.55618],[5.94624,35.55616]]]}},{"type":"Feature","properties":{},"geometry":{"type":"Polygon","coordinates":[[[5.94633,35.55688],[5.94637,35.55686],[5.94626,35.55693],[5.94633,35.55688]]]}},{"type":"Feature","properties":{},"geometry":{"type":"Polygon","coordinates":[[[5.94607,35.55707],[5.94614,35.55701],[5.94597,35.55712],[5.94607,35.55707]]]}},{"type":"Feature","properties":{},"geometry":{"type":"Polygon","coordinates":[[[5.94583,35.55751],[5.9459,35.55725],[5.94583,35.55751],[5.94587,35.55757],[5.94583,35.55751]]]}},{"type":"Feature","properties":{},"geometry":{"type":"Polygon","coordinates":[[[5.94648,35.55796],[5.94636,35.55794],[5.94668,35.55792],[5.94648,35.55796]]]}},{"type":"Feature","properties":{},"geometry":{"type":"Polygon","coordinates":[[[5.94746,35.5576],[5.94697,35.55779],[5.94751,35.55753],[5.94746,35.5576]]]}},{"type":"Feature","properties":{},"geometry":{"type":"Polygon","coordinates":[[[5.9478,35.55717],[5.94763,35.55736],[5.94771,35.5572],[5.9478,35.55717]]]}},{"type":"Feature","properties":{},"geometry":{"type":"Polygon","coordinates":[[[5.94784,35.55715],[5.9479,35.55704],[5.94797,35.55694],[5.9479,35.55704],[5.94784,35.55715]]]}},{"type":"Feature","properties":{},"geometry":{"type":"Polygon","coordinates":[[[5.948,35.55691],[5.94804,35.55689],[5.948,35.55691],[5.948,35.55691]]]}},{"type":"Feature","properties":{},"geometry":{"type":"Polygon","coordinates":[[[5.94846,35.55683],[5.94838,35.55683],[5.94866,35.55682],[5.94846,35.55683]]]}},{"type":"Feature","properties":{},"geometry":{"type":"Polygon","coordinates":[[[5.9492,35.55677],[5.9492,35.55677],[5.94907,35.5568],[5.9492,35.55677]]]}},{"type":"Feature","properties":{},"geometry":{"type":"Polygon","coordinates":[[[5.9495,35.55671],[5.94938,35.55673],[5.94954,35.5567],[5.9495,35.55671]]]}},{"type":"Feature","properties":{},"geometry":{"type":"Polygon","coordinates":[[[5.94997,35.55665],[5.9497,35.55668],[5.9501,35.55658],[5.94997,35.55665]]]}},{"type":"Feature","properties":{},"geometry":{"type":"Polygon","coordinates":[[[5.9509,35.5563],[5.95069,35.55631],[5.95093,35.5563],[5.9509,35.5563]]]}},{"type":"Feature","properties":{},"geometry":{"type":"Polygon","coordinates":[[[5.95148,35.55621],[5.95117,35.55625],[5.95123,35.55624],[5.95148,35.55621]]]}},{"type":"Feature","properties":{},"geometry":{"type":"Polygon","coordinates":[[[5.95215,35.55598],[5.95204,35.55601],[5.95215,35.55598],[5.95215,35.55598]]]}},{"type":"Feature","properties":{},"geometry":{"type":"Polygon","coordinates":[[[5.95264,35.55542],[5.95263,35.55543],[5.95265,35.55539],[5.95264,35.55542]]]}},{"type":"Feature","properties":{},"geometry":{"type":"Polygon","coordinates":[[[5.95288,35.55481],[5.95286,35.5549],[5.95287,35.55471],[5.95288,35.55481]]]}},{"type":"Feature","properties":{},"geometry":{"type":"Polygon","coordinates":[[[5.95292,35.55446],[5.9529,35.55451],[5.95294,35.5544],[5.95292,35.55446]]]}},{"type":"Feature","properties":{},"geometry":{"type":"Polygon","coordinates":[[[5.953,35.55406],[5.95299,35.55419],[5.953,35.55405],[5.953,35.55406]]]}},{"type":"Feature","properties":{},"geometry":{"type":"Polygon","coordinates":[[[5.95298,35.5538],[5.953,35.55387],[5.95297,35.55369],[5.95298,35.5538]]]}},{"type":"Feature","properties":{},"geometry":{"type":"Polygon","coordinates":[[[5.95292,35.55344],[5.95296,35.55364],[5.95292,35.55352],[5.95292,35.55344]]]}},{"type":"Feature","properties":{},"geometry":{"type":"Polygon","coordinates":[[[5.95278,35.553],[5.95286,35.5532],[5.95281,35.55312],[5.95278,35.553],[5.95272,35.55291],[5.95278,35.553]]]}},{"type":"Feature","properties":{},"geometry":{"type":"Polygon","coordinates":[[[5.95249,35.55263],[5.95259,35.55278],[5.95254,35.55273],[5.95249,35.55263]]]}},{"type":"Feature","properties":{},"geometry":{"type":"Polygon","coordinates":[[[5.95242,35.55256],[5.95232,35.55251],[5.9522,35.55242],[5.9521,35.55238],[5.9522,35.55242],[5.95242,35.55256]]]}},{"type":"Feature","properties":{},"geometry":{"type":"Polygon","coordinates":[[[5.95183,35.5523],[5.95195,35.55233],[5.952,35.55234],[5.95195,35.55233],[5.95183,35.5523]]]}},{"type":"Feature","properties":{},"geometry":{"type":"Polygon","coordinates":[[[5.95122,35.5524],[5.95133,35.55239],[5.95122,35.5524],[5.951,35.55245],[5.95093,35.55245],[5.95122,35.5524]]]}},{"type":"Feature","properties":{},"geometry":{"type":"Polygon","coordinates":[[[5.9507,35.5525],[5.95079,35.55248],[5.95064,35.55252],[5.9507,35.5525]]]}},{"type":"Feature","properties":{},"geometry":{"type":"Polygon","coordinates":[[[5.9503,35.5526],[5.95028,35.5526],[5.9503,35.5526],[5.9503,35.5526]]]}},{"type":"Feature","properties":{},"geometry":{"type":"Polygon","coordinates":[[[5.94985,35.55219],[5.95001,35.55241],[5.94994,35.55232],[5.94985,35.55219]]]}},{"type":"Feature","properties":{},"geometry":{"type":"Polygon","coordinates":[[[5.94913,35.55162],[5.94928,35.55166],[5.94907,35.55158],[5.94913,35.55162]]]}},{"type":"Feature","properties":{},"geometry":{"type":"Polygon","coordinates":[[[5.94894,35.55146],[5.94898,35.55151],[5.94889,35.55141],[5.94894,35.55146]]]}},{"type":"Feature","properties":{},"geometry":{"type":"Polygon","coordinates":[[[5.94866,35.5512],[5.94857,35.55107],[5.94866,35.5512],[5.94866,35.5512]]]}},{"type":"Feature","properties":{},"geometry":{"type":"Polygon","coordinates":[[[5.94857,35.55107],[5.94843,35.55103],[5.94841,35.55102],[5.94843,35.55103],[5.94857,35.55107]]]}},{"type":"Feature","properties":{},"geometry":{"type":"Polygon","coordinates":[[[5.94803,35.55065],[5.94821,35.55086],[5.94787,35.55058],[5.94803,35.55065]]]}},{"type":"Feature","properties":{},"geometry":{"type":"Polygon","coordinates":[[[5.94754,35.55049],[5.94765,35.55052],[5.94744,35.55045],[5.94754,35.55049]]]}},{"type":"Feature","properties":{},"geometry":{"type":"Polygon","coordinates":[[[5.95604,35.56051],[5.95604,35.56048],[5.95604,35.56048],[5.95604,35.56051]]]}},{"type":"Feature","properties":{},"geometry":{"type":"Polygon","coordinates":[[[5.95604,35.56058],[5.95604,35.56058],[5.95604,35.56057],[5.95604,35.56058]]]}},{"type":"Feature","properties":{},"geometry":{"type":"Polygon","coordinates":[[[5.95609,35.5607],[5.95606,35.56064],[5.95609,35.5607],[5.95612,35.56071],[5.95609,35.5607]]]}},{"type":"Feature","properties":{},"geometry":{"type":"Polygon","coordinates":[[[5.95613,35.56072],[5.95613,35.56072],[5.95613,35.56072],[5.95613,35.56072]]]}},{"type":"Feature","properties":{},"geometry":{"type":"Polygon","coordinates":[[[5.95618,35.56075],[5.95618,35.56075],[5.95617,35.56075],[5.95618,35.56075]]]}},{"type":"Feature","properties":{},"geometry":{"type":"Polygon","coordinates":[[[5.95625,35.56078],[5.95621,35.56077],[5.95627,35.56079],[5.95625,35.56078]]]}},{"type":"Feature","properties":{},"geometry":{"type":"Polygon","coordinates":[[[5.95634,35.5608],[5.95634,35.5608],[5.95634,35.56079],[5.95634,35.5608]]]}},{"type":"Feature","properties":{},"geometry":{"type":"Polygon","coordinates":[[[5.95644,35.56077],[5.95641,35.56078],[5.95647,35.56075],[5.95644,35.56077]]]}},{"type":"Feature","properties":{},"geometry":{"type":"Polygon","coordinates":[[[5.95656,35.5607],[5.95647,35.56075],[5.95659,35.56068],[5.95656,35.5607]]]}},{"type":"Feature","properties":{},"geometry":{"type":"Polygon","coordinates":[[[5.95661,35.56065],[5.95659,35.56067],[5.95659,35.56068],[5.95661,35.56065]]]}},{"type":"Feature","properties":{},"geometry":{"type":"Polygon","coordinates":[[[5.95672,35.56056],[5.9567,35.56059],[5.95669,35.56059],[5.95672,35.56056]]]}},{"type":"Feature","properties":{},"geometry":{"type":"Polygon","coordinates":[[[5.95675,35.56051],[5.95675,35.56051],[5.95674,35.56052],[5.95675,35.56051]]]}},{"type":"Feature","properties":{},"geometry":{"type":"Polygon","coordinates":[[[5.95677,35.56047],[5.95677,35.56047],[5.95676,35.56048],[5.95677,35.56047]]]}},{"type":"Feature","properties":{},"geometry":{"type":"Polygon","coordinates":[[[5.95743,35.55978],[5.95739,35.55981],[5.95744,35.55977],[5.95743,35.55978]]]}},{"type":"Feature","properties":{},"geometry":{"type":"Polygon","coordinates":[[[5.95747,35.55973],[5.95747,35.55973],[5.95746,35.55974],[5.95747,35.55973]]]}},{"type":"Feature","properties":{},"geometry":{"type":"Polygon","coordinates":[[[5.95752,35.55967],[5.95749,35.55971],[5.95754,35.55963],[5.95752,35.55967]]]}},{"type":"Feature","properties":{},"geometry":{"type":"Polygon","coordinates":[[[5.9576,35.55953],[5.95759,35.55954],[5.9576,35.55952],[5.9576,35.55953]]]}},{"type":"Feature","properties":{},"geometry":{"type":"Polygon","coordinates":[[[5.95768,35.55944],[5.95763,35.55949],[5.95765,35.55946],[5.95768,35.55944]]]}},{"type":"Feature","properties":{},"geometry":{"type":"Polygon","coordinates":[[[5.95772,35.5594],[5.95771,35.55942],[5.95774,35.55938],[5.95772,35.5594]]]}},{"type":"Feature","properties":{},"geometry":{"type":"Polygon","coordinates":[[[5.95777,35.55935],[5.95777,35.55935],[5.95775,35.55938],[5.95777,35.55935]]]}},{"type":"Feature","properties":{},"geometry":{"type":"Polygon","coordinates":[[[5.95789,35.55928],[5.95782,35.55932],[5.95787,35.55928],[5.95789,35.55928]]]}},{"type":"Feature","properties":{},"geometry":{"type":"Polygon","coordinates":[[[5.95799,35.55918],[5.95807,35.55909],[5.95809,35.55909],[5.95807,35.55909],[5.95799,35.55918]]]}},{"type":"Feature","properties":{},"geometry":{"type":"Polygon","coordinates":[[[5.9581,35.55909],[5.9581,35.55909],[5.95812,35.55905],[5.9581,35.55909]]]}},{"type":"Feature","properties":{},"geometry":{"type":"Polygon","coordinates":[[[5.95814,35.55903],[5.95813,35.55904],[5.95814,35.55903],[5.95816,35.559],[5.95818,35.55897],[5.95814,35.55903]]]}},{"type":"Feature","properties":{},"geometry":{"type":"Polygon","coordinates":[[[5.95821,35.55893],[5.95821,35.55893],[5.95821,35.55894],[5.95821,35.55893]]]}},{"type":"Feature","properties":{},"geometry":{"type":"Polygon","coordinates":[[[5.95823,35.55891],[5.95821,35.55893],[5.95824,35.5589],[5.95823,35.55891]]]}},{"type":"Feature","properties":{},"geometry":{"type":"Polygon","coordinates":[[[5.95828,35.55883],[5.95827,35.55885],[5.95825,35.55889],[5.95828,35.55883]]]}},{"type":"Feature","properties":{},"geometry":{"type":"Polygon","coordinates":[[[5.95839,35.55869],[5.95835,35.55875],[5.95837,35.55871],[5.95839,35.55869],[5.9584,35.55866],[5.95839,35.55869]]]}},{"type":"Feature","properties":{},"geometry":{"type":"Polygon","coordinates":[[[5.9584,35.55857],[5.9584,35.55865],[5.9584,35.55857],[5.9584,35.55857]]]}},{"type":"Feature","properties":{},"geometry":{"type":"Polygon","coordinates":[[[5.95839,35.55849],[5.95839,35.55851],[5.95839,35.55848],[5.95839,35.55849]]]}},{"type":"Feature","properties":{},"geometry":{"type":"Polygon","coordinates":[[[5.9584,35.5584],[5.9584,35.5584],[5.95839,35.55842],[5.9584,35.5584]]]}},{"type":"Feature","properties":{},"geometry":{"type":"Polygon","coordinates":[[[5.95838,35.55832],[5.95839,35.55835],[5.95839,35.55835],[5.95838,35.55833],[5.95838,35.55832]]]}},{"type":"Feature","properties":{},"geometry":{"type":"Polygon","coordinates":[[[5.95837,35.55814],[5.95837,35.55825],[5.95833,35.5581],[5.95837,35.55814]]]}},{"type":"Feature","properties":{},"geometry":{"type":"Polygon","coordinates":[[[5.95827,35.55805],[5.95831,35.55808],[5.95832,35.55809],[5.95827,35.55805]]]}},{"type":"Feature","properties":{},"geometry":{"type":"Polygon","coordinates":[[[5.9582,35.55803],[5.95824,35.55803],[5.95817,35.55804],[5.9582,35.55803]]]}},{"type":"Feature","properties":{},"geometry":{"type":"Polygon","coordinates":[[[5.95814,35.55805],[5.95817,35.55804],[5.95812,35.55807],[5.95814,35.55805]]]}},{"type":"Feature","properties":{},"geometry":{"type":"Polygon","coordinates":[[[5.9581,35.55811],[5.9581,35.55811],[5.95811,35.5581],[5.9581,35.55811]]]}},{"type":"Feature","properties":{},"geometry":{"type":"Polygon","coordinates":[[[5.95807,35.55823],[5.95809,35.55818],[5.95809,35.5582],[5.95807,35.55823],[5.95807,35.55827],[5.95807,35.55823]]]}},{"type":"Feature","properties":{},"geometry":{"type":"Polygon","coordinates":[[[5.95805,35.55833],[5.95806,35.55831],[5.95806,35.5583],[5.95805,35.55833]]]}},{"type":"Feature","properties":{},"geometry":{"type":"Polygon","coordinates":[[[5.95787,35.55857],[5.95791,35.55853],[5.95789,35.55856],[5.95787,35.55857]]]}},{"type":"Feature","properties":{},"geometry":{"type":"Polygon","coordinates":[[[5.95786,35.5586],[5.95786,35.5586],[5.95787,35.55859],[5.95786,35.5586]]]}},{"type":"Feature","properties":{},"geometry":{"type":"Polygon","coordinates":[[[5.95783,35.55865],[5.95783,35.55865],[5.95784,35.55864],[5.95783,35.55865]]]}},{"type":"Feature","properties":{},"geometry":{"type":"Polygon","coordinates":[[[5.9578,35.55873],[5.95781,35.55869],[5.95779,35.55875],[5.9578,35.55873]]]}},{"type":"Feature","properties":{},"geometry":{"type":"Polygon","coordinates":[[[5.9577,35.55887],[5.95776,35.5588],[5.95775,35.55882],[5.9577,35.55887]]]}},{"type":"Feature","properties":{},"geometry":{"type":"Polygon","coordinates":[[[5.95766,35.5589],[5.95768,35.55888],[5.95768,35.55888],[5.95766,35.5589]]]}},{"type":"Feature","properties":{},"geometry":{"type":"Polygon","coordinates":[[[5.95763,35.55891],[5.95766,35.5589],[5.95761,35.55892],[5.95763,35.55891]]]}},{"type":"Feature","properties":{},"geometry":{"type":"Polygon","coordinates":[[[5.95752,35.559],[5.95759,35.55895],[5.95758,35.55896],[5.95755,35.55899],[5.95752,35.559]]]}},{"type":"Feature","properties":{},"geometry":{"type":"Polygon","coordinates":[[[5.95742,35.55914],[5.95742,35.55914],[5.95743,35.55911],[5.95742,35.55914]]]}},{"type":"Feature","properties":{},"geometry":{"type":"Polygon","coordinates":[[[5.95738,35.55917],[5.95738,35.55917],[5.95739,35.55916],[5.95738,35.55917]]]}},{"type":"Feature","properties":{},"geometry":{"type":"Polygon","coordinates":[[[5.95736,35.5592],[5.95736,35.55919],[5.95736,35.55919],[5.95736,35.5592]]]}},{"type":"Feature","properties":{},"geometry":{"type":"Polygon","coordinates":[[[5.95729,35.55926],[5.95729,35.55926],[5.9573,35.55925],[5.95729,35.55926]]]}},{"type":"Feature","properties":{},"geometry":{"type":"Polygon","coordinates":[[[5.95755,35.55316],[5.95755,35.55316],[5.95755,35.55316],[5.95755,35.55316]]]}},{"type":"Feature","properties":{},"geometry":{"type":"Polygon","coordinates":[[[5.95759,35.55325],[5.95758,35.55321],[5.9576,35.55331],[5.95759,35.55325]]]}},{"type":"Feature","properties":{},"geometry":{"type":"Polygon","coordinates":[[[5.95771,35.55348],[5.9577,35.55347],[5.9577,35.55347],[5.95771,35.55348]]]}},{"type":"Feature","properties":{},"geometry":{"type":"Polygon","coordinates":[[[5.95778,35.55351],[5.95773,35.5535],[5.95783,35.55352],[5.95778,35.55351]]]}},{"type":"Feature","properties":{},"geometry":{"type":"Polygon","coordinates":[[[5.95803,35.55344],[5.95797,35.55347],[5.95804,35.55343],[5.95803,35.55344]]]}},{"type":"Feature","properties":{},"geometry":{"type":"Polygon","coordinates":[[[5.95818,35.55338],[5.95817,35.55339],[5.9582,35.55337],[5.95818,35.55338]]]}},{"type":"Feature","properties":{},"geometry":{"type":"Polygon","coordinates":[[[5.9583,35.55328],[5.9583,35.55328],[5.95829,35.55329],[5.9583,35.55328]]]}},{"type":"Feature","properties":{},"geometry":{"type":"Polygon","coordinates":[[[5.95838,35.55321],[5.95841,35.55321],[5.95838,35.55321],[5.95838,35.55321]]]}},{"type":"Feature","properties":{},"geometry":{"type":"Polygon","coordinates":[[[5.95843,35.55321],[5.95842,35.55321],[5.95842,35.55321],[5.95843,35.55321]]]}},{"type":"Feature","properties":{},"geometry":{"type":"Polygon","coordinates":[[[5.95852,35.55312],[5.95852,35.55312],[5.95852,35.55314],[5.95852,35.55312]]]}},{"type":"Feature","properties":{},"geometry":{"type":"Polygon","coordinates":[[[5.95851,35.55305],[5.95851,35.55305],[5.95851,35.55305],[5.95851,35.55305]]]}},{"type":"Feature","properties":{},"geometry":{"type":"Polygon","coordinates":[[[5.9586,35.55289],[5.95853,35.55299],[5.95854,35.55297],[5.95858,35.55291],[5.9586,35.55289],[5.9586,35.55285],[5.95862,35.55283],[5.9586,35.55289]]]}},{"type":"Feature","properties":{},"geometry":{"type":"Polygon","coordinates":[[[5.95858,35.55265],[5.95862,35.55282],[5.95859,35.55269],[5.95858,35.55265]]]}},{"type":"Feature","properties":{},"geometry":{"type":"Polygon","coordinates":[[[5.95856,35.55254],[5.95858,35.55263],[5.95857,35.55257],[5.95856,35.55254]]]}},{"type":"Feature","properties":{},"geometry":{"type":"Polygon","coordinates":[[[5.95855,35.55246],[5.95855,35.55252],[5.95855,35.55242],[5.95855,35.55246]]]}},{"type":"Feature","properties":{},"geometry":{"type":"Polygon","coordinates":[[[5.95858,35.55238],[5.95858,35.55238],[5.95856,35.55241],[5.95858,35.55238]]]}},{"type":"Feature","properties":{},"geometry":{"type":"Polygon","coordinates":[[[5.95867,35.55226],[5.95861,35.55235],[5.9587,35.55221],[5.95867,35.55226]]]}},{"type":"Feature","properties":{},"geometry":{"type":"Polygon","coordinates":[[[5.95877,35.55209],[5.95877,35.55209],[5.95876,35.55207],[5.95877,35.55209]]]}},{"type":"Feature","properties":{},"geometry":{"type":"Polygon","coordinates":[[[5.95878,35.55202],[5.95877,35.55205],[5.95878,35.55202],[5.95878,35.55198],[5.95879,35.55195],[5.9588,35.55193],[5.95878,35.55202]]]}},{"type":"Feature","properties":{},"geometry":{"type":"Polygon","coordinates":[[[5.95887,35.55164],[5.95881,35.55189],[5.95883,35.55176],[5.95887,35.55164],[5.95887,35.55158],[5.95887,35.55164]]]}},{"type":"Feature","properties":{},"geometry":{"type":"Polygon","coordinates":[[[5.95887,35.55152],[5.95887,35.55156],[5.95887,35.5515],[5.95887,35.55152]]]}},{"type":"Feature","properties":{},"geometry":{"type":"Polygon","coordinates":[[[5.95886,35.55142],[5.95886,35.55142],[5.95886,35.55144],[5.95886,35.55142]]]}},{"type":"Feature","properties":{},"geometry":{"type":"Polygon","coordinates":[[[5.95877,35.55125],[5.95877,35.55125],[5.95879,35.5513],[5.95877,35.55125]]]}},{"type":"Feature","properties":{},"geometry":{"type":"Polygon","coordinates":[[[5.95865,35.55106],[5.95866,35.55109],[5.95865,35.55106],[5.95865,35.55106]]]}},{"type":"Feature","properties":{},"geometry":{"type":"Polygon","coordinates":[[[5.95852,35.55099],[5.95852,35.55099],[5.95856,35.55101],[5.95852,35.55099]]]}},{"type":"Feature","properties":{},"geometry":{"type":"Polygon","coordinates":[[[5.95845,35.55097],[5.95847,35.55097],[5.95847,35.55097],[5.95845,35.55097]]]}},{"type":"Feature","properties":{},"geometry":{"type":"Polygon","coordinates":[[[5.95841,35.551],[5.95842,35.55098],[5.95842,35.55098],[5.95841,35.551]]]}},{"type":"Feature","properties":{},"geometry":{"type":"Polygon","coordinates":[[[5.95839,35.55107],[5.95839,35.55107],[5.9584,35.55102],[5.95839,35.55107]]]}},{"type":"Feature","properties":{},"geometry":{"type":"Polygon","coordinates":[[[5.9583,35.55146],[5.9584,35.55132],[5.95828,35.55147],[5.9583,35.55146]]]}},{"type":"Feature","properties":{},"geometry":{"type":"Polygon","coordinates":[[[5.95815,35.55155],[5.95815,35.55155],[5.95816,35.55154],[5.95815,35.55155]]]}},{"type":"Feature","properties":{},"geometry":{"type":"Polygon","coordinates":[[[5.95806,35.55157],[5.95806,35.55157],[5.95807,35.55157],[5.95806,35.55157]]]}},{"type":"Feature","properties":{},"geometry":{"type":"Polygon","coordinates":[[[5.95792,35.55165],[5.95792,35.55165],[5.95793,35.55165],[5.95792,35.55165]]]}},{"type":"Feature","properties":{},"geometry":{"type":"Polygon","coordinates":[[[5.95775,35.55175],[5.9578,35.55172],[5.95772,35.5518],[5.95775,35.55175]]]}},{"type":"Feature","properties":{},"geometry":{"type":"Polygon","coordinates":[[[5.95767,35.55191],[5.95767,35.55191],[5.95768,35.5519],[5.95767,35.55191]]]}},{"type":"Feature","properties":{},"geometry":{"type":"Polygon","coordinates":[[[5.95765,35.55209],[5.95765,35.55204],[5.95766,35.5521],[5.95765,35.55209]]]}},{"type":"Feature","properties":{},"geometry":{"type":"Polygon","coordinates":[[[5.95768,35.5522],[5.95768,35.5522],[5.95767,35.55218],[5.95768,35.5522]]]}},{"type":"Feature","properties":{},"geometry":{"type":"Polygon","coordinates":[[[5.95765,35.55233],[5.95766,35.55227],[5.95765,35.55232],[5.95765,35.55233]]]}},{"type":"Feature","properties":{},"geometry":{"type":"Polygon","coordinates":[[[5.95761,35.55241],[5.95764,35.55236],[5.95763,35.55239],[5.95761,35.55241],[5.95761,35.55244],[5.95761,35.55241]]]}},{"type":"Feature","properties":{},"geometry":{"type":"Polygon","coordinates":[[[5.95758,35.55255],[5.95758,35.55256],[5.95758,35.55255],[5.95758,35.55255]]]}},{"type":"Feature","properties":{},"geometry":{"type":"Polygon","coordinates":[[[5.95756,35.55263],[5.95756,35.55262],[5.95756,35.55264],[5.95756,35.55263]]]}},{"type":"Feature","properties":{},"geometry":{"type":"Polygon","coordinates":[[[5.95756,35.55269],[5.95756,35.55269],[5.95756,35.55268],[5.95756,35.55269]]]}},{"type":"Feature","properties":{},"geometry":{"type":"Polygon","coordinates":[[[5.95756,35.55286],[5.95756,35.55286],[5.95757,35.55285],[5.95756,35.55286]]]}},{"type":"Feature","properties":{},"geometry":{"type":"Polygon","coordinates":[[[5.95755,35.55294],[5.95755,35.55294],[5.95755,35.55294],[5.95755,35.55294]]]}},{"type":"Feature","properties":{},"geometry":{"type":"Polygon","coordinates":[[[5.95751,35.55298],[5.95752,35.55298],[5.95753,35.55297],[5.95751,35.55298]]]}},{"type":"Feature","properties":{},"geometry":{"type":"Polygon","coordinates":[[[5.95753,35.55303],[5.9575,35.553],[5.9575,35.553],[5.95753,35.55303]]]}},{"type":"Feature","properties":{},"geometry":{"type":"Polygon","coordinates":[[[5.95642,35.55276],[5.95639,35.55282],[5.95646,35.55274],[5.95642,35.55276]]]}},{"type":"Feature","properties":{},"geometry":{"type":"Polygon","coordinates":[[[5.95656,35.55255],[5.9565,35.55268],[5.95656,35.55255],[5.95657,35.55253],[5.95657,35.55252],[5.95656,35.55255]]]}},{"type":"Feature","properties":{},"geometry":{"type":"Polygon","coordinates":[[[5.95657,35.55237],[5.9566,35.55242],[5.9565,35.55236],[5.95657,35.55237]]]}},{"type":"Feature","properties":{},"geometry":{"type":"Polygon","coordinates":[[[5.95643,35.55235],[5.95643,35.55235],[5.95645,35.55235],[5.95643,35.55235]]]}},{"type":"Feature","properties":{},"geometry":{"type":"Polygon","coordinates":[[[5.95638,35.55235],[5.95638,35.55235],[5.95636,35.55243],[5.95638,35.55235]]]}},{"type":"Feature","properties":{},"geometry":{"type":"Polygon","coordinates":[[[5.95634,35.55247],[5.95634,35.55247],[5.95636,35.55244],[5.95634,35.55247]]]}},{"type":"Feature","properties":{},"geometry":{"type":"Polygon","coordinates":[[[5.95629,35.55256],[5.95629,35.55256],[5.9563,35.55254],[5.95629,35.55256]]]}},{"type":"Feature","properties":{},"geometry":{"type":"Polygon","coordinates":[[[5.95619,35.55268],[5.9562,35.55267],[5.9562,35.55267],[5.95619,35.55268]]]}},{"type":"Feature","properties":{},"geometry":{"type":"Polygon","coordinates":[[[5.95612,35.55274],[5.95612,35.55274],[5.95614,35.55273],[5.95612,35.55274]]]}},{"type":"Feature","properties":{},"geometry":{"type":"Polygon","coordinates":[[[5.95611,35.55275],[5.95611,35.55275],[5.95612,35.55274],[5.95611,35.55275]]]}},{"type":"Feature","properties":{},"geometry":{"type":"Polygon","coordinates":[[[5.95596,35.55269],[5.95596,35.55269],[5.95597,35.55269],[5.95596,35.55269]]]}},{"type":"Feature","properties":{},"geometry":{"type":"Polygon","coordinates":[[[5.95586,35.55274],[5.95586,35.55274],[5.95585,35.55275],[5.95586,35.55274]]]}},{"type":"Feature","properties":{},"geometry":{"type":"Polygon","coordinates":[[[5.95578,35.55294],[5.95583,35.55284],[5.95578,35.55293],[5.95578,35.55294]]]}},{"type":"Feature","properties":{},"geometry":{"type":"Polygon","coordinates":[[[5.95578,35.55303],[5.95577,35.55297],[5.95579,35.55308],[5.95578,35.55303]]]}},{"type":"Feature","properties":{},"geometry":{"type":"Polygon","coordinates":[[[5.95581,35.5531],[5.95581,35.5531],[5.9558,35.55308],[5.95581,35.5531]]]}},{"type":"Feature","properties":{},"geometry":{"type":"Polygon","coordinates":[[[5.95585,35.55323],[5.95584,35.55321],[5.95585,35.55325],[5.95585,35.55323]]]}},{"type":"Feature","properties":{},"geometry":{"type":"Polygon","coordinates":[[[5.95601,35.55364],[5.95601,35.55364],[5.95599,35.55361],[5.95601,35.55364]]]}},{"type":"Feature","properties":{},"geometry":{"type":"Polygon","coordinates":[[[5.95609,35.55379],[5.95604,35.55369],[5.95607,35.55372],[5.95608,35.55376],[5.95609,35.55379]]]}},{"type":"Feature","properties":{},"geometry":{"type":"Polygon","coordinates":[[[5.95618,35.55388],[5.95615,35.55388],[5.95622,35.5539],[5.95618,35.55388]]]}},{"type":"Feature","properties":{},"geometry":{"type":"Polygon","coordinates":[[[5.95641,35.5539],[5.95641,35.5539],[5.9564,35.55391],[5.95641,35.5539]]]}},{"type":"Feature","properties":{},"geometry":{"type":"Polygon","coordinates":[[[5.95653,35.55389],[5.95653,35.5539],[5.95653,35.5539],[5.95653,35.55389]]]}},{"type":"Feature","properties":{},"geometry":{"type":"Polygon","coordinates":[[[5.95656,35.55381],[5.95655,35.55384],[5.95656,35.55378],[5.95656,35.55381]]]}},{"type":"Feature","properties":{},"geometry":{"type":"Polygon","coordinates":[[[5.95631,35.55351],[5.95632,35.55352],[5.95633,35.55348],[5.95631,35.55351]]]}},{"type":"Feature","properties":{},"geometry":{"type":"Polygon","coordinates":[[[5.95641,35.55347],[5.95639,35.55347],[5.95646,35.55348],[5.95641,35.55347]]]}},{"type":"Feature","properties":{},"geometry":{"type":"Polygon","coordinates":[[[5.95646,35.55348],[5.95646,35.55348],[5.95651,35.55348],[5.95646,35.55348]]]}},{"type":"Feature","properties":{},"geometry":{"type":"Polygon","coordinates":[[[5.95662,35.55348],[5.95651,35.55348],[5.95656,35.55348],[5.95662,35.55348]]]}},{"type":"Feature","properties":{},"geometry":{"type":"Polygon","coordinates":[[[5.95667,35.55338],[5.95667,35.55338],[5.95667,35.5534],[5.95667,35.55338]]]}},{"type":"Feature","properties":{},"geometry":{"type":"Polygon","coordinates":[[[5.95651,35.55328],[5.95651,35.55328],[5.95653,35.55329],[5.95651,35.55328]]]}},{"type":"Feature","properties":{},"geometry":{"type":"Polygon","coordinates":[[[5.95641,35.5532],[5.95641,35.5532],[5.9564,35.55318],[5.95641,35.5532]]]}},{"type":"Feature","properties":{},"geometry":{"type":"Polygon","coordinates":[[[5.95638,35.5531],[5.95638,35.5531],[5.95639,35.55312],[5.95638,35.5531]]]}},{"type":"Feature","properties":{},"geometry":{"type":"Polygon","coordinates":[[[5.95635,35.55303],[5.95639,35.55308],[5.95636,35.55301],[5.95635,35.55303]]]}},{"type":"Feature","properties":{},"geometry":{"type":"Polygon","coordinates":[[[5.95635,35.55288],[5.95635,35.55288],[5.95635,35.55291],[5.95635,35.55288]]]}},{"type":"Feature","properties":{},"geometry":{"type":"Polygon","coordinates":[[[5.94734,35.56097],[5.94738,35.56096],[5.94738,35.56096],[5.94734,35.56097]]]}},{"type":"Feature","properties":{},"geometry":{"type":"Polygon","coordinates":[[[5.94705,35.56104],[5.94723,35.561],[5.94688,35.56103],[5.94705,35.56104]]]}},{"type":"Feature","properties":{},"geometry":{"type":"Polygon","coordinates":[[[5.94663,35.56075],[5.9468,35.561],[5.94668,35.56097],[5.94664,35.56094],[5.94665,35.56085],[5.94663,35.56078],[5.94663,35.56075]]]}},{"type":"Feature","properties":{},"geometry":{"type":"Polygon","coordinates":[[[5.94658,35.56057],[5.94658,35.56057],[5.94659,35.56059],[5.94658,35.56057]]]}},{"type":"Feature","properties":{},"geometry":{"type":"Polygon","coordinates":[[[5.94615,35.56039],[5.94636,35.5604],[5.94611,35.5604],[5.94615,35.56039]]]}},{"type":"Feature","properties":{},"geometry":{"type":"Polygon","coordinates":[[[5.94599,35.56042],[5.94599,35.56042],[5.94603,35.56042],[5.94599,35.56042]]]}},{"type":"Feature","properties":{},"geometry":{"type":"Polygon","coordinates":[[[5.94581,35.56038],[5.94588,35.5604],[5.94573,35.56035],[5.94581,35.56038]]]}},{"type":"Feature","properties":{},"geometry":{"type":"Polygon","coordinates":[[[5.94563,35.56025],[5.94563,35.56025],[5.94565,35.56027],[5.94563,35.56025]]]}},{"type":"Feature","properties":{},"geometry":{"type":"Polygon","coordinates":[[[5.94558,35.56005],[5.94559,35.56007],[5.94559,35.56004],[5.94558,35.56005]]]}},{"type":"Feature","properties":{},"geometry":{"type":"Polygon","coordinates":[[[5.94562,35.55994],[5.94562,35.55994],[5.94562,35.55995],[5.94562,35.55994]]]}},{"type":"Feature","properties":{},"geometry":{"type":"Polygon","coordinates":[[[5.94461,35.55837],[5.94487,35.55863],[5.94461,35.55837],[5.94461,35.55837]]]}},{"type":"Feature","properties":{},"geometry":{"type":"Polygon","coordinates":[[[5.94407,35.55874],[5.94407,35.55874],[5.94434,35.55897],[5.94407,35.55874]]]}},{"type":"Feature","properties":{},"geometry":{"type":"Polygon","coordinates":[[[5.94321,35.55902],[5.94375,35.5593],[5.94321,35.55902],[5.94264,35.55914],[5.94321,35.55902]]]}},{"type":"Feature","properties":{},"geometry":{"type":"Polygon","coordinates":[[[5.94344,35.56183],[5.94344,35.56183],[5.94326,35.56186],[5.94344,35.56183]]]}},{"type":"Feature","properties":{},"geometry":{"type":"Polygon","coordinates":[[[5.94385,35.56331],[5.94372,35.56295],[5.94385,35.56331],[5.94513,35.56272],[5.94385,35.56331]]]}},{"type":"Feature","properties":{},"geometry":{"type":"Polygon","coordinates":[[[5.9465,35.56209],[5.94631,35.56214],[5.94692,35.5623],[5.9465,35.56209]]]}},{"type":"Feature","properties":{},"geometry":{"type":"Polygon","coordinates":[[[5.947,35.56234],[5.9473,35.5619],[5.94757,35.5616],[5.9473,35.5619],[5.947,35.56234]]]}},{"type":"Feature","properties":{},"geometry":{"type":"Polygon","coordinates":[[[5.94769,35.5615],[5.94766,35.56152],[5.94765,35.56153],[5.94769,35.5615]]]}},{"type":"Feature","properties":{},"geometry":{"type":"Polygon","coordinates":[[[5.95329,35.56293],[5.9532,35.56298],[5.95325,35.56295],[5.95329,35.56293],[5.95331,35.56292],[5.95329,35.56293]]]}},{"type":"Feature","properties":{},"geometry":{"type":"Polygon","coordinates":[[[5.95345,35.56284],[5.95344,35.56284],[5.95347,35.56283],[5.95345,35.56284]]]}},{"type":"Feature","properties":{},"geometry":{"type":"Polygon","coordinates":[[[5.95371,35.56274],[5.95359,35.56278],[5.95361,35.56276],[5.95371,35.56274]]]}},{"type":"Feature","properties":{},"geometry":{"type":"Polygon","coordinates":[[[5.9538,35.56272],[5.95372,35.56274],[5.95383,35.56271],[5.9538,35.56272]]]}},{"type":"Feature","properties":{},"geometry":{"type":"Polygon","coordinates":[[[5.95405,35.56271],[5.95395,35.56269],[5.9541,35.56273],[5.95405,35.56271]]]}},{"type":"Feature","properties":{},"geometry":{"type":"Polygon","coordinates":[[[5.9542,35.5628],[5.95418,35.56279],[5.9542,35.5628],[5.9542,35.5628]]]}},{"type":"Feature","properties":{},"geometry":{"type":"Polygon","coordinates":[[[5.9542,35.56286],[5.9542,35.56286],[5.9542,35.56282],[5.9542,35.56286]]]}},{"type":"Feature","properties":{},"geometry":{"type":"Polygon","coordinates":[[[5.95466,35.56298],[5.95452,35.56303],[5.95471,35.56296],[5.95466,35.56298]]]}},{"type":"Feature","properties":{},"geometry":{"type":"Polygon","coordinates":[[[5.95491,35.56283],[5.9549,35.56284],[5.95494,35.56281],[5.95491,35.56283]]]}},{"type":"Feature","properties":{},"geometry":{"type":"Polygon","coordinates":[[[5.95502,35.56276],[5.95502,35.56276],[5.95501,35.56277],[5.95502,35.56276]]]}},{"type":"Feature","properties":{},"geometry":{"type":"Polygon","coordinates":[[[5.95553,35.56237],[5.9555,35.56239],[5.95567,35.56228],[5.95553,35.56237]]]}},{"type":"Feature","properties":{},"geometry":{"type":"Polygon","coordinates":[[[5.95576,35.56218],[5.95569,35.56227],[5.95578,35.56214],[5.95576,35.56218]]]}},{"type":"Feature","properties":{},"geometry":{"type":"Polygon","coordinates":[[[5.95587,35.56206],[5.95582,35.56209],[5.95591,35.56203],[5.95587,35.56206]]]}},{"type":"Feature","properties":{},"geometry":{"type":"Polygon","coordinates":[[[5.95601,35.56194],[5.95597,35.56198],[5.95604,35.56192],[5.95601,35.56194]]]}},{"type":"Feature","properties":{},"geometry":{"type":"Polygon","coordinates":[[[5.95615,35.56183],[5.95618,35.56182],[5.95615,35.56183],[5.95615,35.56183]]]}},{"type":"Feature","properties":{},"geometry":{"type":"Polygon","coordinates":[[[5.9564,35.56165],[5.95633,35.56169],[5.95628,35.56176],[5.95633,35.56169],[5.9564,35.56165],[5.95644,35.5616],[5.9564,35.56165]]]}},{"type":"Feature","properties":{},"geometry":{"type":"Polygon","coordinates":[[[5.95669,35.56141],[5.9566,35.56146],[5.95657,35.56149],[5.95669,35.56141]]]}},{"type":"Feature","properties":{},"geometry":{"type":"Polygon","coordinates":[[[5.95676,35.56138],[5.95669,35.56141],[5.95683,35.56137],[5.95676,35.56138]]]}},{"type":"Feature","properties":{},"geometry":{"type":"Polygon","coordinates":[[[5.95702,35.56134],[5.95698,35.56135],[5.95708,35.56134],[5.95702,35.56134]]]}},{"type":"Feature","properties":{},"geometry":{"type":"Polygon","coordinates":[[[5.95753,35.56129],[5.95734,35.56129],[5.95761,35.56128],[5.95753,35.56129]]]}},{"type":"Feature","properties":{},"geometry":{"type":"Polygon","coordinates":[[[5.95777,35.56126],[5.95777,35.56126],[5.95772,35.56126],[5.95777,35.56126]]]}},{"type":"Feature","properties":{},"geometry":{"type":"Polygon","coordinates":[[[5.95832,35.56112],[5.9579,35.56124],[5.95835,35.56109],[5.95832,35.56112]]]}},{"type":"Feature","properties":{},"geometry":{"type":"Polygon","coordinates":[[[5.95858,35.56093],[5.95858,35.56093],[5.95856,35.56095],[5.95858,35.56093]]]}},{"type":"Feature","properties":{},"geometry":{"type":"Polygon","coordinates":[[[5.95876,35.56072],[5.95875,35.56078],[5.95879,35.56069],[5.95876,35.56072]]]}},{"type":"Feature","properties":{},"geometry":{"type":"Polygon","coordinates":[[[5.95878,35.56054],[5.95878,35.56054],[5.95875,35.5605],[5.95874,35.56047],[5.95874,35.56044],[5.95874,35.56047],[5.95878,35.56054]]]}},{"type":"Feature","properties":{},"geometry":{"type":"Polygon","coordinates":[[[5.95864,35.5603],[5.95869,35.56037],[5.95849,35.56024],[5.95864,35.5603]]]}},{"type":"Feature","properties":{},"geometry":{"type":"Polygon","coordinates":[[[5.95721,35.56051],[5.95757,35.56034],[5.95755,35.56035],[5.95749,35.56039],[5.95742,35.56042],[5.95736,35.56045],[5.95721,35.56051]]]}},{"type":"Feature","properties":{},"geometry":{"type":"Polygon","coordinates":[[[5.9571,35.56056],[5.95711,35.56056],[5.9571,35.56056],[5.95703,35.56061],[5.95697,35.56064],[5.9571,35.56056]]]}},{"type":"Feature","properties":{},"geometry":{"type":"Polygon","coordinates":[[[5.95666,35.56082],[5.95692,35.56068],[5.95684,35.56073],[5.95666,35.56082]]]}},{"type":"Feature","properties":{},"geometry":{"type":"Polygon","coordinates":[[[5.95649,35.56091],[5.95651,35.5609],[5.95647,35.56093],[5.95649,35.56091]]]}},{"type":"Feature","properties":{},"geometry":{"type":"Polygon","coordinates":[[[5.95638,35.56099],[5.95641,35.56098],[5.95638,35.56099],[5.95628,35.56106],[5.95627,35.56106],[5.95638,35.56099]]]}},{"type":"Feature","properties":{},"geometry":{"type":"Polygon","coordinates":[[[5.95609,35.56117],[5.95615,35.56113],[5.95604,35.5612],[5.95609,35.56117]]]}},{"type":"Feature","properties":{},"geometry":{"type":"Polygon","coordinates":[[[5.95589,35.56128],[5.95589,35.56128],[5.95592,35.56127],[5.95589,35.56128]]]}},{"type":"Feature","properties":{},"geometry":{"type":"Polygon","coordinates":[[[5.95525,35.56159],[5.95525,35.56159],[5.9553,35.56157],[5.95525,35.56159]]]}},{"type":"Feature","properties":{},"geometry":{"type":"Polygon","coordinates":[[[5.95493,35.56169],[5.95503,35.56166],[5.95483,35.56174],[5.95493,35.56169]]]}},{"type":"Feature","properties":{},"geometry":{"type":"Polygon","coordinates":[[[5.95459,35.56181],[5.95462,35.56181],[5.95462,35.56181],[5.95459,35.56181]]]}},{"type":"Feature","properties":{},"geometry":{"type":"Polygon","coordinates":[[[5.95395,35.56195],[5.95402,35.56195],[5.95395,35.56195],[5.95383,35.56198],[5.95372,35.56199],[5.95395,35.56195]]]}},{"type":"Feature","properties":{},"geometry":{"type":"Polygon","coordinates":[[[5.95352,35.562],[5.95363,35.562],[5.95345,35.56201],[5.95352,35.562]]]}},{"type":"Feature","properties":{},"geometry":{"type":"Polygon","coordinates":[[[5.95323,35.56201],[5.95323,35.56201],[5.95332,35.56202],[5.95323,35.56201]]]}},{"type":"Feature","properties":{},"geometry":{"type":"Polygon","coordinates":[[[5.95298,35.56199],[5.95298,35.56199],[5.95299,35.56199],[5.95298,35.56199]]]}},{"type":"Feature","properties":{},"geometry":{"type":"Polygon","coordinates":[[[5.95287,35.562],[5.95298,35.56199],[5.95284,35.56199],[5.95287,35.562]]]}},{"type":"Feature","properties":{},"geometry":{"type":"Polygon","coordinates":[[[5.95269,35.56185],[5.95269,35.56185],[5.95273,35.56188],[5.95269,35.56185]]]}},{"type":"Feature","properties":{},"geometry":{"type":"Polygon","coordinates":[[[5.95263,35.56176],[5.95263,35.56176],[5.95265,35.56177],[5.95263,35.56176]]]}},{"type":"Feature","properties":{},"geometry":{"type":"Polygon","coordinates":[[[5.95258,35.56166],[5.9526,35.56171],[5.95258,35.56163],[5.95258,35.56166]]]}},{"type":"Feature","properties":{},"geometry":{"type":"Polygon","coordinates":[[[5.95252,35.56151],[5.95252,35.56151],[5.95253,35.56153],[5.95252,35.56151]]]}},{"type":"Feature","properties":{},"geometry":{"type":"Polygon","coordinates":[[[5.95256,35.56152],[5.95248,35.56149],[5.95258,35.56154],[5.95256,35.56152]]]}},{"type":"Feature","properties":{},"geometry":{"type":"Polygon","coordinates":[[[5.95273,35.56167],[5.95265,35.56162],[5.95271,35.56165],[5.95273,35.56167]]]}},{"type":"Feature","properties":{},"geometry":{"type":"Polygon","coordinates":[[[5.95278,35.56169],[5.95273,35.56167],[5.9528,35.5617],[5.95278,35.56169]]]}},{"type":"Feature","properties":{},"geometry":{"type":"Polygon","coordinates":[[[5.95284,35.56172],[5.9528,35.56171],[5.95285,35.56173],[5.95284,35.56172]]]}},{"type":"Feature","properties":{},"geometry":{"type":"Polygon","coordinates":[[[5.95292,35.56174],[5.95287,35.56173],[5.95294,35.56174],[5.95292,35.56174]]]}},{"type":"Feature","properties":{},"geometry":{"type":"Polygon","coordinates":[[[5.95298,35.56174],[5.95298,35.56174],[5.95294,35.56174],[5.95298,35.56174]]]}},{"type":"Feature","properties":{},"geometry":{"type":"Polygon","coordinates":[[[5.95308,35.56172],[5.95308,35.56172],[5.95308,35.56172],[5.95308,35.56172]]]}},{"type":"Feature","properties":{},"geometry":{"type":"Polygon","coordinates":[[[5.95312,35.5617],[5.95308,35.56172],[5.95313,35.5617],[5.95312,35.5617]]]}},{"type":"Feature","properties":{},"geometry":{"type":"Polygon","coordinates":[[[5.95315,35.56169],[5.95315,35.56169],[5.95317,35.56167],[5.95315,35.56169]]]}},{"type":"Feature","properties":{},"geometry":{"type":"Polygon","coordinates":[[[5.9532,35.56166],[5.95319,35.56167],[5.95321,35.56165],[5.9532,35.56166]]]}},{"type":"Feature","properties":{},"geometry":{"type":"Polygon","coordinates":[[[5.95329,35.56156],[5.95326,35.56158],[5.95327,35.56157],[5.95329,35.56156],[5.95331,35.56154],[5.95333,35.56152],[5.95333,35.56151],[5.95333,35.56152],[5.95329,35.56156]]]}},{"type":"Feature","properties":{},"geometry":{"type":"Polygon","coordinates":[[[5.95334,35.56148],[5.95334,35.56149],[5.95334,35.56147],[5.95334,35.56148]]]}},{"type":"Feature","properties":{},"geometry":{"type":"Polygon","coordinates":[[[5.95333,35.56136],[5.95333,35.56136],[5.95331,35.56134],[5.95333,35.56136]]]}},{"type":"Feature","properties":{},"geometry":{"type":"Polygon","coordinates":[[[5.9533,35.56131],[5.9533,35.56131],[5.9533,35.56132],[5.9533,35.56131]]]}},{"type":"Feature","properties":{},"geometry":{"type":"Polygon","coordinates":[[[5.95318,35.56119],[5.95323,35.56122],[5.95317,35.56118],[5.95318,35.56119]]]}},{"type":"Feature","properties":{},"geometry":{"type":"Polygon","coordinates":[[[5.95312,35.56112],[5.95315,35.56115],[5.9532,35.56106],[5.95312,35.56112]]]}},{"type":"Feature","properties":{},"geometry":{"type":"Polygon","coordinates":[[[5.95318,35.56096],[5.95318,35.56096],[5.9531,35.56096],[5.95318,35.56096]]]}},{"type":"Feature","properties":{},"geometry":{"type":"Polygon","coordinates":[[[5.953,35.56098],[5.95301,35.56098],[5.953,35.56098],[5.953,35.56098]]]}},{"type":"Feature","properties":{},"geometry":{"type":"Polygon","coordinates":[[[5.95299,35.56099],[5.95299,35.56099],[5.953,35.56098],[5.95299,35.56099]]]}},{"type":"Feature","properties":{},"geometry":{"type":"Polygon","coordinates":[[[5.95292,35.56101],[5.95292,35.56101],[5.95294,35.561],[5.95292,35.56101]]]}},{"type":"Feature","properties":{},"geometry":{"type":"Polygon","coordinates":[[[5.95281,35.56099],[5.95286,35.56102],[5.95287,35.56102],[5.95281,35.56099]]]}},{"type":"Feature","properties":{},"geometry":{"type":"Polygon","coordinates":[[[5.95276,35.56095],[5.9528,35.56098],[5.95281,35.56099],[5.95276,35.56095]]]}},{"type":"Feature","properties":{},"geometry":{"type":"Polygon","coordinates":[[[5.95268,35.56088],[5.95271,35.5609],[5.95273,35.56091],[5.95268,35.56088]]]}},{"type":"Feature","properties":{},"geometry":{"type":"Polygon","coordinates":[[[5.95261,35.56086],[5.95263,35.56087],[5.95259,35.56087],[5.95261,35.56086]]]}},{"type":"Feature","properties":{},"geometry":{"type":"Polygon","coordinates":[[[5.95237,35.56096],[5.9524,35.56094],[5.95241,35.56093],[5.95237,35.56096]]]}},{"type":"Feature","properties":{},"geometry":{"type":"Polygon","coordinates":[[[5.9523,35.56103],[5.95233,35.56099],[5.95228,35.56104],[5.9523,35.56103]]]}},{"type":"Feature","properties":{},"geometry":{"type":"Polygon","coordinates":[[[5.95227,35.56107],[5.95227,35.56107],[5.95227,35.56106],[5.95227,35.56107]]]}},{"type":"Feature","properties":{},"geometry":{"type":"Polygon","coordinates":[[[5.9523,35.56112],[5.95229,35.5611],[5.95232,35.56115],[5.9523,35.56112]]]}},{"type":"Feature","properties":{},"geometry":{"type":"Polygon","coordinates":[[[5.95236,35.5612],[5.95236,35.5612],[5.95235,35.56119],[5.95236,35.5612]]]}},{"type":"Feature","properties":{},"geometry":{"type":"Polygon","coordinates":[[[5.95243,35.56129],[5.95242,35.56129],[5.95242,35.56129],[5.95243,35.56129]]]}},{"type":"Feature","properties":{},"geometry":{"type":"Polygon","coordinates":[[[5.95245,35.56133],[5.95245,35.56131],[5.95246,35.56136],[5.95245,35.56133]]]}},{"type":"Feature","properties":{},"geometry":{"type":"Polygon","coordinates":[[[5.95248,35.5614],[5.95247,35.56137],[5.95249,35.56141],[5.95248,35.5614]]]}},{"type":"Feature","properties":{},"geometry":{"type":"Polygon","coordinates":[[[5.9525,35.56143],[5.95249,35.56142],[5.9525,35.56143],[5.9525,35.56143]]]}},{"type":"Feature","properties":{},"geometry":{"type":"Polygon","coordinates":[[[5.95247,35.56141],[5.95247,35.56141],[5.9525,35.56143],[5.95247,35.56141]]]}},{"type":"Feature","properties":{},"geometry":{"type":"Polygon","coordinates":[[[5.95241,35.56135],[5.95242,35.56135],[5.95241,35.56135],[5.95241,35.56135]]]}},{"type":"Feature","properties":{},"geometry":{"type":"Polygon","coordinates":[[[5.95232,35.5613],[5.95233,35.5613],[5.95223,35.56131],[5.95232,35.5613]]]}},{"type":"Feature","properties":{},"geometry":{"type":"Polygon","coordinates":[[[5.95196,35.56143],[5.95212,35.56135],[5.9519,35.56147],[5.95196,35.56143]]]}},{"type":"Feature","properties":{},"geometry":{"type":"Polygon","coordinates":[[[5.95176,35.56155],[5.9519,35.56147],[5.95153,35.56169],[5.95176,35.56155]]]}},{"type":"Feature","properties":{},"geometry":{"type":"Polygon","coordinates":[[[5.95095,35.56185],[5.95103,35.56185],[5.95088,35.56184],[5.95095,35.56185]]]}},{"type":"Feature","properties":{},"geometry":{"type":"Polygon","coordinates":[[[5.95081,35.56181],[5.95085,35.56183],[5.95077,35.56182],[5.95081,35.56181]]]}},{"type":"Feature","properties":{},"geometry":{"type":"Polygon","coordinates":[[[5.95058,35.56181],[5.9507,35.56182],[5.95057,35.56181],[5.95058,35.56181]]]}},{"type":"Feature","properties":{},"geometry":{"type":"Polygon","coordinates":[[[5.95044,35.56178],[5.95048,35.56179],[5.9504,35.56177],[5.95044,35.56178]]]}},{"type":"Feature","properties":{},"geometry":{"type":"Polygon","coordinates":[[[5.95031,35.5617],[5.95031,35.5617],[5.95032,35.56172],[5.95031,35.5617]]]}},{"type":"Feature","properties":{},"geometry":{"type":"Polygon","coordinates":[[[5.95024,35.56155],[5.95025,35.56164],[5.95024,35.56163],[5.95024,35.56155]]]}},{"type":"Feature","properties":{},"geometry":{"type":"Polygon","coordinates":[[[5.95017,35.56141],[5.95017,35.56144],[5.95017,35.56144],[5.95017,35.56141]]]}},{"type":"Feature","properties":{},"geometry":{"type":"Polygon","coordinates":[[[5.95015,35.56134],[5.95016,35.56137],[5.95013,35.5613],[5.95015,35.56134]]]}},{"type":"Feature","properties":{},"geometry":{"type":"Polygon","coordinates":[[[5.95011,35.56121],[5.95013,35.56128],[5.95011,35.56119],[5.95011,35.56121]]]}},{"type":"Feature","properties":{},"geometry":{"type":"Polygon","coordinates":[[[5.95009,35.56109],[5.9501,35.56112],[5.95008,35.56106],[5.95009,35.56109]]]}},{"type":"Feature","properties":{},"geometry":{"type":"Polygon","coordinates":[[[5.95008,35.56105],[5.95008,35.56104],[5.95008,35.56105],[5.95008,35.56105]]]}},{"type":"Feature","properties":{},"geometry":{"type":"Polygon","coordinates":[[[5.95008,35.56087],[5.95008,35.56096],[5.95008,35.56094],[5.95008,35.56087],[5.95006,35.56082],[5.95007,35.5608],[5.95008,35.56087]]]}},{"type":"Feature","properties":{},"geometry":{"type":"Polygon","coordinates":[[[5.95001,35.56056],[5.95006,35.56064],[5.95001,35.56054],[5.95001,35.56056]]]}},{"type":"Feature","properties":{},"geometry":{"type":"Polygon","coordinates":[[[5.94991,35.56028],[5.94992,35.56029],[5.94986,35.56025],[5.94991,35.56028]]]}},{"type":"Feature","properties":{},"geometry":{"type":"Polygon","coordinates":[[[5.94963,35.56009],[5.94963,35.56009],[5.94968,35.56012],[5.94963,35.56009]]]}},{"type":"Feature","properties":{},"geometry":{"type":"Polygon","coordinates":[[[5.94932,35.55979],[5.9494,35.55983],[5.94927,35.55976],[5.94932,35.55979]]]}},{"type":"Feature","properties":{},"geometry":{"type":"Polygon","coordinates":[[[5.94889,35.55989],[5.94875,35.55977],[5.94893,35.55994],[5.94889,35.55989]]]}},{"type":"Feature","properties":{},"geometry":{"type":"Polygon","coordinates":[[[5.94897,35.56018],[5.94897,35.56016],[5.94892,35.5602],[5.94897,35.56018]]]}},{"type":"Feature","properties":{},"geometry":{"type":"Polygon","coordinates":[[[5.94884,35.56032],[5.94887,35.56029],[5.94881,35.56036],[5.94884,35.56032]]]}},{"type":"Feature","properties":{},"geometry":{"type":"Polygon","coordinates":[[[5.94877,35.5605],[5.94876,35.56043],[5.94876,35.56052],[5.94877,35.5605]]]}},{"type":"Feature","properties":{},"geometry":{"type":"Polygon","coordinates":[[[5.94875,35.56063],[5.94875,35.56059],[5.9487,35.56072],[5.94875,35.56063]]]}},{"type":"Feature","properties":{},"geometry":{"type":"Polygon","coordinates":[[[5.94855,35.56084],[5.94861,35.56079],[5.94853,35.56088],[5.94855,35.56084]]]}},{"type":"Feature","properties":{},"geometry":{"type":"Polygon","coordinates":[[[5.94845,35.56099],[5.94846,35.56097],[5.94839,35.561],[5.94845,35.56099]]]}},{"type":"Feature","properties":{},"geometry":{"type":"Polygon","coordinates":[[[5.94827,35.56105],[5.94829,35.56104],[5.94819,35.56108],[5.94827,35.56105]]]}},{"type":"Feature","properties":{},"geometry":{"type":"Polygon","coordinates":[[[5.94793,35.56127],[5.94807,35.56113],[5.94796,35.56126],[5.94793,35.56127]]]}},{"type":"Feature","properties":{},"geometry":{"type":"Polygon","coordinates":[[[5.94826,35.56135],[5.94804,35.56132],[5.94832,35.56137],[5.94826,35.56135]]]}},{"type":"Feature","properties":{},"geometry":{"type":"Polygon","coordinates":[[[5.94847,35.56149],[5.94845,35.56146],[5.94847,35.56151],[5.94847,35.56149]]]}},{"type":"Feature","properties":{},"geometry":{"type":"Polygon","coordinates":[[[5.94844,35.56172],[5.94848,35.56156],[5.94847,35.56165],[5.94844,35.56172]]]}},{"type":"Feature","properties":{},"geometry":{"type":"Polygon","coordinates":[[[5.94825,35.56207],[5.94844,35.56174],[5.94844,35.56177],[5.94842,35.56183],[5.94825,35.56207]]]}},{"type":"Feature","properties":{},"geometry":{"type":"Polygon","coordinates":[[[5.94779,35.56261],[5.94803,35.56235],[5.94801,35.56239],[5.94795,35.56245],[5.94788,35.56252],[5.94779,35.56261],[5.94776,35.56266],[5.94779,35.56261]]]}},{"type":"Feature","properties":{},"geometry":{"type":"Polygon","coordinates":[[[5.94773,35.56285],[5.94773,35.56285],[5.94773,35.56283],[5.94773,35.56285]]]}},{"type":"Feature","properties":{},"geometry":{"type":"Polygon","coordinates":[[[5.94793,35.56293],[5.94808,35.56289],[5.94819,35.56276],[5.94808,35.56289],[5.94793,35.56293]]]}},{"type":"Feature","properties":{},"geometry":{"type":"Polygon","coordinates":[[[5.94832,35.5625],[5.94832,35.5625],[5.94831,35.56254],[5.94832,35.5625]]]}},{"type":"Feature","properties":{},"geometry":{"type":"Polygon","coordinates":[[[5.94846,35.56236],[5.94846,35.56236],[5.94841,35.56241],[5.94846,35.56236]]]}},{"type":"Feature","properties":{},"geometry":{"type":"Polygon","coordinates":[[[5.94879,35.56214],[5.94852,35.56229],[5.94893,35.56214],[5.94879,35.56214]]]}},{"type":"Feature","properties":{},"geometry":{"type":"Polygon","coordinates":[[[5.94904,35.5623],[5.94902,35.56221],[5.94903,35.56232],[5.94904,35.5623]]]}},{"type":"Feature","properties":{},"geometry":{"type":"Polygon","coordinates":[[[5.94884,35.56267],[5.94885,35.56264],[5.94879,35.56272],[5.94884,35.56267]]]}},{"type":"Feature","properties":{},"geometry":{"type":"Polygon","coordinates":[[[5.94873,35.56279],[5.94877,35.56274],[5.94872,35.56281],[5.94873,35.56279]]]}},{"type":"Feature","properties":{},"geometry":{"type":"Polygon","coordinates":[[[5.94884,35.56294],[5.94876,35.56289],[5.94879,35.5629],[5.94884,35.56294]]]}},{"type":"Feature","properties":{},"geometry":{"type":"Polygon","coordinates":[[[5.94912,35.56292],[5.94901,35.56295],[5.94915,35.56291],[5.94912,35.56292]]]}},{"type":"Feature","properties":{},"geometry":{"type":"Polygon","coordinates":[[[5.94925,35.56284],[5.94919,35.56288],[5.94932,35.56276],[5.94925,35.56284]]]}},{"type":"Feature","properties":{},"geometry":{"type":"Polygon","coordinates":[[[5.94958,35.5625],[5.94958,35.5625],[5.94951,35.56256],[5.94958,35.5625]]]}},{"type":"Feature","properties":{},"geometry":{"type":"Polygon","coordinates":[[[5.94981,35.56232],[5.94964,35.56245],[5.94985,35.5623],[5.94981,35.56232]]]}},{"type":"Feature","properties":{},"geometry":{"type":"Polygon","coordinates":[[[5.95024,35.56228],[5.95013,35.56226],[5.95016,35.56225],[5.95024,35.56228]]]}},{"type":"Feature","properties":{},"geometry":{"type":"Polygon","coordinates":[[[5.95036,35.5623],[5.95024,35.56228],[5.95049,35.56232],[5.95036,35.5623]]]}},{"type":"Feature","properties":{},"geometry":{"type":"Polygon","coordinates":[[[5.95064,35.56235],[5.95064,35.56235],[5.9506,35.56234],[5.95064,35.56235]]]}},{"type":"Feature","properties":{},"geometry":{"type":"Polygon","coordinates":[[[5.95098,35.56239],[5.95115,35.56228],[5.95121,35.56224],[5.95129,35.56219],[5.95098,35.56239]]]}},{"type":"Feature","properties":{},"geometry":{"type":"Polygon","coordinates":[[[5.95156,35.5621],[5.95137,35.56215],[5.9516,35.5621],[5.95156,35.5621]]]}},{"type":"Feature","properties":{},"geometry":{"type":"Polygon","coordinates":[[[5.9518,35.56223],[5.95177,35.5622],[5.95181,35.56225],[5.9518,35.56223]]]}},{"type":"Feature","properties":{},"geometry":{"type":"Polygon","coordinates":[[[5.95184,35.56231],[5.95183,35.56236],[5.95184,35.56231],[5.95184,35.56231]]]}},{"type":"Feature","properties":{},"geometry":{"type":"Polygon","coordinates":[[[5.95156,35.56273],[5.95175,35.56254],[5.95169,35.5626],[5.95166,35.56264],[5.95156,35.56273]]]}},{"type":"Feature","properties":{},"geometry":{"type":"Polygon","coordinates":[[[5.95148,35.56286],[5.95148,35.56286],[5.95149,35.56285],[5.95148,35.56286]]]}},{"type":"Feature","properties":{},"geometry":{"type":"Polygon","coordinates":[[[5.95201,35.5628],[5.95181,35.56284],[5.95186,35.56283],[5.95196,35.56281],[5.95201,35.5628]]]}},{"type":"Feature","properties":{},"geometry":{"type":"Polygon","coordinates":[[[5.95253,35.5627],[5.95241,35.56269],[5.95254,35.56271],[5.95253,35.5627]]]}},{"type":"Feature","properties":{},"geometry":{"type":"Polygon","coordinates":[[[5.95297,35.56312],[5.95292,35.56315],[5.95304,35.56307],[5.95297,35.56312]]]}},{"type":"Feature","properties":{},"geometry":{"type":"Polygon","coordinates":[[[5.95284,35.56087],[5.95284,35.56087],[5.95283,35.56086],[5.95284,35.56087]]]}},{"type":"Feature","properties":{},"geometry":{"type":"Polygon","coordinates":[[[5.95287,35.56089],[5.95287,35.56089],[5.95286,35.56089],[5.95287,35.56089]]]}},{"type":"Feature","properties":{},"geometry":{"type":"Polygon","coordinates":[[[5.95293,35.56092],[5.95292,35.56091],[5.95293,35.56092],[5.95293,35.56092]]]}},{"type":"Feature","properties":{},"geometry":{"type":"Polygon","coordinates":[[[5.953,35.56091],[5.953,35.56091],[5.95299,35.56092],[5.953,35.56091]]]}},{"type":"Feature","properties":{},"geometry":{"type":"Polygon","coordinates":[[[5.95311,35.56085],[5.95303,35.56089],[5.95305,35.56088],[5.95311,35.56085],[5.95313,35.56083],[5.95311,35.56085]]]}},{"type":"Feature","properties":{},"geometry":{"type":"Polygon","coordinates":[[[5.95313,35.56082],[5.95313,35.56083],[5.95313,35.56083],[5.95313,35.56082]]]}},{"type":"Feature","properties":{},"geometry":{"type":"Polygon","coordinates":[[[5.95319,35.5608],[5.95314,35.56082],[5.9532,35.56079],[5.95319,35.5608]]]}},{"type":"Feature","properties":{},"geometry":{"type":"Polygon","coordinates":[[[5.95327,35.56074],[5.95323,35.56077],[5.95327,35.56074],[5.95327,35.56074]]]}},{"type":"Feature","properties":{},"geometry":{"type":"Polygon","coordinates":[[[5.95331,35.56067],[5.95331,35.56067],[5.95331,35.56067],[5.95331,35.56067]]]}},{"type":"Feature","properties":{},"geometry":{"type":"Polygon","coordinates":[[[5.95331,35.56064],[5.95331,35.56067],[5.95331,35.56063],[5.95331,35.56064]]]}},{"type":"Feature","properties":{},"geometry":{"type":"Polygon","coordinates":[[[5.95332,35.56052],[5.9533,35.56055],[5.9533,35.56055],[5.95332,35.56052],[5.95332,35.56051],[5.95332,35.56052]]]}},{"type":"Feature","properties":{},"geometry":{"type":"Polygon","coordinates":[[[5.95336,35.56047],[5.95336,35.56047],[5.95334,35.56049],[5.95336,35.56047]]]}},{"type":"Feature","properties":{},"geometry":{"type":"Polygon","coordinates":[[[5.95339,35.56042],[5.95339,35.56042],[5.95338,35.56043],[5.95339,35.56042]]]}},{"type":"Feature","properties":{},"geometry":{"type":"Polygon","coordinates":[[[5.95343,35.56037],[5.95343,35.56038],[5.95343,35.56038],[5.95343,35.56037]]]}},{"type":"Feature","properties":{},"geometry":{"type":"Polygon","coordinates":[[[5.95345,35.56036],[5.95345,35.56036],[5.95344,35.56036],[5.95345,35.56036]]]}},{"type":"Feature","properties":{},"geometry":{"type":"Polygon","coordinates":[[[5.9535,35.56033],[5.95345,35.56036],[5.95347,35.56034],[5.9535,35.56033],[5.95351,35.5603],[5.95355,35.56027],[5.9535,35.56033]]]}},{"type":"Feature","properties":{},"geometry":{"type":"Polygon","coordinates":[[[5.95359,35.56023],[5.95356,35.56026],[5.9536,35.56022],[5.95359,35.56023]]]}},{"type":"Feature","properties":{},"geometry":{"type":"Polygon","coordinates":[[[5.95371,35.56029],[5.95371,35.56028],[5.95371,35.56031],[5.95371,35.56029]]]}},{"type":"Feature","properties":{},"geometry":{"type":"Polygon","coordinates":[[[5.9537,35.56034],[5.9537,35.56034],[5.9537,35.56034],[5.9537,35.56034]]]}},{"type":"Feature","properties":{},"geometry":{"type":"Polygon","coordinates":[[[5.95368,35.56036],[5.95368,35.56036],[5.9537,35.56035],[5.95368,35.56036]]]}},{"type":"Feature","properties":{},"geometry":{"type":"Polygon","coordinates":[[[5.9537,35.56048],[5.9537,35.56048],[5.95375,35.56048],[5.9537,35.56048]]]}},{"type":"Feature","properties":{},"geometry":{"type":"Polygon","coordinates":[[[5.95378,35.56047],[5.95378,35.56047],[5.95378,35.56046],[5.95378,35.56047]]]}},{"type":"Feature","properties":{},"geometry":{"type":"Polygon","coordinates":[[[5.95383,35.56044],[5.95383,35.56044],[5.95382,35.56044],[5.95383,35.56044]]]}},{"type":"Feature","properties":{},"geometry":{"type":"Polygon","coordinates":[[[5.95402,35.56047],[5.954,35.56045],[5.95402,35.56047],[5.95402,35.56047]]]}},{"type":"Feature","properties":{},"geometry":{"type":"Polygon","coordinates":[[[5.95406,35.56053],[5.95406,35.56052],[5.95407,35.56054],[5.95406,35.56053]]]}},{"type":"Feature","properties":{},"geometry":{"type":"Polygon","coordinates":[[[5.95441,35.56011],[5.95441,35.56011],[5.95441,35.56012],[5.95441,35.56011]]]}},{"type":"Feature","properties":{},"geometry":{"type":"Polygon","coordinates":[[[5.95443,35.5601],[5.95443,35.5601],[5.95442,35.5601],[5.95443,35.5601]]]}},{"type":"Feature","properties":{},"geometry":{"type":"Polygon","coordinates":[[[5.95448,35.56004],[5.95447,35.56005],[5.95452,35.56002],[5.95448,35.56004]]]}},{"type":"Feature","properties":{},"geometry":{"type":"Polygon","coordinates":[[[5.95461,35.55996],[5.95461,35.55996],[5.95459,35.55997],[5.95461,35.55996]]]}},{"type":"Feature","properties":{},"geometry":{"type":"Polygon","coordinates":[[[5.95468,35.55989],[5.95467,35.5599],[5.9547,35.55988],[5.95468,35.55989]]]}},{"type":"Feature","properties":{},"geometry":{"type":"Polygon","coordinates":[[[5.95478,35.55983],[5.95474,35.55986],[5.95475,35.55985],[5.95478,35.55983]]]}},{"type":"Feature","properties":{},"geometry":{"type":"Polygon","coordinates":[[[5.95482,35.55981],[5.95481,35.55982],[5.95486,35.55979],[5.95482,35.55981]]]}},{"type":"Feature","properties":{},"geometry":{"type":"Polygon","coordinates":[[[5.95487,35.55979],[5.95486,35.55979],[5.95486,35.55979],[5.95487,35.55979]]]}},{"type":"Feature","properties":{},"geometry":{"type":"Polygon","coordinates":[[[5.95494,35.55975],[5.95494,35.55975],[5.95493,35.55976],[5.95494,35.55975]]]}},{"type":"Feature","properties":{},"geometry":{"type":"Polygon","coordinates":[[[5.95506,35.55968],[5.955,35.55972],[5.9551,35.55965],[5.95506,35.55968]]]}},{"type":"Feature","properties":{},"geometry":{"type":"Polygon","coordinates":[[[5.95511,35.55965],[5.9551,35.55965],[5.95513,35.55963],[5.95511,35.55965]]]}},{"type":"Feature","properties":{},"geometry":{"type":"Polygon","coordinates":[[[5.95518,35.55959],[5.95515,35.55962],[5.95514,35.55962],[5.95518,35.55959]]]}},{"type":"Feature","properties":{},"geometry":{"type":"Polygon","coordinates":[[[5.95523,35.55953],[5.95523,35.55954],[5.95524,35.55951],[5.95523,35.55953]]]}},{"type":"Feature","properties":{},"geometry":{"type":"Polygon","coordinates":[[[5.95526,35.55941],[5.95525,35.55948],[5.95524,35.55939],[5.95526,35.55941]]]}},{"type":"Feature","properties":{},"geometry":{"type":"Polygon","coordinates":[[[5.95524,35.55939],[5.95524,35.55939],[5.95524,35.55939],[5.95524,35.55939]]]}},{"type":"Feature","properties":{},"geometry":{"type":"Polygon","coordinates":[[[5.95521,35.55935],[5.95521,35.55935],[5.95521,35.55935],[5.95521,35.55935]]]}},{"type":"Feature","properties":{},"geometry":{"type":"Polygon","coordinates":[[[5.95519,35.55934],[5.95521,35.55935],[5.95519,35.55934],[5.95516,35.55933],[5.95513,35.55933],[5.95511,35.55932],[5.95519,35.55934]]]}},{"type":"Feature","properties":{},"geometry":{"type":"Polygon","coordinates":[[[5.95505,35.55928],[5.95507,35.5593],[5.95504,35.55928],[5.95505,35.55928]]]}},{"type":"Feature","properties":{},"geometry":{"type":"Polygon","coordinates":[[[5.95501,35.55926],[5.95501,35.55926],[5.95502,35.55927],[5.95501,35.55926]]]}},{"type":"Feature","properties":{},"geometry":{"type":"Polygon","coordinates":[[[5.95495,35.55924],[5.95495,35.55924],[5.95496,35.55924],[5.95495,35.55924]]]}},{"type":"Feature","properties":{},"geometry":{"type":"Polygon","coordinates":[[[5.95492,35.55921],[5.95493,35.55921],[5.95493,35.55921],[5.95492,35.55921]]]}},{"type":"Feature","properties":{},"geometry":{"type":"Polygon","coordinates":[[[5.95481,35.55921],[5.95485,35.55921],[5.95485,35.55921],[5.95481,35.55921]]]}},{"type":"Feature","properties":{},"geometry":{"type":"Polygon","coordinates":[[[5.95467,35.55925],[5.95467,35.55925],[5.95469,35.55924],[5.95467,35.55925]]]}},{"type":"Feature","properties":{},"geometry":{"type":"Polygon","coordinates":[[[5.95464,35.55927],[5.95467,35.55926],[5.95463,35.55927],[5.95464,35.55927]]]}},{"type":"Feature","properties":{},"geometry":{"type":"Polygon","coordinates":[[[5.95458,35.5593],[5.95458,35.5593],[5.95459,35.5593],[5.95458,35.5593]]]}},{"type":"Feature","properties":{},"geometry":{"type":"Polygon","coordinates":[[[5.95442,35.55938],[5.95441,35.55938],[5.95442,35.55938],[5.95442,35.55938]]]}},{"type":"Feature","properties":{},"geometry":{"type":"Polygon","coordinates":[[[5.95435,35.55939],[5.95435,35.55939],[5.95436,35.55939],[5.95435,35.55939]]]}},{"type":"Feature","properties":{},"geometry":{"type":"Polygon","coordinates":[[[5.95429,35.5594],[5.95432,35.5594],[5.95429,35.5594],[5.95429,35.5594]]]}},{"type":"Feature","properties":{},"geometry":{"type":"Polygon","coordinates":[[[5.95421,35.55941],[5.95421,35.55941],[5.95423,35.55941],[5.95421,35.55941]]]}},{"type":"Feature","properties":{},"geometry":{"type":"Polygon","coordinates":[[[5.9541,35.5594],[5.95414,35.5594],[5.95416,35.55941],[5.95414,35.5594],[5.9541,35.5594]]]}},{"type":"Feature","properties":{},"geometry":{"type":"Polygon","coordinates":[[[5.95405,35.55939],[5.95405,35.55939],[5.95406,35.55939],[5.95405,35.55939]]]}},{"type":"Feature","properties":{},"geometry":{"type":"Polygon","coordinates":[[[5.9539,35.55939],[5.95398,35.55937],[5.95396,35.55938],[5.9539,35.55939]]]}},{"type":"Feature","properties":{},"geometry":{"type":"Polygon","coordinates":[[[5.95384,35.55942],[5.95385,35.55942],[5.95382,35.55944],[5.95384,35.55942]]]}},{"type":"Feature","properties":{},"geometry":{"type":"Polygon","coordinates":[[[5.95372,35.55953],[5.95377,35.55947],[5.95373,35.55952],[5.95372,35.55953]]]}},{"type":"Feature","properties":{},"geometry":{"type":"Polygon","coordinates":[[[5.95312,35.5603],[5.95312,35.5603],[5.95312,35.56029],[5.95312,35.5603]]]}},{"type":"Feature","properties":{},"geometry":{"type":"Polygon","coordinates":[[[5.9531,35.56043],[5.95311,35.56037],[5.9531,35.56043],[5.9531,35.56043]]]}},{"type":"Feature","properties":{},"geometry":{"type":"Polygon","coordinates":[[[5.95301,35.56052],[5.95308,35.56047],[5.95305,35.5605],[5.95301,35.56052]]]}},{"type":"Feature","properties":{},"geometry":{"type":"Polygon","coordinates":[[[5.95298,35.56055],[5.953,35.56054],[5.953,35.56054],[5.95298,35.56055]]]}},{"type":"Feature","properties":{},"geometry":{"type":"Polygon","coordinates":[[[5.95292,35.56059],[5.95294,35.56058],[5.95292,35.5606],[5.95292,35.56059]]]}},{"type":"Feature","properties":{},"geometry":{"type":"Polygon","coordinates":[[[5.95288,35.56064],[5.95288,35.56064],[5.9529,35.56062],[5.95288,35.56064]]]}},{"type":"Feature","properties":{},"geometry":{"type":"Polygon","coordinates":[[[5.95281,35.56073],[5.95281,35.56072],[5.95281,35.56073],[5.95281,35.56073]]]}},{"type":"Feature","properties":{},"geometry":{"type":"Polygon","coordinates":[[[5.9528,35.56075],[5.9528,35.56075],[5.95281,35.56073],[5.9528,35.56075]]]}},{"type":"Feature","properties":{},"geometry":{"type":"Polygon","coordinates":[[[5.9528,35.56082],[5.9528,35.56082],[5.9528,35.56082],[5.9528,35.56082]]]}},{"type":"Feature","properties":{},"geometry":{"type":"Polygon","coordinates":[[[5.95459,35.55743],[5.95459,35.55743],[5.95462,35.55745],[5.95459,35.55743]]]}},{"type":"Feature","properties":{},"geometry":{"type":"Polygon","coordinates":[[[5.95455,35.55743],[5.95456,35.55743],[5.95456,35.55743],[5.95455,35.55743]]]}},{"type":"Feature","properties":{},"geometry":{"type":"Polygon","coordinates":[[[5.95444,35.55781],[5.95446,35.5578],[5.95442,35.55782],[5.95444,35.55781]]]}},{"type":"Feature","properties":{},"geometry":{"type":"Polygon","coordinates":[[[5.9544,35.55784],[5.9544,35.55784],[5.95441,35.55787],[5.9544,35.55784]]]}},{"type":"Feature","properties":{},"geometry":{"type":"Polygon","coordinates":[[[5.95442,35.55794],[5.95442,35.55791],[5.95442,35.55796],[5.95442,35.55794]]]}},{"type":"Feature","properties":{},"geometry":{"type":"Polygon","coordinates":[[[5.95438,35.55805],[5.95441,35.55801],[5.95436,35.55808],[5.95438,35.55805]]]}},{"type":"Feature","properties":{},"geometry":{"type":"Polygon","coordinates":[[[5.95432,35.55812],[5.95433,35.55811],[5.95432,35.55812],[5.95432,35.55812]]]}},{"type":"Feature","properties":{},"geometry":{"type":"Polygon","coordinates":[[[5.95426,35.5582],[5.95427,35.55819],[5.95426,35.55821],[5.95426,35.5582]]]}},{"type":"Feature","properties":{},"geometry":{"type":"Polygon","coordinates":[[[5.95422,35.55825],[5.95424,35.55823],[5.95422,35.55827],[5.95422,35.55825]]]}},{"type":"Feature","properties":{},"geometry":{"type":"Polygon","coordinates":[[[5.9542,35.55832],[5.9542,35.55831],[5.9542,35.55833],[5.9542,35.55832]]]}},{"type":"Feature","properties":{},"geometry":{"type":"Polygon","coordinates":[[[5.95419,35.55837],[5.95419,35.55837],[5.95419,35.55836],[5.95419,35.55837]]]}},{"type":"Feature","properties":{},"geometry":{"type":"Polygon","coordinates":[[[5.95392,35.55861],[5.95392,35.55861],[5.95393,35.5586],[5.95392,35.55861]]]}},{"type":"Feature","properties":{},"geometry":{"type":"Polygon","coordinates":[[[5.95392,35.5587],[5.95392,35.5587],[5.95391,35.55868],[5.95392,35.5587]]]}},{"type":"Feature","properties":{},"geometry":{"type":"Polygon","coordinates":[[[5.95395,35.55874],[5.95394,35.55874],[5.95394,35.55874],[5.95395,35.55874]]]}},{"type":"Feature","properties":{},"geometry":{"type":"Polygon","coordinates":[[[5.95404,35.55878],[5.95402,35.55877],[5.95404,35.55878],[5.95407,35.55878],[5.95411,35.55879],[5.95404,35.55878]]]}},{"type":"Feature","properties":{},"geometry":{"type":"Polygon","coordinates":[[[5.95417,35.5588],[5.95417,35.5588],[5.95417,35.5588],[5.95417,35.5588]]]}},{"type":"Feature","properties":{},"geometry":{"type":"Polygon","coordinates":[[[5.95423,35.55879],[5.95417,35.5588],[5.95423,35.55878],[5.95423,35.55879]]]}},{"type":"Feature","properties":{},"geometry":{"type":"Polygon","coordinates":[[[5.95434,35.55869],[5.95431,35.55871],[5.95429,35.55872],[5.95434,35.55869]]]}},{"type":"Feature","properties":{},"geometry":{"type":"Polygon","coordinates":[[[5.95438,35.55867],[5.95438,35.55867],[5.95437,35.55867],[5.95438,35.55867]]]}},{"type":"Feature","properties":{},"geometry":{"type":"Polygon","coordinates":[[[5.95456,35.55858],[5.95443,35.55865],[5.95458,35.55856],[5.95456,35.55858]]]}},{"type":"Feature","properties":{},"geometry":{"type":"Polygon","coordinates":[[[5.95562,35.55859],[5.95562,35.55859],[5.95561,35.55856],[5.95562,35.55859]]]}},{"type":"Feature","properties":{},"geometry":{"type":"Polygon","coordinates":[[[5.95564,35.55862],[5.95564,35.55862],[5.95564,35.55861],[5.95564,35.55862]]]}},{"type":"Feature","properties":{},"geometry":{"type":"Polygon","coordinates":[[[5.95612,35.55737],[5.95612,35.55737],[5.95612,35.55737],[5.95612,35.55737]]]}},{"type":"Feature","properties":{},"geometry":{"type":"Polygon","coordinates":[[[5.95609,35.55732],[5.95609,35.55732],[5.95609,35.55734],[5.95609,35.55732]]]}},{"type":"Feature","properties":{},"geometry":{"type":"Polygon","coordinates":[[[5.95567,35.5567],[5.95573,35.55672],[5.9556,35.5567],[5.95567,35.5567]]]}},{"type":"Feature","properties":{},"geometry":{"type":"Polygon","coordinates":[[[5.95557,35.55671],[5.95557,35.55671],[5.95559,35.55682],[5.95557,35.55671]]]}},{"type":"Feature","properties":{},"geometry":{"type":"Polygon","coordinates":[[[5.95559,35.55684],[5.95559,35.55684],[5.95559,35.55682],[5.95559,35.55684]]]}},{"type":"Feature","properties":{},"geometry":{"type":"Polygon","coordinates":[[[5.9556,35.55692],[5.9556,35.55692],[5.95559,35.5569],[5.9556,35.55692]]]}},{"type":"Feature","properties":{},"geometry":{"type":"Polygon","coordinates":[[[5.9556,35.55696],[5.9556,35.55696],[5.9556,35.55695],[5.9556,35.55696]]]}},{"type":"Feature","properties":{},"geometry":{"type":"Polygon","coordinates":[[[5.9556,35.55711],[5.95559,35.55702],[5.9556,35.55706],[5.9556,35.5571],[5.9556,35.55711]]]}},{"type":"Feature","properties":{},"geometry":{"type":"Polygon","coordinates":[[[5.95561,35.55714],[5.95561,35.55714],[5.9556,35.55713],[5.95561,35.55714]]]}},{"type":"Feature","properties":{},"geometry":{"type":"Polygon","coordinates":[[[5.95564,35.5572],[5.95564,35.55718],[5.95566,35.55721],[5.95564,35.5572]]]}},{"type":"Feature","properties":{},"geometry":{"type":"Polygon","coordinates":[[[5.95568,35.55722],[5.95569,35.55723],[5.95568,35.55722],[5.95568,35.55722]]]}},{"type":"Feature","properties":{},"geometry":{"type":"Polygon","coordinates":[[[5.95571,35.55726],[5.95571,35.55726],[5.9557,35.55725],[5.95571,35.55726]]]}},{"type":"Feature","properties":{},"geometry":{"type":"Polygon","coordinates":[[[5.95574,35.5573],[5.95574,35.5573],[5.95575,35.55731],[5.95574,35.5573]]]}},{"type":"Feature","properties":{},"geometry":{"type":"Polygon","coordinates":[[[5.95878,35.561],[5.9588,35.56098],[5.95878,35.561],[5.95878,35.56103],[5.95878,35.561]]]}},{"type":"Feature","properties":{},"geometry":{"type":"Polygon","coordinates":[[[5.95925,35.56107],[5.95925,35.56107],[5.95924,35.56108],[5.95925,35.56107]]]}},{"type":"Feature","properties":{},"geometry":{"type":"Polygon","coordinates":[[[5.95929,35.56102],[5.95928,35.56104],[5.95931,35.561],[5.95929,35.56102]]]}},{"type":"Feature","properties":{},"geometry":{"type":"Polygon","coordinates":[[[5.95936,35.5609],[5.95933,35.56099],[5.95931,35.561],[5.95936,35.5609]]]}},{"type":"Feature","properties":{},"geometry":{"type":"Polygon","coordinates":[[[5.9594,35.56084],[5.95936,35.5609],[5.95942,35.56082],[5.9594,35.56084]]]}},{"type":"Feature","properties":{},"geometry":{"type":"Polygon","coordinates":[[[5.95953,35.56075],[5.95953,35.56075],[5.95951,35.56077],[5.95953,35.56075]]]}},{"type":"Feature","properties":{},"geometry":{"type":"Polygon","coordinates":[[[5.95969,35.56059],[5.95965,35.56061],[5.95971,35.56056],[5.95969,35.56059]]]}},{"type":"Feature","properties":{},"geometry":{"type":"Polygon","coordinates":[[[5.95985,35.56039],[5.95983,35.56042],[5.95986,35.56038],[5.95985,35.56039]]]}},{"type":"Feature","properties":{},"geometry":{"type":"Polygon","coordinates":[[[5.95997,35.5603],[5.95996,35.56032],[5.95996,35.56032],[5.95997,35.5603]]]}},{"type":"Feature","properties":{},"geometry":{"type":"Polygon","coordinates":[[[5.96008,35.56028],[5.96008,35.56028],[5.96007,35.56027],[5.96008,35.56028]]]}},{"type":"Feature","properties":{},"geometry":{"type":"Polygon","coordinates":[[[5.96013,35.56035],[5.96009,35.56028],[5.96012,35.56031],[5.96013,35.56035]]]}},{"type":"Feature","properties":{},"geometry":{"type":"Polygon","coordinates":[[[5.96017,35.56044],[5.96016,35.56042],[5.96019,35.56046],[5.96017,35.56044]]]}},{"type":"Feature","properties":{},"geometry":{"type":"Polygon","coordinates":[[[5.96047,35.56043],[5.96044,35.56047],[5.96045,35.56045],[5.96047,35.56043],[5.96047,35.56041],[5.96048,35.5604],[5.96047,35.56043]]]}},{"type":"Feature","properties":{},"geometry":{"type":"Polygon","coordinates":[[[5.9605,35.56034],[5.9605,35.56034],[5.96049,35.56035],[5.9605,35.56034]]]}},{"type":"Feature","properties":{},"geometry":{"type":"Polygon","coordinates":[[[5.96053,35.56023],[5.96053,35.56026],[5.96052,35.56028],[5.96053,35.56023]]]}},{"type":"Feature","properties":{},"geometry":{"type":"Polygon","coordinates":[[[5.96053,35.56016],[5.96053,35.56021],[5.96053,35.56014],[5.96053,35.56016]]]}},{"type":"Feature","properties":{},"geometry":{"type":"Polygon","coordinates":[[[5.96053,35.56014],[5.96053,35.56014],[5.96053,35.56012],[5.96053,35.56014]]]}},{"type":"Feature","properties":{},"geometry":{"type":"Polygon","coordinates":[[[5.96049,35.55999],[5.96049,35.55999],[5.9605,35.55999],[5.96049,35.55999]]]}},{"type":"Feature","properties":{},"geometry":{"type":"Polygon","coordinates":[[[5.96048,35.55991],[5.96048,35.55996],[5.96048,35.5599],[5.96048,35.55991]]]}},{"type":"Feature","properties":{},"geometry":{"type":"Polygon","coordinates":[[[5.9605,35.55983],[5.9605,35.55984],[5.9605,35.55982],[5.9605,35.55983]]]}},{"type":"Feature","properties":{},"geometry":{"type":"Polygon","coordinates":[[[5.96052,35.55979],[5.96051,35.55981],[5.96053,35.55978],[5.96052,35.55979]]]}},{"type":"Feature","properties":{},"geometry":{"type":"Polygon","coordinates":[[[5.96055,35.55963],[5.96054,35.55975],[5.96052,35.5596],[5.96055,35.55963]]]}},{"type":"Feature","properties":{},"geometry":{"type":"Polygon","coordinates":[[[5.96044,35.55954],[5.96052,35.55959],[5.96038,35.55953],[5.96044,35.55954]]]}},{"type":"Feature","properties":{},"geometry":{"type":"Polygon","coordinates":[[[5.96036,35.55954],[5.96037,35.55953],[5.96037,35.55953],[5.96036,35.55954]]]}},{"type":"Feature","properties":{},"geometry":{"type":"Polygon","coordinates":[[[5.96028,35.55955],[5.96028,35.55955],[5.96028,35.55955],[5.96028,35.55955]]]}},{"type":"Feature","properties":{},"geometry":{"type":"Polygon","coordinates":[[[5.96016,35.55953],[5.96016,35.55953],[5.96017,35.55953],[5.96016,35.55953]]]}},{"type":"Feature","properties":{},"geometry":{"type":"Polygon","coordinates":[[[5.95996,35.55942],[5.95997,35.55942],[5.95997,35.55942],[5.95996,35.55942]]]}},{"type":"Feature","properties":{},"geometry":{"type":"Polygon","coordinates":[[[5.95983,35.55934],[5.95983,35.55934],[5.95988,35.55939],[5.95983,35.55934]]]}},{"type":"Feature","properties":{},"geometry":{"type":"Polygon","coordinates":[[[5.95982,35.5593],[5.95982,35.5593],[5.95982,35.55931],[5.95982,35.5593]]]}},{"type":"Feature","properties":{},"geometry":{"type":"Polygon","coordinates":[[[5.95973,35.55934],[5.95973,35.55933],[5.95971,35.55936],[5.95973,35.55934]]]}},{"type":"Feature","properties":{},"geometry":{"type":"Polygon","coordinates":[[[5.95969,35.55941],[5.95969,35.55941],[5.9597,35.55939],[5.95969,35.55941]]]}},{"type":"Feature","properties":{},"geometry":{"type":"Polygon","coordinates":[[[5.95964,35.55949],[5.95964,35.55949],[5.95965,35.55947],[5.95964,35.55949]]]}},{"type":"Feature","properties":{},"geometry":{"type":"Polygon","coordinates":[[[5.95961,35.55955],[5.95962,35.55954],[5.95961,35.55955],[5.9596,35.55958],[5.95959,35.55959],[5.95961,35.55955]]]}},{"type":"Feature","properties":{},"geometry":{"type":"Polygon","coordinates":[[[5.95957,35.55964],[5.95958,35.55961],[5.95955,35.55965],[5.95957,35.55964]]]}},{"type":"Feature","properties":{},"geometry":{"type":"Polygon","coordinates":[[[5.95949,35.55973],[5.95953,35.55968],[5.9595,35.55971],[5.95949,35.55973],[5.95948,35.55976],[5.95948,35.55976],[5.95949,35.55973]]]}},{"type":"Feature","properties":{},"geometry":{"type":"Polygon","coordinates":[[[5.95923,35.56008],[5.95927,35.56005],[5.95925,35.56007],[5.95923,35.56008]]]}},{"type":"Feature","properties":{},"geometry":{"type":"Polygon","coordinates":[[[5.95918,35.56012],[5.95918,35.56012],[5.95919,35.56011],[5.95918,35.56012]]]}},{"type":"Feature","properties":{},"geometry":{"type":"Polygon","coordinates":[[[5.95914,35.56017],[5.95916,35.56016],[5.95912,35.56018],[5.95914,35.56017]]]}},{"type":"Feature","properties":{},"geometry":{"type":"Polygon","coordinates":[[[5.95906,35.56024],[5.95906,35.56024],[5.95906,35.56024],[5.95906,35.56024]]]}},{"type":"Feature","properties":{},"geometry":{"type":"Polygon","coordinates":[[[5.95901,35.56029],[5.95902,35.56028],[5.95904,35.56027],[5.95901,35.56029]]]}},{"type":"Feature","properties":{},"geometry":{"type":"Polygon","coordinates":[[[5.95898,35.56033],[5.95898,35.56033],[5.95899,35.56032],[5.95898,35.56033]]]}},{"type":"Feature","properties":{},"geometry":{"type":"Polygon","coordinates":[[[5.95895,35.56036],[5.95895,35.56036],[5.95896,35.56035],[5.95895,35.56036]]]}},{"type":"Feature","properties":{},"geometry":{"type":"Polygon","coordinates":[[[5.95896,35.56042],[5.95896,35.56042],[5.95895,35.5604],[5.95896,35.56042]]]}},{"type":"Feature","properties":{},"geometry":{"type":"Polygon","coordinates":[[[5.95892,35.56061],[5.95892,35.56061],[5.95892,35.56058],[5.95892,35.56061]]]}},{"type":"Feature","properties":{},"geometry":{"type":"Polygon","coordinates":[[[5.9589,35.56069],[5.95891,35.56066],[5.9589,35.56071],[5.9589,35.56069]]]}},{"type":"Feature","properties":{},"geometry":{"type":"Polygon","coordinates":[[[5.95882,35.56093],[5.95888,35.56079],[5.95886,35.56083],[5.95882,35.56093]]]}},{"type":"Feature","properties":{},"geometry":{"type":"Polygon","coordinates":[[[5.94865,35.5635],[5.94865,35.5635],[5.94864,35.56351],[5.94865,35.5635]]]}},{"type":"Feature","properties":{},"geometry":{"type":"Polygon","coordinates":[[[5.94868,35.56348],[5.94868,35.56348],[5.94869,35.56347],[5.94868,35.56348]]]}},{"type":"Feature","properties":{},"geometry":{"type":"Polygon","coordinates":[[[5.94872,35.56342],[5.94871,35.56343],[5.94871,35.56343],[5.94872,35.56342]]]}},{"type":"Feature","properties":{},"geometry":{"type":"Polygon","coordinates":[[[5.94878,35.56332],[5.94876,35.56336],[5.94879,35.56329],[5.94878,35.56332]]]}},{"type":"Feature","properties":{},"geometry":{"type":"Polygon","coordinates":[[[5.94879,35.56317],[5.94879,35.56319],[5.94879,35.56321],[5.94879,35.56317]]]}},{"type":"Feature","properties":{},"geometry":{"type":"Polygon","coordinates":[[[5.94877,35.56312],[5.94877,35.56312],[5.94877,35.56313],[5.94877,35.56312]]]}},{"type":"Feature","properties":{},"geometry":{"type":"Polygon","coordinates":[[[5.94876,35.56308],[5.94876,35.56308],[5.94876,35.5631],[5.94876,35.56308]]]}},{"type":"Feature","properties":{},"geometry":{"type":"Polygon","coordinates":[[[5.94865,35.56307],[5.94866,35.56307],[5.94866,35.56307],[5.94865,35.56307]]]}},{"type":"Feature","properties":{},"geometry":{"type":"Polygon","coordinates":[[[5.94855,35.56314],[5.94857,35.56312],[5.94855,35.56314],[5.94855,35.56314]]]}},{"type":"Feature","properties":{},"geometry":{"type":"Polygon","coordinates":[[[5.94854,35.56315],[5.94854,35.56315],[5.94855,35.56314],[5.94854,35.56315]]]}},{"type":"Feature","properties":{},"geometry":{"type":"Polygon","coordinates":[[[5.94847,35.56327],[5.94847,35.56324],[5.94848,35.56322],[5.94847,35.56324],[5.94847,35.56326],[5.94847,35.56327]]]}},{"type":"Feature","properties":{},"geometry":{"type":"Polygon","coordinates":[[[5.94845,35.56333],[5.94845,35.56331],[5.94844,35.56335],[5.94845,35.56333]]]}},{"type":"Feature","properties":{},"geometry":{"type":"Polygon","coordinates":[[[5.94843,35.56343],[5.94843,35.56343],[5.94843,35.56342],[5.94843,35.56343]]]}},{"type":"Feature","properties":{},"geometry":{"type":"Polygon","coordinates":[[[5.94839,35.56353],[5.94839,35.56352],[5.94838,35.56353],[5.94839,35.56353]]]}},{"type":"Feature","properties":{},"geometry":{"type":"Polygon","coordinates":[[[5.94832,35.56359],[5.94834,35.56357],[5.94832,35.56359],[5.94832,35.56359]]]}},{"type":"Feature","properties":{},"geometry":{"type":"Polygon","coordinates":[[[5.9483,35.56362],[5.9483,35.56362],[5.94831,35.5636],[5.9483,35.56362]]]}},{"type":"Feature","properties":{},"geometry":{"type":"Polygon","coordinates":[[[5.94827,35.56364],[5.94826,35.56365],[5.94827,35.56364],[5.94827,35.56364]]]}},{"type":"Feature","properties":{},"geometry":{"type":"Polygon","coordinates":[[[5.94825,35.56367],[5.94825,35.56367],[5.94826,35.56365],[5.94825,35.56367]]]}},{"type":"Feature","properties":{},"geometry":{"type":"Polygon","coordinates":[[[5.94822,35.56376],[5.94822,35.56375],[5.94822,35.56376],[5.94822,35.56376]]]}},{"type":"Feature","properties":{},"geometry":{"type":"Polygon","coordinates":[[[5.94818,35.56382],[5.94819,35.5638],[5.94821,35.56377],[5.94818,35.56382]]]}},{"type":"Feature","properties":{},"geometry":{"type":"Polygon","coordinates":[[[5.94814,35.56387],[5.94814,35.56387],[5.94815,35.56386],[5.94814,35.56387]]]}},{"type":"Feature","properties":{},"geometry":{"type":"Polygon","coordinates":[[[5.9481,35.56397],[5.9481,35.56396],[5.94809,35.56398],[5.9481,35.56397]]]}},{"type":"Feature","properties":{},"geometry":{"type":"Polygon","coordinates":[[[5.94809,35.56406],[5.94809,35.56406],[5.94809,35.56404],[5.94809,35.56406]]]}},{"type":"Feature","properties":{},"geometry":{"type":"Polygon","coordinates":[[[5.94806,35.56418],[5.94807,35.56414],[5.94808,35.56412],[5.94807,35.56414],[5.94806,35.56418]]]}},{"type":"Feature","properties":{},"geometry":{"type":"Polygon","coordinates":[[[5.94805,35.56425],[5.94806,35.56422],[5.94805,35.56425],[5.94805,35.56425]]]}},{"type":"Feature","properties":{},"geometry":{"type":"Polygon","coordinates":[[[5.94804,35.56435],[5.94804,35.56432],[5.94805,35.5643],[5.94804,35.56435]]]}},{"type":"Feature","properties":{},"geometry":{"type":"Polygon","coordinates":[[[5.94803,35.5644],[5.94803,35.56441],[5.94803,35.5644],[5.94803,35.5644]]]}},{"type":"Feature","properties":{},"geometry":{"type":"Polygon","coordinates":[[[5.948,35.5645],[5.94801,35.56445],[5.948,35.56451],[5.948,35.5645]]]}},{"type":"Feature","properties":{},"geometry":{"type":"Polygon","coordinates":[[[5.94798,35.56459],[5.94798,35.56456],[5.94798,35.56456],[5.94798,35.56459]]]}},{"type":"Feature","properties":{},"geometry":{"type":"Polygon","coordinates":[[[5.94795,35.56463],[5.94798,35.56459],[5.94795,35.56463],[5.94794,35.56464],[5.94793,35.56467],[5.94792,35.56469],[5.94792,35.5647],[5.94793,35.56467],[5.94795,35.56463]]]}},{"type":"Feature","properties":{},"geometry":{"type":"Polygon","coordinates":[[[5.94784,35.56488],[5.94784,35.56487],[5.94784,35.56489],[5.94784,35.56488]]]}},{"type":"Feature","properties":{},"geometry":{"type":"Polygon","coordinates":[[[5.94782,35.56494],[5.94782,35.56494],[5.94782,35.56493],[5.94782,35.56494]]]}},{"type":"Feature","properties":{},"geometry":{"type":"Polygon","coordinates":[[[5.94781,35.56498],[5.94781,35.56499],[5.94781,35.56498],[5.94781,35.56498]]]}},{"type":"Feature","properties":{},"geometry":{"type":"Polygon","coordinates":[[[5.94778,35.56515],[5.94779,35.56509],[5.94778,35.56515],[5.94778,35.56515]]]}},{"type":"Feature","properties":{},"geometry":{"type":"Polygon","coordinates":[[[5.94781,35.56523],[5.94778,35.56515],[5.94785,35.56534],[5.94781,35.56523]]]}},{"type":"Feature","properties":{},"geometry":{"type":"Polygon","coordinates":[[[5.94785,35.56534],[5.94785,35.56534],[5.94785,35.56534],[5.94785,35.56534]]]}},{"type":"Feature","properties":{},"geometry":{"type":"Polygon","coordinates":[[[5.94792,35.56544],[5.94789,35.56541],[5.94793,35.56545],[5.94792,35.56544]]]}},{"type":"Feature","properties":{},"geometry":{"type":"Polygon","coordinates":[[[5.94796,35.56549],[5.94796,35.56549],[5.94799,35.56551],[5.94796,35.56549]]]}},{"type":"Feature","properties":{},"geometry":{"type":"Polygon","coordinates":[[[5.94802,35.56555],[5.94802,35.56555],[5.94801,35.56554],[5.94802,35.56555]]]}},{"type":"Feature","properties":{},"geometry":{"type":"Polygon","coordinates":[[[5.94807,35.56562],[5.94806,35.56562],[5.94809,35.56563],[5.94807,35.56562]]]}},{"type":"Feature","properties":{},"geometry":{"type":"Polygon","coordinates":[[[5.94811,35.56563],[5.9481,35.56563],[5.94811,35.56563],[5.94811,35.56563]]]}},{"type":"Feature","properties":{},"geometry":{"type":"Polygon","coordinates":[[[5.94817,35.56553],[5.94815,35.56557],[5.94817,35.56551],[5.94817,35.56553]]]}},{"type":"Feature","properties":{},"geometry":{"type":"Polygon","coordinates":[[[5.94817,35.56538],[5.94817,35.56538],[5.94817,35.56539],[5.94817,35.56538]]]}},{"type":"Feature","properties":{},"geometry":{"type":"Polygon","coordinates":[[[5.94817,35.56533],[5.94817,35.56533],[5.94817,35.56536],[5.94817,35.56533]]]}},{"type":"Feature","properties":{},"geometry":{"type":"Polygon","coordinates":[[[5.94817,35.56523],[5.94817,35.56527],[5.94817,35.56522],[5.94817,35.56523]]]}},{"type":"Feature","properties":{},"geometry":{"type":"Polygon","coordinates":[[[5.94814,35.56514],[5.94814,35.56514],[5.94814,35.56511],[5.94814,35.56514]]]}},{"type":"Feature","properties":{},"geometry":{"type":"Polygon","coordinates":[[[5.94813,35.56508],[5.94813,35.56508],[5.94813,35.56506],[5.94813,35.56508]]]}},{"type":"Feature","properties":{},"geometry":{"type":"Polygon","coordinates":[[[5.94814,35.56501],[5.94814,35.56501],[5.94814,35.56502],[5.94814,35.56501]]]}},{"type":"Feature","properties":{},"geometry":{"type":"Polygon","coordinates":[[[5.94816,35.56491],[5.94815,35.56499],[5.94815,35.56496],[5.94816,35.56491]]]}},{"type":"Feature","properties":{},"geometry":{"type":"Polygon","coordinates":[[[5.94817,35.56485],[5.94817,35.56485],[5.94817,35.56487],[5.94817,35.56485]]]}},{"type":"Feature","properties":{},"geometry":{"type":"Polygon","coordinates":[[[5.94822,35.56476],[5.94822,35.56476],[5.94823,35.56474],[5.94822,35.56476]]]}},{"type":"Feature","properties":{},"geometry":{"type":"Polygon","coordinates":[[[5.9483,35.56468],[5.9483,35.56468],[5.94829,35.56469],[5.9483,35.56468]]]}},{"type":"Feature","properties":{},"geometry":{"type":"Polygon","coordinates":[[[5.94833,35.56463],[5.94832,35.56464],[5.94834,35.56459],[5.94833,35.56463]]]}},{"type":"Feature","properties":{},"geometry":{"type":"Polygon","coordinates":[[[5.94835,35.56451],[5.94835,35.56451],[5.94835,35.56452],[5.94835,35.56451]]]}},{"type":"Feature","properties":{},"geometry":{"type":"Polygon","coordinates":[[[5.94832,35.56435],[5.94834,35.56444],[5.94833,35.56441],[5.94832,35.56435],[5.94831,35.5643],[5.94832,35.56435]]]}},{"type":"Feature","properties":{},"geometry":{"type":"Polygon","coordinates":[[[5.94819,35.5642],[5.94825,35.56423],[5.94819,35.5642],[5.94819,35.5642]]]}},{"type":"Feature","properties":{},"geometry":{"type":"Polygon","coordinates":[[[5.94822,35.56415],[5.94822,35.56415],[5.94822,35.56416],[5.94822,35.56415]]]}},{"type":"Feature","properties":{},"geometry":{"type":"Polygon","coordinates":[[[5.94825,35.5641],[5.94825,35.5641],[5.94825,35.5641],[5.94825,35.5641]]]}},{"type":"Feature","properties":{},"geometry":{"type":"Polygon","coordinates":[[[5.94827,35.56408],[5.94825,35.56409],[5.94827,35.56408],[5.94827,35.56408]]]}},{"type":"Feature","properties":{},"geometry":{"type":"Polygon","coordinates":[[[5.94828,35.56406],[5.94828,35.56406],[5.94827,35.56408],[5.94828,35.56406]]]}},{"type":"Feature","properties":{},"geometry":{"type":"Polygon","coordinates":[[[5.94832,35.56402],[5.94831,35.56403],[5.94834,35.564],[5.94832,35.56402]]]}},{"type":"Feature","properties":{},"geometry":{"type":"Polygon","coordinates":[[[5.94838,35.56396],[5.94838,35.56396],[5.94841,35.56393],[5.94838,35.56396]]]}},{"type":"Feature","properties":{},"geometry":{"type":"Polygon","coordinates":[[[5.94845,35.5639],[5.94845,35.5639],[5.94846,35.56388],[5.94845,35.5639]]]}},{"type":"Feature","properties":{},"geometry":{"type":"Polygon","coordinates":[[[5.94847,35.56383],[5.94847,35.56383],[5.94847,35.56383],[5.94847,35.56383]]]}},{"type":"Feature","properties":{},"geometry":{"type":"Polygon","coordinates":[[[5.9485,35.56368],[5.94847,35.56376],[5.94847,35.56374],[5.9485,35.56368]]]}},{"type":"Feature","properties":{},"geometry":{"type":"Polygon","coordinates":[[[5.94851,35.56364],[5.94851,35.56364],[5.94851,35.56367],[5.94851,35.56364]]]}},{"type":"Feature","properties":{},"geometry":{"type":"Polygon","coordinates":[[[5.94854,35.5636],[5.94853,35.56362],[5.94854,35.5636],[5.94854,35.5636]]]}},{"type":"Feature","properties":{},"geometry":{"type":"Polygon","coordinates":[[[5.94861,35.56354],[5.94861,35.56354],[5.94861,35.56354],[5.94861,35.56354]]]}},{"type":"Feature","properties":{},"geometry":{"type":"Polygon","coordinates":[[[5.95416,35.57479],[5.95412,35.57475],[5.95426,35.57483],[5.95416,35.57479]]]}},{"type":"Feature","properties":{},"geometry":{"type":"Polygon","coordinates":[[[5.95455,35.57484],[5.95455,35.57484],[5.95449,35.57487],[5.95455,35.57484]]]}},{"type":"Feature","properties":{},"geometry":{"type":"Polygon","coordinates":[[[5.95474,35.57472],[5.95474,35.57472],[5.95473,35.57474],[5.95474,35.57472]]]}},{"type":"Feature","properties":{},"geometry":{"type":"Polygon","coordinates":[[[5.95487,35.5746],[5.95485,35.57462],[5.9549,35.57457],[5.95487,35.5746]]]}},{"type":"Feature","properties":{},"geometry":{"type":"Polygon","coordinates":[[[5.95504,35.57442],[5.95502,35.57444],[5.95503,35.57439],[5.95504,35.57442]]]}},{"type":"Feature","properties":{},"geometry":{"type":"Polygon","coordinates":[[[5.95494,35.57407],[5.955,35.57418],[5.9549,35.57401],[5.95494,35.57407]]]}},{"type":"Feature","properties":{},"geometry":{"type":"Polygon","coordinates":[[[5.95486,35.5738],[5.95486,35.57391],[5.95487,35.57394],[5.95486,35.5738]]]}},{"type":"Feature","properties":{},"geometry":{"type":"Polygon","coordinates":[[[5.95487,35.57362],[5.95486,35.57372],[5.95487,35.57357],[5.95487,35.57362]]]}},{"type":"Feature","properties":{},"geometry":{"type":"Polygon","coordinates":[[[5.95488,35.57339],[5.95488,35.57349],[5.95488,35.57338],[5.95488,35.57339]]]}},{"type":"Feature","properties":{},"geometry":{"type":"Polygon","coordinates":[[[5.9547,35.57309],[5.95474,35.57314],[5.95468,35.57304],[5.9547,35.57309]]]}},{"type":"Feature","properties":{},"geometry":{"type":"Polygon","coordinates":[[[5.9546,35.57295],[5.9546,35.57295],[5.95462,35.57297],[5.9546,35.57295]]]}},{"type":"Feature","properties":{},"geometry":{"type":"Polygon","coordinates":[[[5.95432,35.57303],[5.95447,35.57299],[5.95436,35.57304],[5.95432,35.57303]]]}},{"type":"Feature","properties":{},"geometry":{"type":"Polygon","coordinates":[[[5.95427,35.57306],[5.95428,35.57305],[5.9542,35.57305],[5.95427,35.57306]]]}},{"type":"Feature","properties":{},"geometry":{"type":"Polygon","coordinates":[[[5.95402,35.57308],[5.95402,35.57308],[5.95401,35.57308],[5.95402,35.57308]]]}},{"type":"Feature","properties":{},"geometry":{"type":"Polygon","coordinates":[[[5.95382,35.57306],[5.95393,35.57309],[5.95389,35.57308],[5.95382,35.57306],[5.95374,35.57308],[5.95382,35.57306]]]}},{"type":"Feature","properties":{},"geometry":{"type":"Polygon","coordinates":[[[5.95365,35.57314],[5.95368,35.57311],[5.95359,35.57319],[5.95365,35.57314]]]}},{"type":"Feature","properties":{},"geometry":{"type":"Polygon","coordinates":[[[5.95354,35.57321],[5.95359,35.57319],[5.95354,35.57321],[5.95349,35.57328],[5.95347,35.57329],[5.95354,35.57321]]]}},{"type":"Feature","properties":{},"geometry":{"type":"Polygon","coordinates":[[[5.95336,35.57334],[5.95341,35.57332],[5.95331,35.57337],[5.95336,35.57334]]]}},{"type":"Feature","properties":{},"geometry":{"type":"Polygon","coordinates":[[[5.95306,35.57358],[5.95324,35.57342],[5.95315,35.57351],[5.95306,35.57358]]]}},{"type":"Feature","properties":{},"geometry":{"type":"Polygon","coordinates":[[[5.9528,35.57387],[5.95281,35.57385],[5.9528,35.5739],[5.9528,35.57387]]]}},{"type":"Feature","properties":{},"geometry":{"type":"Polygon","coordinates":[[[5.9527,35.57405],[5.95274,35.57399],[5.95266,35.5741],[5.9527,35.57405]]]}},{"type":"Feature","properties":{},"geometry":{"type":"Polygon","coordinates":[[[5.95261,35.57421],[5.95262,35.57418],[5.95259,35.57428],[5.95261,35.57421]]]}},{"type":"Feature","properties":{},"geometry":{"type":"Polygon","coordinates":[[[5.95256,35.57433],[5.95256,35.57433],[5.95253,35.5744],[5.95256,35.57433]]]}},{"type":"Feature","properties":{},"geometry":{"type":"Polygon","coordinates":[[[5.95253,35.57441],[5.95253,35.5744],[5.95253,35.5744],[5.95253,35.57441]]]}},{"type":"Feature","properties":{},"geometry":{"type":"Polygon","coordinates":[[[5.95264,35.57467],[5.95257,35.57457],[5.95261,35.57477],[5.95264,35.57467]]]}},{"type":"Feature","properties":{},"geometry":{"type":"Polygon","coordinates":[[[5.9526,35.5748],[5.95287,35.57487],[5.95298,35.57488],[5.95287,35.57487],[5.9526,35.5748]]]}},{"type":"Feature","properties":{},"geometry":{"type":"Polygon","coordinates":[[[5.9532,35.57483],[5.9532,35.57483],[5.95316,35.57484],[5.9532,35.57483]]]}},{"type":"Feature","properties":{},"geometry":{"type":"Polygon","coordinates":[[[5.95335,35.57475],[5.95329,35.57478],[5.95348,35.57473],[5.95335,35.57475]]]}},{"type":"Feature","properties":{},"geometry":{"type":"Polygon","coordinates":[[[5.95372,35.57467],[5.9535,35.57472],[5.95377,35.57468],[5.95372,35.57467]]]}},{"type":"Feature","properties":{},"geometry":{"type":"Polygon","coordinates":[[[5.97088,35.57243],[5.97093,35.57242],[5.97095,35.57242],[5.97088,35.57243]]]}},{"type":"Feature","properties":{},"geometry":{"type":"Polygon","coordinates":[[[5.97082,35.57245],[5.97082,35.57245],[5.97083,35.57244],[5.97082,35.57245]]]}},{"type":"Feature","properties":{},"geometry":{"type":"Polygon","coordinates":[[[5.96576,35.56977],[5.96579,35.56974],[5.96572,35.56981],[5.96576,35.56977]]]}},{"type":"Feature","properties":{},"geometry":{"type":"Polygon","coordinates":[[[5.96591,35.56964],[5.96591,35.56964],[5.96588,35.56967],[5.96591,35.56964]]]}},{"type":"Feature","properties":{},"geometry":{"type":"Polygon","coordinates":[[[5.96608,35.56949],[5.96604,35.56953],[5.96614,35.56946],[5.96608,35.56949]]]}},{"type":"Feature","properties":{},"geometry":{"type":"Polygon","coordinates":[[[5.96626,35.56935],[5.96619,35.56941],[5.96621,35.56939],[5.96626,35.56935],[5.96633,35.56928],[5.96626,35.56935]]]}},{"type":"Feature","properties":{},"geometry":{"type":"Polygon","coordinates":[[[5.96657,35.56909],[5.96653,35.56914],[5.9666,35.56906],[5.96657,35.56909]]]}},{"type":"Feature","properties":{},"geometry":{"type":"Polygon","coordinates":[[[5.96673,35.56891],[5.96667,35.56897],[5.96673,35.56891],[5.96674,35.56883],[5.96676,35.5688],[5.96673,35.56891]]]}},{"type":"Feature","properties":{},"geometry":{"type":"Polygon","coordinates":[[[5.96684,35.56863],[5.96682,35.56869],[5.96681,35.56872],[5.96682,35.56869],[5.96684,35.56864],[5.96684,35.56863]]]}},{"type":"Feature","properties":{},"geometry":{"type":"Polygon","coordinates":[[[5.96686,35.56845],[5.96686,35.5685],[5.96686,35.5684],[5.96686,35.56845]]]}},{"type":"Feature","properties":{},"geometry":{"type":"Polygon","coordinates":[[[5.96684,35.56819],[5.96686,35.56828],[5.96677,35.56809],[5.96684,35.56819]]]}},{"type":"Feature","properties":{},"geometry":{"type":"Polygon","coordinates":[[[5.96677,35.56809],[5.96677,35.56808],[5.96677,35.56809],[5.96677,35.56809]]]}},{"type":"Feature","properties":{},"geometry":{"type":"Polygon","coordinates":[[[5.96667,35.5679],[5.96675,35.56802],[5.96669,35.56794],[5.96667,35.5679]]]}},{"type":"Feature","properties":{},"geometry":{"type":"Polygon","coordinates":[[[5.96653,35.56779],[5.96666,35.56789],[5.96663,35.56788],[5.96656,35.56782],[5.96653,35.56779],[5.96648,35.56777],[5.96644,35.56775],[5.96653,35.56779]]]}},{"type":"Feature","properties":{},"geometry":{"type":"Polygon","coordinates":[[[5.96636,35.56772],[5.96641,35.56774],[5.96631,35.5677],[5.96636,35.56772]]]}},{"type":"Feature","properties":{},"geometry":{"type":"Polygon","coordinates":[[[5.96595,35.56774],[5.96622,35.56767],[5.96587,35.5678],[5.96595,35.56774]]]}},{"type":"Feature","properties":{},"geometry":{"type":"Polygon","coordinates":[[[5.96578,35.56786],[5.96578,35.56786],[5.9658,35.56784],[5.96578,35.56786]]]}},{"type":"Feature","properties":{},"geometry":{"type":"Polygon","coordinates":[[[5.96557,35.56805],[5.96568,35.56792],[5.9655,35.5682],[5.96557,35.56805]]]}},{"type":"Feature","properties":{},"geometry":{"type":"Polygon","coordinates":[[[5.96548,35.56829],[5.96548,35.56829],[5.96548,35.56827],[5.96548,35.56829]]]}},{"type":"Feature","properties":{},"geometry":{"type":"Polygon","coordinates":[[[5.96545,35.56842],[5.96545,35.56842],[5.96546,35.5684],[5.96545,35.56842]]]}},{"type":"Feature","properties":{},"geometry":{"type":"Polygon","coordinates":[[[5.96545,35.56852],[5.96545,35.56852],[5.96545,35.56851],[5.96545,35.56852]]]}},{"type":"Feature","properties":{},"geometry":{"type":"Polygon","coordinates":[[[5.9655,35.56864],[5.96549,35.56861],[5.96552,35.56866],[5.9655,35.56864]]]}},{"type":"Feature","properties":{},"geometry":{"type":"Polygon","coordinates":[[[5.96555,35.56872],[5.96553,35.56867],[5.96556,35.56875],[5.96555,35.56872]]]}},{"type":"Feature","properties":{},"geometry":{"type":"Polygon","coordinates":[[[5.96564,35.56888],[5.96564,35.56888],[5.96563,35.56887],[5.96564,35.56888]]]}},{"type":"Feature","properties":{},"geometry":{"type":"Polygon","coordinates":[[[5.96573,35.56896],[5.9657,35.56893],[5.96573,35.56902],[5.96573,35.56896]]]}},{"type":"Feature","properties":{},"geometry":{"type":"Polygon","coordinates":[[[5.96543,35.56925],[5.96556,35.56917],[5.96548,35.56924],[5.96543,35.56925],[5.96539,35.5693],[5.96527,35.56936],[5.96543,35.56925]]]}},{"type":"Feature","properties":{},"geometry":{"type":"Polygon","coordinates":[[[5.96521,35.56942],[5.96521,35.56942],[5.96521,35.56941],[5.96521,35.56942]]]}},{"type":"Feature","properties":{},"geometry":{"type":"Polygon","coordinates":[[[5.96519,35.56951],[5.96519,35.56951],[5.96517,35.5695],[5.96519,35.56951]]]}},{"type":"Feature","properties":{},"geometry":{"type":"Polygon","coordinates":[[[5.96541,35.56965],[5.96538,35.5696],[5.96545,35.5697],[5.96541,35.56965]]]}},{"type":"Feature","properties":{},"geometry":{"type":"Polygon","coordinates":[[[5.96545,35.5697],[5.96548,35.56977],[5.96545,35.5697],[5.96545,35.5697]]]}},{"type":"Feature","properties":{},"geometry":{"type":"Polygon","coordinates":[[[5.96548,35.56978],[5.96548,35.56977],[5.96548,35.56977],[5.96548,35.56978]]]}},{"type":"Feature","properties":{},"geometry":{"type":"Polygon","coordinates":[[[5.96551,35.5699],[5.96548,35.56986],[5.96556,35.56992],[5.96551,35.5699]]]}},{"type":"Feature","properties":{},"geometry":{"type":"Polygon","coordinates":[[[5.96564,35.5699],[5.9656,35.56992],[5.9657,35.56987],[5.96564,35.5699]]]}},{"type":"Feature","properties":{},"geometry":{"type":"Polygon","coordinates":[[[5.9657,35.56983],[5.9657,35.56983],[5.9657,35.56986],[5.9657,35.56983]]]}},{"type":"Feature","properties":{},"geometry":{"type":"Polygon","coordinates":[[[5.9613,35.56907],[5.96115,35.56909],[5.96137,35.56905],[5.9613,35.56907]]]}},{"type":"Feature","properties":{},"geometry":{"type":"Polygon","coordinates":[[[5.96146,35.56904],[5.96137,35.56905],[5.96146,35.56904],[5.96146,35.56904]]]}},{"type":"Feature","properties":{},"geometry":{"type":"Polygon","coordinates":[[[5.96158,35.56897],[5.96158,35.56897],[5.96156,35.56898],[5.96158,35.56897]]]}},{"type":"Feature","properties":{},"geometry":{"type":"Polygon","coordinates":[[[5.96167,35.56889],[5.96167,35.56889],[5.96165,35.56891],[5.96167,35.56889]]]}},{"type":"Feature","properties":{},"geometry":{"type":"Polygon","coordinates":[[[5.96175,35.56882],[5.96175,35.56882],[5.96174,35.56883],[5.96175,35.56882]]]}},{"type":"Feature","properties":{},"geometry":{"type":"Polygon","coordinates":[[[5.96186,35.5687],[5.96181,35.56876],[5.96189,35.56866],[5.96186,35.5687]]]}},{"type":"Feature","properties":{},"geometry":{"type":"Polygon","coordinates":[[[5.96193,35.56857],[5.96189,35.56866],[5.96194,35.56855],[5.96193,35.56857]]]}},{"type":"Feature","properties":{},"geometry":{"type":"Polygon","coordinates":[[[5.96206,35.56843],[5.96197,35.56851],[5.96199,35.56849],[5.96206,35.56843],[5.96209,35.5684],[5.96206,35.56843]]]}},{"type":"Feature","properties":{},"geometry":{"type":"Polygon","coordinates":[[[5.96219,35.56827],[5.96211,35.56838],[5.96214,35.56832],[5.96219,35.56827]]]}},{"type":"Feature","properties":{},"geometry":{"type":"Polygon","coordinates":[[[5.96229,35.56812],[5.96218,35.56826],[5.96218,35.56825],[5.96229,35.56812]]]}},{"type":"Feature","properties":{},"geometry":{"type":"Polygon","coordinates":[[[5.96237,35.56796],[5.96235,35.56799],[5.96238,35.56794],[5.96237,35.56796]]]}},{"type":"Feature","properties":{},"geometry":{"type":"Polygon","coordinates":[[[5.96242,35.56783],[5.96242,35.56783],[5.9624,35.56788],[5.96242,35.56783]]]}},{"type":"Feature","properties":{},"geometry":{"type":"Polygon","coordinates":[[[5.96246,35.56752],[5.96246,35.56759],[5.96244,35.56746],[5.96246,35.56752]]]}},{"type":"Feature","properties":{},"geometry":{"type":"Polygon","coordinates":[[[5.96244,35.56746],[5.96244,35.56745],[5.96244,35.56746],[5.96244,35.56746]]]}},{"type":"Feature","properties":{},"geometry":{"type":"Polygon","coordinates":[[[5.96244,35.56735],[5.96244,35.56738],[5.96244,35.56735],[5.96241,35.56733],[5.9624,35.5673],[5.96244,35.56735]]]}},{"type":"Feature","properties":{},"geometry":{"type":"Polygon","coordinates":[[[5.96214,35.56733],[5.96221,35.56728],[5.96209,35.56739],[5.96214,35.56733]]]}},{"type":"Feature","properties":{},"geometry":{"type":"Polygon","coordinates":[[[5.96201,35.5675],[5.96208,35.56739],[5.962,35.56757],[5.96201,35.5675]]]}},{"type":"Feature","properties":{},"geometry":{"type":"Polygon","coordinates":[[[5.96193,35.56789],[5.96193,35.56782],[5.96193,35.56781],[5.96194,35.56785],[5.96193,35.56789]]]}},{"type":"Feature","properties":{},"geometry":{"type":"Polygon","coordinates":[[[5.96184,35.56806],[5.96184,35.56806],[5.96184,35.56806],[5.96184,35.56806]]]}},{"type":"Feature","properties":{},"geometry":{"type":"Polygon","coordinates":[[[5.96179,35.56811],[5.96184,35.56806],[5.96174,35.56816],[5.96179,35.56811]]]}},{"type":"Feature","properties":{},"geometry":{"type":"Polygon","coordinates":[[[5.96168,35.56824],[5.96169,35.56822],[5.96168,35.56824],[5.96166,35.56828],[5.96165,35.56829],[5.96168,35.56824]]]}},{"type":"Feature","properties":{},"geometry":{"type":"Polygon","coordinates":[[[5.9615,35.56842],[5.9616,35.56833],[5.96145,35.56844],[5.9615,35.56842]]]}},{"type":"Feature","properties":{},"geometry":{"type":"Polygon","coordinates":[[[5.96127,35.56855],[5.96127,35.56855],[5.96127,35.56854],[5.96127,35.56855]]]}},{"type":"Feature","properties":{},"geometry":{"type":"Polygon","coordinates":[[[5.96109,35.56864],[5.96113,35.56863],[5.96107,35.56865],[5.96109,35.56864]]]}},{"type":"Feature","properties":{},"geometry":{"type":"Polygon","coordinates":[[[5.96084,35.56879],[5.96095,35.56872],[5.96077,35.56883],[5.96084,35.56879]]]}},{"type":"Feature","properties":{},"geometry":{"type":"Polygon","coordinates":[[[5.96069,35.56887],[5.96077,35.56883],[5.96066,35.56889],[5.96069,35.56887]]]}},{"type":"Feature","properties":{},"geometry":{"type":"Polygon","coordinates":[[[5.96052,35.56902],[5.96058,35.56893],[5.96052,35.56902],[5.96052,35.56902]]]}},{"type":"Feature","properties":{},"geometry":{"type":"Polygon","coordinates":[[[5.96052,35.56917],[5.96052,35.56917],[5.96052,35.56916],[5.96052,35.56917]]]}},{"type":"Feature","properties":{},"geometry":{"type":"Polygon","coordinates":[[[5.96064,35.56921],[5.96064,35.56921],[5.96061,35.5692],[5.96064,35.56921]]]}},{"type":"Feature","properties":{},"geometry":{"type":"Polygon","coordinates":[[[5.96092,35.56916],[5.96083,35.56918],[5.96081,35.56918],[5.96092,35.56916]]]}},{"type":"Feature","properties":{},"geometry":{"type":"Polygon","coordinates":[[[5.96232,35.56659],[5.96226,35.56669],[5.9623,35.56661],[5.96232,35.56659]]]}},{"type":"Feature","properties":{},"geometry":{"type":"Polygon","coordinates":[[[5.9622,35.56681],[5.9622,35.56681],[5.96221,35.56679],[5.9622,35.56681]]]}},{"type":"Feature","properties":{},"geometry":{"type":"Polygon","coordinates":[[[5.96216,35.56686],[5.96217,35.56685],[5.96217,35.56685],[5.96216,35.56686]]]}},{"type":"Feature","properties":{},"geometry":{"type":"Polygon","coordinates":[[[5.96215,35.56694],[5.96215,35.5669],[5.96215,35.56697],[5.96215,35.56694]]]}},{"type":"Feature","properties":{},"geometry":{"type":"Polygon","coordinates":[[[5.96221,35.56706],[5.96218,35.56704],[5.96218,35.56704],[5.96221,35.56706]]]}},{"type":"Feature","properties":{},"geometry":{"type":"Polygon","coordinates":[[[5.96229,35.56709],[5.96228,35.56709],[5.96232,35.56705],[5.96229,35.56709]]]}},{"type":"Feature","properties":{},"geometry":{"type":"Polygon","coordinates":[[[5.9624,35.56698],[5.9624,35.56698],[5.96242,35.56696],[5.9624,35.56698]]]}},{"type":"Feature","properties":{},"geometry":{"type":"Polygon","coordinates":[[[5.96256,35.56688],[5.96249,35.56692],[5.96257,35.56688],[5.96256,35.56688]]]}},{"type":"Feature","properties":{},"geometry":{"type":"Polygon","coordinates":[[[5.96269,35.56686],[5.96269,35.56686],[5.96264,35.56685],[5.96269,35.56686]]]}},{"type":"Feature","properties":{},"geometry":{"type":"Polygon","coordinates":[[[5.96284,35.56694],[5.96275,35.56687],[5.96277,35.56688],[5.96281,35.5669],[5.96284,35.56694],[5.96287,35.56695],[5.96284,35.56694]]]}},{"type":"Feature","properties":{},"geometry":{"type":"Polygon","coordinates":[[[5.96294,35.56695],[5.96288,35.56695],[5.96297,35.56694],[5.96294,35.56695]]]}},{"type":"Feature","properties":{},"geometry":{"type":"Polygon","coordinates":[[[5.96302,35.56694],[5.96302,35.56694],[5.96303,35.56693],[5.96302,35.56694]]]}},{"type":"Feature","properties":{},"geometry":{"type":"Polygon","coordinates":[[[5.96253,35.56634],[5.96253,35.56634],[5.96254,35.56633],[5.96253,35.56634]]]}},{"type":"Feature","properties":{},"geometry":{"type":"Polygon","coordinates":[[[5.96244,35.56642],[5.9625,35.56637],[5.96249,35.56638],[5.96244,35.56642]]]}},{"type":"Feature","properties":{},"geometry":{"type":"Polygon","coordinates":[[[5.96235,35.56652],[5.96238,35.56648],[5.96234,35.56654],[5.96235,35.56652]]]}},{"type":"Feature","properties":{},"geometry":{"type":"Polygon","coordinates":[[[5.97707,35.56576],[5.97698,35.56571],[5.9769,35.56566],[5.97698,35.56571],[5.97707,35.56576]]]}},{"type":"Feature","properties":{},"geometry":{"type":"Polygon","coordinates":[[[5.97716,35.56583],[5.97709,35.56577],[5.97722,35.56587],[5.97716,35.56583]]]}},{"type":"Feature","properties":{},"geometry":{"type":"Polygon","coordinates":[[[5.97738,35.56601],[5.97738,35.56601],[5.97736,35.566],[5.97738,35.56601]]]}},{"type":"Feature","properties":{},"geometry":{"type":"Polygon","coordinates":[[[5.97757,35.56619],[5.97757,35.56619],[5.97756,35.56618],[5.97757,35.56619]]]}},{"type":"Feature","properties":{},"geometry":{"type":"Polygon","coordinates":[[[5.97801,35.56638],[5.97801,35.56638],[5.97806,35.56639],[5.97801,35.56638]]]}},{"type":"Feature","properties":{},"geometry":{"type":"Polygon","coordinates":[[[5.97847,35.56648],[5.97847,35.56648],[5.97843,35.56647],[5.97847,35.56648]]]}},{"type":"Feature","properties":{},"geometry":{"type":"Polygon","coordinates":[[[5.97863,35.5665],[5.97863,35.5665],[5.97857,35.56649],[5.97863,35.5665]]]}},{"type":"Feature","properties":{},"geometry":{"type":"Polygon","coordinates":[[[5.97881,35.56655],[5.97877,35.56654],[5.97882,35.56654],[5.97881,35.56655]]]}},{"type":"Feature","properties":{},"geometry":{"type":"Polygon","coordinates":[[[5.9791,35.56651],[5.97908,35.56651],[5.9791,35.56651],[5.97918,35.56647],[5.97919,35.56646],[5.9791,35.56651]]]}},{"type":"Feature","properties":{},"geometry":{"type":"Polygon","coordinates":[[[5.97928,35.56616],[5.97931,35.56633],[5.9793,35.56635],[5.97928,35.56616]]]}},{"type":"Feature","properties":{},"geometry":{"type":"Polygon","coordinates":[[[5.97905,35.56599],[5.97905,35.56599],[5.97907,35.566],[5.97905,35.56599]]]}},{"type":"Feature","properties":{},"geometry":{"type":"Polygon","coordinates":[[[5.97879,35.56584],[5.97881,35.56585],[5.97871,35.56582],[5.97879,35.56584]]]}},{"type":"Feature","properties":{},"geometry":{"type":"Polygon","coordinates":[[[5.97854,35.56576],[5.97854,35.56576],[5.97857,35.56577],[5.97854,35.56576]]]}},{"type":"Feature","properties":{},"geometry":{"type":"Polygon","coordinates":[[[5.9783,35.56572],[5.97853,35.56576],[5.97787,35.56548],[5.9783,35.56572]]]}},{"type":"Feature","properties":{},"geometry":{"type":"Polygon","coordinates":[[[5.97713,35.56514],[5.97744,35.56525],[5.97728,35.5652],[5.97718,35.56516],[5.97713,35.56514]]]}},{"type":"Feature","properties":{},"geometry":{"type":"Polygon","coordinates":[[[5.97682,35.56503],[5.97685,35.56505],[5.97682,35.56503],[5.97671,35.565],[5.97669,35.56499],[5.97682,35.56503]]]}},{"type":"Feature","properties":{},"geometry":{"type":"Polygon","coordinates":[[[5.97649,35.56488],[5.97652,35.5649],[5.97642,35.56484],[5.97649,35.56488]]]}},{"type":"Feature","properties":{},"geometry":{"type":"Polygon","coordinates":[[[5.97594,35.5645],[5.97599,35.56453],[5.97587,35.56447],[5.97594,35.5645]]]}},{"type":"Feature","properties":{},"geometry":{"type":"Polygon","coordinates":[[[5.97544,35.56429],[5.97555,35.56435],[5.97536,35.56424],[5.97544,35.56429]]]}},{"type":"Feature","properties":{},"geometry":{"type":"Polygon","coordinates":[[[5.97516,35.56409],[5.97516,35.56409],[5.97521,35.56412],[5.97516,35.56409]]]}},{"type":"Feature","properties":{},"geometry":{"type":"Polygon","coordinates":[[[5.97494,35.56399],[5.97496,35.56399],[5.97494,35.56399],[5.97494,35.56399]]]}},{"type":"Feature","properties":{},"geometry":{"type":"Polygon","coordinates":[[[5.97467,35.56377],[5.97475,35.56383],[5.97463,35.56374],[5.97467,35.56377]]]}},{"type":"Feature","properties":{},"geometry":{"type":"Polygon","coordinates":[[[5.97442,35.56358],[5.97449,35.56363],[5.97432,35.5635],[5.97442,35.56358]]]}},{"type":"Feature","properties":{},"geometry":{"type":"Polygon","coordinates":[[[5.97432,35.5635],[5.97419,35.56342],[5.97398,35.56339],[5.97419,35.56342],[5.97432,35.5635]]]}},{"type":"Feature","properties":{},"geometry":{"type":"Polygon","coordinates":[[[5.97394,35.56341],[5.97385,35.56337],[5.97394,35.56341],[5.97394,35.56341]]]}},{"type":"Feature","properties":{},"geometry":{"type":"Polygon","coordinates":[[[5.97383,35.56337],[5.97375,35.56331],[5.97383,35.56337],[5.97383,35.56337]]]}},{"type":"Feature","properties":{},"geometry":{"type":"Polygon","coordinates":[[[5.97354,35.56308],[5.97375,35.56331],[5.97349,35.56296],[5.97354,35.56308]]]}},{"type":"Feature","properties":{},"geometry":{"type":"Polygon","coordinates":[[[5.97343,35.56268],[5.97347,35.56276],[5.9734,35.56262],[5.97343,35.56268]]]}},{"type":"Feature","properties":{},"geometry":{"type":"Polygon","coordinates":[[[5.97331,35.56229],[5.97335,35.56252],[5.97331,35.56229],[5.97354,35.56191],[5.97331,35.56229]]]}},{"type":"Feature","properties":{},"geometry":{"type":"Polygon","coordinates":[[[5.97341,35.5616],[5.97354,35.56191],[5.97337,35.56157],[5.97341,35.5616]]]}},{"type":"Feature","properties":{},"geometry":{"type":"Polygon","coordinates":[[[5.97304,35.56141],[5.97322,35.5615],[5.97297,35.56141],[5.97304,35.56141]]]}},{"type":"Feature","properties":{},"geometry":{"type":"Polygon","coordinates":[[[5.97269,35.56162],[5.97279,35.56151],[5.97267,35.56164],[5.97269,35.56162]]]}},{"type":"Feature","properties":{},"geometry":{"type":"Polygon","coordinates":[[[5.97255,35.56171],[5.97258,35.5617],[5.97254,35.56175],[5.97255,35.56171]]]}},{"type":"Feature","properties":{},"geometry":{"type":"Polygon","coordinates":[[[5.97243,35.56201],[5.97243,35.56201],[5.97242,35.56197],[5.97243,35.56201]]]}},{"type":"Feature","properties":{},"geometry":{"type":"Polygon","coordinates":[[[5.97248,35.56213],[5.97247,35.56214],[5.97248,35.56213],[5.97248,35.56213]]]}},{"type":"Feature","properties":{},"geometry":{"type":"Polygon","coordinates":[[[5.97262,35.56247],[5.9726,35.56244],[5.9727,35.56252],[5.97262,35.56247]]]}},{"type":"Feature","properties":{},"geometry":{"type":"Polygon","coordinates":[[[5.97279,35.56261],[5.97279,35.56261],[5.97277,35.56259],[5.97279,35.56261]]]}},{"type":"Feature","properties":{},"geometry":{"type":"Polygon","coordinates":[[[5.97286,35.56276],[5.97286,35.56269],[5.97289,35.56279],[5.97286,35.56276]]]}},{"type":"Feature","properties":{},"geometry":{"type":"Polygon","coordinates":[[[5.97299,35.56318],[5.97299,35.56318],[5.97303,35.5633],[5.97299,35.56318]]]}},{"type":"Feature","properties":{},"geometry":{"type":"Polygon","coordinates":[[[5.97297,35.56378],[5.97298,35.56372],[5.97294,35.56381],[5.97297,35.56378]]]}},{"type":"Feature","properties":{},"geometry":{"type":"Polygon","coordinates":[[[5.97284,35.56414],[5.97286,35.56401],[5.97281,35.56415],[5.97284,35.56414]]]}},{"type":"Feature","properties":{},"geometry":{"type":"Polygon","coordinates":[[[5.97266,35.56431],[5.97272,35.56426],[5.97254,35.56438],[5.97266,35.56431]]]}},{"type":"Feature","properties":{},"geometry":{"type":"Polygon","coordinates":[[[5.97251,35.56442],[5.97253,35.56439],[5.97253,35.56439],[5.97251,35.56442]]]}},{"type":"Feature","properties":{},"geometry":{"type":"Polygon","coordinates":[[[5.97238,35.56457],[5.97238,35.56457],[5.9724,35.56456],[5.97238,35.56457]]]}},{"type":"Feature","properties":{},"geometry":{"type":"Polygon","coordinates":[[[5.97209,35.56473],[5.97212,35.56471],[5.97192,35.56482],[5.97209,35.56473]]]}},{"type":"Feature","properties":{},"geometry":{"type":"Polygon","coordinates":[[[5.9726,35.56483],[5.97245,35.5649],[5.97265,35.56481],[5.9726,35.56483]]]}},{"type":"Feature","properties":{},"geometry":{"type":"Polygon","coordinates":[[[5.9729,35.56479],[5.97277,35.56477],[5.97273,35.56478],[5.97277,35.56477],[5.9729,35.56479]]]}},{"type":"Feature","properties":{},"geometry":{"type":"Polygon","coordinates":[[[5.973,35.56476],[5.97291,35.56479],[5.97291,35.56479],[5.973,35.56476]]]}},{"type":"Feature","properties":{},"geometry":{"type":"Polygon","coordinates":[[[5.97323,35.56474],[5.97323,35.56474],[5.97318,35.56473],[5.97323,35.56474]]]}},{"type":"Feature","properties":{},"geometry":{"type":"Polygon","coordinates":[[[5.97355,35.56472],[5.97349,35.56474],[5.97362,35.56469],[5.97355,35.56472]]]}},{"type":"Feature","properties":{},"geometry":{"type":"Polygon","coordinates":[[[5.97377,35.56467],[5.97377,35.56467],[5.97374,35.56467],[5.97377,35.56467]]]}},{"type":"Feature","properties":{},"geometry":{"type":"Polygon","coordinates":[[[5.97405,35.56474],[5.97396,35.56472],[5.97413,35.56478],[5.97405,35.56474]]]}},{"type":"Feature","properties":{},"geometry":{"type":"Polygon","coordinates":[[[5.97431,35.5649],[5.97431,35.5649],[5.97428,35.56487],[5.97431,35.5649]]]}},{"type":"Feature","properties":{},"geometry":{"type":"Polygon","coordinates":[[[5.97467,35.56515],[5.97455,35.56507],[5.97467,35.56515],[5.97492,35.56532],[5.97498,35.56536],[5.97467,35.56515]]]}},{"type":"Feature","properties":{},"geometry":{"type":"Polygon","coordinates":[[[5.9753,35.56553],[5.97518,35.56546],[5.97534,35.56551],[5.9753,35.56553]]]}},{"type":"Feature","properties":{},"geometry":{"type":"Polygon","coordinates":[[[5.97539,35.56548],[5.97539,35.56548],[5.97538,35.56544],[5.97539,35.56548]]]}},{"type":"Feature","properties":{},"geometry":{"type":"Polygon","coordinates":[[[5.97537,35.56535],[5.97537,35.56538],[5.97539,35.5653],[5.97537,35.56535]]]}},{"type":"Feature","properties":{},"geometry":{"type":"Polygon","coordinates":[[[5.97547,35.56523],[5.9754,35.56528],[5.97552,35.56522],[5.97547,35.56523]]]}},{"type":"Feature","properties":{},"geometry":{"type":"Polygon","coordinates":[[[5.97587,35.56573],[5.97574,35.5656],[5.97608,35.56585],[5.97587,35.56573]]]}},{"type":"Feature","properties":{},"geometry":{"type":"Polygon","coordinates":[[[5.97636,35.56594],[5.9761,35.56586],[5.97641,35.56593],[5.97636,35.56594]]]}},{"type":"Feature","properties":{},"geometry":{"type":"Polygon","coordinates":[[[5.9765,35.56588],[5.97644,35.56592],[5.97654,35.56584],[5.9765,35.56588]]]}},{"type":"Feature","properties":{},"geometry":{"type":"Polygon","coordinates":[[[5.97656,35.56583],[5.97657,35.56577],[5.97664,35.56571],[5.97667,35.56566],[5.97673,35.56561],[5.97656,35.56583]]]}},{"type":"Feature","properties":{},"geometry":{"type":"Polygon","coordinates":[[[5.97679,35.5656],[5.97679,35.5656],[5.97674,35.56561],[5.97679,35.5656]]]}},{"type":"Feature","properties":{},"geometry":{"type":"Polygon","coordinates":[[[5.96878,35.56153],[5.96878,35.56153],[5.96876,35.5615],[5.96878,35.56153]]]}},{"type":"Feature","properties":{},"geometry":{"type":"Polygon","coordinates":[[[5.96896,35.56158],[5.96896,35.56158],[5.96893,35.56158],[5.96896,35.56158]]]}},{"type":"Feature","properties":{},"geometry":{"type":"Polygon","coordinates":[[[5.96906,35.56141],[5.96906,35.56143],[5.96907,35.56137],[5.96906,35.56141]]]}},{"type":"Feature","properties":{},"geometry":{"type":"Polygon","coordinates":[[[5.96925,35.56118],[5.96914,35.56127],[5.96916,35.56125],[5.96925,35.56118]]]}},{"type":"Feature","properties":{},"geometry":{"type":"Polygon","coordinates":[[[5.96929,35.56111],[5.96928,35.56114],[5.96929,35.56111],[5.96929,35.56106],[5.9693,35.56103],[5.96929,35.56111]]]}},{"type":"Feature","properties":{},"geometry":{"type":"Polygon","coordinates":[[[5.96935,35.56091],[5.96935,35.56091],[5.96934,35.56092],[5.96935,35.56091]]]}},{"type":"Feature","properties":{},"geometry":{"type":"Polygon","coordinates":[[[5.96944,35.56078],[5.96939,35.56082],[5.96948,35.56076],[5.96944,35.56078]]]}},{"type":"Feature","properties":{},"geometry":{"type":"Polygon","coordinates":[[[5.9696,35.56079],[5.96958,35.56079],[5.96966,35.56083],[5.9696,35.56079]]]}},{"type":"Feature","properties":{},"geometry":{"type":"Polygon","coordinates":[[[5.96972,35.56089],[5.96972,35.56089],[5.96967,35.56084],[5.96972,35.56089]]]}},{"type":"Feature","properties":{},"geometry":{"type":"Polygon","coordinates":[[[5.96983,35.561],[5.96981,35.56098],[5.96986,35.56104],[5.96983,35.561]]]}},{"type":"Feature","properties":{},"geometry":{"type":"Polygon","coordinates":[[[5.96991,35.5611],[5.9699,35.56108],[5.96995,35.56112],[5.96991,35.5611]]]}},{"type":"Feature","properties":{},"geometry":{"type":"Polygon","coordinates":[[[5.97004,35.56107],[5.97001,35.56112],[5.97005,35.56102],[5.97004,35.56107]]]}},{"type":"Feature","properties":{},"geometry":{"type":"Polygon","coordinates":[[[5.97044,35.56094],[5.97044,35.56094],[5.97041,35.56093],[5.97044,35.56094]]]}},{"type":"Feature","properties":{},"geometry":{"type":"Polygon","coordinates":[[[5.97103,35.56117],[5.97099,35.56116],[5.9711,35.56117],[5.97103,35.56117]]]}},{"type":"Feature","properties":{},"geometry":{"type":"Polygon","coordinates":[[[5.97118,35.56112],[5.97115,35.56114],[5.97121,35.5611],[5.97118,35.56112]]]}},{"type":"Feature","properties":{},"geometry":{"type":"Polygon","coordinates":[[[5.97128,35.56106],[5.97126,35.56107],[5.97132,35.56104],[5.97128,35.56106]]]}},{"type":"Feature","properties":{},"geometry":{"type":"Polygon","coordinates":[[[5.97151,35.56103],[5.97151,35.56103],[5.97149,35.56102],[5.97151,35.56103]]]}},{"type":"Feature","properties":{},"geometry":{"type":"Polygon","coordinates":[[[5.97172,35.56106],[5.9717,35.56105],[5.97176,35.56107],[5.97172,35.56106]]]}},{"type":"Feature","properties":{},"geometry":{"type":"Polygon","coordinates":[[[5.97197,35.56103],[5.9718,35.56108],[5.97205,35.56098],[5.97197,35.56103]]]}},{"type":"Feature","properties":{},"geometry":{"type":"Polygon","coordinates":[[[5.97216,35.56094],[5.97217,35.56093],[5.97216,35.56094],[5.97216,35.56094]]]}},{"type":"Feature","properties":{},"geometry":{"type":"Polygon","coordinates":[[[5.97223,35.56089],[5.97221,35.56091],[5.97226,35.56087],[5.97223,35.56089]]]}},{"type":"Feature","properties":{},"geometry":{"type":"Polygon","coordinates":[[[5.9723,35.56082],[5.9723,35.56082],[5.9723,35.56083],[5.9723,35.56082]]]}},{"type":"Feature","properties":{},"geometry":{"type":"Polygon","coordinates":[[[5.97237,35.56067],[5.97237,35.56067],[5.97237,35.56067],[5.97237,35.56067]]]}},{"type":"Feature","properties":{},"geometry":{"type":"Polygon","coordinates":[[[5.97239,35.5605],[5.97237,35.56055],[5.97238,35.56045],[5.97239,35.5605]]]}},{"type":"Feature","properties":{},"geometry":{"type":"Polygon","coordinates":[[[5.97232,35.56025],[5.97238,35.56043],[5.97233,35.56032],[5.97232,35.56025]]]}},{"type":"Feature","properties":{},"geometry":{"type":"Polygon","coordinates":[[[5.9722,35.56006],[5.9722,35.56006],[5.97217,35.56003],[5.9722,35.56006]]]}},{"type":"Feature","properties":{},"geometry":{"type":"Polygon","coordinates":[[[5.97205,35.56004],[5.97215,35.56003],[5.97203,35.56004],[5.97205,35.56004]]]}},{"type":"Feature","properties":{},"geometry":{"type":"Polygon","coordinates":[[[5.97188,35.56011],[5.97195,35.56007],[5.97187,35.56013],[5.97188,35.56011]]]}},{"type":"Feature","properties":{},"geometry":{"type":"Polygon","coordinates":[[[5.97184,35.56018],[5.97185,35.56017],[5.97185,35.56022],[5.97184,35.56018]]]}},{"type":"Feature","properties":{},"geometry":{"type":"Polygon","coordinates":[[[5.97179,35.56044],[5.97184,35.56026],[5.97184,35.56034],[5.97182,35.56038],[5.97179,35.56044]]]}},{"type":"Feature","properties":{},"geometry":{"type":"Polygon","coordinates":[[[5.97172,35.56059],[5.97172,35.56059],[5.97174,35.56056],[5.97172,35.56059]]]}},{"type":"Feature","properties":{},"geometry":{"type":"Polygon","coordinates":[[[5.97163,35.56066],[5.97165,35.56065],[5.9716,35.56069],[5.97163,35.56066]]]}},{"type":"Feature","properties":{},"geometry":{"type":"Polygon","coordinates":[[[5.97155,35.56073],[5.97152,35.56073],[5.97155,35.56073],[5.97155,35.56073]]]}},{"type":"Feature","properties":{},"geometry":{"type":"Polygon","coordinates":[[[5.97143,35.5607],[5.97146,35.56072],[5.97141,35.56068],[5.97143,35.5607]]]}},{"type":"Feature","properties":{},"geometry":{"type":"Polygon","coordinates":[[[5.97131,35.56048],[5.97131,35.56048],[5.97132,35.56051],[5.97131,35.56048]]]}},{"type":"Feature","properties":{},"geometry":{"type":"Polygon","coordinates":[[[5.97121,35.56027],[5.97121,35.56027],[5.97121,35.56028],[5.97121,35.56027]]]}},{"type":"Feature","properties":{},"geometry":{"type":"Polygon","coordinates":[[[5.97111,35.56019],[5.97116,35.56023],[5.97109,35.56017],[5.97111,35.56019]]]}},{"type":"Feature","properties":{},"geometry":{"type":"Polygon","coordinates":[[[5.97095,35.56009],[5.97098,35.56011],[5.97091,35.56008],[5.97095,35.56009]]]}},{"type":"Feature","properties":{},"geometry":{"type":"Polygon","coordinates":[[[5.97081,35.56004],[5.97081,35.56004],[5.97086,35.56006],[5.97081,35.56004]]]}},{"type":"Feature","properties":{},"geometry":{"type":"Polygon","coordinates":[[[5.97069,35.56],[5.97073,35.56001],[5.97067,35.55999],[5.97069,35.56]]]}},{"type":"Feature","properties":{},"geometry":{"type":"Polygon","coordinates":[[[5.97058,35.55995],[5.97062,35.55997],[5.97056,35.55995],[5.97058,35.55995]]]}},{"type":"Feature","properties":{},"geometry":{"type":"Polygon","coordinates":[[[5.97037,35.55991],[5.97041,35.55992],[5.97035,35.55993],[5.97037,35.55991]]]}},{"type":"Feature","properties":{},"geometry":{"type":"Polygon","coordinates":[[[5.97027,35.55997],[5.9703,35.55995],[5.97024,35.55999],[5.97027,35.55997]]]}},{"type":"Feature","properties":{},"geometry":{"type":"Polygon","coordinates":[[[5.96979,35.56006],[5.96988,35.56008],[5.96976,35.56005],[5.96979,35.56006]]]}},{"type":"Feature","properties":{},"geometry":{"type":"Polygon","coordinates":[[[5.96963,35.56001],[5.96963,35.56001],[5.96965,35.56002],[5.96963,35.56001]]]}},{"type":"Feature","properties":{},"geometry":{"type":"Polygon","coordinates":[[[5.96949,35.55996],[5.96952,35.55997],[5.96945,35.55995],[5.96949,35.55996]]]}},{"type":"Feature","properties":{},"geometry":{"type":"Polygon","coordinates":[[[5.96934,35.55991],[5.96934,35.55991],[5.96935,35.55991],[5.96934,35.55991]]]}},{"type":"Feature","properties":{},"geometry":{"type":"Polygon","coordinates":[[[5.96907,35.55983],[5.96912,35.55984],[5.96905,35.55983],[5.96907,35.55983]]]}},{"type":"Feature","properties":{},"geometry":{"type":"Polygon","coordinates":[[[5.96887,35.55981],[5.96889,35.55981],[5.96884,35.55982],[5.96887,35.55981]]]}},{"type":"Feature","properties":{},"geometry":{"type":"Polygon","coordinates":[[[5.96874,35.55985],[5.96871,35.55985],[5.96874,35.55985],[5.96874,35.55985]]]}},{"type":"Feature","properties":{},"geometry":{"type":"Polygon","coordinates":[[[5.96866,35.55986],[5.96866,35.55986],[5.96864,35.55986],[5.96866,35.55986]]]}},{"type":"Feature","properties":{},"geometry":{"type":"Polygon","coordinates":[[[5.9685,35.56022],[5.9685,35.56022],[5.96847,35.56031],[5.9685,35.56022]]]}},{"type":"Feature","properties":{},"geometry":{"type":"Polygon","coordinates":[[[5.96847,35.56039],[5.96847,35.56039],[5.96847,35.56038],[5.96847,35.56039]]]}},{"type":"Feature","properties":{},"geometry":{"type":"Polygon","coordinates":[[[5.96853,35.56061],[5.96853,35.56061],[5.96859,35.56078],[5.96853,35.56061]]]}},{"type":"Feature","properties":{},"geometry":{"type":"Polygon","coordinates":[[[5.96869,35.56104],[5.96867,35.56101],[5.96869,35.56106],[5.96869,35.56104]]]}},{"type":"Feature","properties":{},"geometry":{"type":"Polygon","coordinates":[[[5.96864,35.5613],[5.96864,35.5613],[5.96864,35.56129],[5.96864,35.5613]]]}},{"type":"Feature","properties":{},"geometry":{"type":"Polygon","coordinates":[[[5.96867,35.5614],[5.96867,35.5614],[5.96869,35.56141],[5.96867,35.5614]]]}},{"type":"Feature","properties":{},"geometry":{"type":"Polygon","coordinates":[[[5.98103,35.56011],[5.98103,35.56011],[5.98102,35.56011],[5.98103,35.56011]]]}},{"type":"Feature","properties":{},"geometry":{"type":"Polygon","coordinates":[[[5.98113,35.56008],[5.98108,35.5601],[5.98109,35.56009],[5.98113,35.56008],[5.98113,35.56007],[5.98113,35.56008]]]}},{"type":"Feature","properties":{},"geometry":{"type":"Polygon","coordinates":[[[5.98125,35.56005],[5.98122,35.56006],[5.9812,35.56006],[5.98125,35.56005]]]}},{"type":"Feature","properties":{},"geometry":{"type":"Polygon","coordinates":[[[5.98134,35.56],[5.98129,35.56003],[5.98128,35.56004],[5.98132,35.56],[5.98134,35.56]]]}},{"type":"Feature","properties":{},"geometry":{"type":"Polygon","coordinates":[[[5.98154,35.55985],[5.9815,35.55987],[5.9815,35.55989],[5.98154,35.55985]]]}},{"type":"Feature","properties":{},"geometry":{"type":"Polygon","coordinates":[[[5.98141,35.55933],[5.98143,35.5593],[5.9814,35.55938],[5.98141,35.55933]]]}},{"type":"Feature","properties":{},"geometry":{"type":"Polygon","coordinates":[[[5.98138,35.55949],[5.98138,35.55949],[5.98138,35.55948],[5.98138,35.55949]]]}},{"type":"Feature","properties":{},"geometry":{"type":"Polygon","coordinates":[[[5.98132,35.5596],[5.98133,35.55955],[5.98133,35.55958],[5.98132,35.5596]]]}},{"type":"Feature","properties":{},"geometry":{"type":"Polygon","coordinates":[[[5.9813,35.55965],[5.9813,35.55965],[5.9813,35.55964],[5.9813,35.55965]]]}},{"type":"Feature","properties":{},"geometry":{"type":"Polygon","coordinates":[[[5.98129,35.55976],[5.9813,35.55971],[5.98128,35.55977],[5.98129,35.55976]]]}},{"type":"Feature","properties":{},"geometry":{"type":"Polygon","coordinates":[[[5.98125,35.55983],[5.98126,35.55981],[5.98125,35.55984],[5.98125,35.55983]]]}},{"type":"Feature","properties":{},"geometry":{"type":"Polygon","coordinates":[[[5.98123,35.55985],[5.98123,35.55985],[5.98124,35.55985],[5.98123,35.55985]]]}},{"type":"Feature","properties":{},"geometry":{"type":"Polygon","coordinates":[[[5.98116,35.55992],[5.98116,35.55992],[5.98117,35.55991],[5.98116,35.55992]]]}},{"type":"Feature","properties":{},"geometry":{"type":"Polygon","coordinates":[[[5.9802,35.5593],[5.9802,35.5593],[5.98021,35.5593],[5.9802,35.5593]]]}},{"type":"Feature","properties":{},"geometry":{"type":"Polygon","coordinates":[[[5.98015,35.55921],[5.98016,35.55922],[5.98015,35.55919],[5.98015,35.55921]]]}},{"type":"Feature","properties":{},"geometry":{"type":"Polygon","coordinates":[[[5.98012,35.55915],[5.98012,35.55915],[5.98013,35.55916],[5.98012,35.55915]]]}},{"type":"Feature","properties":{},"geometry":{"type":"Polygon","coordinates":[[[5.98008,35.55911],[5.98009,35.55912],[5.98006,35.55909],[5.98008,35.55911]]]}},{"type":"Feature","properties":{},"geometry":{"type":"Polygon","coordinates":[[[5.98005,35.55908],[5.98006,35.55908],[5.98006,35.55908],[5.98005,35.55908]]]}},{"type":"Feature","properties":{},"geometry":{"type":"Polygon","coordinates":[[[5.98,35.559],[5.98,35.559],[5.98002,35.55904],[5.98,35.559]]]}},{"type":"Feature","properties":{},"geometry":{"type":"Polygon","coordinates":[[[5.97995,35.55896],[5.97997,35.55898],[5.97994,35.55895],[5.97995,35.55896]]]}},{"type":"Feature","properties":{},"geometry":{"type":"Polygon","coordinates":[[[5.97994,35.55895],[5.97994,35.55895],[5.97994,35.55895],[5.97994,35.55895]]]}},{"type":"Feature","properties":{},"geometry":{"type":"Polygon","coordinates":[[[5.97985,35.5589],[5.97991,35.55894],[5.97984,35.55889],[5.97985,35.5589]]]}},{"type":"Feature","properties":{},"geometry":{"type":"Polygon","coordinates":[[[5.97981,35.55889],[5.97981,35.55889],[5.97982,35.55889],[5.97981,35.55889]]]}},{"type":"Feature","properties":{},"geometry":{"type":"Polygon","coordinates":[[[5.97974,35.55889],[5.97974,35.55889],[5.97973,35.5589],[5.97974,35.55889]]]}},{"type":"Feature","properties":{},"geometry":{"type":"Polygon","coordinates":[[[5.97971,35.55898],[5.97971,35.55899],[5.97971,35.55898],[5.97971,35.55898]]]}},{"type":"Feature","properties":{},"geometry":{"type":"Polygon","coordinates":[[[5.97974,35.55906],[5.97974,35.55906],[5.97972,35.55904],[5.97974,35.55906]]]}},{"type":"Feature","properties":{},"geometry":{"type":"Polygon","coordinates":[[[5.97973,35.55906],[5.97973,35.55906],[5.97974,35.55906],[5.97973,35.55906]]]}},{"type":"Feature","properties":{},"geometry":{"type":"Polygon","coordinates":[[[5.97979,35.55919],[5.97979,35.55919],[5.97979,35.55918],[5.97979,35.55919]]]}},{"type":"Feature","properties":{},"geometry":{"type":"Polygon","coordinates":[[[5.97982,35.55928],[5.9798,35.55922],[5.9798,35.55922],[5.9798,35.55922],[5.97982,35.55925],[5.97982,35.55928]]]}},{"type":"Feature","properties":{},"geometry":{"type":"Polygon","coordinates":[[[5.97983,35.55931],[5.97983,35.55931],[5.97983,35.5593],[5.97983,35.55931]]]}},{"type":"Feature","properties":{},"geometry":{"type":"Polygon","coordinates":[[[5.9799,35.55945],[5.9799,35.55943],[5.9799,35.55945],[5.97991,35.55948],[5.97992,35.55951],[5.9799,35.55945]]]}},{"type":"Feature","properties":{},"geometry":{"type":"Polygon","coordinates":[[[5.97994,35.55954],[5.97994,35.55953],[5.97995,35.55956],[5.97994,35.55954]]]}},{"type":"Feature","properties":{},"geometry":{"type":"Polygon","coordinates":[[[5.97996,35.55961],[5.97996,35.5596],[5.97997,35.55962],[5.97996,35.55961]]]}},{"type":"Feature","properties":{},"geometry":{"type":"Polygon","coordinates":[[[5.98001,35.5597],[5.98001,35.55968],[5.98002,35.55971],[5.98001,35.5597]]]}},{"type":"Feature","properties":{},"geometry":{"type":"Polygon","coordinates":[[[5.98005,35.55975],[5.98005,35.55975],[5.98004,35.55974],[5.98005,35.55975]]]}},{"type":"Feature","properties":{},"geometry":{"type":"Polygon","coordinates":[[[5.98009,35.5598],[5.98007,35.55977],[5.98007,35.55977],[5.98007,35.55977],[5.98008,35.55979],[5.98009,35.5598]]]}},{"type":"Feature","properties":{},"geometry":{"type":"Polygon","coordinates":[[[5.98012,35.55982],[5.98015,35.55985],[5.98017,35.55986],[5.9802,35.55985],[5.98026,35.55984],[5.98012,35.55982]]]}},{"type":"Feature","properties":{},"geometry":{"type":"Polygon","coordinates":[[[5.98026,35.55984],[5.98026,35.55984],[5.98026,35.55984],[5.98026,35.55984]]]}},{"type":"Feature","properties":{},"geometry":{"type":"Polygon","coordinates":[[[5.98032,35.55982],[5.98032,35.55982],[5.9803,35.55982],[5.98032,35.55982]]]}},{"type":"Feature","properties":{},"geometry":{"type":"Polygon","coordinates":[[[5.98037,35.55982],[5.98035,35.55982],[5.98038,35.55981],[5.98037,35.55982]]]}},{"type":"Feature","properties":{},"geometry":{"type":"Polygon","coordinates":[[[5.98039,35.55978],[5.98039,35.55978],[5.98039,35.55978],[5.98039,35.55978]]]}},{"type":"Feature","properties":{},"geometry":{"type":"Polygon","coordinates":[[[5.98036,35.55963],[5.98038,35.5597],[5.98034,35.55961],[5.98036,35.55963]]]}},{"type":"Feature","properties":{},"geometry":{"type":"Polygon","coordinates":[[[5.98027,35.55948],[5.98027,35.55948],[5.98029,35.55951],[5.98027,35.55948]]]}},{"type":"Feature","properties":{},"geometry":{"type":"Polygon","coordinates":[[[5.98025,35.55942],[5.98026,35.55945],[5.98025,35.55941],[5.98025,35.55942]]]}},{"type":"Feature","properties":{},"geometry":{"type":"Polygon","coordinates":[[[5.96418,35.55465],[5.96424,35.55455],[5.96422,35.55458],[5.96418,35.55465],[5.96417,35.55468],[5.96418,35.55465]]]}},{"type":"Feature","properties":{},"geometry":{"type":"Polygon","coordinates":[[[5.96413,35.55481],[5.96413,35.55481],[5.96413,35.55481],[5.96413,35.55481]]]}},{"type":"Feature","properties":{},"geometry":{"type":"Polygon","coordinates":[[[5.96408,35.55497],[5.96408,35.55497],[5.96409,35.55494],[5.96408,35.55497]]]}},{"type":"Feature","properties":{},"geometry":{"type":"Polygon","coordinates":[[[5.96402,35.55507],[5.96402,35.55507],[5.96406,35.55503],[5.96402,35.55507]]]}},{"type":"Feature","properties":{},"geometry":{"type":"Polygon","coordinates":[[[5.96389,35.55528],[5.96397,35.55514],[5.96386,35.55528],[5.96389,35.55528]]]}},{"type":"Feature","properties":{},"geometry":{"type":"Polygon","coordinates":[[[5.96367,35.55541],[5.96382,35.55531],[5.96375,35.55538],[5.96367,35.55541],[5.96367,35.55543],[5.96367,35.55541]]]}},{"type":"Feature","properties":{},"geometry":{"type":"Polygon","coordinates":[[[5.9635,35.55553],[5.9635,35.55553],[5.96352,35.55552],[5.9635,35.55553]]]}},{"type":"Feature","properties":{},"geometry":{"type":"Polygon","coordinates":[[[5.96334,35.55557],[5.96337,35.55557],[5.9633,35.55561],[5.96334,35.55557]]]}},{"type":"Feature","properties":{},"geometry":{"type":"Polygon","coordinates":[[[5.9633,35.55575],[5.96326,35.55568],[5.96335,35.55578],[5.9633,35.55575]]]}},{"type":"Feature","properties":{},"geometry":{"type":"Polygon","coordinates":[[[5.96359,35.55579],[5.96348,35.55583],[5.96364,35.55576],[5.96359,35.55579]]]}},{"type":"Feature","properties":{},"geometry":{"type":"Polygon","coordinates":[[[5.96372,35.55562],[5.96372,35.55562],[5.96371,35.55563],[5.96372,35.55562]]]}},{"type":"Feature","properties":{},"geometry":{"type":"Polygon","coordinates":[[[5.96402,35.55544],[5.96376,35.55555],[5.96383,35.55543],[5.96388,35.55541],[5.96394,35.55541],[5.96402,35.55544]]]}},{"type":"Feature","properties":{},"geometry":{"type":"Polygon","coordinates":[[[5.96412,35.55543],[5.96408,35.55543],[5.96415,35.55542],[5.96412,35.55543]]]}},{"type":"Feature","properties":{},"geometry":{"type":"Polygon","coordinates":[[[5.96154,35.55091],[5.96147,35.55085],[5.96156,35.55093],[5.96154,35.55091]]]}},{"type":"Feature","properties":{},"geometry":{"type":"Polygon","coordinates":[[[5.96165,35.55102],[5.96162,35.551],[5.96168,35.55108],[5.96165,35.55102]]]}},{"type":"Feature","properties":{},"geometry":{"type":"Polygon","coordinates":[[[5.96172,35.55119],[5.96172,35.55119],[5.96174,35.55121],[5.96172,35.55119]]]}},{"type":"Feature","properties":{},"geometry":{"type":"Polygon","coordinates":[[[5.96177,35.55132],[5.96176,35.55129],[5.96178,35.55134],[5.96177,35.55132]]]}},{"type":"Feature","properties":{},"geometry":{"type":"Polygon","coordinates":[[[5.96177,35.55141],[5.96177,35.55141],[5.96178,35.55138],[5.96177,35.55141]]]}},{"type":"Feature","properties":{},"geometry":{"type":"Polygon","coordinates":[[[5.9618,35.55168],[5.96181,35.55165],[5.96181,35.5517],[5.9618,35.55168]]]}},{"type":"Feature","properties":{},"geometry":{"type":"Polygon","coordinates":[[[5.96175,35.55194],[5.96178,35.55187],[5.96178,35.55186],[5.96176,35.55192],[5.96175,35.55194]]]}},{"type":"Feature","properties":{},"geometry":{"type":"Polygon","coordinates":[[[5.96172,35.55204],[5.96174,35.55199],[5.96171,35.55207],[5.96172,35.55204]]]}},{"type":"Feature","properties":{},"geometry":{"type":"Polygon","coordinates":[[[5.9617,35.55213],[5.9617,35.5521],[5.96169,35.55215],[5.9617,35.55213]]]}},{"type":"Feature","properties":{},"geometry":{"type":"Polygon","coordinates":[[[5.96169,35.55222],[5.96169,35.55222],[5.96169,35.55221],[5.96169,35.55222]]]}},{"type":"Feature","properties":{},"geometry":{"type":"Polygon","coordinates":[[[5.96169,35.5523],[5.96169,35.5523],[5.96169,35.55228],[5.96169,35.5523]]]}},{"type":"Feature","properties":{},"geometry":{"type":"Polygon","coordinates":[[[5.96168,35.55238],[5.96169,35.55236],[5.96168,35.55246],[5.96167,35.55251],[5.96166,35.55256],[5.96166,35.55258],[5.96168,35.55238]]]}},{"type":"Feature","properties":{},"geometry":{"type":"Polygon","coordinates":[[[5.96165,35.55292],[5.96164,35.55266],[5.96166,35.55292],[5.96165,35.55292]]]}},{"type":"Feature","properties":{},"geometry":{"type":"Polygon","coordinates":[[[5.9617,35.55293],[5.96168,35.55293],[5.96172,35.55293],[5.9617,35.55293]]]}},{"type":"Feature","properties":{},"geometry":{"type":"Polygon","coordinates":[[[5.96178,35.55286],[5.96178,35.55286],[5.96177,35.55287],[5.96178,35.55286]]]}},{"type":"Feature","properties":{},"geometry":{"type":"Polygon","coordinates":[[[5.96179,35.55277],[5.96181,35.55272],[5.96179,35.55277],[5.96179,35.55277]]]}},{"type":"Feature","properties":{},"geometry":{"type":"Polygon","coordinates":[[[5.96185,35.55263],[5.96187,35.55261],[5.96185,35.55263],[5.96185,35.55263]]]}},{"type":"Feature","properties":{},"geometry":{"type":"Polygon","coordinates":[[[5.96182,35.55237],[5.96188,35.55244],[5.96186,35.55229],[5.96182,35.55237]]]}},{"type":"Feature","properties":{},"geometry":{"type":"Polygon","coordinates":[[[5.962,35.55223],[5.96192,35.55226],[5.96201,35.55223],[5.962,35.55223]]]}},{"type":"Feature","properties":{},"geometry":{"type":"Polygon","coordinates":[[[5.96221,35.55213],[5.96221,35.55213],[5.96221,35.5521],[5.96221,35.55208],[5.96221,35.55213]]]}},{"type":"Feature","properties":{},"geometry":{"type":"Polygon","coordinates":[[[5.96225,35.55187],[5.96221,35.55201],[5.96228,35.55181],[5.96225,35.55187]]]}},{"type":"Feature","properties":{},"geometry":{"type":"Polygon","coordinates":[[[5.96233,35.55171],[5.96233,35.55171],[5.96233,35.55173],[5.96233,35.55171]]]}},{"type":"Feature","properties":{},"geometry":{"type":"Polygon","coordinates":[[[5.96242,35.55156],[5.96239,35.55158],[5.96242,35.55153],[5.96242,35.55156]]]}},{"type":"Feature","properties":{},"geometry":{"type":"Polygon","coordinates":[[[5.96242,35.55141],[5.96242,35.5515],[5.96239,35.55137],[5.96242,35.55141]]]}},{"type":"Feature","properties":{},"geometry":{"type":"Polygon","coordinates":[[[5.96232,35.55128],[5.96232,35.55128],[5.96233,35.55129],[5.96232,35.55128]]]}},{"type":"Feature","properties":{},"geometry":{"type":"Polygon","coordinates":[[[5.96226,35.55118],[5.96227,35.55121],[5.96222,35.55115],[5.96226,35.55118]]]}},{"type":"Feature","properties":{},"geometry":{"type":"Polygon","coordinates":[[[5.96222,35.55115],[5.96222,35.55114],[5.96222,35.55115],[5.96222,35.55115]]]}},{"type":"Feature","properties":{},"geometry":{"type":"Polygon","coordinates":[[[5.96218,35.55108],[5.96218,35.55108],[5.96219,35.55109],[5.96218,35.55108]]]}},{"type":"Feature","properties":{},"geometry":{"type":"Polygon","coordinates":[[[5.9621,35.55098],[5.96212,35.551],[5.96208,35.55096],[5.9621,35.55098]]]}},{"type":"Feature","properties":{},"geometry":{"type":"Polygon","coordinates":[[[5.9619,35.55077],[5.96198,35.55087],[5.96196,35.55085],[5.9619,35.55077]]]}},{"type":"Feature","properties":{},"geometry":{"type":"Polygon","coordinates":[[[5.96184,35.55073],[5.96186,35.55074],[5.9618,35.55069],[5.96184,35.55073]]]}},{"type":"Feature","properties":{},"geometry":{"type":"Polygon","coordinates":[[[5.96171,35.55055],[5.96177,35.55065],[5.9617,35.55053],[5.96171,35.55055]]]}},{"type":"Feature","properties":{},"geometry":{"type":"Polygon","coordinates":[[[5.96164,35.55045],[5.96169,35.5505],[5.96162,35.55043],[5.96164,35.55045]]]}},{"type":"Feature","properties":{},"geometry":{"type":"Polygon","coordinates":[[[5.96143,35.55011],[5.96153,35.55031],[5.96144,35.55015],[5.96143,35.55011],[5.9614,35.55007],[5.96143,35.55011]]]}},{"type":"Feature","properties":{},"geometry":{"type":"Polygon","coordinates":[[[5.96128,35.54971],[5.96129,35.54985],[5.96127,35.54968],[5.96128,35.54971]]]}},{"type":"Feature","properties":{},"geometry":{"type":"Polygon","coordinates":[[[5.96122,35.54954],[5.96123,35.54961],[5.96122,35.54959],[5.96122,35.54954],[5.96119,35.54948],[5.96113,35.54937],[5.96122,35.54954]]]}},{"type":"Feature","properties":{},"geometry":{"type":"Polygon","coordinates":[[[5.96076,35.54909],[5.96094,35.54918],[5.96066,35.54908],[5.96076,35.54909]]]}},{"type":"Feature","properties":{},"geometry":{"type":"Polygon","coordinates":[[[5.96063,35.54912],[5.96064,35.5491],[5.96064,35.5491],[5.96063,35.54912]]]}},{"type":"Feature","properties":{},"geometry":{"type":"Polygon","coordinates":[[[5.96068,35.54929],[5.96066,35.54927],[5.96066,35.54927],[5.96068,35.54929]]]}},{"type":"Feature","properties":{},"geometry":{"type":"Polygon","coordinates":[[[5.96075,35.5494],[5.96074,35.54937],[5.96079,35.54944],[5.96075,35.5494]]]}},{"type":"Feature","properties":{},"geometry":{"type":"Polygon","coordinates":[[[5.96089,35.54959],[5.96089,35.54959],[5.96088,35.54957],[5.96089,35.54959]]]}},{"type":"Feature","properties":{},"geometry":{"type":"Polygon","coordinates":[[[5.96101,35.54977],[5.961,35.54972],[5.96102,35.54982],[5.96101,35.54977]]]}},{"type":"Feature","properties":{},"geometry":{"type":"Polygon","coordinates":[[[5.96103,35.54987],[5.96102,35.54985],[5.96103,35.54989],[5.96103,35.54987]]]}},{"type":"Feature","properties":{},"geometry":{"type":"Polygon","coordinates":[[[5.96101,35.55014],[5.96103,35.55002],[5.96103,35.55006],[5.96101,35.55014]]]}},{"type":"Feature","properties":{},"geometry":{"type":"Polygon","coordinates":[[[5.96101,35.55026],[5.96101,35.55026],[5.96101,35.55023],[5.96101,35.55026]]]}},{"type":"Feature","properties":{},"geometry":{"type":"Polygon","coordinates":[[[5.96102,35.55037],[5.96101,35.55033],[5.96104,35.5504],[5.96102,35.55037]]]}},{"type":"Feature","properties":{},"geometry":{"type":"Polygon","coordinates":[[[5.96126,35.55066],[5.9612,35.5506],[5.96131,35.5507],[5.96126,35.55066]]]}},{"type":"Feature","properties":{},"geometry":{"type":"Polygon","coordinates":[[[5.95271,35.54894],[5.95281,35.54895],[5.95278,35.54895],[5.95271,35.54894]]]}},{"type":"Feature","properties":{},"geometry":{"type":"Polygon","coordinates":[[[5.95295,35.54896],[5.95295,35.54896],[5.95293,35.54895],[5.95295,35.54896]]]}},{"type":"Feature","properties":{},"geometry":{"type":"Polygon","coordinates":[[[5.95302,35.54902],[5.95301,35.54901],[5.95303,35.54903],[5.95302,35.54902]]]}},{"type":"Feature","properties":{},"geometry":{"type":"Polygon","coordinates":[[[5.95313,35.54908],[5.95308,35.54906],[5.95315,35.54909],[5.95313,35.54908]]]}},{"type":"Feature","properties":{},"geometry":{"type":"Polygon","coordinates":[[[5.95332,35.54914],[5.95326,35.54912],[5.95327,35.54913],[5.95332,35.54914]]]}},{"type":"Feature","properties":{},"geometry":{"type":"Polygon","coordinates":[[[5.95336,35.54915],[5.95334,35.54915],[5.95337,35.54915],[5.95336,35.54915]]]}},{"type":"Feature","properties":{},"geometry":{"type":"Polygon","coordinates":[[[5.95342,35.5491],[5.95341,35.54913],[5.95343,35.54909],[5.95342,35.5491]]]}},{"type":"Feature","properties":{},"geometry":{"type":"Polygon","coordinates":[[[5.95344,35.54905],[5.95344,35.54905],[5.95344,35.54907],[5.95344,35.54905]]]}},{"type":"Feature","properties":{},"geometry":{"type":"Polygon","coordinates":[[[5.95347,35.54899],[5.95348,35.54899],[5.95347,35.54899],[5.95347,35.54899]]]}},{"type":"Feature","properties":{},"geometry":{"type":"Polygon","coordinates":[[[5.95357,35.54892],[5.95352,35.54895],[5.95356,35.54892],[5.95357,35.54892]]]}},{"type":"Feature","properties":{},"geometry":{"type":"Polygon","coordinates":[[[5.95366,35.54888],[5.95364,35.54889],[5.95367,35.54888],[5.95366,35.54888]]]}},{"type":"Feature","properties":{},"geometry":{"type":"Polygon","coordinates":[[[5.95371,35.54886],[5.95367,35.54888],[5.95375,35.54886],[5.95371,35.54886]]]}},{"type":"Feature","properties":{},"geometry":{"type":"Polygon","coordinates":[[[5.95399,35.54893],[5.95395,35.5489],[5.95398,35.54892],[5.95399,35.54893]]]}},{"type":"Feature","properties":{},"geometry":{"type":"Polygon","coordinates":[[[5.95412,35.54902],[5.9541,35.54901],[5.95413,35.54903],[5.95412,35.54902]]]}},{"type":"Feature","properties":{},"geometry":{"type":"Polygon","coordinates":[[[5.95417,35.54905],[5.95417,35.54905],[5.95415,35.54904],[5.95417,35.54905]]]}},{"type":"Feature","properties":{},"geometry":{"type":"Polygon","coordinates":[[[5.95422,35.54879],[5.95421,35.54883],[5.95422,35.54877],[5.95422,35.54879]]]}},{"type":"Feature","properties":{},"geometry":{"type":"Polygon","coordinates":[[[5.95424,35.54857],[5.95422,35.54866],[5.95424,35.54855],[5.95424,35.54857]]]}},{"type":"Feature","properties":{},"geometry":{"type":"Polygon","coordinates":[[[5.95431,35.5484],[5.95431,35.54842],[5.95433,35.54838],[5.95431,35.5484]]]}},{"type":"Feature","properties":{},"geometry":{"type":"Polygon","coordinates":[[[5.95441,35.54827],[5.95441,35.54827],[5.95441,35.54828],[5.95441,35.54827]]]}},{"type":"Feature","properties":{},"geometry":{"type":"Polygon","coordinates":[[[5.95446,35.54824],[5.95446,35.54824],[5.95445,35.54825],[5.95446,35.54824]]]}},{"type":"Feature","properties":{},"geometry":{"type":"Polygon","coordinates":[[[5.95447,35.54819],[5.95447,35.54821],[5.95448,35.54817],[5.95447,35.54819]]]}},{"type":"Feature","properties":{},"geometry":{"type":"Polygon","coordinates":[[[5.95448,35.54814],[5.95448,35.54815],[5.95448,35.54813],[5.95448,35.54814]]]}},{"type":"Feature","properties":{},"geometry":{"type":"Polygon","coordinates":[[[5.95446,35.54805],[5.95446,35.54805],[5.95446,35.54806],[5.95446,35.54805]]]}},{"type":"Feature","properties":{},"geometry":{"type":"Polygon","coordinates":[[[5.95445,35.54802],[5.95445,35.54802],[5.95446,35.54805],[5.95445,35.54802]]]}},{"type":"Feature","properties":{},"geometry":{"type":"Polygon","coordinates":[[[5.95441,35.54796],[5.95442,35.54797],[5.9544,35.54793],[5.95441,35.54796]]]}},{"type":"Feature","properties":{},"geometry":{"type":"Polygon","coordinates":[[[5.95434,35.54784],[5.95439,35.5479],[5.9544,35.54793],[5.95434,35.54784]]]}},{"type":"Feature","properties":{},"geometry":{"type":"Polygon","coordinates":[[[5.95428,35.54775],[5.95428,35.54775],[5.95428,35.54776],[5.95428,35.54775]]]}},{"type":"Feature","properties":{},"geometry":{"type":"Polygon","coordinates":[[[5.95423,35.54767],[5.95425,35.54771],[5.95427,35.54772],[5.95423,35.54767]]]}},{"type":"Feature","properties":{},"geometry":{"type":"Polygon","coordinates":[[[5.95425,35.54755],[5.95422,35.54764],[5.95425,35.54755],[5.95425,35.54755]]]}},{"type":"Feature","properties":{},"geometry":{"type":"Polygon","coordinates":[[[5.95432,35.54744],[5.9543,35.54749],[5.95434,35.54741],[5.95432,35.54744]]]}},{"type":"Feature","properties":{},"geometry":{"type":"Polygon","coordinates":[[[5.95435,35.54737],[5.95435,35.54738],[5.95435,35.54737],[5.95435,35.54737]]]}},{"type":"Feature","properties":{},"geometry":{"type":"Polygon","coordinates":[[[5.95436,35.54729],[5.95436,35.5473],[5.95436,35.54727],[5.95436,35.54729]]]}},{"type":"Feature","properties":{},"geometry":{"type":"Polygon","coordinates":[[[5.95436,35.54724],[5.95437,35.54725],[5.95437,35.54725],[5.95436,35.54724]]]}},{"type":"Feature","properties":{},"geometry":{"type":"Polygon","coordinates":[[[5.95434,35.54715],[5.95435,35.54719],[5.95432,35.54706],[5.95434,35.54715]]]}},{"type":"Feature","properties":{},"geometry":{"type":"Polygon","coordinates":[[[5.9543,35.54697],[5.95431,35.54701],[5.95431,35.54701],[5.95431,35.54699],[5.9543,35.54697],[5.9543,35.54696],[5.9543,35.54697]]]}},{"type":"Feature","properties":{},"geometry":{"type":"Polygon","coordinates":[[[5.9543,35.5469],[5.9543,35.5469],[5.9543,35.54692],[5.9543,35.5469]]]}},{"type":"Feature","properties":{},"geometry":{"type":"Polygon","coordinates":[[[5.95429,35.54687],[5.95429,35.54688],[5.95429,35.54688],[5.95429,35.54687]]]}},{"type":"Feature","properties":{},"geometry":{"type":"Polygon","coordinates":[[[5.95427,35.5467],[5.95427,35.54673],[5.95426,35.54669],[5.95427,35.5467]]]}},{"type":"Feature","properties":{},"geometry":{"type":"Polygon","coordinates":[[[5.95419,35.54637],[5.95422,35.54651],[5.95421,35.54647],[5.95419,35.54637]]]}},{"type":"Feature","properties":{},"geometry":{"type":"Polygon","coordinates":[[[5.95418,35.5462],[5.95418,35.5462],[5.95419,35.54622],[5.95418,35.5462]]]}},{"type":"Feature","properties":{},"geometry":{"type":"Polygon","coordinates":[[[5.95419,35.54607],[5.95419,35.54607],[5.95419,35.54608],[5.95419,35.54607]]]}},{"type":"Feature","properties":{},"geometry":{"type":"Polygon","coordinates":[[[5.95421,35.54586],[5.95421,35.54591],[5.95421,35.54588],[5.95421,35.54586]]]}},{"type":"Feature","properties":{},"geometry":{"type":"Polygon","coordinates":[[[5.95421,35.5458],[5.95421,35.5458],[5.95421,35.54582],[5.95421,35.5458]]]}},{"type":"Feature","properties":{},"geometry":{"type":"Polygon","coordinates":[[[5.95417,35.54564],[5.95418,35.54566],[5.95417,35.54562],[5.95417,35.54564]]]}},{"type":"Feature","properties":{},"geometry":{"type":"Polygon","coordinates":[[[5.95414,35.54548],[5.95416,35.54555],[5.95415,35.54554],[5.95414,35.54552],[5.95414,35.54548],[5.95413,35.54545],[5.9541,35.54541],[5.95409,35.54539],[5.95413,35.54545],[5.95414,35.54548]]]}},{"type":"Feature","properties":{},"geometry":{"type":"Polygon","coordinates":[[[5.95405,35.5453],[5.95406,35.54532],[5.95403,35.54529],[5.95405,35.5453]]]}},{"type":"Feature","properties":{},"geometry":{"type":"Polygon","coordinates":[[[5.95396,35.54522],[5.95396,35.54522],[5.95396,35.54522],[5.95396,35.54522]]]}},{"type":"Feature","properties":{},"geometry":{"type":"Polygon","coordinates":[[[5.95393,35.54521],[5.95393,35.54521],[5.95396,35.54522],[5.95393,35.54521]]]}},{"type":"Feature","properties":{},"geometry":{"type":"Polygon","coordinates":[[[5.95379,35.54516],[5.95386,35.54518],[5.95387,35.54519],[5.95382,35.54517],[5.95379,35.54516]]]}},{"type":"Feature","properties":{},"geometry":{"type":"Polygon","coordinates":[[[5.95375,35.54514],[5.95375,35.54514],[5.95377,35.54515],[5.95375,35.54514]]]}},{"type":"Feature","properties":{},"geometry":{"type":"Polygon","coordinates":[[[5.95365,35.54512],[5.95366,35.54512],[5.95364,35.54512],[5.95365,35.54512]]]}},{"type":"Feature","properties":{},"geometry":{"type":"Polygon","coordinates":[[[5.9535,35.54511],[5.95358,35.54511],[5.95348,35.54512],[5.9535,35.54511]]]}},{"type":"Feature","properties":{},"geometry":{"type":"Polygon","coordinates":[[[5.95326,35.54526],[5.9533,35.5452],[5.95326,35.54527],[5.95326,35.54526]]]}},{"type":"Feature","properties":{},"geometry":{"type":"Polygon","coordinates":[[[5.95337,35.54551],[5.95334,35.54546],[5.9534,35.54553],[5.95337,35.54551]]]}},{"type":"Feature","properties":{},"geometry":{"type":"Polygon","coordinates":[[[5.9535,35.54568],[5.95343,35.54557],[5.95353,35.54577],[5.9535,35.54568]]]}},{"type":"Feature","properties":{},"geometry":{"type":"Polygon","coordinates":[[[5.95354,35.54582],[5.95353,35.54578],[5.95355,35.54583],[5.95354,35.54582]]]}},{"type":"Feature","properties":{},"geometry":{"type":"Polygon","coordinates":[[[5.9536,35.54594],[5.9536,35.54594],[5.9536,35.54593],[5.9536,35.54594]]]}},{"type":"Feature","properties":{},"geometry":{"type":"Polygon","coordinates":[[[5.95366,35.54615],[5.95365,35.54613],[5.95366,35.54618],[5.95366,35.54615]]]}},{"type":"Feature","properties":{},"geometry":{"type":"Polygon","coordinates":[[[5.95368,35.54626],[5.95367,35.54625],[5.95368,35.54628],[5.95368,35.54626]]]}},{"type":"Feature","properties":{},"geometry":{"type":"Polygon","coordinates":[[[5.95368,35.54636],[5.95368,35.54635],[5.9537,35.54639],[5.95368,35.54636]]]}},{"type":"Feature","properties":{},"geometry":{"type":"Polygon","coordinates":[[[5.95374,35.54655],[5.95374,35.54655],[5.95373,35.54654],[5.95374,35.54655]]]}},{"type":"Feature","properties":{},"geometry":{"type":"Polygon","coordinates":[[[5.95374,35.54678],[5.95377,35.54666],[5.95378,35.5467],[5.95379,35.54673],[5.95377,35.54676],[5.95374,35.54678]]]}},{"type":"Feature","properties":{},"geometry":{"type":"Polygon","coordinates":[[[5.95373,35.54679],[5.95373,35.54679],[5.95373,35.54679],[5.95373,35.54679]]]}},{"type":"Feature","properties":{},"geometry":{"type":"Polygon","coordinates":[[[5.95357,35.54682],[5.95363,35.54681],[5.95356,35.54682],[5.95357,35.54682]]]}},{"type":"Feature","properties":{},"geometry":{"type":"Polygon","coordinates":[[[5.95349,35.54682],[5.95349,35.54682],[5.95351,35.54681],[5.95349,35.54682]]]}},{"type":"Feature","properties":{},"geometry":{"type":"Polygon","coordinates":[[[5.95325,35.54679],[5.95325,35.54679],[5.95326,35.5468],[5.95325,35.54679]]]}},{"type":"Feature","properties":{},"geometry":{"type":"Polygon","coordinates":[[[5.95315,35.54678],[5.95315,35.54678],[5.95318,35.54679],[5.95315,35.54678]]]}},{"type":"Feature","properties":{},"geometry":{"type":"Polygon","coordinates":[[[5.95295,35.54676],[5.95304,35.54677],[5.95292,35.54676],[5.95295,35.54676]]]}},{"type":"Feature","properties":{},"geometry":{"type":"Polygon","coordinates":[[[5.9529,35.5468],[5.9529,35.5468],[5.95291,35.54678],[5.9529,35.5468]]]}},{"type":"Feature","properties":{},"geometry":{"type":"Polygon","coordinates":[[[5.95294,35.54695],[5.95294,35.54695],[5.95293,35.54693],[5.95294,35.54695]]]}},{"type":"Feature","properties":{},"geometry":{"type":"Polygon","coordinates":[[[5.95296,35.54702],[5.95297,35.54703],[5.95296,35.54702],[5.95296,35.54702]]]}},{"type":"Feature","properties":{},"geometry":{"type":"Polygon","coordinates":[[[5.95297,35.54714],[5.95297,35.54707],[5.95297,35.54713],[5.95297,35.54714]]]}},{"type":"Feature","properties":{},"geometry":{"type":"Polygon","coordinates":[[[5.95298,35.54717],[5.95296,35.54714],[5.95296,35.54714],[5.95298,35.54717]]]}},{"type":"Feature","properties":{},"geometry":{"type":"Polygon","coordinates":[[[5.95303,35.54728],[5.95303,35.54727],[5.95304,35.54729],[5.95303,35.54728]]]}},{"type":"Feature","properties":{},"geometry":{"type":"Polygon","coordinates":[[[5.95303,35.54734],[5.95303,35.54733],[5.95303,35.54734],[5.95303,35.54734]]]}},{"type":"Feature","properties":{},"geometry":{"type":"Polygon","coordinates":[[[5.95302,35.5476],[5.95303,35.54744],[5.95303,35.54755],[5.95302,35.5476]]]}},{"type":"Feature","properties":{},"geometry":{"type":"Polygon","coordinates":[[[5.953,35.54773],[5.953,35.5477],[5.95301,35.54775],[5.953,35.54773]]]}},{"type":"Feature","properties":{},"geometry":{"type":"Polygon","coordinates":[[[5.953,35.54779],[5.953,35.54779],[5.953,35.5478],[5.953,35.54779]]]}},{"type":"Feature","properties":{},"geometry":{"type":"Polygon","coordinates":[[[5.95296,35.54791],[5.95298,35.54787],[5.95295,35.54794],[5.95296,35.54791]]]}},{"type":"Feature","properties":{},"geometry":{"type":"Polygon","coordinates":[[[5.95288,35.54797],[5.95293,35.54795],[5.95286,35.54799],[5.95288,35.54797]]]}},{"type":"Feature","properties":{},"geometry":{"type":"Polygon","coordinates":[[[5.95281,35.54801],[5.95286,35.54799],[5.95281,35.54801],[5.95278,35.54802],[5.95276,35.54803],[5.95281,35.54801]]]}},{"type":"Feature","properties":{},"geometry":{"type":"Polygon","coordinates":[[[5.95269,35.54806],[5.95269,35.54806],[5.9527,35.54805],[5.95269,35.54806]]]}},{"type":"Feature","properties":{},"geometry":{"type":"Polygon","coordinates":[[[5.9524,35.54816],[5.95246,35.54815],[5.95235,35.54817],[5.9524,35.54816]]]}},{"type":"Feature","properties":{},"geometry":{"type":"Polygon","coordinates":[[[5.95229,35.54819],[5.95234,35.54817],[5.95229,35.54819],[5.95229,35.54819]]]}},{"type":"Feature","properties":{},"geometry":{"type":"Polygon","coordinates":[[[5.95227,35.54825],[5.95227,35.54823],[5.95226,35.54828],[5.95227,35.54825]]]}},{"type":"Feature","properties":{},"geometry":{"type":"Polygon","coordinates":[[[5.95229,35.54832],[5.95229,35.54832],[5.95227,35.5483],[5.95229,35.54832]]]}},{"type":"Feature","properties":{},"geometry":{"type":"Polygon","coordinates":[[[5.95241,35.54841],[5.95236,35.54838],[5.95249,35.54845],[5.95241,35.54841]]]}},{"type":"Feature","properties":{},"geometry":{"type":"Polygon","coordinates":[[[5.95259,35.54849],[5.95249,35.54845],[5.95259,35.54851],[5.95259,35.54849]]]}},{"type":"Feature","properties":{},"geometry":{"type":"Polygon","coordinates":[[[5.95256,35.54855],[5.95259,35.54853],[5.95255,35.54855],[5.95256,35.54855]]]}},{"type":"Feature","properties":{},"geometry":{"type":"Polygon","coordinates":[[[5.9524,35.54856],[5.9525,35.54855],[5.95238,35.54856],[5.9524,35.54856]]]}},{"type":"Feature","properties":{},"geometry":{"type":"Polygon","coordinates":[[[5.95234,35.54859],[5.95234,35.54859],[5.95235,35.54859],[5.95234,35.54859]]]}},{"type":"Feature","properties":{},"geometry":{"type":"Polygon","coordinates":[[[5.95235,35.54868],[5.95235,35.54863],[5.95235,35.54869],[5.95235,35.54868]]]}},{"type":"Feature","properties":{},"geometry":{"type":"Polygon","coordinates":[[[5.95238,35.54876],[5.95238,35.54876],[5.95237,35.54874],[5.95238,35.54876]]]}},{"type":"Feature","properties":{},"geometry":{"type":"Polygon","coordinates":[[[5.95255,35.5489],[5.95247,35.54884],[5.95246,35.54883],[5.95255,35.5489]]]}},{"type":"Feature","properties":{},"geometry":{"type":"Polygon","coordinates":[[[5.95259,35.54892],[5.95255,35.54891],[5.95261,35.54892],[5.95259,35.54892]]]}},{"type":"Feature","properties":{},"geometry":{"type":"Polygon","coordinates":[[[5.95889,35.54801],[5.95874,35.548],[5.95882,35.548],[5.95889,35.54801],[5.95901,35.54799],[5.95889,35.54801]]]}},{"type":"Feature","properties":{},"geometry":{"type":"Polygon","coordinates":[[[5.95917,35.54795],[5.95906,35.54798],[5.95918,35.54794],[5.95917,35.54795]]]}},{"type":"Feature","properties":{},"geometry":{"type":"Polygon","coordinates":[[[5.95921,35.54793],[5.95921,35.54793],[5.9592,35.54787],[5.95921,35.54793]]]}},{"type":"Feature","properties":{},"geometry":{"type":"Polygon","coordinates":[[[5.9591,35.54757],[5.95919,35.54773],[5.9591,35.54757],[5.95902,35.54749],[5.95899,35.54744],[5.9591,35.54757]]]}},{"type":"Feature","properties":{},"geometry":{"type":"Polygon","coordinates":[[[5.95843,35.5471],[5.9587,35.54712],[5.95836,35.54712],[5.95843,35.5471]]]}},{"type":"Feature","properties":{},"geometry":{"type":"Polygon","coordinates":[[[5.95832,35.54715],[5.95832,35.54715],[5.95835,35.54713],[5.95832,35.54715]]]}},{"type":"Feature","properties":{},"geometry":{"type":"Polygon","coordinates":[[[5.95823,35.54718],[5.95823,35.54718],[5.95832,35.54715],[5.95823,35.54718]]]}},{"type":"Feature","properties":{},"geometry":{"type":"Polygon","coordinates":[[[5.95806,35.5473],[5.95813,35.54726],[5.95805,35.54729],[5.95806,35.5473]]]}},{"type":"Feature","properties":{},"geometry":{"type":"Polygon","coordinates":[[[5.95781,35.54733],[5.95795,35.54731],[5.95778,35.54733],[5.95781,35.54733]]]}},{"type":"Feature","properties":{},"geometry":{"type":"Polygon","coordinates":[[[5.95775,35.54742],[5.95785,35.54749],[5.95775,35.54742],[5.95775,35.54742]]]}},{"type":"Feature","properties":{},"geometry":{"type":"Polygon","coordinates":[[[5.95792,35.54755],[5.95785,35.54749],[5.95795,35.54759],[5.95792,35.54755]]]}},{"type":"Feature","properties":{},"geometry":{"type":"Polygon","coordinates":[[[5.95818,35.54781],[5.95808,35.54776],[5.95821,35.54782],[5.95818,35.54781]]]}},{"type":"Feature","properties":{},"geometry":{"type":"Polygon","coordinates":[[[5.95836,35.54788],[5.95836,35.54788],[5.95834,35.54787],[5.95836,35.54788]]]}},{"type":"Feature","properties":{},"geometry":{"type":"Polygon","coordinates":[[[5.94408,35.5639],[5.94405,35.56392],[5.94409,35.56389],[5.94408,35.5639]]]}},{"type":"Feature","properties":{},"geometry":{"type":"Polygon","coordinates":[[[5.94415,35.56385],[5.94415,35.56385],[5.94414,35.56386],[5.94415,35.56385]]]}},{"type":"Feature","properties":{},"geometry":{"type":"Polygon","coordinates":[[[5.9442,35.56382],[5.9442,35.56382],[5.94419,35.56383],[5.9442,35.56382]]]}},{"type":"Feature","properties":{},"geometry":{"type":"Polygon","coordinates":[[[5.94434,35.56378],[5.94425,35.56379],[5.94438,35.56376],[5.94434,35.56378]]]}},{"type":"Feature","properties":{},"geometry":{"type":"Polygon","coordinates":[[[5.94443,35.56373],[5.94442,35.56374],[5.94442,35.56374],[5.94443,35.56373]]]}},{"type":"Feature","properties":{},"geometry":{"type":"Polygon","coordinates":[[[5.94444,35.56368],[5.94444,35.56371],[5.94444,35.56367],[5.94444,35.56368]]]}},{"type":"Feature","properties":{},"geometry":{"type":"Polygon","coordinates":[[[5.94443,35.56364],[5.94443,35.56364],[5.94444,35.56365],[5.94443,35.56364]]]}},{"type":"Feature","properties":{},"geometry":{"type":"Polygon","coordinates":[[[5.94438,35.56361],[5.94438,35.56361],[5.94437,35.56361],[5.94438,35.56361]]]}},{"type":"Feature","properties":{},"geometry":{"type":"Polygon","coordinates":[[[5.94422,35.56365],[5.94433,35.56362],[5.9442,35.56364],[5.94422,35.56365]]]}},{"type":"Feature","properties":{},"geometry":{"type":"Polygon","coordinates":[[[5.94416,35.56361],[5.94416,35.56361],[5.94418,35.56362],[5.94416,35.56361]]]}},{"type":"Feature","properties":{},"geometry":{"type":"Polygon","coordinates":[[[5.94404,35.56355],[5.94404,35.56355],[5.94403,35.56353],[5.94404,35.56355]]]}},{"type":"Feature","properties":{},"geometry":{"type":"Polygon","coordinates":[[[5.9643,35.56356],[5.9643,35.56356],[5.96426,35.56354],[5.9643,35.56356]]]}},{"type":"Feature","properties":{},"geometry":{"type":"Polygon","coordinates":[[[5.9646,35.56366],[5.96458,35.56366],[5.96463,35.56367],[5.9646,35.56366]]]}},{"type":"Feature","properties":{},"geometry":{"type":"Polygon","coordinates":[[[5.96472,35.56365],[5.96472,35.56365],[5.9647,35.56366],[5.96472,35.56365]]]}},{"type":"Feature","properties":{},"geometry":{"type":"Polygon","coordinates":[[[5.96475,35.56362],[5.96475,35.56362],[5.96473,35.56364],[5.96475,35.56362]]]}},{"type":"Feature","properties":{},"geometry":{"type":"Polygon","coordinates":[[[5.96494,35.56348],[5.96491,35.5635],[5.96495,35.56345],[5.96494,35.56348]]]}},{"type":"Feature","properties":{},"geometry":{"type":"Polygon","coordinates":[[[5.96503,35.56329],[5.965,35.56334],[5.96504,35.56327],[5.96503,35.56329]]]}},{"type":"Feature","properties":{},"geometry":{"type":"Polygon","coordinates":[[[5.96513,35.56315],[5.96513,35.56315],[5.96512,35.56315],[5.96513,35.56315]]]}},{"type":"Feature","properties":{},"geometry":{"type":"Polygon","coordinates":[[[5.96524,35.5631],[5.96516,35.5631],[5.96527,35.56309],[5.96524,35.5631]]]}},{"type":"Feature","properties":{},"geometry":{"type":"Polygon","coordinates":[[[5.96551,35.56309],[5.96541,35.5631],[5.96554,35.56308],[5.96551,35.56309]]]}},{"type":"Feature","properties":{},"geometry":{"type":"Polygon","coordinates":[[[5.96573,35.563],[5.96564,35.56304],[5.96573,35.563],[5.96573,35.563]]]}},{"type":"Feature","properties":{},"geometry":{"type":"Polygon","coordinates":[[[5.96578,35.56284],[5.96578,35.56283],[5.96578,35.56284],[5.96578,35.56284]]]}},{"type":"Feature","properties":{},"geometry":{"type":"Polygon","coordinates":[[[5.96581,35.56276],[5.9658,35.56278],[5.96583,35.56272],[5.96581,35.56276]]]}},{"type":"Feature","properties":{},"geometry":{"type":"Polygon","coordinates":[[[5.96593,35.5626],[5.96585,35.56268],[5.96595,35.56259],[5.96593,35.5626]]]}},{"type":"Feature","properties":{},"geometry":{"type":"Polygon","coordinates":[[[5.96612,35.56254],[5.96612,35.56254],[5.96609,35.56254],[5.96612,35.56254]]]}},{"type":"Feature","properties":{},"geometry":{"type":"Polygon","coordinates":[[[5.96625,35.56251],[5.9662,35.56253],[5.96628,35.56251],[5.96625,35.56251]]]}},{"type":"Feature","properties":{},"geometry":{"type":"Polygon","coordinates":[[[5.96653,35.56252],[5.9664,35.56253],[5.9665,35.56251],[5.96653,35.56252]]]}},{"type":"Feature","properties":{},"geometry":{"type":"Polygon","coordinates":[[[5.96678,35.56259],[5.96661,35.56254],[5.96684,35.56258],[5.96678,35.56259]]]}},{"type":"Feature","properties":{},"geometry":{"type":"Polygon","coordinates":[[[5.9669,35.56257],[5.96685,35.56258],[5.96692,35.56258],[5.9669,35.56257]]]}},{"type":"Feature","properties":{},"geometry":{"type":"Polygon","coordinates":[[[5.96706,35.56249],[5.96704,35.56253],[5.96707,35.56245],[5.96706,35.56249]]]}},{"type":"Feature","properties":{},"geometry":{"type":"Polygon","coordinates":[[[5.96709,35.56238],[5.96709,35.56238],[5.96707,35.56243],[5.96709,35.56238]]]}},{"type":"Feature","properties":{},"geometry":{"type":"Polygon","coordinates":[[[5.96711,35.56213],[5.96711,35.56217],[5.96712,35.5621],[5.96711,35.56213]]]}},{"type":"Feature","properties":{},"geometry":{"type":"Polygon","coordinates":[[[5.9671,35.56197],[5.96706,35.56181],[5.96707,35.5618],[5.96706,35.56181],[5.9671,35.56197]]]}},{"type":"Feature","properties":{},"geometry":{"type":"Polygon","coordinates":[[[5.96711,35.56171],[5.96709,35.56176],[5.96714,35.56167],[5.96711,35.56171]]]}},{"type":"Feature","properties":{},"geometry":{"type":"Polygon","coordinates":[[[5.96732,35.56153],[5.96732,35.56153],[5.9673,35.56154],[5.96732,35.56153]]]}},{"type":"Feature","properties":{},"geometry":{"type":"Polygon","coordinates":[[[5.96749,35.56129],[5.96745,35.56144],[5.96748,35.56125],[5.96749,35.56129]]]}},{"type":"Feature","properties":{},"geometry":{"type":"Polygon","coordinates":[[[5.96749,35.56099],[5.96743,35.56117],[5.96741,35.56114],[5.96738,35.5611],[5.96739,35.56105],[5.96744,35.56102],[5.96749,35.56099]]]}},{"type":"Feature","properties":{},"geometry":{"type":"Polygon","coordinates":[[[5.96761,35.56092],[5.96761,35.56092],[5.96758,35.56094],[5.96761,35.56092]]]}},{"type":"Feature","properties":{},"geometry":{"type":"Polygon","coordinates":[[[5.96777,35.56071],[5.96771,35.56082],[5.96772,35.5608],[5.96774,35.56076],[5.96777,35.56071]]]}},{"type":"Feature","properties":{},"geometry":{"type":"Polygon","coordinates":[[[5.96773,35.56044],[5.96776,35.56063],[5.96773,35.56052],[5.96773,35.56044]]]}},{"type":"Feature","properties":{},"geometry":{"type":"Polygon","coordinates":[[[5.96766,35.5603],[5.9677,35.56034],[5.96764,35.56028],[5.96766,35.5603]]]}},{"type":"Feature","properties":{},"geometry":{"type":"Polygon","coordinates":[[[5.96745,35.56015],[5.96752,35.56019],[5.96745,35.56015],[5.96739,35.56014],[5.96737,35.56012],[5.96739,35.56014],[5.96745,35.56015]]]}},{"type":"Feature","properties":{},"geometry":{"type":"Polygon","coordinates":[[[5.96707,35.56002],[5.96715,35.56004],[5.967,35.56001],[5.96707,35.56002]]]}},{"type":"Feature","properties":{},"geometry":{"type":"Polygon","coordinates":[[[5.96656,35.56019],[5.96679,35.5601],[5.96677,35.56011],[5.9667,35.56014],[5.96656,35.56019]]]}},{"type":"Feature","properties":{},"geometry":{"type":"Polygon","coordinates":[[[5.96647,35.56023],[5.96656,35.56019],[5.96641,35.56022],[5.96647,35.56023]]]}},{"type":"Feature","properties":{},"geometry":{"type":"Polygon","coordinates":[[[5.96636,35.56023],[5.96639,35.56022],[5.96634,35.56024],[5.96636,35.56023]]]}},{"type":"Feature","properties":{},"geometry":{"type":"Polygon","coordinates":[[[5.96616,35.56025],[5.96621,35.56025],[5.96608,35.56027],[5.96616,35.56025]]]}},{"type":"Feature","properties":{},"geometry":{"type":"Polygon","coordinates":[[[5.96601,35.56027],[5.96607,35.56027],[5.96595,35.56029],[5.96601,35.56027]]]}},{"type":"Feature","properties":{},"geometry":{"type":"Polygon","coordinates":[[[5.96578,35.56037],[5.96582,35.56034],[5.96575,35.5604],[5.96578,35.56037]]]}},{"type":"Feature","properties":{},"geometry":{"type":"Polygon","coordinates":[[[5.96564,35.56055],[5.96569,35.5605],[5.9657,35.56048],[5.96569,35.5605],[5.96564,35.56055]]]}},{"type":"Feature","properties":{},"geometry":{"type":"Polygon","coordinates":[[[5.9656,35.56068],[5.96562,35.56062],[5.96559,35.56071],[5.9656,35.56068]]]}},{"type":"Feature","properties":{},"geometry":{"type":"Polygon","coordinates":[[[5.96554,35.56082],[5.96554,35.56082],[5.96556,35.56078],[5.96554,35.56082]]]}},{"type":"Feature","properties":{},"geometry":{"type":"Polygon","coordinates":[[[5.96546,35.56097],[5.9655,35.56092],[5.9655,35.56091],[5.9655,35.56092],[5.96546,35.56097],[5.96545,35.56099],[5.96546,35.56097]]]}},{"type":"Feature","properties":{},"geometry":{"type":"Polygon","coordinates":[[[5.96536,35.56117],[5.9654,35.5611],[5.96535,35.56119],[5.96536,35.56117]]]}},{"type":"Feature","properties":{},"geometry":{"type":"Polygon","coordinates":[[[5.9653,35.56131],[5.96534,35.56122],[5.96527,35.56135],[5.9653,35.56131]]]}},{"type":"Feature","properties":{},"geometry":{"type":"Polygon","coordinates":[[[5.96516,35.56135],[5.96527,35.56135],[5.96511,35.56131],[5.96516,35.56135]]]}},{"type":"Feature","properties":{},"geometry":{"type":"Polygon","coordinates":[[[5.965,35.56118],[5.96508,35.56126],[5.965,35.56118],[5.965,35.56118]]]}},{"type":"Feature","properties":{},"geometry":{"type":"Polygon","coordinates":[[[5.96489,35.56112],[5.96492,35.56114],[5.96483,35.56109],[5.96489,35.56112]]]}},{"type":"Feature","properties":{},"geometry":{"type":"Polygon","coordinates":[[[5.96476,35.5611],[5.96476,35.5611],[5.96463,35.56118],[5.96476,35.5611]]]}},{"type":"Feature","properties":{},"geometry":{"type":"Polygon","coordinates":[[[5.96461,35.56123],[5.96462,35.5612],[5.96459,35.56129],[5.96461,35.56123]]]}},{"type":"Feature","properties":{},"geometry":{"type":"Polygon","coordinates":[[[5.96458,35.56138],[5.96458,35.56134],[5.96458,35.56138],[5.96458,35.56138]]]}},{"type":"Feature","properties":{},"geometry":{"type":"Polygon","coordinates":[[[5.96459,35.56142],[5.96459,35.56144],[5.96459,35.56142],[5.96459,35.56142]]]}},{"type":"Feature","properties":{},"geometry":{"type":"Polygon","coordinates":[[[5.96461,35.56152],[5.96461,35.56152],[5.9646,35.56151],[5.96461,35.56152]]]}},{"type":"Feature","properties":{},"geometry":{"type":"Polygon","coordinates":[[[5.96462,35.5616],[5.96461,35.56152],[5.96464,35.56163],[5.96462,35.5616]]]}},{"type":"Feature","properties":{},"geometry":{"type":"Polygon","coordinates":[[[5.96465,35.56172],[5.96465,35.56169],[5.96466,35.56172],[5.96465,35.56172]]]}},{"type":"Feature","properties":{},"geometry":{"type":"Polygon","coordinates":[[[5.96452,35.5621],[5.9646,35.56202],[5.96457,35.56207],[5.96452,35.5621]]]}},{"type":"Feature","properties":{},"geometry":{"type":"Polygon","coordinates":[[[5.96423,35.56223],[5.96423,35.56223],[5.96424,35.56223],[5.96423,35.56223]]]}},{"type":"Feature","properties":{},"geometry":{"type":"Polygon","coordinates":[[[5.96403,35.5623],[5.96416,35.56226],[5.96407,35.56229],[5.96403,35.5623]]]}},{"type":"Feature","properties":{},"geometry":{"type":"Polygon","coordinates":[[[5.96393,35.56234],[5.96396,35.56232],[5.96388,35.56237],[5.96393,35.56234]]]}},{"type":"Feature","properties":{},"geometry":{"type":"Polygon","coordinates":[[[5.96373,35.56254],[5.96382,35.56242],[5.9637,35.5627],[5.96373,35.56254]]]}},{"type":"Feature","properties":{},"geometry":{"type":"Polygon","coordinates":[[[5.96374,35.56285],[5.96374,35.56282],[5.96375,35.56289],[5.96374,35.56285]]]}},{"type":"Feature","properties":{},"geometry":{"type":"Polygon","coordinates":[[[5.96379,35.56303],[5.96377,35.56295],[5.96382,35.56307],[5.96379,35.56303]]]}},{"type":"Feature","properties":{},"geometry":{"type":"Polygon","coordinates":[[[5.96385,35.56315],[5.96384,35.56311],[5.96386,35.56318],[5.96385,35.56315]]]}},{"type":"Feature","properties":{},"geometry":{"type":"Polygon","coordinates":[[[5.96392,35.56328],[5.96392,35.56328],[5.96389,35.56324],[5.96392,35.56328]]]}},{"type":"Feature","properties":{},"geometry":{"type":"Polygon","coordinates":[[[5.96395,35.56329],[5.96396,35.5633],[5.96395,35.56329],[5.96395,35.56329]]]}},{"type":"Feature","properties":{},"geometry":{"type":"Polygon","coordinates":[[[5.96408,35.5634],[5.96408,35.5634],[5.96407,35.56339],[5.96408,35.5634]]]}},{"type":"Feature","properties":{},"geometry":{"type":"Polygon","coordinates":[[[5.95849,35.54266],[5.95843,35.54264],[5.9585,35.54266],[5.95849,35.54266]]]}},{"type":"Feature","properties":{},"geometry":{"type":"Polygon","coordinates":[[[5.95835,35.54262],[5.95838,35.54263],[5.95831,35.54263],[5.95835,35.54262]]]}},{"type":"Feature","properties":{},"geometry":{"type":"Polygon","coordinates":[[[5.95826,35.54264],[5.95827,35.54264],[5.95827,35.54264],[5.95826,35.54264]]]}},{"type":"Feature","properties":{},"geometry":{"type":"Polygon","coordinates":[[[5.95814,35.54273],[5.95821,35.54266],[5.95811,35.5428],[5.95814,35.54273]]]}},{"type":"Feature","properties":{},"geometry":{"type":"Polygon","coordinates":[[[5.95798,35.54317],[5.95798,35.54316],[5.95798,35.54319],[5.95798,35.54317]]]}},{"type":"Feature","properties":{},"geometry":{"type":"Polygon","coordinates":[[[5.95791,35.54351],[5.95792,35.54337],[5.95792,35.54353],[5.95791,35.54351]]]}},{"type":"Feature","properties":{},"geometry":{"type":"Polygon","coordinates":[[[5.95792,35.54361],[5.95792,35.54357],[5.95798,35.54364],[5.95792,35.54361]]]}},{"type":"Feature","properties":{},"geometry":{"type":"Polygon","coordinates":[[[5.95814,35.54361],[5.95813,35.54362],[5.95815,35.54356],[5.95814,35.54361]]]}},{"type":"Feature","properties":{},"geometry":{"type":"Polygon","coordinates":[[[5.95816,35.54351],[5.95816,35.54351],[5.95816,35.54351],[5.95816,35.54351]]]}},{"type":"Feature","properties":{},"geometry":{"type":"Polygon","coordinates":[[[5.9582,35.54338],[5.9582,35.54341],[5.95822,35.54337],[5.9582,35.54338]]]}},{"type":"Feature","properties":{},"geometry":{"type":"Polygon","coordinates":[[[5.9583,35.54327],[5.95827,35.54329],[5.95835,35.54325],[5.9583,35.54327]]]}},{"type":"Feature","properties":{},"geometry":{"type":"Polygon","coordinates":[[[5.95838,35.54324],[5.95835,35.54325],[5.95842,35.54324],[5.95838,35.54324]]]}},{"type":"Feature","properties":{},"geometry":{"type":"Polygon","coordinates":[[[5.95855,35.54328],[5.95851,35.54326],[5.95857,35.54331],[5.95855,35.54328]]]}},{"type":"Feature","properties":{},"geometry":{"type":"Polygon","coordinates":[[[5.9586,35.54341],[5.95859,35.54337],[5.95862,35.54344],[5.9586,35.54341]]]}},{"type":"Feature","properties":{},"geometry":{"type":"Polygon","coordinates":[[[5.9587,35.54349],[5.9587,35.54349],[5.95865,35.54349],[5.9587,35.54349]]]}},{"type":"Feature","properties":{},"geometry":{"type":"Polygon","coordinates":[[[5.95884,35.54343],[5.95884,35.54343],[5.9588,35.54346],[5.95884,35.54343]]]}},{"type":"Feature","properties":{},"geometry":{"type":"Polygon","coordinates":[[[5.95892,35.54338],[5.95891,35.54339],[5.95892,35.54338],[5.95896,35.5433],[5.95898,35.54325],[5.95892,35.54338]]]}},{"type":"Feature","properties":{},"geometry":{"type":"Polygon","coordinates":[[[5.95904,35.54316],[5.95904,35.54316],[5.95903,35.54318],[5.95904,35.54316]]]}},{"type":"Feature","properties":{},"geometry":{"type":"Polygon","coordinates":[[[5.95909,35.5431],[5.95909,35.5431],[5.95908,35.54312],[5.95909,35.5431]]]}},{"type":"Feature","properties":{},"geometry":{"type":"Polygon","coordinates":[[[5.95921,35.54291],[5.95917,35.54297],[5.95921,35.54288],[5.95921,35.54291]]]}},{"type":"Feature","properties":{},"geometry":{"type":"Polygon","coordinates":[[[5.95923,35.54281],[5.95922,35.54283],[5.95923,35.54281],[5.95923,35.54281]]]}},{"type":"Feature","properties":{},"geometry":{"type":"Polygon","coordinates":[[[5.95921,35.54273],[5.95923,35.54281],[5.95922,35.54279],[5.95921,35.54273]]]}},{"type":"Feature","properties":{},"geometry":{"type":"Polygon","coordinates":[[[5.95919,35.54267],[5.95919,35.54267],[5.95919,35.54269],[5.95919,35.54267]]]}},{"type":"Feature","properties":{},"geometry":{"type":"Polygon","coordinates":[[[5.95914,35.54261],[5.95916,35.54262],[5.95912,35.54258],[5.95914,35.54261]]]}},{"type":"Feature","properties":{},"geometry":{"type":"Polygon","coordinates":[[[5.95908,35.54256],[5.95908,35.54256],[5.95909,35.54257],[5.95908,35.54256]]]}},{"type":"Feature","properties":{},"geometry":{"type":"Polygon","coordinates":[[[5.95896,35.54252],[5.959,35.54253],[5.95896,35.54252],[5.95896,35.54252]]]}},{"type":"Feature","properties":{},"geometry":{"type":"Polygon","coordinates":[[[5.95869,35.54256],[5.95883,35.54252],[5.95873,35.54255],[5.95869,35.54256]]]}},{"type":"Feature","properties":{},"geometry":{"type":"Polygon","coordinates":[[[5.95868,35.54257],[5.95869,35.54256],[5.95869,35.54256],[5.95868,35.54257]]]}},{"type":"Feature","properties":{},"geometry":{"type":"Polygon","coordinates":[[[5.97683,35.57533],[5.97684,35.57521],[5.97684,35.5752],[5.97683,35.57533]]]}},{"type":"Feature","properties":{},"geometry":{"type":"Polygon","coordinates":[[[5.97694,35.57537],[5.97694,35.57537],[5.9769,35.57536],[5.97694,35.57537]]]}},{"type":"Feature","properties":{},"geometry":{"type":"Polygon","coordinates":[[[5.97731,35.57535],[5.97737,35.57534],[5.97728,35.57535],[5.97731,35.57535]]]}},{"type":"Feature","properties":{},"geometry":{"type":"Polygon","coordinates":[[[5.97812,35.57515],[5.97744,35.57533],[5.97777,35.57522],[5.97789,35.57521],[5.97798,35.57518],[5.97812,35.57515]]]}},{"type":"Feature","properties":{},"geometry":{"type":"Polygon","coordinates":[[[5.97852,35.57501],[5.97855,35.57498],[5.97851,35.57501],[5.97852,35.57501]]]}},{"type":"Feature","properties":{},"geometry":{"type":"Polygon","coordinates":[[[5.97876,35.57473],[5.97882,35.57466],[5.97875,35.57474],[5.97876,35.57473]]]}},{"type":"Feature","properties":{},"geometry":{"type":"Polygon","coordinates":[[[5.97894,35.57441],[5.97886,35.5746],[5.97882,35.57466],[5.97894,35.57441]]]}},{"type":"Feature","properties":{},"geometry":{"type":"Polygon","coordinates":[[[5.97306,35.57354],[5.97325,35.57351],[5.9733,35.5735],[5.97306,35.57354]]]}},{"type":"Feature","properties":{},"geometry":{"type":"Polygon","coordinates":[[[5.97284,35.57357],[5.97296,35.57356],[5.97305,35.57354],[5.97296,35.57356],[5.97284,35.57357]]]}},{"type":"Feature","properties":{},"geometry":{"type":"Polygon","coordinates":[[[5.97184,35.57398],[5.97263,35.57361],[5.97266,35.5736],[5.97184,35.57398]]]}},{"type":"Feature","properties":{},"geometry":{"type":"Polygon","coordinates":[[[5.97162,35.5741],[5.97177,35.57403],[5.97179,35.57402],[5.97162,35.5741]]]}},{"type":"Feature","properties":{},"geometry":{"type":"Polygon","coordinates":[[[5.97114,35.57441],[5.97124,35.57429],[5.97126,35.57428],[5.97114,35.57441]]]}},{"type":"Feature","properties":{},"geometry":{"type":"Polygon","coordinates":[[[5.971,35.57455],[5.97097,35.57454],[5.97102,35.57453],[5.971,35.57455]]]}},{"type":"Feature","properties":{},"geometry":{"type":"Polygon","coordinates":[[[5.97067,35.57458],[5.97064,35.57459],[5.97069,35.57458],[5.97067,35.57458]]]}},{"type":"Feature","properties":{},"geometry":{"type":"Polygon","coordinates":[[[5.97017,35.57467],[5.97047,35.5746],[5.97048,35.5746],[5.97017,35.57467]]]}},{"type":"Feature","properties":{},"geometry":{"type":"Polygon","coordinates":[[[5.97004,35.57471],[5.97004,35.57471],[5.97009,35.5747],[5.97004,35.57471]]]}},{"type":"Feature","properties":{},"geometry":{"type":"Polygon","coordinates":[[[5.96951,35.57481],[5.9698,35.57476],[5.96987,35.57474],[5.96951,35.57481]]]}},{"type":"Feature","properties":{},"geometry":{"type":"Polygon","coordinates":[[[5.96906,35.57478],[5.96932,35.57478],[5.96948,35.57481],[5.96941,35.57482],[5.96915,35.5748],[5.96906,35.57478]]]}},{"type":"Feature","properties":{},"geometry":{"type":"Polygon","coordinates":[[[5.96888,35.57477],[5.96888,35.57477],[5.96892,35.57477],[5.96888,35.57477]]]}},{"type":"Feature","properties":{},"geometry":{"type":"Polygon","coordinates":[[[5.96631,35.57411],[5.96631,35.57411],[5.96642,35.57417],[5.96631,35.57411]]]}},{"type":"Feature","properties":{},"geometry":{"type":"Polygon","coordinates":[[[5.9656,35.57381],[5.96615,35.57411],[5.96587,35.57416],[5.9658,35.57412],[5.9656,35.57381],[5.96527,35.57383],[5.9656,35.57381]]]}},{"type":"Feature","properties":{},"geometry":{"type":"Polygon","coordinates":[[[5.96525,35.57384],[5.96525,35.57384],[5.96523,35.57384],[5.96525,35.57384]]]}},{"type":"Feature","properties":{},"geometry":{"type":"Polygon","coordinates":[[[5.96501,35.57402],[5.96503,35.57396],[5.96499,35.57411],[5.96501,35.57402]]]}},{"type":"Feature","properties":{},"geometry":{"type":"Polygon","coordinates":[[[5.9631,35.57532],[5.96337,35.57544],[5.96301,35.57532],[5.9631,35.57532]]]}},{"type":"Feature","properties":{},"geometry":{"type":"Polygon","coordinates":[[[5.96293,35.5754],[5.96293,35.5754],[5.96287,35.57533],[5.96293,35.5754]]]}},{"type":"Feature","properties":{},"geometry":{"type":"Polygon","coordinates":[[[5.96309,35.57553],[5.96309,35.57553],[5.96311,35.57554],[5.96309,35.57553]]]}},{"type":"Feature","properties":{},"geometry":{"type":"Polygon","coordinates":[[[5.9633,35.5757],[5.96331,35.57572],[5.96331,35.57572],[5.9633,35.5757]]]}},{"type":"Feature","properties":{},"geometry":{"type":"Polygon","coordinates":[[[5.98112,35.5462],[5.98106,35.54619],[5.98112,35.5462],[5.98116,35.54619],[5.98119,35.54617],[5.9812,35.54617],[5.98116,35.54619],[5.98112,35.5462]]]}},{"type":"Feature","properties":{},"geometry":{"type":"Polygon","coordinates":[[[5.98128,35.54615],[5.98124,35.54617],[5.98131,35.54612],[5.98128,35.54615]]]}},{"type":"Feature","properties":{},"geometry":{"type":"Polygon","coordinates":[[[5.98134,35.54612],[5.98132,35.54612],[5.98138,35.5461],[5.98134,35.54612]]]}},{"type":"Feature","properties":{},"geometry":{"type":"Polygon","coordinates":[[[5.98152,35.54604],[5.98142,35.54607],[5.98147,35.54605],[5.98152,35.54604],[5.98153,35.54603],[5.98152,35.54604]]]}},{"type":"Feature","properties":{},"geometry":{"type":"Polygon","coordinates":[[[5.97631,35.55661],[5.97628,35.55658],[5.97628,35.55658],[5.97631,35.55661]]]}},{"type":"Feature","properties":{},"geometry":{"type":"Polygon","coordinates":[[[5.97636,35.55668],[5.97632,35.55662],[5.97638,35.5567],[5.97636,35.55668]]]}},{"type":"Feature","properties":{},"geometry":{"type":"Polygon","coordinates":[[[5.97645,35.55682],[5.97644,35.5568],[5.97645,35.55682],[5.9765,35.55687],[5.97653,35.55691],[5.97654,35.55694],[5.97645,35.55682]]]}},{"type":"Feature","properties":{},"geometry":{"type":"Polygon","coordinates":[[[5.97663,35.55708],[5.97659,35.55702],[5.97666,35.5571],[5.97663,35.55708]]]}},{"type":"Feature","properties":{},"geometry":{"type":"Polygon","coordinates":[[[5.97683,35.55714],[5.97683,35.55714],[5.97682,35.55714],[5.97683,35.55714]]]}},{"type":"Feature","properties":{},"geometry":{"type":"Polygon","coordinates":[[[5.97684,35.55712],[5.97684,35.55712],[5.97684,35.55712],[5.97684,35.55712]]]}},{"type":"Feature","properties":{},"geometry":{"type":"Polygon","coordinates":[[[5.97684,35.55698],[5.97684,35.55698],[5.97684,35.55701],[5.97684,35.55698]]]}},{"type":"Feature","properties":{},"geometry":{"type":"Polygon","coordinates":[[[5.97676,35.55677],[5.9768,35.55687],[5.97671,35.55669],[5.97676,35.55677]]]}},{"type":"Feature","properties":{},"geometry":{"type":"Polygon","coordinates":[[[5.97654,35.55652],[5.97659,35.55657],[5.97653,35.5565],[5.97654,35.55652]]]}},{"type":"Feature","properties":{},"geometry":{"type":"Polygon","coordinates":[[[5.98278,35.56011],[5.98281,35.56013],[5.98274,35.5601],[5.98278,35.56011]]]}},{"type":"Feature","properties":{},"geometry":{"type":"Polygon","coordinates":[[[5.98263,35.56008],[5.98268,35.56009],[5.98264,35.56009],[5.98263,35.56008]]]}},{"type":"Feature","properties":{},"geometry":{"type":"Polygon","coordinates":[[[5.98258,35.56006],[5.98258,35.56006],[5.9826,35.56007],[5.98258,35.56006]]]}},{"type":"Feature","properties":{},"geometry":{"type":"Polygon","coordinates":[[[5.98249,35.56008],[5.98253,35.56007],[5.98246,35.56009],[5.98249,35.56008]]]}},{"type":"Feature","properties":{},"geometry":{"type":"Polygon","coordinates":[[[5.98236,35.56023],[5.98231,35.56019],[5.98238,35.56024],[5.98236,35.56023]]]}},{"type":"Feature","properties":{},"geometry":{"type":"Polygon","coordinates":[[[5.98249,35.56028],[5.98249,35.56028],[5.98247,35.56027],[5.98249,35.56028]]]}},{"type":"Feature","properties":{},"geometry":{"type":"Polygon","coordinates":[[[5.98264,35.56033],[5.98264,35.56033],[5.9826,35.56031],[5.98264,35.56033]]]}},{"type":"Feature","properties":{},"geometry":{"type":"Polygon","coordinates":[[[5.98272,35.56035],[5.98266,35.56034],[5.98273,35.56036],[5.98272,35.56035]]]}},{"type":"Feature","properties":{},"geometry":{"type":"Polygon","coordinates":[[[5.98277,35.56037],[5.98277,35.56037],[5.98279,35.56038],[5.98277,35.56037]]]}},{"type":"Feature","properties":{},"geometry":{"type":"Polygon","coordinates":[[[5.98279,35.56087],[5.98285,35.56087],[5.9828,35.56087],[5.98279,35.56087]]]}},{"type":"Feature","properties":{},"geometry":{"type":"Polygon","coordinates":[[[5.98267,35.56087],[5.98272,35.56087],[5.98274,35.56087],[5.98272,35.56087],[5.98267,35.56087]]]}},{"type":"Feature","properties":{},"geometry":{"type":"Polygon","coordinates":[[[5.98256,35.56088],[5.98262,35.56087],[5.98256,35.56088],[5.98256,35.56088]]]}},{"type":"Feature","properties":{},"geometry":{"type":"Polygon","coordinates":[[[5.98247,35.56091],[5.98255,35.56089],[5.98256,35.56089],[5.98255,35.56089],[5.98247,35.56091],[5.98248,35.56093],[5.98247,35.56091]]]}},{"type":"Feature","properties":{},"geometry":{"type":"Polygon","coordinates":[[[5.9825,35.56094],[5.98249,35.56094],[5.98251,35.56095],[5.9825,35.56094]]]}},{"type":"Feature","properties":{},"geometry":{"type":"Polygon","coordinates":[[[5.98262,35.56099],[5.9826,35.56098],[5.98259,35.56098],[5.9826,35.56098],[5.98262,35.56099],[5.98264,35.561],[5.98262,35.56099]]]}},{"type":"Feature","properties":{},"geometry":{"type":"Polygon","coordinates":[[[5.98271,35.56104],[5.98271,35.56104],[5.98271,35.56104],[5.98271,35.56104]]]}},{"type":"Feature","properties":{},"geometry":{"type":"Polygon","coordinates":[[[5.98165,35.5511],[5.98165,35.5511],[5.98168,35.55114],[5.98165,35.5511]]]}},{"type":"Feature","properties":{},"geometry":{"type":"Polygon","coordinates":[[[5.98161,35.55105],[5.98161,35.55105],[5.98163,35.55108],[5.98161,35.55105]]]}},{"type":"Feature","properties":{},"geometry":{"type":"Polygon","coordinates":[[[5.98157,35.551],[5.98155,35.55097],[5.98158,35.55101],[5.98157,35.551]]]}},{"type":"Feature","properties":{},"geometry":{"type":"Polygon","coordinates":[[[5.98154,35.55097],[5.98153,35.55094],[5.98153,35.55094],[5.98154,35.55097]]]}},{"type":"Feature","properties":{},"geometry":{"type":"Polygon","coordinates":[[[5.98146,35.55091],[5.98146,35.55091],[5.9815,35.55093],[5.98152,35.55093],[5.98146,35.55091]]]}},{"type":"Feature","properties":{},"geometry":{"type":"Polygon","coordinates":[[[5.98134,35.55083],[5.98079,35.55115],[5.98041,35.55112],[5.98134,35.55083]]]}},{"type":"Feature","properties":{},"geometry":{"type":"Polygon","coordinates":[[[5.98037,35.5511],[5.98037,35.5511],[5.98038,35.55111],[5.98037,35.5511]]]}},{"type":"Feature","properties":{},"geometry":{"type":"Polygon","coordinates":[[[5.98013,35.55113],[5.98022,35.55111],[5.98025,35.55111],[5.98013,35.55113]]]}},{"type":"Feature","properties":{},"geometry":{"type":"Polygon","coordinates":[[[5.97609,35.55073],[5.97611,35.55069],[5.9761,35.55078],[5.97609,35.55073]]]}},{"type":"Feature","properties":{},"geometry":{"type":"Polygon","coordinates":[[[5.97614,35.55086],[5.97614,35.55086],[5.97612,35.55085],[5.97614,35.55086]]]}},{"type":"Feature","properties":{},"geometry":{"type":"Polygon","coordinates":[[[5.97626,35.5509],[5.97626,35.5509],[5.97624,35.5509],[5.97626,35.5509]]]}},{"type":"Feature","properties":{},"geometry":{"type":"Polygon","coordinates":[[[5.97635,35.55092],[5.97637,35.55092],[5.97632,35.55091],[5.97635,35.55092]]]}},{"type":"Feature","properties":{},"geometry":{"type":"Polygon","coordinates":[[[5.97647,35.55091],[5.9765,35.5509],[5.97645,35.55091],[5.97647,35.55091]]]}},{"type":"Feature","properties":{},"geometry":{"type":"Polygon","coordinates":[[[5.97655,35.55088],[5.97656,35.55087],[5.97656,35.55087],[5.97655,35.55088]]]}},{"type":"Feature","properties":{},"geometry":{"type":"Polygon","coordinates":[[[5.97662,35.55084],[5.97662,35.55083],[5.97662,35.55084],[5.97662,35.55084]]]}},{"type":"Feature","properties":{},"geometry":{"type":"Polygon","coordinates":[[[5.97856,35.54784],[5.97856,35.54784],[5.9785,35.54788],[5.97856,35.54784]]]}},{"type":"Feature","properties":{},"geometry":{"type":"Polygon","coordinates":[[[5.97865,35.54777],[5.97865,35.54777],[5.97864,35.54777],[5.97865,35.54777]]]}},{"type":"Feature","properties":{},"geometry":{"type":"Polygon","coordinates":[[[5.97862,35.54764],[5.97862,35.54764],[5.97862,35.54766],[5.97862,35.54764]]]}},{"type":"Feature","properties":{},"geometry":{"type":"Polygon","coordinates":[[[5.93234,35.55642],[5.93233,35.55644],[5.93234,35.55642],[5.93234,35.55642]]]}},{"type":"Feature","properties":{},"geometry":{"type":"Polygon","coordinates":[[[5.93352,35.5466],[5.93352,35.5466],[5.9335,35.5466],[5.93352,35.5466]]]}},{"type":"Feature","properties":{},"geometry":{"type":"Polygon","coordinates":[[[5.93362,35.5466],[5.93362,35.5466],[5.9336,35.5466],[5.93362,35.5466]]]}},{"type":"Feature","properties":{},"geometry":{"type":"Polygon","coordinates":[[[5.93304,35.54676],[5.93298,35.54674],[5.93314,35.5466],[5.93304,35.54676]]]}},{"type":"Feature","properties":{},"geometry":{"type":"Polygon","coordinates":[[[5.93325,35.54664],[5.9334,35.54679],[5.93352,35.54668],[5.9334,35.54679],[5.93325,35.54664]]]}},{"type":"Feature","properties":{},"geometry":{"type":"Polygon","coordinates":[[[5.93283,35.55093],[5.93286,35.55096],[5.93281,35.5509],[5.93283,35.55093]]]}},{"type":"Feature","properties":{},"geometry":{"type":"Polygon","coordinates":[[[5.93238,35.55086],[5.93248,35.55084],[5.93238,35.55086],[5.93238,35.55086]]]}},{"type":"Feature","properties":{},"geometry":{"type":"Polygon","coordinates":[[[5.93224,35.55103],[5.93236,35.55089],[5.93203,35.55121],[5.93224,35.55103]]]}},{"type":"Feature","properties":{},"geometry":{"type":"Polygon","coordinates":[[[5.93249,35.55152],[5.93289,35.55138],[5.93292,35.55129],[5.93289,35.55138],[5.93249,35.55152]]]}},{"type":"Feature","properties":{},"geometry":{"type":"Polygon","coordinates":[[[5.94712,35.55327],[5.94686,35.55337],[5.94677,35.55332],[5.94686,35.55337],[5.94712,35.55327]]]}},{"type":"Feature","properties":{},"geometry":{"type":"Polygon","coordinates":[[[5.94679,35.55787],[5.94669,35.55792],[5.94669,35.55792],[5.94679,35.55787]]]}},{"type":"Feature","properties":{},"geometry":{"type":"Polygon","coordinates":[[[5.94686,35.54989],[5.94686,35.54989],[5.94698,35.54998],[5.94686,35.54989]]]}},{"type":"Feature","properties":{},"geometry":{"type":"Polygon","coordinates":[[[5.94669,35.54965],[5.94686,35.54989],[5.94663,35.54959],[5.94669,35.54965]]]}},{"type":"Feature","properties":{},"geometry":{"type":"Polygon","coordinates":[[[5.94617,35.54924],[5.94636,35.54935],[5.94621,35.54927],[5.94617,35.54924]]]}},{"type":"Feature","properties":{},"geometry":{"type":"Polygon","coordinates":[[[5.94595,35.54914],[5.946,35.54915],[5.94584,35.54905],[5.94595,35.54914]]]}},{"type":"Feature","properties":{},"geometry":{"type":"Polygon","coordinates":[[[5.94551,35.54874],[5.94553,35.54878],[5.94546,35.5487],[5.94551,35.54874]]]}},{"type":"Feature","properties":{},"geometry":{"type":"Polygon","coordinates":[[[5.94526,35.54844],[5.94534,35.5486],[5.94531,35.54857],[5.94526,35.54844],[5.94515,35.54826],[5.94509,35.54813],[5.94504,35.54807],[5.94509,35.54813],[5.94526,35.54844]]]}},{"type":"Feature","properties":{},"geometry":{"type":"Polygon","coordinates":[[[5.94486,35.54775],[5.94499,35.548],[5.9448,35.54769],[5.94486,35.54775]]]}},{"type":"Feature","properties":{},"geometry":{"type":"Polygon","coordinates":[[[5.94462,35.54742],[5.94473,35.5476],[5.94452,35.54733],[5.94462,35.54742]]]}},{"type":"Feature","properties":{},"geometry":{"type":"Polygon","coordinates":[[[5.94367,35.54678],[5.94407,35.547],[5.94384,35.54691],[5.94367,35.54678]]]}},{"type":"Feature","properties":{},"geometry":{"type":"Polygon","coordinates":[[[5.9435,35.54673],[5.94367,35.54678],[5.94342,35.5467],[5.9435,35.54673]]]}},{"type":"Feature","properties":{},"geometry":{"type":"Polygon","coordinates":[[[5.94316,35.54714],[5.94298,35.54695],[5.94329,35.54727],[5.94316,35.54714]]]}},{"type":"Feature","properties":{},"geometry":{"type":"Polygon","coordinates":[[[5.94375,35.54755],[5.94369,35.54752],[5.94375,35.54755],[5.94388,35.54759],[5.94395,35.54762],[5.94375,35.54755]]]}},{"type":"Feature","properties":{},"geometry":{"type":"Polygon","coordinates":[[[5.94429,35.54789],[5.94427,35.54788],[5.94427,35.54788],[5.94429,35.54789]]]}},{"type":"Feature","properties":{},"geometry":{"type":"Polygon","coordinates":[[[5.94449,35.54857],[5.94458,35.5486],[5.94439,35.54856],[5.94449,35.54857]]]}},{"type":"Feature","properties":{},"geometry":{"type":"Polygon","coordinates":[[[5.94402,35.54861],[5.94383,35.54869],[5.94374,35.54883],[5.94383,35.54869],[5.94402,35.54861]]]}},{"type":"Feature","properties":{},"geometry":{"type":"Polygon","coordinates":[[[5.94378,35.54904],[5.94384,35.54917],[5.94399,35.54933],[5.94405,35.54941],[5.94384,35.54917],[5.94378,35.54904]]]}},{"type":"Feature","properties":{},"geometry":{"type":"Polygon","coordinates":[[[5.94426,35.54957],[5.94412,35.54948],[5.94434,35.5496],[5.94426,35.54957]]]}},{"type":"Feature","properties":{},"geometry":{"type":"Polygon","coordinates":[[[5.94455,35.54968],[5.94448,35.54965],[5.94472,35.54978],[5.94455,35.54968]]]}},{"type":"Feature","properties":{},"geometry":{"type":"Polygon","coordinates":[[[5.94472,35.54978],[5.94485,35.54987],[5.94472,35.54978],[5.94472,35.54978]]]}},{"type":"Feature","properties":{},"geometry":{"type":"Polygon","coordinates":[[[5.94501,35.54997],[5.94485,35.54987],[5.94503,35.54999],[5.94501,35.54997]]]}},{"type":"Feature","properties":{},"geometry":{"type":"Polygon","coordinates":[[[5.94519,35.55019],[5.94517,35.55015],[5.94519,35.55019],[5.94519,35.55019]]]}},{"type":"Feature","properties":{},"geometry":{"type":"Polygon","coordinates":[[[5.94555,35.55069],[5.94553,35.55063],[5.94555,35.55069],[5.94555,35.55069]]]}},{"type":"Feature","properties":{},"geometry":{"type":"Polygon","coordinates":[[[5.94545,35.55096],[5.94555,35.55069],[5.94551,35.55081],[5.94545,35.55096],[5.94545,35.55097],[5.94545,35.55096]]]}},{"type":"Feature","properties":{},"geometry":{"type":"Polygon","coordinates":[[[5.94558,35.55163],[5.94547,35.55141],[5.94566,35.55171],[5.94558,35.55163]]]}},{"type":"Feature","properties":{},"geometry":{"type":"Polygon","coordinates":[[[5.94595,35.55183],[5.94566,35.55171],[5.94597,35.55184],[5.94595,35.55183]]]}},{"type":"Feature","properties":{},"geometry":{"type":"Polygon","coordinates":[[[5.94622,35.55191],[5.94611,35.55188],[5.94631,35.55193],[5.94622,35.55191]]]}},{"type":"Feature","properties":{},"geometry":{"type":"Polygon","coordinates":[[[5.94691,35.55224],[5.94662,35.55205],[5.9468,35.55214],[5.94691,35.55224]]]}},{"type":"Feature","properties":{},"geometry":{"type":"Polygon","coordinates":[[[5.9471,35.55248],[5.94703,35.55236],[5.9471,35.55248],[5.9471,35.55259],[5.94706,35.55271],[5.94699,35.5528],[5.94691,35.55291],[5.94684,35.553],[5.94674,35.55309],[5.9471,35.55248]]]}},{"type":"Feature","properties":{},"geometry":{"type":"Polygon","coordinates":[[[5.94661,35.55322],[5.94662,35.55322],[5.94661,35.55322],[5.94661,35.55322]]]}},{"type":"Feature","properties":{},"geometry":{"type":"Polygon","coordinates":[[[5.93509,35.54728],[5.93508,35.54729],[5.9351,35.54727],[5.93509,35.54728]]]}},{"type":"Feature","properties":{},"geometry":{"type":"Polygon","coordinates":[[[5.93504,35.54732],[5.93507,35.5473],[5.93502,35.54733],[5.93504,35.54732]]]}},{"type":"Feature","properties":{},"geometry":{"type":"Polygon","coordinates":[[[5.93497,35.54727],[5.93499,35.54731],[5.93496,35.54725],[5.93497,35.54727]]]}},{"type":"Feature","properties":{},"geometry":{"type":"Polygon","coordinates":[[[5.93496,35.54725],[5.93496,35.54725],[5.93496,35.54725],[5.93496,35.54725]]]}},{"type":"Feature","properties":{},"geometry":{"type":"Polygon","coordinates":[[[5.93493,35.54719],[5.93494,35.54722],[5.93493,35.54719],[5.93493,35.54719]]]}},{"type":"Feature","properties":{},"geometry":{"type":"Polygon","coordinates":[[[5.9349,35.54718],[5.93491,35.54719],[5.9349,35.54718],[5.9349,35.54718]]]}},{"type":"Feature","properties":{},"geometry":{"type":"Polygon","coordinates":[[[5.93476,35.54722],[5.93489,35.54719],[5.93472,35.54725],[5.93476,35.54722]]]}},{"type":"Feature","properties":{},"geometry":{"type":"Polygon","coordinates":[[[5.93469,35.54727],[5.93469,35.54727],[5.93469,35.54727],[5.93469,35.54727]]]}},{"type":"Feature","properties":{},"geometry":{"type":"Polygon","coordinates":[[[5.93465,35.54725],[5.93469,35.54727],[5.93463,35.54724],[5.93465,35.54725]]]}},{"type":"Feature","properties":{},"geometry":{"type":"Polygon","coordinates":[[[5.93451,35.54726],[5.93459,35.54724],[5.93458,35.54725],[5.93456,35.54726],[5.93451,35.54726]]]}},{"type":"Feature","properties":{},"geometry":{"type":"Polygon","coordinates":[[[5.93451,35.54727],[5.93451,35.54727],[5.93448,35.54727],[5.93451,35.54727]]]}},{"type":"Feature","properties":{},"geometry":{"type":"Polygon","coordinates":[[[5.93442,35.54729],[5.93444,35.54728],[5.93447,35.54727],[5.93442,35.54729]]]}},{"type":"Feature","properties":{},"geometry":{"type":"Polygon","coordinates":[[[5.93432,35.54729],[5.93433,35.54728],[5.93432,35.54729],[5.93432,35.54729]]]}},{"type":"Feature","properties":{},"geometry":{"type":"Polygon","coordinates":[[[5.93428,35.54734],[5.93428,35.54734],[5.9343,35.54731],[5.93428,35.54734]]]}},{"type":"Feature","properties":{},"geometry":{"type":"Polygon","coordinates":[[[5.93427,35.54736],[5.93427,35.54736],[5.93427,35.54735],[5.93427,35.54736]]]}},{"type":"Feature","properties":{},"geometry":{"type":"Polygon","coordinates":[[[5.93425,35.54743],[5.93425,35.54743],[5.93425,35.54742],[5.93425,35.54743]]]}},{"type":"Feature","properties":{},"geometry":{"type":"Polygon","coordinates":[[[5.93423,35.54755],[5.93423,35.54748],[5.93423,35.54748],[5.93423,35.54755]]]}},{"type":"Feature","properties":{},"geometry":{"type":"Polygon","coordinates":[[[5.93422,35.5476],[5.93422,35.5476],[5.93423,35.54758],[5.93422,35.5476]]]}},{"type":"Feature","properties":{},"geometry":{"type":"Polygon","coordinates":[[[5.93422,35.54768],[5.93423,35.54765],[5.93423,35.54763],[5.93422,35.54768]]]}},{"type":"Feature","properties":{},"geometry":{"type":"Polygon","coordinates":[[[5.93422,35.54773],[5.93422,35.54773],[5.93422,35.54772],[5.93422,35.54773]]]}},{"type":"Feature","properties":{},"geometry":{"type":"Polygon","coordinates":[[[5.93426,35.54778],[5.93425,35.54778],[5.93426,35.54778],[5.93426,35.54778]]]}},{"type":"Feature","properties":{},"geometry":{"type":"Polygon","coordinates":[[[5.93432,35.54782],[5.93433,35.54782],[5.93432,35.54782],[5.93432,35.54782]]]}},{"type":"Feature","properties":{},"geometry":{"type":"Polygon","coordinates":[[[5.93441,35.54788],[5.93438,35.54786],[5.93443,35.54789],[5.93441,35.54788]]]}},{"type":"Feature","properties":{},"geometry":{"type":"Polygon","coordinates":[[[5.9345,35.54789],[5.93443,35.54789],[5.93444,35.54789],[5.9345,35.54789]]]}},{"type":"Feature","properties":{},"geometry":{"type":"Polygon","coordinates":[[[5.9345,35.54788],[5.9345,35.54789],[5.9345,35.54789],[5.9345,35.54788]]]}},{"type":"Feature","properties":{},"geometry":{"type":"Polygon","coordinates":[[[5.93456,35.54785],[5.93456,35.54785],[5.93455,35.54786],[5.93456,35.54785]]]}},{"type":"Feature","properties":{},"geometry":{"type":"Polygon","coordinates":[[[5.93465,35.54784],[5.93465,35.54784],[5.93463,35.54784],[5.93465,35.54784]]]}},{"type":"Feature","properties":{},"geometry":{"type":"Polygon","coordinates":[[[5.93479,35.54787],[5.93479,35.54787],[5.93478,35.54786],[5.93479,35.54787]]]}},{"type":"Feature","properties":{},"geometry":{"type":"Polygon","coordinates":[[[5.9349,35.54788],[5.9349,35.54788],[5.93489,35.54789],[5.9349,35.54788]]]}},{"type":"Feature","properties":{},"geometry":{"type":"Polygon","coordinates":[[[5.93497,35.54784],[5.93496,35.54786],[5.93496,35.54786],[5.93496,35.54785],[5.93497,35.54784]]]}},{"type":"Feature","properties":{},"geometry":{"type":"Polygon","coordinates":[[[5.93502,35.5478],[5.93499,35.54782],[5.93503,35.54778],[5.93502,35.5478]]]}},{"type":"Feature","properties":{},"geometry":{"type":"Polygon","coordinates":[[[5.9351,35.54776],[5.9351,35.54776],[5.93509,35.54776],[5.9351,35.54776]]]}},{"type":"Feature","properties":{},"geometry":{"type":"Polygon","coordinates":[[[5.93521,35.54782],[5.93521,35.54782],[5.9352,35.54781],[5.93521,35.54782]]]}},{"type":"Feature","properties":{},"geometry":{"type":"Polygon","coordinates":[[[5.93538,35.54777],[5.93528,35.54785],[5.93531,35.54786],[5.93534,35.54787],[5.93537,35.54788],[5.9354,35.54786],[5.93539,35.54784],[5.93538,35.54777]]]}},{"type":"Feature","properties":{},"geometry":{"type":"Polygon","coordinates":[[[5.93536,35.54772],[5.93538,35.54776],[5.93536,35.54771],[5.93536,35.54772]]]}},{"type":"Feature","properties":{},"geometry":{"type":"Polygon","coordinates":[[[5.93533,35.54769],[5.93533,35.54769],[5.93532,35.54767],[5.93533,35.54769]]]}},{"type":"Feature","properties":{},"geometry":{"type":"Polygon","coordinates":[[[5.93527,35.5476],[5.9353,35.54764],[5.93526,35.54758],[5.93527,35.5476]]]}},{"type":"Feature","properties":{},"geometry":{"type":"Polygon","coordinates":[[[5.93525,35.54755],[5.93525,35.54755],[5.93525,35.54757],[5.93525,35.54755]]]}},{"type":"Feature","properties":{},"geometry":{"type":"Polygon","coordinates":[[[5.93522,35.54748],[5.93522,35.54748],[5.93522,35.54748],[5.93522,35.54748]]]}},{"type":"Feature","properties":{},"geometry":{"type":"Polygon","coordinates":[[[5.93521,35.54746],[5.93521,35.54746],[5.93522,35.54748],[5.93521,35.54746]]]}},{"type":"Feature","properties":{},"geometry":{"type":"Polygon","coordinates":[[[5.9352,35.54741],[5.9352,35.54741],[5.9352,35.54742],[5.9352,35.54741]]]}},{"type":"Feature","properties":{},"geometry":{"type":"Polygon","coordinates":[[[5.93514,35.54729],[5.93514,35.54729],[5.93515,35.54731],[5.93514,35.54729]]]}},{"type":"Feature","properties":{},"geometry":{"type":"Polygon","coordinates":[[[5.93922,35.54784],[5.93923,35.5478],[5.93921,35.54785],[5.93922,35.54784]]]}},{"type":"Feature","properties":{},"geometry":{"type":"Polygon","coordinates":[[[5.93918,35.54789],[5.93918,35.54789],[5.93914,35.54787],[5.93918,35.54789]]]}},{"type":"Feature","properties":{},"geometry":{"type":"Polygon","coordinates":[[[5.93907,35.54778],[5.9391,35.54782],[5.93911,35.54783],[5.93907,35.54778]]]}},{"type":"Feature","properties":{},"geometry":{"type":"Polygon","coordinates":[[[5.93901,35.54773],[5.93903,35.54774],[5.93899,35.54771],[5.93901,35.54773]]]}},{"type":"Feature","properties":{},"geometry":{"type":"Polygon","coordinates":[[[5.93895,35.54768],[5.93895,35.54768],[5.93895,35.54768],[5.93895,35.54768]]]}},{"type":"Feature","properties":{},"geometry":{"type":"Polygon","coordinates":[[[5.93883,35.54762],[5.93887,35.54764],[5.93883,35.54762],[5.93879,35.54763],[5.93877,35.54764],[5.93874,35.54763],[5.93871,35.54764],[5.93869,35.54765],[5.93869,35.54766],[5.93871,35.54764],[5.93874,35.54763],[5.93883,35.54762]]]}},{"type":"Feature","properties":{},"geometry":{"type":"Polygon","coordinates":[[[5.93863,35.54769],[5.93866,35.54767],[5.93861,35.54771],[5.93863,35.54769]]]}},{"type":"Feature","properties":{},"geometry":{"type":"Polygon","coordinates":[[[5.93858,35.54774],[5.93858,35.54774],[5.93858,35.54774],[5.93858,35.54774]]]}},{"type":"Feature","properties":{},"geometry":{"type":"Polygon","coordinates":[[[5.93856,35.54777],[5.93857,35.54775],[5.93855,35.54779],[5.93856,35.54777]]]}},{"type":"Feature","properties":{},"geometry":{"type":"Polygon","coordinates":[[[5.93851,35.54789],[5.93852,35.54785],[5.93853,35.54783],[5.93852,35.54787],[5.93851,35.54789]]]}},{"type":"Feature","properties":{},"geometry":{"type":"Polygon","coordinates":[[[5.93853,35.54797],[5.93851,35.54794],[5.93851,35.54792],[5.93853,35.54797]]]}},{"type":"Feature","properties":{},"geometry":{"type":"Polygon","coordinates":[[[5.93863,35.54812],[5.93859,35.54807],[5.93868,35.54819],[5.93863,35.54812]]]}},{"type":"Feature","properties":{},"geometry":{"type":"Polygon","coordinates":[[[5.9387,35.54822],[5.9387,35.54822],[5.93869,35.5482],[5.9387,35.54822]]]}},{"type":"Feature","properties":{},"geometry":{"type":"Polygon","coordinates":[[[5.93873,35.54827],[5.93873,35.54827],[5.93873,35.54826],[5.93873,35.54827]]]}},{"type":"Feature","properties":{},"geometry":{"type":"Polygon","coordinates":[[[5.93876,35.54831],[5.93876,35.54831],[5.93875,35.5483],[5.93876,35.54831]]]}},{"type":"Feature","properties":{},"geometry":{"type":"Polygon","coordinates":[[[5.93884,35.54842],[5.93884,35.54842],[5.93883,35.54841],[5.93884,35.54842]]]}},{"type":"Feature","properties":{},"geometry":{"type":"Polygon","coordinates":[[[5.93889,35.54852],[5.93886,35.54847],[5.93903,35.54851],[5.93889,35.54852]]]}},{"type":"Feature","properties":{},"geometry":{"type":"Polygon","coordinates":[[[5.93908,35.54854],[5.93903,35.54851],[5.9391,35.54858],[5.93908,35.54854]]]}},{"type":"Feature","properties":{},"geometry":{"type":"Polygon","coordinates":[[[5.93898,35.54869],[5.93897,35.54867],[5.93897,35.54867],[5.93898,35.54869]]]}},{"type":"Feature","properties":{},"geometry":{"type":"Polygon","coordinates":[[[5.93901,35.54874],[5.93901,35.54874],[5.93901,35.54873],[5.93901,35.54874]]]}},{"type":"Feature","properties":{},"geometry":{"type":"Polygon","coordinates":[[[5.93906,35.54879],[5.93906,35.54879],[5.93905,35.54877],[5.93906,35.54879]]]}},{"type":"Feature","properties":{},"geometry":{"type":"Polygon","coordinates":[[[5.93911,35.54884],[5.93911,35.54884],[5.93911,35.54883],[5.93911,35.54884]]]}},{"type":"Feature","properties":{},"geometry":{"type":"Polygon","coordinates":[[[5.93923,35.5489],[5.93923,35.5489],[5.93922,35.5489],[5.93923,35.5489]]]}},{"type":"Feature","properties":{},"geometry":{"type":"Polygon","coordinates":[[[5.93936,35.54893],[5.93934,35.54893],[5.93936,35.54893],[5.9394,35.54894],[5.93943,35.54895],[5.93936,35.54893]]]}},{"type":"Feature","properties":{},"geometry":{"type":"Polygon","coordinates":[[[5.9395,35.54894],[5.93947,35.54895],[5.9395,35.54894],[5.93961,35.54888],[5.93962,35.54887],[5.9395,35.54894]]]}},{"type":"Feature","properties":{},"geometry":{"type":"Polygon","coordinates":[[[5.93964,35.54885],[5.93964,35.54885],[5.93962,35.54881],[5.93964,35.54885]]]}},{"type":"Feature","properties":{},"geometry":{"type":"Polygon","coordinates":[[[5.93961,35.54867],[5.93962,35.54879],[5.93961,35.5487],[5.93961,35.54867],[5.9396,35.54864],[5.93961,35.54867]]]}},{"type":"Feature","properties":{},"geometry":{"type":"Polygon","coordinates":[[[5.93958,35.54857],[5.93958,35.54859],[5.93957,35.54856],[5.93958,35.54857]]]}},{"type":"Feature","properties":{},"geometry":{"type":"Polygon","coordinates":[[[5.93956,35.54851],[5.93956,35.54851],[5.93956,35.54851],[5.93956,35.54851]]]}},{"type":"Feature","properties":{},"geometry":{"type":"Polygon","coordinates":[[[5.93955,35.54845],[5.93956,35.54851],[5.93954,35.54842],[5.93955,35.54845]]]}},{"type":"Feature","properties":{},"geometry":{"type":"Polygon","coordinates":[[[5.93954,35.54822],[5.93954,35.54824],[5.93954,35.54818],[5.93954,35.54822]]]}},{"type":"Feature","properties":{},"geometry":{"type":"Polygon","coordinates":[[[5.9395,35.54811],[5.9395,35.54811],[5.9395,35.54807],[5.93949,35.54806],[5.93949,35.54804],[5.9395,35.54807],[5.9395,35.54811]]]}},{"type":"Feature","properties":{},"geometry":{"type":"Polygon","coordinates":[[[5.93945,35.54794],[5.93948,35.54801],[5.93946,35.54797],[5.93945,35.54794],[5.93943,35.54792],[5.93945,35.54794]]]}},{"type":"Feature","properties":{},"geometry":{"type":"Polygon","coordinates":[[[5.93937,35.54781],[5.93938,35.54783],[5.93936,35.5478],[5.93937,35.54781]]]}},{"type":"Feature","properties":{},"geometry":{"type":"Polygon","coordinates":[[[5.93926,35.54775],[5.93926,35.54775],[5.93928,35.54775],[5.93926,35.54775]]]}},{"type":"Feature","properties":{},"geometry":{"type":"Polygon","coordinates":[[[5.93725,35.54968],[5.93729,35.54968],[5.93723,35.54968],[5.93725,35.54968]]]}},{"type":"Feature","properties":{},"geometry":{"type":"Polygon","coordinates":[[[5.93718,35.54972],[5.9372,35.54971],[5.93717,35.54974],[5.93718,35.54972]]]}},{"type":"Feature","properties":{},"geometry":{"type":"Polygon","coordinates":[[[5.93714,35.54975],[5.93714,35.54975],[5.93713,35.54975],[5.93714,35.54975]]]}},{"type":"Feature","properties":{},"geometry":{"type":"Polygon","coordinates":[[[5.93708,35.54981],[5.93708,35.54981],[5.93709,35.5498],[5.93708,35.54981]]]}},{"type":"Feature","properties":{},"geometry":{"type":"Polygon","coordinates":[[[5.93705,35.54988],[5.93707,35.54984],[5.93707,35.54984],[5.93705,35.54988]]]}},{"type":"Feature","properties":{},"geometry":{"type":"Polygon","coordinates":[[[5.93702,35.54993],[5.93702,35.54993],[5.93703,35.54992],[5.93702,35.54993]]]}},{"type":"Feature","properties":{},"geometry":{"type":"Polygon","coordinates":[[[5.93701,35.54997],[5.93701,35.54997],[5.93701,35.54997],[5.93701,35.54997]]]}},{"type":"Feature","properties":{},"geometry":{"type":"Polygon","coordinates":[[[5.93696,35.55007],[5.93696,35.55007],[5.93697,35.55004],[5.93696,35.55007]]]}},{"type":"Feature","properties":{},"geometry":{"type":"Polygon","coordinates":[[[5.93691,35.55012],[5.93693,35.55009],[5.93691,35.55013],[5.93691,35.55012]]]}},{"type":"Feature","properties":{},"geometry":{"type":"Polygon","coordinates":[[[5.93688,35.55019],[5.9369,35.55016],[5.93688,35.55021],[5.93688,35.55019]]]}},{"type":"Feature","properties":{},"geometry":{"type":"Polygon","coordinates":[[[5.93687,35.55031],[5.93686,35.55026],[5.93686,35.55024],[5.93687,35.55029],[5.93687,35.55031]]]}},{"type":"Feature","properties":{},"geometry":{"type":"Polygon","coordinates":[[[5.9369,35.55037],[5.93688,35.55034],[5.93687,35.55033],[5.93688,35.55034],[5.9369,35.55036],[5.9369,35.55037]]]}},{"type":"Feature","properties":{},"geometry":{"type":"Polygon","coordinates":[[[5.93693,35.55042],[5.93692,35.5504],[5.93694,35.55044],[5.93693,35.55042]]]}},{"type":"Feature","properties":{},"geometry":{"type":"Polygon","coordinates":[[[5.93699,35.55049],[5.93698,35.55049],[5.93699,35.55049],[5.93699,35.55049]]]}},{"type":"Feature","properties":{},"geometry":{"type":"Polygon","coordinates":[[[5.93707,35.5505],[5.93707,35.5505],[5.9371,35.5505],[5.93707,35.5505]]]}},{"type":"Feature","properties":{},"geometry":{"type":"Polygon","coordinates":[[[5.93714,35.55047],[5.93711,35.55049],[5.93715,35.55047],[5.93714,35.55047]]]}},{"type":"Feature","properties":{},"geometry":{"type":"Polygon","coordinates":[[[5.93724,35.55043],[5.93724,35.55044],[5.93724,35.55044],[5.93724,35.55043]]]}},{"type":"Feature","properties":{},"geometry":{"type":"Polygon","coordinates":[[[5.93727,35.55042],[5.93728,35.55041],[5.93727,35.55042],[5.93727,35.55042]]]}},{"type":"Feature","properties":{},"geometry":{"type":"Polygon","coordinates":[[[5.93737,35.55037],[5.93734,35.55038],[5.93738,35.55036],[5.93737,35.55037]]]}},{"type":"Feature","properties":{},"geometry":{"type":"Polygon","coordinates":[[[5.93742,35.55033],[5.93742,35.55033],[5.93741,35.55034],[5.93742,35.55033]]]}},{"type":"Feature","properties":{},"geometry":{"type":"Polygon","coordinates":[[[5.93745,35.55031],[5.93745,35.55031],[5.93745,35.55031],[5.93745,35.55031]]]}},{"type":"Feature","properties":{},"geometry":{"type":"Polygon","coordinates":[[[5.93761,35.55047],[5.93758,35.55041],[5.9376,35.55045],[5.93761,35.55047]]]}},{"type":"Feature","properties":{},"geometry":{"type":"Polygon","coordinates":[[[5.93761,35.5505],[5.93761,35.5505],[5.93761,35.55048],[5.93761,35.5505]]]}},{"type":"Feature","properties":{},"geometry":{"type":"Polygon","coordinates":[[[5.93763,35.55052],[5.93762,35.55052],[5.93762,35.55052],[5.93763,35.55052]]]}},{"type":"Feature","properties":{},"geometry":{"type":"Polygon","coordinates":[[[5.93778,35.55055],[5.93769,35.55055],[5.93779,35.55054],[5.93778,35.55055]]]}},{"type":"Feature","properties":{},"geometry":{"type":"Polygon","coordinates":[[[5.93786,35.55042],[5.93787,35.55044],[5.93786,35.55042],[5.93785,35.55038],[5.93784,35.55034],[5.93786,35.55042]]]}},{"type":"Feature","properties":{},"geometry":{"type":"Polygon","coordinates":[[[5.9378,35.55029],[5.9378,35.55029],[5.93779,35.55025],[5.9378,35.55029]]]}},{"type":"Feature","properties":{},"geometry":{"type":"Polygon","coordinates":[[[5.93772,35.55012],[5.93777,35.55021],[5.93767,35.55007],[5.93772,35.55012]]]}},{"type":"Feature","properties":{},"geometry":{"type":"Polygon","coordinates":[[[5.93757,35.54994],[5.93763,35.55001],[5.9376,35.54999],[5.93758,35.54996],[5.93757,35.54994]]]}},{"type":"Feature","properties":{},"geometry":{"type":"Polygon","coordinates":[[[5.93731,35.54967],[5.93735,35.5497],[5.93731,35.54967],[5.93731,35.54967]]]}},{"type":"Feature","properties":{},"geometry":{"type":"Polygon","coordinates":[[[5.94219,35.54946],[5.94219,35.54946],[5.94228,35.54956],[5.94229,35.54957],[5.94219,35.54946]]]}},{"type":"Feature","properties":{},"geometry":{"type":"Polygon","coordinates":[[[5.94214,35.54941],[5.94216,35.54942],[5.94211,35.54941],[5.94214,35.54941]]]}},{"type":"Feature","properties":{},"geometry":{"type":"Polygon","coordinates":[[[5.94196,35.54939],[5.94206,35.5494],[5.94188,35.54939],[5.94196,35.54939]]]}},{"type":"Feature","properties":{},"geometry":{"type":"Polygon","coordinates":[[[5.9418,35.54943],[5.9418,35.54943],[5.94181,35.54943],[5.9418,35.54943]]]}},{"type":"Feature","properties":{},"geometry":{"type":"Polygon","coordinates":[[[5.94176,35.54944],[5.94179,35.54943],[5.94175,35.54945],[5.94176,35.54944]]]}},{"type":"Feature","properties":{},"geometry":{"type":"Polygon","coordinates":[[[5.94173,35.54947],[5.94173,35.54947],[5.94173,35.54947],[5.94173,35.54947]]]}},{"type":"Feature","properties":{},"geometry":{"type":"Polygon","coordinates":[[[5.9416,35.54956],[5.94166,35.54952],[5.94167,35.54951],[5.9416,35.54956]]]}},{"type":"Feature","properties":{},"geometry":{"type":"Polygon","coordinates":[[[5.94153,35.54958],[5.9416,35.54956],[5.94152,35.54959],[5.94153,35.54958]]]}},{"type":"Feature","properties":{},"geometry":{"type":"Polygon","coordinates":[[[5.94149,35.5496],[5.94149,35.5496],[5.9415,35.5496],[5.94149,35.5496]]]}},{"type":"Feature","properties":{},"geometry":{"type":"Polygon","coordinates":[[[5.94134,35.54964],[5.94143,35.54962],[5.94129,35.54966],[5.94134,35.54964]]]}},{"type":"Feature","properties":{},"geometry":{"type":"Polygon","coordinates":[[[5.94125,35.54966],[5.94129,35.54966],[5.94122,35.54966],[5.94125,35.54966]]]}},{"type":"Feature","properties":{},"geometry":{"type":"Polygon","coordinates":[[[5.94118,35.54967],[5.94118,35.54967],[5.94121,35.54966],[5.94118,35.54967]]]}},{"type":"Feature","properties":{},"geometry":{"type":"Polygon","coordinates":[[[5.94112,35.54968],[5.94113,35.54967],[5.94111,35.5497],[5.94112,35.54968]]]}},{"type":"Feature","properties":{},"geometry":{"type":"Polygon","coordinates":[[[5.94109,35.54972],[5.9411,35.54972],[5.94108,35.54973],[5.94109,35.54972]]]}},{"type":"Feature","properties":{},"geometry":{"type":"Polygon","coordinates":[[[5.94104,35.54978],[5.94104,35.54978],[5.94101,35.5498],[5.94104,35.54978]]]}},{"type":"Feature","properties":{},"geometry":{"type":"Polygon","coordinates":[[[5.94091,35.54983],[5.941,35.54981],[5.94092,35.54983],[5.94091,35.54983],[5.94089,35.54983],[5.94091,35.54983]]]}},{"type":"Feature","properties":{},"geometry":{"type":"Polygon","coordinates":[[[5.94079,35.54985],[5.94085,35.54984],[5.94079,35.54985],[5.94075,35.54986],[5.94071,35.54986],[5.94079,35.54985]]]}},{"type":"Feature","properties":{},"geometry":{"type":"Polygon","coordinates":[[[5.94049,35.54994],[5.94049,35.54994],[5.94053,35.54992],[5.94049,35.54994]]]}},{"type":"Feature","properties":{},"geometry":{"type":"Polygon","coordinates":[[[5.9404,35.54995],[5.94043,35.54994],[5.94037,35.54995],[5.9404,35.54995]]]}},{"type":"Feature","properties":{},"geometry":{"type":"Polygon","coordinates":[[[5.94032,35.54995],[5.94033,35.54995],[5.94032,35.54995],[5.94029,35.54995],[5.94026,35.54995],[5.94024,35.54997],[5.94022,35.54996],[5.94024,35.54997],[5.94026,35.54995],[5.94032,35.54995]]]}},{"type":"Feature","properties":{},"geometry":{"type":"Polygon","coordinates":[[[5.94014,35.54995],[5.94019,35.54995],[5.94014,35.54995],[5.94011,35.54996],[5.9401,35.54996],[5.94014,35.54995]]]}},{"type":"Feature","properties":{},"geometry":{"type":"Polygon","coordinates":[[[5.94005,35.54996],[5.94006,35.54996],[5.94005,35.54996],[5.94003,35.54997],[5.94,35.54998],[5.93999,35.54998],[5.94005,35.54996]]]}},{"type":"Feature","properties":{},"geometry":{"type":"Polygon","coordinates":[[[5.9399,35.55001],[5.93994,35.55],[5.93987,35.55002],[5.9399,35.55001]]]}},{"type":"Feature","properties":{},"geometry":{"type":"Polygon","coordinates":[[[5.9398,35.55009],[5.93981,35.55005],[5.93982,35.55005],[5.9398,35.55009]]]}},{"type":"Feature","properties":{},"geometry":{"type":"Polygon","coordinates":[[[5.93978,35.55013],[5.93978,35.55013],[5.93979,35.5501],[5.93978,35.55013]]]}},{"type":"Feature","properties":{},"geometry":{"type":"Polygon","coordinates":[[[5.93973,35.55022],[5.93975,35.55017],[5.93973,35.55021],[5.93973,35.55022],[5.93972,35.55024],[5.93973,35.55022]]]}},{"type":"Feature","properties":{},"geometry":{"type":"Polygon","coordinates":[[[5.93966,35.55043],[5.93968,35.55033],[5.93969,35.55049],[5.93966,35.55043]]]}},{"type":"Feature","properties":{},"geometry":{"type":"Polygon","coordinates":[[[5.93974,35.55059],[5.93969,35.55049],[5.9397,35.55051],[5.93974,35.55059]]]}},{"type":"Feature","properties":{},"geometry":{"type":"Polygon","coordinates":[[[5.93977,35.55063],[5.93976,35.55062],[5.93979,35.55066],[5.93977,35.55063]]]}},{"type":"Feature","properties":{},"geometry":{"type":"Polygon","coordinates":[[[5.93983,35.55074],[5.93983,35.55072],[5.93983,35.55075],[5.93983,35.55074]]]}},{"type":"Feature","properties":{},"geometry":{"type":"Polygon","coordinates":[[[5.9399,35.55079],[5.93985,35.55077],[5.93985,35.55077],[5.9399,35.55079]]]}},{"type":"Feature","properties":{},"geometry":{"type":"Polygon","coordinates":[[[5.93995,35.5508],[5.93995,35.5508],[5.93994,35.5508],[5.93995,35.5508]]]}},{"type":"Feature","properties":{},"geometry":{"type":"Polygon","coordinates":[[[5.94007,35.55085],[5.94002,35.55083],[5.94007,35.55085],[5.94009,35.55085],[5.94013,35.55086],[5.94015,35.55087],[5.94007,35.55085]]]}},{"type":"Feature","properties":{},"geometry":{"type":"Polygon","coordinates":[[[5.94023,35.55089],[5.94017,35.55088],[5.94026,35.5509],[5.94023,35.55089]]]}},{"type":"Feature","properties":{},"geometry":{"type":"Polygon","coordinates":[[[5.94046,35.55099],[5.94037,35.55096],[5.94042,35.55098],[5.94046,35.55099]]]}},{"type":"Feature","properties":{},"geometry":{"type":"Polygon","coordinates":[[[5.9405,35.55101],[5.94048,35.551],[5.94051,35.55102],[5.9405,35.55101]]]}},{"type":"Feature","properties":{},"geometry":{"type":"Polygon","coordinates":[[[5.94057,35.55103],[5.94057,35.55103],[5.94056,35.55103],[5.94057,35.55103]]]}},{"type":"Feature","properties":{},"geometry":{"type":"Polygon","coordinates":[[[5.94072,35.55105],[5.94069,35.55105],[5.94074,35.55105],[5.94072,35.55105]]]}},{"type":"Feature","properties":{},"geometry":{"type":"Polygon","coordinates":[[[5.94082,35.55104],[5.94082,35.55104],[5.94082,35.55103],[5.94082,35.55104]]]}},{"type":"Feature","properties":{},"geometry":{"type":"Polygon","coordinates":[[[5.94088,35.551],[5.94084,35.55102],[5.94088,35.55099],[5.94088,35.551]]]}},{"type":"Feature","properties":{},"geometry":{"type":"Polygon","coordinates":[[[5.94092,35.55098],[5.94092,35.55098],[5.94091,35.55097],[5.94092,35.55098]]]}},{"type":"Feature","properties":{},"geometry":{"type":"Polygon","coordinates":[[[5.94098,35.55092],[5.94095,35.55096],[5.94099,35.55091],[5.94098,35.55092]]]}},{"type":"Feature","properties":{},"geometry":{"type":"Polygon","coordinates":[[[5.94106,35.55086],[5.94106,35.55087],[5.94106,35.55087],[5.94106,35.55086]]]}},{"type":"Feature","properties":{},"geometry":{"type":"Polygon","coordinates":[[[5.94113,35.55075],[5.9411,35.55081],[5.9411,35.55082],[5.94113,35.55075]]]}},{"type":"Feature","properties":{},"geometry":{"type":"Polygon","coordinates":[[[5.94117,35.55062],[5.94117,35.55063],[5.94118,35.55059],[5.94117,35.55062]]]}},{"type":"Feature","properties":{},"geometry":{"type":"Polygon","coordinates":[[[5.9412,35.55056],[5.9412,35.55056],[5.94119,35.55058],[5.9412,35.55056]]]}},{"type":"Feature","properties":{},"geometry":{"type":"Polygon","coordinates":[[[5.94123,35.5505],[5.94123,35.5505],[5.94122,35.55051],[5.94123,35.5505]]]}},{"type":"Feature","properties":{},"geometry":{"type":"Polygon","coordinates":[[[5.94125,35.55042],[5.94125,35.55042],[5.94125,35.55043],[5.94125,35.55042]]]}},{"type":"Feature","properties":{},"geometry":{"type":"Polygon","coordinates":[[[5.94136,35.55028],[5.94136,35.55028],[5.94135,35.55029],[5.94136,35.55028]]]}},{"type":"Feature","properties":{},"geometry":{"type":"Polygon","coordinates":[[[5.94146,35.55015],[5.94143,35.55018],[5.94143,35.55018],[5.94146,35.55015]]]}},{"type":"Feature","properties":{},"geometry":{"type":"Polygon","coordinates":[[[5.94149,35.55011],[5.94149,35.55011],[5.94149,35.55012],[5.94149,35.55011]]]}},{"type":"Feature","properties":{},"geometry":{"type":"Polygon","coordinates":[[[5.94153,35.55003],[5.94152,35.55004],[5.94154,35.55001],[5.94153,35.55003]]]}},{"type":"Feature","properties":{},"geometry":{"type":"Polygon","coordinates":[[[5.9419,35.54995],[5.94177,35.54994],[5.94183,35.54994],[5.9419,35.54995],[5.94193,35.54995],[5.94197,35.54995],[5.94199,35.54994],[5.94197,35.54995],[5.9419,35.54995]]]}},{"type":"Feature","properties":{},"geometry":{"type":"Polygon","coordinates":[[[5.94202,35.54993],[5.94204,35.54994],[5.94202,35.54993],[5.94202,35.54993]]]}},{"type":"Feature","properties":{},"geometry":{"type":"Polygon","coordinates":[[[5.94205,35.54993],[5.94204,35.54994],[5.94204,35.54994],[5.94205,35.54993]]]}},{"type":"Feature","properties":{},"geometry":{"type":"Polygon","coordinates":[[[5.94222,35.54988],[5.94222,35.54988],[5.9422,35.54989],[5.94222,35.54988]]]}},{"type":"Feature","properties":{},"geometry":{"type":"Polygon","coordinates":[[[5.94225,35.54982],[5.94222,35.54988],[5.94223,35.54986],[5.94225,35.54982]]]}},{"type":"Feature","properties":{},"geometry":{"type":"Polygon","coordinates":[[[5.9423,35.54971],[5.94228,35.54976],[5.94227,35.54979],[5.94228,35.54976],[5.9423,35.54971]]]}},{"type":"Feature","properties":{},"geometry":{"type":"Polygon","coordinates":[[[5.9423,35.54963],[5.94231,35.54966],[5.94231,35.54968],[5.9423,35.54963]]]}},{"type":"Feature","properties":{},"geometry":{"type":"Polygon","coordinates":[[[5.94229,35.54961],[5.94229,35.54961],[5.94228,35.54962],[5.94229,35.54961]]]}},{"type":"Feature","properties":{},"geometry":{"type":"Polygon","coordinates":[[[5.93934,35.55075],[5.93934,35.55075],[5.93934,35.55076],[5.93934,35.55075]]]}},{"type":"Feature","properties":{},"geometry":{"type":"Polygon","coordinates":[[[5.9392,35.55071],[5.93929,35.55074],[5.93925,35.55073],[5.9392,35.55071]]]}},{"type":"Feature","properties":{},"geometry":{"type":"Polygon","coordinates":[[[5.93912,35.55071],[5.93916,35.55071],[5.93917,35.55071],[5.93913,35.55071],[5.93912,35.55071]]]}},{"type":"Feature","properties":{},"geometry":{"type":"Polygon","coordinates":[[[5.93907,35.5507],[5.93912,35.55071],[5.93898,35.55067],[5.93907,35.5507]]]}},{"type":"Feature","properties":{},"geometry":{"type":"Polygon","coordinates":[[[5.93895,35.55067],[5.93895,35.55067],[5.93898,35.55067],[5.93895,35.55067]]]}},{"type":"Feature","properties":{},"geometry":{"type":"Polygon","coordinates":[[[5.93892,35.55067],[5.93892,35.55067],[5.93893,35.55067],[5.93892,35.55067]]]}},{"type":"Feature","properties":{},"geometry":{"type":"Polygon","coordinates":[[[5.93893,35.55072],[5.93893,35.55072],[5.93897,35.55074],[5.93897,35.55075],[5.93893,35.55072]]]}},{"type":"Feature","properties":{},"geometry":{"type":"Polygon","coordinates":[[[5.939,35.55078],[5.93899,35.55077],[5.939,35.55079],[5.939,35.55078]]]}},{"type":"Feature","properties":{},"geometry":{"type":"Polygon","coordinates":[[[5.93908,35.55087],[5.93903,35.55084],[5.93902,35.55083],[5.93908,35.55087]]]}},{"type":"Feature","properties":{},"geometry":{"type":"Polygon","coordinates":[[[5.9391,35.55089],[5.93908,35.55087],[5.93913,35.55091],[5.9391,35.55089]]]}},{"type":"Feature","properties":{},"geometry":{"type":"Polygon","coordinates":[[[5.93922,35.55096],[5.93921,35.55096],[5.93923,35.55096],[5.93922,35.55096]]]}},{"type":"Feature","properties":{},"geometry":{"type":"Polygon","coordinates":[[[5.93927,35.55097],[5.93927,35.55097],[5.93926,35.55097],[5.93927,35.55097]]]}},{"type":"Feature","properties":{},"geometry":{"type":"Polygon","coordinates":[[[5.93934,35.55099],[5.93934,35.55099],[5.93932,35.55098],[5.93934,35.55099]]]}},{"type":"Feature","properties":{},"geometry":{"type":"Polygon","coordinates":[[[5.93938,35.551],[5.93938,35.551],[5.93934,35.55099],[5.93938,35.551]]]}},{"type":"Feature","properties":{},"geometry":{"type":"Polygon","coordinates":[[[5.93943,35.551],[5.9394,35.551],[5.93944,35.551],[5.93943,35.551]]]}},{"type":"Feature","properties":{},"geometry":{"type":"Polygon","coordinates":[[[5.93955,35.55098],[5.9395,35.55099],[5.9395,35.55099],[5.93954,35.55098],[5.93955,35.55098]]]}},{"type":"Feature","properties":{},"geometry":{"type":"Polygon","coordinates":[[[5.93968,35.55096],[5.93963,35.55096],[5.93965,35.55096],[5.93968,35.55096],[5.93969,35.55096],[5.93968,35.55096]]]}},{"type":"Feature","properties":{},"geometry":{"type":"Polygon","coordinates":[[[5.93974,35.55095],[5.93972,35.55095],[5.93976,35.55094],[5.93974,35.55095]]]}},{"type":"Feature","properties":{},"geometry":{"type":"Polygon","coordinates":[[[5.93959,35.55082],[5.93966,35.55086],[5.9396,35.55083],[5.93959,35.55082]]]}},{"type":"Feature","properties":{},"geometry":{"type":"Polygon","coordinates":[[[5.93955,35.55079],[5.93955,35.55079],[5.93955,35.55079],[5.93955,35.55079]]]}},{"type":"Feature","properties":{},"geometry":{"type":"Polygon","coordinates":[[[5.93946,35.55078],[5.93946,35.55078],[5.93948,35.55078],[5.93946,35.55078]]]}},{"type":"Feature","properties":{},"geometry":{"type":"Polygon","coordinates":[[[5.94239,35.55145],[5.94239,35.55145],[5.94238,35.55146],[5.94239,35.55145]]]}},{"type":"Feature","properties":{},"geometry":{"type":"Polygon","coordinates":[[[5.94232,35.55151],[5.94238,35.55147],[5.94235,35.55149],[5.94232,35.55151],[5.9423,35.55152],[5.94229,35.55152],[5.94232,35.55151]]]}},{"type":"Feature","properties":{},"geometry":{"type":"Polygon","coordinates":[[[5.94227,35.55155],[5.94227,35.55155],[5.94227,35.55155],[5.94227,35.55155]]]}},{"type":"Feature","properties":{},"geometry":{"type":"Polygon","coordinates":[[[5.94223,35.55155],[5.94223,35.55155],[5.94226,35.55155],[5.94223,35.55155]]]}},{"type":"Feature","properties":{},"geometry":{"type":"Polygon","coordinates":[[[5.94217,35.5515],[5.94217,35.5515],[5.94218,35.55151],[5.94217,35.5515]]]}},{"type":"Feature","properties":{},"geometry":{"type":"Polygon","coordinates":[[[5.94214,35.55144],[5.94214,35.55144],[5.94216,35.55148],[5.94214,35.55144]]]}},{"type":"Feature","properties":{},"geometry":{"type":"Polygon","coordinates":[[[5.94214,35.55139],[5.94214,35.55139],[5.94214,35.5514],[5.94214,35.55139]]]}},{"type":"Feature","properties":{},"geometry":{"type":"Polygon","coordinates":[[[5.94211,35.55132],[5.94213,35.55136],[5.94211,35.5513],[5.94211,35.55132]]]}},{"type":"Feature","properties":{},"geometry":{"type":"Polygon","coordinates":[[[5.9421,35.55127],[5.94211,35.55129],[5.94209,35.55127],[5.9421,35.55127]]]}},{"type":"Feature","properties":{},"geometry":{"type":"Polygon","coordinates":[[[5.94204,35.55123],[5.94209,35.55125],[5.94209,35.55125],[5.94204,35.55123]]]}},{"type":"Feature","properties":{},"geometry":{"type":"Polygon","coordinates":[[[5.94201,35.55123],[5.94203,35.55123],[5.94199,35.55123],[5.94201,35.55123]]]}},{"type":"Feature","properties":{},"geometry":{"type":"Polygon","coordinates":[[[5.94194,35.55124],[5.94194,35.55124],[5.94194,35.55124],[5.94194,35.55124]]]}},{"type":"Feature","properties":{},"geometry":{"type":"Polygon","coordinates":[[[5.94184,35.55127],[5.94185,35.55127],[5.94183,35.55128],[5.94184,35.55127]]]}},{"type":"Feature","properties":{},"geometry":{"type":"Polygon","coordinates":[[[5.94177,35.55133],[5.9418,35.5513],[5.94176,35.55133],[5.94177,35.55133]]]}},{"type":"Feature","properties":{},"geometry":{"type":"Polygon","coordinates":[[[5.94175,35.55135],[5.94176,35.55133],[5.94176,35.55133],[5.94175,35.55135]]]}},{"type":"Feature","properties":{},"geometry":{"type":"Polygon","coordinates":[[[5.94174,35.55136],[5.94174,35.55136],[5.94174,35.55136],[5.94174,35.55136]]]}},{"type":"Feature","properties":{},"geometry":{"type":"Polygon","coordinates":[[[5.94166,35.55142],[5.94168,35.5514],[5.94163,35.55142],[5.94166,35.55142]]]}},{"type":"Feature","properties":{},"geometry":{"type":"Polygon","coordinates":[[[5.94158,35.55142],[5.94158,35.55142],[5.94159,35.55142],[5.94158,35.55142]]]}},{"type":"Feature","properties":{},"geometry":{"type":"Polygon","coordinates":[[[5.94155,35.55143],[5.94158,35.55142],[5.94154,35.55142],[5.94155,35.55143]]]}},{"type":"Feature","properties":{},"geometry":{"type":"Polygon","coordinates":[[[5.94147,35.55139],[5.94147,35.55139],[5.94149,35.5514],[5.94147,35.55139]]]}},{"type":"Feature","properties":{},"geometry":{"type":"Polygon","coordinates":[[[5.94139,35.55139],[5.94144,35.55138],[5.94135,35.55144],[5.94139,35.55139]]]}},{"type":"Feature","properties":{},"geometry":{"type":"Polygon","coordinates":[[[5.9413,35.55147],[5.94129,35.55148],[5.9413,35.55147],[5.9413,35.55147]]]}},{"type":"Feature","properties":{},"geometry":{"type":"Polygon","coordinates":[[[5.94121,35.55153],[5.94125,35.5515],[5.9412,35.55154],[5.94121,35.55153]]]}},{"type":"Feature","properties":{},"geometry":{"type":"Polygon","coordinates":[[[5.94114,35.5517],[5.94114,35.5517],[5.94114,35.55169],[5.94114,35.5517]]]}},{"type":"Feature","properties":{},"geometry":{"type":"Polygon","coordinates":[[[5.94113,35.55175],[5.94113,35.55175],[5.94114,35.55175],[5.94113,35.55175]]]}},{"type":"Feature","properties":{},"geometry":{"type":"Polygon","coordinates":[[[5.94115,35.55184],[5.94115,35.55184],[5.94115,35.55183],[5.94115,35.55184]]]}},{"type":"Feature","properties":{},"geometry":{"type":"Polygon","coordinates":[[[5.94116,35.55188],[5.94116,35.55185],[5.94116,35.55185],[5.94116,35.55188]]]}},{"type":"Feature","properties":{},"geometry":{"type":"Polygon","coordinates":[[[5.94119,35.55195],[5.94118,35.55191],[5.94119,35.55195],[5.94121,35.55197],[5.94119,35.55195]]]}},{"type":"Feature","properties":{},"geometry":{"type":"Polygon","coordinates":[[[5.94121,35.55198],[5.94122,35.55198],[5.94121,35.55198],[5.94121,35.55198]]]}},{"type":"Feature","properties":{},"geometry":{"type":"Polygon","coordinates":[[[5.94125,35.55205],[5.94123,35.55203],[5.94126,35.55207],[5.94125,35.55205]]]}},{"type":"Feature","properties":{},"geometry":{"type":"Polygon","coordinates":[[[5.94135,35.55221],[5.94127,35.55209],[5.94132,35.55216],[5.94135,35.55221],[5.94138,35.55223],[5.94138,35.55224],[5.94135,35.55221]]]}},{"type":"Feature","properties":{},"geometry":{"type":"Polygon","coordinates":[[[5.9415,35.55247],[5.9415,35.55247],[5.9415,35.55246],[5.9415,35.55247]]]}},{"type":"Feature","properties":{},"geometry":{"type":"Polygon","coordinates":[[[5.94157,35.55251],[5.94155,35.5525],[5.94158,35.55252],[5.94157,35.55251]]]}},{"type":"Feature","properties":{},"geometry":{"type":"Polygon","coordinates":[[[5.94172,35.55255],[5.94164,35.55254],[5.94175,35.55255],[5.94172,35.55255]]]}},{"type":"Feature","properties":{},"geometry":{"type":"Polygon","coordinates":[[[5.94176,35.55255],[5.94175,35.55255],[5.94175,35.55255],[5.94176,35.55255]]]}},{"type":"Feature","properties":{},"geometry":{"type":"Polygon","coordinates":[[[5.94186,35.55254],[5.94179,35.55254],[5.9418,35.55254],[5.94186,35.55254],[5.94186,35.55254],[5.94186,35.55254]]]}},{"type":"Feature","properties":{},"geometry":{"type":"Polygon","coordinates":[[[5.94204,35.5524],[5.94204,35.5524],[5.9421,35.55227],[5.94204,35.5524]]]}},{"type":"Feature","properties":{},"geometry":{"type":"Polygon","coordinates":[[[5.94219,35.55213],[5.94216,35.55221],[5.94217,35.55219],[5.94219,35.55213]]]}},{"type":"Feature","properties":{},"geometry":{"type":"Polygon","coordinates":[[[5.94222,35.5521],[5.94221,35.55212],[5.94224,35.55208],[5.94222,35.5521]]]}},{"type":"Feature","properties":{},"geometry":{"type":"Polygon","coordinates":[[[5.9423,35.55203],[5.94225,35.55207],[5.94236,35.552],[5.9423,35.55203]]]}},{"type":"Feature","properties":{},"geometry":{"type":"Polygon","coordinates":[[[5.94244,35.55192],[5.94244,35.55193],[5.94244,35.55192],[5.94244,35.55192]]]}},{"type":"Feature","properties":{},"geometry":{"type":"Polygon","coordinates":[[[5.94247,35.5519],[5.94244,35.55192],[5.94247,35.5519],[5.9425,35.55184],[5.94251,35.55183],[5.94247,35.5519]]]}},{"type":"Feature","properties":{},"geometry":{"type":"Polygon","coordinates":[[[5.94256,35.55175],[5.94255,35.55177],[5.94256,35.55175],[5.94256,35.55173],[5.94256,35.5517],[5.94257,35.55167],[5.94256,35.55175]]]}},{"type":"Feature","properties":{},"geometry":{"type":"Polygon","coordinates":[[[5.94257,35.55165],[5.94258,35.55166],[5.94258,35.55166],[5.94257,35.55165]]]}},{"type":"Feature","properties":{},"geometry":{"type":"Polygon","coordinates":[[[5.94254,35.55152],[5.94255,35.55157],[5.94254,35.55148],[5.94254,35.55152]]]}},{"type":"Feature","properties":{},"geometry":{"type":"Polygon","coordinates":[[[5.94054,35.5535],[5.94054,35.5535],[5.94054,35.55349],[5.94054,35.5535]]]}},{"type":"Feature","properties":{},"geometry":{"type":"Polygon","coordinates":[[[5.94045,35.55353],[5.94048,35.55352],[5.94044,35.55353],[5.94045,35.55353]]]}},{"type":"Feature","properties":{},"geometry":{"type":"Polygon","coordinates":[[[5.94037,35.55356],[5.94037,35.55356],[5.94039,35.55355],[5.94037,35.55356]]]}},{"type":"Feature","properties":{},"geometry":{"type":"Polygon","coordinates":[[[5.94026,35.55355],[5.9403,35.55357],[5.94034,35.55358],[5.94026,35.55355]]]}},{"type":"Feature","properties":{},"geometry":{"type":"Polygon","coordinates":[[[5.94023,35.55351],[5.94024,35.55352],[5.94023,35.55349],[5.94023,35.55351]]]}},{"type":"Feature","properties":{},"geometry":{"type":"Polygon","coordinates":[[[5.94019,35.55347],[5.9402,35.55347],[5.94016,35.55348],[5.94019,35.55347]]]}},{"type":"Feature","properties":{},"geometry":{"type":"Polygon","coordinates":[[[5.94005,35.55354],[5.94009,35.5535],[5.9401,35.5535],[5.94005,35.55354]]]}},{"type":"Feature","properties":{},"geometry":{"type":"Polygon","coordinates":[[[5.94003,35.55356],[5.94005,35.55354],[5.94,35.55358],[5.94003,35.55356]]]}},{"type":"Feature","properties":{},"geometry":{"type":"Polygon","coordinates":[[[5.93981,35.55368],[5.93981,35.55368],[5.93982,35.55367],[5.93981,35.55368]]]}},{"type":"Feature","properties":{},"geometry":{"type":"Polygon","coordinates":[[[5.93985,35.55382],[5.93983,35.55377],[5.93985,35.55382],[5.93985,35.55382]]]}},{"type":"Feature","properties":{},"geometry":{"type":"Polygon","coordinates":[[[5.9399,35.55393],[5.9399,35.55392],[5.9399,35.55392],[5.9399,35.55393]]]}},{"type":"Feature","properties":{},"geometry":{"type":"Polygon","coordinates":[[[5.93995,35.55402],[5.93992,35.55397],[5.93997,35.55405],[5.93995,35.55402]]]}},{"type":"Feature","properties":{},"geometry":{"type":"Polygon","coordinates":[[[5.94,35.5541],[5.93997,35.55407],[5.93997,35.55406],[5.93997,35.55407],[5.94,35.55409],[5.94,35.5541]]]}},{"type":"Feature","properties":{},"geometry":{"type":"Polygon","coordinates":[[[5.94004,35.55414],[5.94003,35.55413],[5.94005,35.55415],[5.94004,35.55414]]]}},{"type":"Feature","properties":{},"geometry":{"type":"Polygon","coordinates":[[[5.94016,35.55419],[5.94015,35.5542],[5.94015,35.5542],[5.94016,35.55419]]]}},{"type":"Feature","properties":{},"geometry":{"type":"Polygon","coordinates":[[[5.9403,35.55414],[5.94027,35.55416],[5.94025,35.55417],[5.94027,35.55416],[5.94029,35.55415],[5.9403,35.55414]]]}},{"type":"Feature","properties":{},"geometry":{"type":"Polygon","coordinates":[[[5.9404,35.55408],[5.94039,35.55409],[5.9404,35.55408],[5.9404,35.55408]]]}},{"type":"Feature","properties":{},"geometry":{"type":"Polygon","coordinates":[[[5.94047,35.55399],[5.94047,35.55399],[5.94047,35.55399],[5.94047,35.55399]]]}},{"type":"Feature","properties":{},"geometry":{"type":"Polygon","coordinates":[[[5.94055,35.55383],[5.94055,35.55383],[5.94054,35.55384],[5.94055,35.55383]]]}},{"type":"Feature","properties":{},"geometry":{"type":"Polygon","coordinates":[[[5.94058,35.55373],[5.94056,35.55377],[5.94059,35.5537],[5.94058,35.55373]]]}},{"type":"Feature","properties":{},"geometry":{"type":"Polygon","coordinates":[[[5.94063,35.55363],[5.94061,35.55366],[5.94059,35.5537],[5.94063,35.55363]]]}},{"type":"Feature","properties":{},"geometry":{"type":"Polygon","coordinates":[[[5.94063,35.55351],[5.94067,35.55353],[5.94067,35.55353],[5.94063,35.55351]]]}},{"type":"Feature","properties":{},"geometry":{"type":"Polygon","coordinates":[[[5.93986,35.55519],[5.93996,35.55523],[5.94,35.55523],[5.94001,35.55524],[5.93996,35.55523],[5.93988,35.5552],[5.93986,35.55519]]]}},{"type":"Feature","properties":{},"geometry":{"type":"Polygon","coordinates":[[[5.93977,35.55516],[5.93979,35.55517],[5.93976,35.55515],[5.93977,35.55516]]]}},{"type":"Feature","properties":{},"geometry":{"type":"Polygon","coordinates":[[[5.93967,35.55514],[5.93974,35.55515],[5.93972,35.55515],[5.93967,35.55514],[5.93964,35.55514],[5.93967,35.55514]]]}},{"type":"Feature","properties":{},"geometry":{"type":"Polygon","coordinates":[[[5.93944,35.55513],[5.93952,35.55513],[5.93943,35.55513],[5.93944,35.55513]]]}},{"type":"Feature","properties":{},"geometry":{"type":"Polygon","coordinates":[[[5.93926,35.55514],[5.93936,35.55513],[5.9392,35.55513],[5.93926,35.55514]]]}},{"type":"Feature","properties":{},"geometry":{"type":"Polygon","coordinates":[[[5.93912,35.5551],[5.93916,35.55512],[5.93913,35.5551],[5.93912,35.5551]]]}},{"type":"Feature","properties":{},"geometry":{"type":"Polygon","coordinates":[[[5.93908,35.55508],[5.93908,35.55508],[5.93908,35.55508],[5.93908,35.55508]]]}},{"type":"Feature","properties":{},"geometry":{"type":"Polygon","coordinates":[[[5.939,35.55503],[5.93904,35.55505],[5.939,35.55503],[5.939,35.55503]]]}},{"type":"Feature","properties":{},"geometry":{"type":"Polygon","coordinates":[[[5.93893,35.55503],[5.93895,35.55503],[5.9389,35.55504],[5.93893,35.55503]]]}},{"type":"Feature","properties":{},"geometry":{"type":"Polygon","coordinates":[[[5.93884,35.55505],[5.93884,35.55505],[5.93882,35.55507],[5.93884,35.55505]]]}},{"type":"Feature","properties":{},"geometry":{"type":"Polygon","coordinates":[[[5.93878,35.5551],[5.93878,35.55509],[5.93878,35.55509],[5.93878,35.5551]]]}},{"type":"Feature","properties":{},"geometry":{"type":"Polygon","coordinates":[[[5.93876,35.55514],[5.93876,35.55513],[5.93874,35.55516],[5.93876,35.55514]]]}},{"type":"Feature","properties":{},"geometry":{"type":"Polygon","coordinates":[[[5.93873,35.55518],[5.93873,35.55518],[5.93874,35.55516],[5.93873,35.55518]]]}},{"type":"Feature","properties":{},"geometry":{"type":"Polygon","coordinates":[[[5.93866,35.55525],[5.93866,35.55525],[5.93866,35.55525],[5.93866,35.55525]]]}},{"type":"Feature","properties":{},"geometry":{"type":"Polygon","coordinates":[[[5.93853,35.55539],[5.93856,35.55536],[5.93851,35.55541],[5.93853,35.55539]]]}},{"type":"Feature","properties":{},"geometry":{"type":"Polygon","coordinates":[[[5.93849,35.55545],[5.93849,35.55544],[5.93851,35.55542],[5.93849,35.55545]]]}},{"type":"Feature","properties":{},"geometry":{"type":"Polygon","coordinates":[[[5.93847,35.55549],[5.93847,35.55549],[5.93847,35.55551],[5.93847,35.55549]]]}},{"type":"Feature","properties":{},"geometry":{"type":"Polygon","coordinates":[[[5.93849,35.5556],[5.93849,35.5556],[5.93849,35.55559],[5.93849,35.5556]]]}},{"type":"Feature","properties":{},"geometry":{"type":"Polygon","coordinates":[[[5.93881,35.55573],[5.93873,35.55572],[5.9388,35.55572],[5.93881,35.55573]]]}},{"type":"Feature","properties":{},"geometry":{"type":"Polygon","coordinates":[[[5.93885,35.55574],[5.93885,35.55574],[5.93884,35.55574],[5.93885,35.55574]]]}},{"type":"Feature","properties":{},"geometry":{"type":"Polygon","coordinates":[[[5.93898,35.55576],[5.93898,35.55576],[5.93919,35.55586],[5.93898,35.55576]]]}},{"type":"Feature","properties":{},"geometry":{"type":"Polygon","coordinates":[[[5.93943,35.55592],[5.93934,35.55591],[5.93946,35.55591],[5.93943,35.55592]]]}},{"type":"Feature","properties":{},"geometry":{"type":"Polygon","coordinates":[[[5.9395,35.55588],[5.9395,35.55588],[5.9395,35.55588],[5.9395,35.55588]]]}},{"type":"Feature","properties":{},"geometry":{"type":"Polygon","coordinates":[[[5.93952,35.55586],[5.93951,35.55587],[5.93951,35.55587],[5.93952,35.55586]]]}},{"type":"Feature","properties":{},"geometry":{"type":"Polygon","coordinates":[[[5.93956,35.55582],[5.93955,35.55583],[5.93956,35.55582],[5.93958,35.55579],[5.93959,35.55578],[5.93956,35.55582]]]}},{"type":"Feature","properties":{},"geometry":{"type":"Polygon","coordinates":[[[5.93966,35.55571],[5.93961,35.55576],[5.93968,35.55569],[5.93966,35.55571]]]}},{"type":"Feature","properties":{},"geometry":{"type":"Polygon","coordinates":[[[5.93972,35.55565],[5.93972,35.55565],[5.93972,35.55566],[5.93972,35.55565]]]}},{"type":"Feature","properties":{},"geometry":{"type":"Polygon","coordinates":[[[5.93982,35.55557],[5.93976,35.55562],[5.93977,35.5556],[5.93982,35.55557]]]}},{"type":"Feature","properties":{},"geometry":{"type":"Polygon","coordinates":[[[5.93994,35.55549],[5.93994,35.55549],[5.93991,35.5555],[5.93994,35.55549]]]}},{"type":"Feature","properties":{},"geometry":{"type":"Polygon","coordinates":[[[5.93997,35.55547],[5.93997,35.55547],[5.93997,35.55547],[5.93997,35.55547]]]}},{"type":"Feature","properties":{},"geometry":{"type":"Polygon","coordinates":[[[5.94003,35.55541],[5.94003,35.55541],[5.94002,35.55542],[5.94003,35.55541]]]}},{"type":"Feature","properties":{},"geometry":{"type":"Polygon","coordinates":[[[5.94007,35.55537],[5.94007,35.55538],[5.94008,35.55536],[5.94007,35.55537]]]}},{"type":"Feature","properties":{},"geometry":{"type":"Polygon","coordinates":[[[5.94012,35.55531],[5.94012,35.55531],[5.94012,35.55532],[5.94012,35.55531]]]}},{"type":"Feature","properties":{},"geometry":{"type":"Polygon","coordinates":[[[5.93236,35.55635],[5.93229,35.5564],[5.93237,35.55633],[5.93236,35.55635]]]}},{"type":"Feature","properties":{},"geometry":{"type":"Polygon","coordinates":[[[5.93245,35.55619],[5.93242,35.55624],[5.93247,35.55618],[5.93245,35.55619]]]}},{"type":"Feature","properties":{},"geometry":{"type":"Polygon","coordinates":[[[5.93273,35.55603],[5.93269,35.55605],[5.93276,35.55602],[5.93273,35.55603]]]}},{"type":"Feature","properties":{},"geometry":{"type":"Polygon","coordinates":[[[5.93299,35.55605],[5.93295,35.55604],[5.93303,35.55605],[5.93299,35.55605]]]}},{"type":"Feature","properties":{},"geometry":{"type":"Polygon","coordinates":[[[5.93315,35.55601],[5.93308,35.55604],[5.93323,35.55592],[5.93315,35.55601]]]}},{"type":"Feature","properties":{},"geometry":{"type":"Polygon","coordinates":[[[5.93284,35.55571],[5.93297,35.55575],[5.9329,35.55573],[5.93284,35.55571],[5.9328,35.55571],[5.93275,35.5557],[5.93284,35.55571]]]}},{"type":"Feature","properties":{},"geometry":{"type":"Polygon","coordinates":[[[5.93269,35.55569],[5.93269,35.55569],[5.93259,35.55567],[5.93269,35.55569]]]}},{"type":"Feature","properties":{},"geometry":{"type":"Polygon","coordinates":[[[5.93253,35.55564],[5.93253,35.55564],[5.93254,35.55565],[5.93253,35.55564]]]}},{"type":"Feature","properties":{},"geometry":{"type":"Polygon","coordinates":[[[5.93254,35.5556],[5.93253,35.55562],[5.93254,35.5556],[5.93252,35.55557],[5.93251,35.55554],[5.93254,35.5556]]]}},{"type":"Feature","properties":{},"geometry":{"type":"Polygon","coordinates":[[[5.93251,35.55553],[5.93251,35.55554],[5.93251,35.55554],[5.93251,35.55553]]]}},{"type":"Feature","properties":{},"geometry":{"type":"Polygon","coordinates":[[[5.93227,35.55534],[5.93227,35.55534],[5.93227,35.55535],[5.93227,35.55534]]]}},{"type":"Feature","properties":{},"geometry":{"type":"Polygon","coordinates":[[[5.95632,35.56019],[5.95631,35.56021],[5.95635,35.56018],[5.95632,35.56019]]]}},{"type":"Feature","properties":{},"geometry":{"type":"Polygon","coordinates":[[[5.9563,35.56022],[5.9563,35.56022],[5.95631,35.56021],[5.9563,35.56022]]]}},{"type":"Feature","properties":{},"geometry":{"type":"Polygon","coordinates":[[[5.95623,35.56026],[5.95623,35.56026],[5.95624,35.56025],[5.95623,35.56026]]]}},{"type":"Feature","properties":{},"geometry":{"type":"Polygon","coordinates":[[[5.95605,35.56047],[5.95605,35.56047],[5.95605,35.56046],[5.95605,35.56047]]]}},{"type":"Feature","properties":{},"geometry":{"type":"Polygon","coordinates":[[[5.9568,35.56038],[5.95679,35.56042],[5.95678,35.56043],[5.9568,35.56038]]]}},{"type":"Feature","properties":{},"geometry":{"type":"Polygon","coordinates":[[[5.95689,35.5602],[5.95681,35.56028],[5.95683,35.56026],[5.95689,35.5602]]]}},{"type":"Feature","properties":{},"geometry":{"type":"Polygon","coordinates":[[[5.95693,35.56017],[5.95691,35.56018],[5.95696,35.56015],[5.95693,35.56017]]]}},{"type":"Feature","properties":{},"geometry":{"type":"Polygon","coordinates":[[[5.95697,35.56014],[5.95696,35.56015],[5.95696,35.56015],[5.95697,35.56014]]]}},{"type":"Feature","properties":{},"geometry":{"type":"Polygon","coordinates":[[[5.95702,35.56011],[5.95702,35.56011],[5.95699,35.56013],[5.95702,35.56011]]]}},{"type":"Feature","properties":{},"geometry":{"type":"Polygon","coordinates":[[[5.95712,35.56005],[5.95711,35.56006],[5.95714,35.56004],[5.95712,35.56005]]]}},{"type":"Feature","properties":{},"geometry":{"type":"Polygon","coordinates":[[[5.95717,35.56003],[5.95717,35.56003],[5.95717,35.56003],[5.95717,35.56003]]]}},{"type":"Feature","properties":{},"geometry":{"type":"Polygon","coordinates":[[[5.95722,35.55999],[5.95722,35.55999],[5.95722,35.56],[5.95722,35.55999]]]}},{"type":"Feature","properties":{},"geometry":{"type":"Polygon","coordinates":[[[5.95735,35.55987],[5.95726,35.55995],[5.95728,35.55992],[5.95735,35.55987]]]}},{"type":"Feature","properties":{},"geometry":{"type":"Polygon","coordinates":[[[5.95735,35.55986],[5.95736,35.55985],[5.95735,35.55986],[5.95735,35.55986]]]}},{"type":"Feature","properties":{},"geometry":{"type":"Polygon","coordinates":[[[5.95711,35.55937],[5.95722,35.55931],[5.95712,35.55937],[5.95711,35.55937]]]}},{"type":"Feature","properties":{},"geometry":{"type":"Polygon","coordinates":[[[5.95707,35.5594],[5.95706,35.5594],[5.95707,35.5594],[5.95707,35.5594]]]}},{"type":"Feature","properties":{},"geometry":{"type":"Polygon","coordinates":[[[5.95697,35.55946],[5.95703,35.55942],[5.95695,35.55947],[5.95697,35.55946]]]}},{"type":"Feature","properties":{},"geometry":{"type":"Polygon","coordinates":[[[5.95688,35.55952],[5.95688,35.55952],[5.9569,35.55951],[5.95688,35.55952]]]}},{"type":"Feature","properties":{},"geometry":{"type":"Polygon","coordinates":[[[5.95684,35.55954],[5.95686,35.55954],[5.95684,35.55954],[5.95681,35.55956],[5.95679,35.55956],[5.95684,35.55954]]]}},{"type":"Feature","properties":{},"geometry":{"type":"Polygon","coordinates":[[[5.95678,35.55959],[5.95678,35.55959],[5.95678,35.55957],[5.95678,35.55959]]]}},{"type":"Feature","properties":{},"geometry":{"type":"Polygon","coordinates":[[[5.95669,35.55965],[5.95672,35.55962],[5.95672,35.55963],[5.95669,35.55965],[5.95668,35.55966],[5.95669,35.55965]]]}},{"type":"Feature","properties":{},"geometry":{"type":"Polygon","coordinates":[[[5.95663,35.55971],[5.95664,35.55971],[5.95662,35.55973],[5.95663,35.55971]]]}},{"type":"Feature","properties":{},"geometry":{"type":"Polygon","coordinates":[[[5.95661,35.55975],[5.95662,35.55973],[5.95662,35.55973],[5.95661,35.55975]]]}},{"type":"Feature","properties":{},"geometry":{"type":"Polygon","coordinates":[[[5.9566,35.5598],[5.9566,35.5598],[5.9566,35.55977],[5.9566,35.5598]]]}},{"type":"Feature","properties":{},"geometry":{"type":"Polygon","coordinates":[[[5.95658,35.55992],[5.95659,35.55982],[5.95658,35.55988],[5.95658,35.55992]]]}},{"type":"Feature","properties":{},"geometry":{"type":"Polygon","coordinates":[[[5.95656,35.55997],[5.95656,35.55997],[5.95657,35.55996],[5.95656,35.55997]]]}},{"type":"Feature","properties":{},"geometry":{"type":"Polygon","coordinates":[[[5.9565,35.56004],[5.95653,35.56001],[5.95654,35.56],[5.9565,35.56004]]]}},{"type":"Feature","properties":{},"geometry":{"type":"Polygon","coordinates":[[[5.95638,35.56014],[5.95639,35.56014],[5.95636,35.56016],[5.95638,35.56014]]]}},{"type":"Feature","properties":{},"geometry":{"type":"Polygon","coordinates":[[[5.94754,35.5578],[5.94761,35.55782],[5.94763,35.55783],[5.94754,35.5578]]]}},{"type":"Feature","properties":{},"geometry":{"type":"Polygon","coordinates":[[[5.94747,35.55784],[5.94747,35.55784],[5.94748,35.55783],[5.94747,35.55784]]]}},{"type":"Feature","properties":{},"geometry":{"type":"Polygon","coordinates":[[[5.94743,35.55789],[5.94743,35.55788],[5.94743,35.55788],[5.94743,35.55789]]]}},{"type":"Feature","properties":{},"geometry":{"type":"Polygon","coordinates":[[[5.94744,35.55794],[5.94743,35.55791],[5.94745,35.55795],[5.94744,35.55794]]]}},{"type":"Feature","properties":{},"geometry":{"type":"Polygon","coordinates":[[[5.94754,35.55799],[5.94751,35.55798],[5.94752,35.55799],[5.94754,35.55799]]]}},{"type":"Feature","properties":{},"geometry":{"type":"Polygon","coordinates":[[[5.94761,35.55803],[5.94758,35.55802],[5.94757,35.55801],[5.94761,35.55803]]]}},{"type":"Feature","properties":{},"geometry":{"type":"Polygon","coordinates":[[[5.94767,35.55805],[5.94764,35.55804],[5.94768,35.55805],[5.94767,35.55805]]]}},{"type":"Feature","properties":{},"geometry":{"type":"Polygon","coordinates":[[[5.94789,35.55807],[5.94788,35.55806],[5.94789,35.55807],[5.94789,35.55807]]]}},{"type":"Feature","properties":{},"geometry":{"type":"Polygon","coordinates":[[[5.94791,35.55809],[5.94791,35.55809],[5.94791,35.55809],[5.94791,35.55809]]]}},{"type":"Feature","properties":{},"geometry":{"type":"Polygon","coordinates":[[[5.94793,35.55815],[5.94793,35.55815],[5.94793,35.55816],[5.94793,35.55815]]]}},{"type":"Feature","properties":{},"geometry":{"type":"Polygon","coordinates":[[[5.94788,35.55821],[5.9479,35.55819],[5.94784,35.55823],[5.94788,35.55821]]]}},{"type":"Feature","properties":{},"geometry":{"type":"Polygon","coordinates":[[[5.94785,35.55829],[5.94784,35.55823],[5.94785,35.5583],[5.94785,35.55829]]]}},{"type":"Feature","properties":{},"geometry":{"type":"Polygon","coordinates":[[[5.94785,35.55833],[5.94785,35.55833],[5.94785,35.5583],[5.94785,35.55833]]]}},{"type":"Feature","properties":{},"geometry":{"type":"Polygon","coordinates":[[[5.94785,35.55835],[5.94783,35.55837],[5.94785,35.55835],[5.94785,35.55835]]]}},{"type":"Feature","properties":{},"geometry":{"type":"Polygon","coordinates":[[[5.94783,35.5584],[5.94783,35.5584],[5.94782,35.55841],[5.94783,35.5584]]]}},{"type":"Feature","properties":{},"geometry":{"type":"Polygon","coordinates":[[[5.94778,35.5585],[5.94778,35.5585],[5.94778,35.55849],[5.94778,35.5585]]]}},{"type":"Feature","properties":{},"geometry":{"type":"Polygon","coordinates":[[[5.9478,35.5585],[5.9478,35.5585],[5.94779,35.5585],[5.9478,35.5585]]]}},{"type":"Feature","properties":{},"geometry":{"type":"Polygon","coordinates":[[[5.94783,35.5585],[5.94782,35.5585],[5.94782,35.5585],[5.94783,35.5585]]]}},{"type":"Feature","properties":{},"geometry":{"type":"Polygon","coordinates":[[[5.94787,35.55849],[5.94786,35.55849],[5.94787,35.55849],[5.94787,35.55849]]]}},{"type":"Feature","properties":{},"geometry":{"type":"Polygon","coordinates":[[[5.94791,35.55848],[5.94791,35.55848],[5.94787,35.55849],[5.94791,35.55848]]]}},{"type":"Feature","properties":{},"geometry":{"type":"Polygon","coordinates":[[[5.94795,35.55847],[5.94794,35.55847],[5.94797,35.55846],[5.94795,35.55847]]]}},{"type":"Feature","properties":{},"geometry":{"type":"Polygon","coordinates":[[[5.94807,35.5585],[5.94807,35.5585],[5.94813,35.55856],[5.94807,35.5585]]]}},{"type":"Feature","properties":{},"geometry":{"type":"Polygon","coordinates":[[[5.94819,35.55864],[5.94819,35.55863],[5.94821,35.55867],[5.94819,35.55864]]]}},{"type":"Feature","properties":{},"geometry":{"type":"Polygon","coordinates":[[[5.94817,35.5588],[5.94818,35.55878],[5.94817,35.5588],[5.94815,35.55881],[5.94813,35.55884],[5.94813,35.55885],[5.94817,35.5588]]]}},{"type":"Feature","properties":{},"geometry":{"type":"Polygon","coordinates":[[[5.94812,35.55895],[5.94812,35.55894],[5.94812,35.55894],[5.94812,35.55895]]]}},{"type":"Feature","properties":{},"geometry":{"type":"Polygon","coordinates":[[[5.94812,35.55895],[5.94812,35.55897],[5.94812,35.55895],[5.94812,35.55895]]]}},{"type":"Feature","properties":{},"geometry":{"type":"Polygon","coordinates":[[[5.94823,35.55905],[5.94823,35.55905],[5.94822,35.55905],[5.94823,35.55905]]]}},{"type":"Feature","properties":{},"geometry":{"type":"Polygon","coordinates":[[[5.94833,35.55913],[5.94833,35.55913],[5.94832,35.55912],[5.94833,35.55913]]]}},{"type":"Feature","properties":{},"geometry":{"type":"Polygon","coordinates":[[[5.94861,35.55924],[5.94861,35.55924],[5.94859,35.55924],[5.94861,35.55924]]]}},{"type":"Feature","properties":{},"geometry":{"type":"Polygon","coordinates":[[[5.94886,35.55921],[5.94886,35.55921],[5.94883,35.55921],[5.94886,35.55921]]]}},{"type":"Feature","properties":{},"geometry":{"type":"Polygon","coordinates":[[[5.94894,35.55917],[5.94894,35.55917],[5.94891,35.55919],[5.94894,35.55917]]]}},{"type":"Feature","properties":{},"geometry":{"type":"Polygon","coordinates":[[[5.94898,35.55913],[5.94898,35.55914],[5.94898,35.55914],[5.94898,35.55913]]]}},{"type":"Feature","properties":{},"geometry":{"type":"Polygon","coordinates":[[[5.94903,35.55902],[5.94903,35.55902],[5.94902,35.55903],[5.94903,35.55902]]]}},{"type":"Feature","properties":{},"geometry":{"type":"Polygon","coordinates":[[[5.94902,35.55897],[5.94902,35.55897],[5.94902,35.55898],[5.94902,35.55897]]]}},{"type":"Feature","properties":{},"geometry":{"type":"Polygon","coordinates":[[[5.94897,35.55889],[5.949,35.55894],[5.94899,35.55892],[5.94898,35.55891],[5.94897,35.55889]]]}},{"type":"Feature","properties":{},"geometry":{"type":"Polygon","coordinates":[[[5.94889,35.55882],[5.94895,35.55888],[5.94892,35.55886],[5.94889,35.55882]]]}},{"type":"Feature","properties":{},"geometry":{"type":"Polygon","coordinates":[[[5.94884,35.55877],[5.94885,35.55879],[5.94884,35.55877],[5.94881,35.55877],[5.94878,35.55874],[5.94876,35.55872],[5.94875,35.55869],[5.94884,35.55877]]]}},{"type":"Feature","properties":{},"geometry":{"type":"Polygon","coordinates":[[[5.94874,35.55865],[5.94874,35.55865],[5.94874,35.55866],[5.94874,35.55865]]]}},{"type":"Feature","properties":{},"geometry":{"type":"Polygon","coordinates":[[[5.94872,35.55861],[5.94872,35.55861],[5.94873,35.55862],[5.94872,35.55861]]]}},{"type":"Feature","properties":{},"geometry":{"type":"Polygon","coordinates":[[[5.94861,35.55845],[5.94867,35.55853],[5.94862,35.55847],[5.94861,35.55845]]]}},{"type":"Feature","properties":{},"geometry":{"type":"Polygon","coordinates":[[[5.94858,35.55842],[5.94859,35.55843],[5.94859,35.55843],[5.94858,35.55842]]]}},{"type":"Feature","properties":{},"geometry":{"type":"Polygon","coordinates":[[[5.94851,35.55838],[5.94853,35.5584],[5.94848,35.55837],[5.94851,35.55838]]]}},{"type":"Feature","properties":{},"geometry":{"type":"Polygon","coordinates":[[[5.94842,35.55834],[5.94845,35.55836],[5.94839,35.55832],[5.94842,35.55834]]]}},{"type":"Feature","properties":{},"geometry":{"type":"Polygon","coordinates":[[[5.94834,35.55829],[5.94834,35.55829],[5.94836,35.55831],[5.94834,35.55829]]]}},{"type":"Feature","properties":{},"geometry":{"type":"Polygon","coordinates":[[[5.94832,35.55826],[5.94833,35.55827],[5.94831,35.55825],[5.94832,35.55826]]]}},{"type":"Feature","properties":{},"geometry":{"type":"Polygon","coordinates":[[[5.94831,35.55814],[5.94831,35.55822],[5.94831,35.55813],[5.94831,35.55814]]]}},{"type":"Feature","properties":{},"geometry":{"type":"Polygon","coordinates":[[[5.94831,35.55807],[5.94831,35.55807],[5.94831,35.55807],[5.94831,35.55807]]]}},{"type":"Feature","properties":{},"geometry":{"type":"Polygon","coordinates":[[[5.94827,35.55799],[5.94827,35.55799],[5.94828,35.558],[5.94827,35.55799]]]}},{"type":"Feature","properties":{},"geometry":{"type":"Polygon","coordinates":[[[5.94825,35.55794],[5.94826,35.55795],[5.94821,35.55793],[5.94825,35.55794]]]}},{"type":"Feature","properties":{},"geometry":{"type":"Polygon","coordinates":[[[5.94815,35.55789],[5.94819,35.55791],[5.94817,35.5579],[5.94815,35.55789],[5.94812,35.55788],[5.94811,35.55787],[5.94815,35.55789]]]}},{"type":"Feature","properties":{},"geometry":{"type":"Polygon","coordinates":[[[5.94808,35.55787],[5.94808,35.55787],[5.94809,35.55787],[5.94808,35.55787]]]}},{"type":"Feature","properties":{},"geometry":{"type":"Polygon","coordinates":[[[5.94791,35.55792],[5.94794,35.55792],[5.94789,35.55794],[5.94791,35.55792]]]}},{"type":"Feature","properties":{},"geometry":{"type":"Polygon","coordinates":[[[5.94782,35.55793],[5.94782,35.55793],[5.94784,35.55794],[5.94782,35.55793]]]}},{"type":"Feature","properties":{},"geometry":{"type":"Polygon","coordinates":[[[5.94769,35.55786],[5.94769,35.55786],[5.94769,35.55786],[5.94769,35.55786]]]}},{"type":"Feature","properties":{},"geometry":{"type":"Polygon","coordinates":[[[5.94765,35.55784],[5.94766,35.55784],[5.94765,35.55784],[5.94765,35.55784]]]}},{"type":"Feature","properties":{},"geometry":{"type":"Polygon","coordinates":[[[5.94563,35.55981],[5.94563,35.55981],[5.94564,35.55982],[5.94563,35.55981]]]}},{"type":"Feature","properties":{},"geometry":{"type":"Polygon","coordinates":[[[5.94572,35.55957],[5.9457,35.55966],[5.9457,35.55968],[5.94572,35.55957]]]}},{"type":"Feature","properties":{},"geometry":{"type":"Polygon","coordinates":[[[5.94572,35.55943],[5.94573,35.55945],[5.94572,35.5594],[5.94572,35.55943]]]}},{"type":"Feature","properties":{},"geometry":{"type":"Polygon","coordinates":[[[5.94566,35.55928],[5.9457,35.55932],[5.94564,35.55926],[5.94566,35.55928]]]}},{"type":"Feature","properties":{},"geometry":{"type":"Polygon","coordinates":[[[5.94563,35.55925],[5.94562,35.55924],[5.94563,35.55925],[5.94563,35.55925]]]}},{"type":"Feature","properties":{},"geometry":{"type":"Polygon","coordinates":[[[5.94556,35.5591],[5.94556,35.5591],[5.94541,35.55895],[5.94556,35.5591]]]}},{"type":"Feature","properties":{},"geometry":{"type":"Polygon","coordinates":[[[5.94526,35.55877],[5.94535,35.55889],[5.94527,35.55882],[5.94526,35.55877],[5.94487,35.55863],[5.94526,35.55877]]]}},{"type":"Feature","properties":{},"geometry":{"type":"Polygon","coordinates":[[[5.94141,35.56123],[5.94179,35.56054],[5.94117,35.56149],[5.94141,35.56123]]]}},{"type":"Feature","properties":{},"geometry":{"type":"Polygon","coordinates":[[[5.93991,35.56242],[5.93991,35.56242],[5.9402,35.56284],[5.93991,35.56242]]]}},{"type":"Feature","properties":{},"geometry":{"type":"Polygon","coordinates":[[[5.94181,35.56203],[5.94187,35.56156],[5.94187,35.56156],[5.94181,35.56203]]]}},{"type":"Feature","properties":{},"geometry":{"type":"Polygon","coordinates":[[[5.94063,35.563],[5.94085,35.56277],[5.94063,35.563],[5.94063,35.563]]]}},{"type":"Feature","properties":{},"geometry":{"type":"Polygon","coordinates":[[[5.94141,35.56387],[5.94064,35.56302],[5.94093,35.56329],[5.94141,35.56387],[5.94212,35.56377],[5.94202,35.56362],[5.94212,35.56377],[5.94141,35.56387]]]}},{"type":"Feature","properties":{},"geometry":{"type":"Polygon","coordinates":[[[5.94181,35.56262],[5.94179,35.56271],[5.94181,35.56262],[5.94181,35.56262]]]}},{"type":"Feature","properties":{},"geometry":{"type":"Polygon","coordinates":[[[5.9585,35.56101],[5.9585,35.56101],[5.95848,35.56102],[5.9585,35.56101]]]}},{"type":"Feature","properties":{},"geometry":{"type":"Polygon","coordinates":[[[5.95814,35.56019],[5.95826,35.56019],[5.95812,35.56019],[5.95814,35.56019]]]}},{"type":"Feature","properties":{},"geometry":{"type":"Polygon","coordinates":[[[5.95775,35.56026],[5.95782,35.56023],[5.95773,35.56028],[5.95775,35.56026]]]}},{"type":"Feature","properties":{},"geometry":{"type":"Polygon","coordinates":[[[5.95435,35.56187],[5.95435,35.56187],[5.95437,35.56186],[5.95435,35.56187]]]}},{"type":"Feature","properties":{},"geometry":{"type":"Polygon","coordinates":[[[5.9487,35.55952],[5.94907,35.55968],[5.94899,35.55965],[5.9487,35.55952],[5.94867,35.55953],[5.9487,35.55952]]]}},{"type":"Feature","properties":{},"geometry":{"type":"Polygon","coordinates":[[[5.9527,35.56278],[5.9527,35.56278],[5.95265,35.56275],[5.9527,35.56278]]]}},{"type":"Feature","properties":{},"geometry":{"type":"Polygon","coordinates":[[[5.95272,35.56282],[5.95272,35.56282],[5.95271,35.56281],[5.95272,35.56282]]]}},{"type":"Feature","properties":{},"geometry":{"type":"Polygon","coordinates":[[[5.95269,35.56307],[5.95272,35.56297],[5.95271,35.56303],[5.95269,35.56307]]]}},{"type":"Feature","properties":{},"geometry":{"type":"Polygon","coordinates":[[[5.95267,35.56311],[5.95267,35.5631],[5.95266,35.56312],[5.95267,35.56311]]]}},{"type":"Feature","properties":{},"geometry":{"type":"Polygon","coordinates":[[[5.95286,35.56318],[5.95283,35.5632],[5.95278,35.56322],[5.95286,35.56318]]]}},{"type":"Feature","properties":{},"geometry":{"type":"Polygon","coordinates":[[[5.95364,35.56019],[5.95365,35.5602],[5.95364,35.56019],[5.95364,35.56019]]]}},{"type":"Feature","properties":{},"geometry":{"type":"Polygon","coordinates":[[[5.95418,35.56053],[5.95414,35.56054],[5.95415,35.56054],[5.95418,35.56053],[5.95419,35.56053],[5.95418,35.56053]]]}},{"type":"Feature","properties":{},"geometry":{"type":"Polygon","coordinates":[[[5.95426,35.56049],[5.95426,35.56049],[5.95425,35.5605],[5.95426,35.56049]]]}},{"type":"Feature","properties":{},"geometry":{"type":"Polygon","coordinates":[[[5.95428,35.56043],[5.95428,35.56044],[5.95428,35.56044],[5.95428,35.56043]]]}},{"type":"Feature","properties":{},"geometry":{"type":"Polygon","coordinates":[[[5.9543,35.56035],[5.95429,35.56038],[5.95429,35.56039],[5.9543,35.56035]]]}},{"type":"Feature","properties":{},"geometry":{"type":"Polygon","coordinates":[[[5.95434,35.56025],[5.95431,35.5603],[5.95432,35.56028],[5.95434,35.56025],[5.95434,35.56023],[5.95434,35.56025]]]}},{"type":"Feature","properties":{},"geometry":{"type":"Polygon","coordinates":[[[5.95438,35.56014],[5.95434,35.56022],[5.9544,35.56012],[5.95438,35.56014]]]}},{"type":"Feature","properties":{},"geometry":{"type":"Polygon","coordinates":[[[5.95368,35.5596],[5.95369,35.55958],[5.95367,35.55961],[5.95368,35.5596]]]}},{"type":"Feature","properties":{},"geometry":{"type":"Polygon","coordinates":[[[5.95365,35.55966],[5.95365,35.55966],[5.95365,35.55965],[5.95365,35.55966]]]}},{"type":"Feature","properties":{},"geometry":{"type":"Polygon","coordinates":[[[5.95361,35.55971],[5.95362,35.5597],[5.9536,35.55972],[5.95361,35.55971]]]}},{"type":"Feature","properties":{},"geometry":{"type":"Polygon","coordinates":[[[5.95357,35.55973],[5.95357,35.55973],[5.95354,35.55973],[5.95357,35.55973]]]}},{"type":"Feature","properties":{},"geometry":{"type":"Polygon","coordinates":[[[5.95346,35.55972],[5.95352,35.55971],[5.95353,35.55972],[5.95346,35.55972]]]}},{"type":"Feature","properties":{},"geometry":{"type":"Polygon","coordinates":[[[5.95341,35.55976],[5.95341,35.55976],[5.95341,35.55976],[5.95341,35.55976]]]}},{"type":"Feature","properties":{},"geometry":{"type":"Polygon","coordinates":[[[5.95332,35.55983],[5.95334,35.55981],[5.95331,35.55983],[5.95332,35.55983]]]}},{"type":"Feature","properties":{},"geometry":{"type":"Polygon","coordinates":[[[5.95327,35.55985],[5.95329,35.55985],[5.95326,35.55987],[5.95327,35.55985]]]}},{"type":"Feature","properties":{},"geometry":{"type":"Polygon","coordinates":[[[5.95323,35.55989],[5.95323,35.55989],[5.95326,35.55987],[5.95323,35.55989]]]}},{"type":"Feature","properties":{},"geometry":{"type":"Polygon","coordinates":[[[5.95319,35.55994],[5.95319,35.55994],[5.95319,35.55993],[5.95319,35.55994]]]}},{"type":"Feature","properties":{},"geometry":{"type":"Polygon","coordinates":[[[5.95316,35.55999],[5.95317,35.55997],[5.95317,35.55998],[5.95316,35.55999],[5.95316,35.56002],[5.95315,35.56003],[5.95316,35.55999]]]}},{"type":"Feature","properties":{},"geometry":{"type":"Polygon","coordinates":[[[5.95315,35.56009],[5.95315,35.56006],[5.95315,35.56011],[5.95315,35.56009]]]}},{"type":"Feature","properties":{},"geometry":{"type":"Polygon","coordinates":[[[5.95314,35.56018],[5.95314,35.56018],[5.95314,35.56017],[5.95314,35.56018]]]}},{"type":"Feature","properties":{},"geometry":{"type":"Polygon","coordinates":[[[5.9545,35.55764],[5.9545,35.55764],[5.9545,35.55763],[5.9545,35.55764]]]}},{"type":"Feature","properties":{},"geometry":{"type":"Polygon","coordinates":[[[5.95451,35.55771],[5.95451,35.55768],[5.95451,35.55771],[5.95451,35.55773],[5.95451,35.55773],[5.95451,35.55771]]]}},{"type":"Feature","properties":{},"geometry":{"type":"Polygon","coordinates":[[[5.9545,35.55776],[5.9545,35.55776],[5.95449,35.55777],[5.9545,35.55776]]]}},{"type":"Feature","properties":{},"geometry":{"type":"Polygon","coordinates":[[[5.95415,35.55843],[5.95416,35.55842],[5.95414,35.55844],[5.95415,35.55843]]]}},{"type":"Feature","properties":{},"geometry":{"type":"Polygon","coordinates":[[[5.95408,35.55849],[5.95411,35.55847],[5.95411,35.55846],[5.95409,35.55848],[5.95408,35.55849]]]}},{"type":"Feature","properties":{},"geometry":{"type":"Polygon","coordinates":[[[5.95399,35.55853],[5.954,35.55853],[5.95398,35.55854],[5.95399,35.55853]]]}},{"type":"Feature","properties":{},"geometry":{"type":"Polygon","coordinates":[[[5.95461,35.55853],[5.95459,35.55855],[5.95464,35.55851],[5.95461,35.55853]]]}},{"type":"Feature","properties":{},"geometry":{"type":"Polygon","coordinates":[[[5.95475,35.55846],[5.95469,35.55849],[5.9547,35.55848],[5.95475,35.55846]]]}},{"type":"Feature","properties":{},"geometry":{"type":"Polygon","coordinates":[[[5.95483,35.55839],[5.95482,35.5584],[5.95484,35.55838],[5.95483,35.55839]]]}},{"type":"Feature","properties":{},"geometry":{"type":"Polygon","coordinates":[[[5.95491,35.5583],[5.95486,35.55836],[5.95488,35.55832],[5.95491,35.5583]]]}},{"type":"Feature","properties":{},"geometry":{"type":"Polygon","coordinates":[[[5.95492,35.55825],[5.95492,35.55825],[5.95492,35.55826],[5.95492,35.55825]]]}},{"type":"Feature","properties":{},"geometry":{"type":"Polygon","coordinates":[[[5.95482,35.55819],[5.95483,35.55819],[5.95482,35.55819],[5.95482,35.55819]]]}},{"type":"Feature","properties":{},"geometry":{"type":"Polygon","coordinates":[[[5.95481,35.558],[5.95479,35.5581],[5.95479,35.55809],[5.9548,35.55805],[5.95481,35.558]]]}},{"type":"Feature","properties":{},"geometry":{"type":"Polygon","coordinates":[[[5.95481,35.55795],[5.95481,35.55795],[5.95481,35.55796],[5.95481,35.55795]]]}},{"type":"Feature","properties":{},"geometry":{"type":"Polygon","coordinates":[[[5.95482,35.55791],[5.95482,35.55791],[5.95481,35.55792],[5.95482,35.55791]]]}},{"type":"Feature","properties":{},"geometry":{"type":"Polygon","coordinates":[[[5.95479,35.55783],[5.95479,35.55783],[5.9548,35.55778],[5.95479,35.55783]]]}},{"type":"Feature","properties":{},"geometry":{"type":"Polygon","coordinates":[[[5.9548,35.55775],[5.9548,35.55777],[5.95479,35.55774],[5.9548,35.55775]]]}},{"type":"Feature","properties":{},"geometry":{"type":"Polygon","coordinates":[[[5.95473,35.55763],[5.95474,35.55765],[5.95473,35.55762],[5.95473,35.55763]]]}},{"type":"Feature","properties":{},"geometry":{"type":"Polygon","coordinates":[[[5.95472,35.5576],[5.95472,35.5576],[5.95473,35.55761],[5.95472,35.5576]]]}},{"type":"Feature","properties":{},"geometry":{"type":"Polygon","coordinates":[[[5.95466,35.55749],[5.95469,35.55753],[5.95469,35.55754],[5.95466,35.55749]]]}},{"type":"Feature","properties":{},"geometry":{"type":"Polygon","coordinates":[[[5.95573,35.55809],[5.95577,35.55809],[5.95571,35.5581],[5.95573,35.55809]]]}},{"type":"Feature","properties":{},"geometry":{"type":"Polygon","coordinates":[[[5.95556,35.55817],[5.95558,35.55814],[5.95556,35.55817],[5.95556,35.55817]]]}},{"type":"Feature","properties":{},"geometry":{"type":"Polygon","coordinates":[[[5.95556,35.55825],[5.95555,35.55821],[5.95555,35.55821],[5.95556,35.55825]]]}},{"type":"Feature","properties":{},"geometry":{"type":"Polygon","coordinates":[[[5.95565,35.55833],[5.95565,35.55831],[5.95565,35.55833],[5.95567,35.55835],[5.95568,35.55836],[5.95565,35.55833]]]}},{"type":"Feature","properties":{},"geometry":{"type":"Polygon","coordinates":[[[5.95569,35.55843],[5.95569,35.55837],[5.95568,35.55847],[5.95569,35.55843]]]}},{"type":"Feature","properties":{},"geometry":{"type":"Polygon","coordinates":[[[5.95568,35.55847],[5.95566,35.5585],[5.95568,35.55847],[5.95568,35.55847]]]}},{"type":"Feature","properties":{},"geometry":{"type":"Polygon","coordinates":[[[5.95561,35.55853],[5.95564,35.55851],[5.95561,35.55853],[5.95561,35.55853]]]}},{"type":"Feature","properties":{},"geometry":{"type":"Polygon","coordinates":[[[5.95561,35.55856],[5.95561,35.55856],[5.95561,35.55854],[5.95561,35.55856]]]}},{"type":"Feature","properties":{},"geometry":{"type":"Polygon","coordinates":[[[5.95568,35.55865],[5.95568,35.55865],[5.95566,35.55863],[5.95568,35.55865]]]}},{"type":"Feature","properties":{},"geometry":{"type":"Polygon","coordinates":[[[5.95582,35.55868],[5.95582,35.55868],[5.95579,35.55868],[5.95582,35.55868]]]}},{"type":"Feature","properties":{},"geometry":{"type":"Polygon","coordinates":[[[5.95596,35.55867],[5.95588,35.55868],[5.95601,35.55865],[5.95596,35.55867]]]}},{"type":"Feature","properties":{},"geometry":{"type":"Polygon","coordinates":[[[5.95607,35.5586],[5.95602,35.55864],[5.95609,35.55859],[5.95607,35.5586]]]}},{"type":"Feature","properties":{},"geometry":{"type":"Polygon","coordinates":[[[5.95612,35.55856],[5.95612,35.55856],[5.95612,35.55856],[5.95612,35.55856]]]}},{"type":"Feature","properties":{},"geometry":{"type":"Polygon","coordinates":[[[5.95617,35.55851],[5.95617,35.55852],[5.95618,35.5585],[5.95617,35.55851]]]}},{"type":"Feature","properties":{},"geometry":{"type":"Polygon","coordinates":[[[5.95625,35.55841],[5.95621,35.55845],[5.95626,35.5584],[5.95625,35.55841]]]}},{"type":"Feature","properties":{},"geometry":{"type":"Polygon","coordinates":[[[5.9563,35.55829],[5.95627,35.55837],[5.95626,35.5584],[5.9563,35.55829]]]}},{"type":"Feature","properties":{},"geometry":{"type":"Polygon","coordinates":[[[5.95631,35.55828],[5.9563,35.55829],[5.95631,35.55825],[5.95631,35.55828]]]}},{"type":"Feature","properties":{},"geometry":{"type":"Polygon","coordinates":[[[5.95631,35.55821],[5.95631,35.55822],[5.95631,35.55818],[5.95631,35.55821]]]}},{"type":"Feature","properties":{},"geometry":{"type":"Polygon","coordinates":[[[5.95631,35.55812],[5.95631,35.55813],[5.95632,35.5581],[5.95631,35.55812]]]}},{"type":"Feature","properties":{},"geometry":{"type":"Polygon","coordinates":[[[5.9563,35.55806],[5.95631,35.55809],[5.9563,35.55805],[5.9563,35.55806]]]}},{"type":"Feature","properties":{},"geometry":{"type":"Polygon","coordinates":[[[5.95628,35.55797],[5.9563,35.558],[5.95628,35.55794],[5.95628,35.55797]]]}},{"type":"Feature","properties":{},"geometry":{"type":"Polygon","coordinates":[[[5.95628,35.5579],[5.95628,35.55794],[5.95627,35.55792],[5.95628,35.5579],[5.95627,35.55786],[5.95627,35.55783],[5.95628,35.5579]]]}},{"type":"Feature","properties":{},"geometry":{"type":"Polygon","coordinates":[[[5.95626,35.55775],[5.95626,35.55779],[5.95626,35.55775],[5.95624,35.55772],[5.95623,35.55767],[5.95626,35.55775]]]}},{"type":"Feature","properties":{},"geometry":{"type":"Polygon","coordinates":[[[5.95622,35.55763],[5.95622,35.55765],[5.95622,35.55762],[5.95622,35.55763]]]}},{"type":"Feature","properties":{},"geometry":{"type":"Polygon","coordinates":[[[5.9562,35.55753],[5.9562,35.55757],[5.95621,35.55758],[5.9562,35.55757],[5.9562,35.55753]]]}},{"type":"Feature","properties":{},"geometry":{"type":"Polygon","coordinates":[[[5.95618,35.5575],[5.95618,35.5575],[5.95619,35.55751],[5.95618,35.5575]]]}},{"type":"Feature","properties":{},"geometry":{"type":"Polygon","coordinates":[[[5.95603,35.55714],[5.95605,35.5572],[5.95605,35.55721],[5.95603,35.55714]]]}},{"type":"Feature","properties":{},"geometry":{"type":"Polygon","coordinates":[[[5.95602,35.55711],[5.95603,35.55714],[5.95601,35.55708],[5.95602,35.55711]]]}},{"type":"Feature","properties":{},"geometry":{"type":"Polygon","coordinates":[[[5.95599,35.55704],[5.956,35.55705],[5.956,35.55705],[5.95599,35.55704]]]}},{"type":"Feature","properties":{},"geometry":{"type":"Polygon","coordinates":[[[5.95592,35.5569],[5.95597,35.55701],[5.95593,35.55695],[5.95592,35.5569]]]}},{"type":"Feature","properties":{},"geometry":{"type":"Polygon","coordinates":[[[5.95587,35.5568],[5.9559,35.55685],[5.95585,35.55678],[5.95587,35.5568]]]}},{"type":"Feature","properties":{},"geometry":{"type":"Polygon","coordinates":[[[5.95584,35.55763],[5.95579,35.55752],[5.95584,35.55763],[5.95584,35.55763]]]}},{"type":"Feature","properties":{},"geometry":{"type":"Polygon","coordinates":[[[5.95594,35.55759],[5.95589,35.55763],[5.95595,35.55758],[5.95594,35.55759]]]}},{"type":"Feature","properties":{},"geometry":{"type":"Polygon","coordinates":[[[5.95603,35.55758],[5.95598,35.55757],[5.95605,35.5576],[5.95603,35.55758]]]}},{"type":"Feature","properties":{},"geometry":{"type":"Polygon","coordinates":[[[5.9561,35.55765],[5.95607,35.55761],[5.9561,35.55766],[5.9561,35.55765]]]}},{"type":"Feature","properties":{},"geometry":{"type":"Polygon","coordinates":[[[5.95609,35.55774],[5.9561,35.55773],[5.95608,35.55776],[5.95609,35.55774]]]}},{"type":"Feature","properties":{},"geometry":{"type":"Polygon","coordinates":[[[5.95604,35.55778],[5.95604,35.55778],[5.95605,35.55778],[5.95604,35.55778]]]}},{"type":"Feature","properties":{},"geometry":{"type":"Polygon","coordinates":[[[5.95591,35.55798],[5.95594,35.55789],[5.95593,35.558],[5.95591,35.55798]]]}},{"type":"Feature","properties":{},"geometry":{"type":"Polygon","coordinates":[[[5.95595,35.55804],[5.95595,35.55804],[5.95595,35.55803],[5.95595,35.55804]]]}},{"type":"Feature","properties":{},"geometry":{"type":"Polygon","coordinates":[[[5.95584,35.55809],[5.95591,35.55808],[5.9558,35.55809],[5.95584,35.55809]]]}},{"type":"Feature","properties":{},"geometry":{"type":"Polygon","coordinates":[[[5.95883,35.56124],[5.95881,35.5612],[5.95883,35.56122],[5.95883,35.56124],[5.95885,35.56125],[5.95883,35.56124]]]}},{"type":"Feature","properties":{},"geometry":{"type":"Polygon","coordinates":[[[5.95892,35.56129],[5.95892,35.56129],[5.95896,35.56129],[5.95892,35.56129]]]}},{"type":"Feature","properties":{},"geometry":{"type":"Polygon","coordinates":[[[5.95901,35.56129],[5.95901,35.56129],[5.959,35.56129],[5.95901,35.56129]]]}},{"type":"Feature","properties":{},"geometry":{"type":"Polygon","coordinates":[[[5.95912,35.56121],[5.95905,35.56126],[5.95913,35.5612],[5.95912,35.56121]]]}},{"type":"Feature","properties":{},"geometry":{"type":"Polygon","coordinates":[[[5.95913,35.5612],[5.95913,35.5612],[5.95914,35.56119],[5.95913,35.5612]]]}},{"type":"Feature","properties":{},"geometry":{"type":"Polygon","coordinates":[[[5.95921,35.56112],[5.95916,35.56118],[5.95921,35.56111],[5.95921,35.56112]]]}},{"type":"Feature","properties":{},"geometry":{"type":"Polygon","coordinates":[[[5.95976,35.56051],[5.95974,35.56053],[5.95977,35.5605],[5.95976,35.56051]]]}},{"type":"Feature","properties":{},"geometry":{"type":"Polygon","coordinates":[[[5.9598,35.56045],[5.95979,35.56046],[5.95981,35.56044],[5.9598,35.56045]]]}},{"type":"Feature","properties":{},"geometry":{"type":"Polygon","coordinates":[[[5.96026,35.56054],[5.96026,35.56054],[5.96025,35.56053],[5.96026,35.56054]]]}},{"type":"Feature","properties":{},"geometry":{"type":"Polygon","coordinates":[[[5.96029,35.56056],[5.96029,35.56056],[5.9603,35.56056],[5.96029,35.56056]]]}},{"type":"Feature","properties":{},"geometry":{"type":"Polygon","coordinates":[[[5.96039,35.56057],[5.96039,35.56057],[5.96035,35.56056],[5.96039,35.56057]]]}},{"type":"Feature","properties":{},"geometry":{"type":"Polygon","coordinates":[[[5.96043,35.56049],[5.96042,35.56051],[5.96044,35.56048],[5.96043,35.56049]]]}},{"type":"Feature","properties":{},"geometry":{"type":"Polygon","coordinates":[[[5.95943,35.55982],[5.95944,35.55981],[5.95943,35.55983],[5.95943,35.55982]]]}},{"type":"Feature","properties":{},"geometry":{"type":"Polygon","coordinates":[[[5.95934,35.55998],[5.95934,35.55998],[5.95936,35.55995],[5.95934,35.55998]]]}},{"type":"Feature","properties":{},"geometry":{"type":"Polygon","coordinates":[[[5.95928,35.56004],[5.95928,35.56004],[5.95929,35.56003],[5.95928,35.56004]]]}},{"type":"Feature","properties":{},"geometry":{"type":"Polygon","coordinates":[[[5.97066,35.57251],[5.97063,35.57252],[5.97066,35.57251],[5.97068,35.5725],[5.97066,35.57251]]]}},{"type":"Feature","properties":{},"geometry":{"type":"Polygon","coordinates":[[[5.9705,35.57262],[5.9705,35.57259],[5.9705,35.57259],[5.9705,35.57262]]]}},{"type":"Feature","properties":{},"geometry":{"type":"Polygon","coordinates":[[[5.97063,35.57267],[5.97051,35.57264],[5.97063,35.57267],[5.97071,35.57268],[5.97079,35.5727],[5.97063,35.57267]]]}},{"type":"Feature","properties":{},"geometry":{"type":"Polygon","coordinates":[[[5.971,35.57277],[5.971,35.57277],[5.97099,35.57277],[5.971,35.57277]]]}},{"type":"Feature","properties":{},"geometry":{"type":"Polygon","coordinates":[[[5.9711,35.57281],[5.9711,35.57281],[5.97109,35.5728],[5.9711,35.57281]]]}},{"type":"Feature","properties":{},"geometry":{"type":"Polygon","coordinates":[[[5.97117,35.57282],[5.97117,35.57282],[5.97115,35.57281],[5.97117,35.57282]]]}},{"type":"Feature","properties":{},"geometry":{"type":"Polygon","coordinates":[[[5.97126,35.5728],[5.97126,35.5728],[5.97126,35.57278],[5.97126,35.5728]]]}},{"type":"Feature","properties":{},"geometry":{"type":"Polygon","coordinates":[[[5.97126,35.57277],[5.97126,35.57277],[5.97126,35.57278],[5.97126,35.57277]]]}},{"type":"Feature","properties":{},"geometry":{"type":"Polygon","coordinates":[[[5.97124,35.57273],[5.97124,35.57273],[5.97125,35.57274],[5.97124,35.57273]]]}},{"type":"Feature","properties":{},"geometry":{"type":"Polygon","coordinates":[[[5.97118,35.57266],[5.97118,35.57266],[5.97118,35.57267],[5.97118,35.57266]]]}},{"type":"Feature","properties":{},"geometry":{"type":"Polygon","coordinates":[[[5.97113,35.57261],[5.97113,35.57261],[5.97113,35.57262],[5.97113,35.57261]]]}},{"type":"Feature","properties":{},"geometry":{"type":"Polygon","coordinates":[[[5.97105,35.57252],[5.97109,35.57256],[5.97104,35.5725],[5.97105,35.57252]]]}},{"type":"Feature","properties":{},"geometry":{"type":"Polygon","coordinates":[[[5.94976,35.57302],[5.94969,35.57302],[5.94979,35.57302],[5.94976,35.57302]]]}},{"type":"Feature","properties":{},"geometry":{"type":"Polygon","coordinates":[[[5.9499,35.57295],[5.9499,35.57295],[5.94989,35.57296],[5.9499,35.57295]]]}},{"type":"Feature","properties":{},"geometry":{"type":"Polygon","coordinates":[[[5.95001,35.57284],[5.94995,35.57292],[5.94997,35.57289],[5.95001,35.57284],[5.95002,35.57282],[5.95001,35.57284]]]}},{"type":"Feature","properties":{},"geometry":{"type":"Polygon","coordinates":[[[5.95005,35.57277],[5.95002,35.57282],[5.95006,35.57276],[5.95005,35.57277]]]}},{"type":"Feature","properties":{},"geometry":{"type":"Polygon","coordinates":[[[5.95009,35.57271],[5.95009,35.57271],[5.95008,35.57273],[5.95009,35.57271]]]}},{"type":"Feature","properties":{},"geometry":{"type":"Polygon","coordinates":[[[5.95016,35.57262],[5.95013,35.57265],[5.95022,35.5726],[5.95016,35.57262]]]}},{"type":"Feature","properties":{},"geometry":{"type":"Polygon","coordinates":[[[5.95022,35.5726],[5.95022,35.5726],[5.95022,35.57258],[5.95022,35.5726]]]}},{"type":"Feature","properties":{},"geometry":{"type":"Polygon","coordinates":[[[5.95027,35.57255],[5.95026,35.57256],[5.95026,35.57256],[5.95027,35.57255]]]}},{"type":"Feature","properties":{},"geometry":{"type":"Polygon","coordinates":[[[5.95031,35.57245],[5.95031,35.57245],[5.95029,35.57248],[5.95031,35.57245]]]}},{"type":"Feature","properties":{},"geometry":{"type":"Polygon","coordinates":[[[5.95033,35.57234],[5.95033,35.5724],[5.95032,35.57241],[5.95033,35.57237],[5.95033,35.57234]]]}},{"type":"Feature","properties":{},"geometry":{"type":"Polygon","coordinates":[[[5.95036,35.57227],[5.95035,35.57229],[5.95037,35.57224],[5.95036,35.57227]]]}},{"type":"Feature","properties":{},"geometry":{"type":"Polygon","coordinates":[[[5.95038,35.57222],[5.95038,35.57222],[5.95037,35.57223],[5.95038,35.57222]]]}},{"type":"Feature","properties":{},"geometry":{"type":"Polygon","coordinates":[[[5.95044,35.57211],[5.95044,35.57211],[5.95045,35.57211],[5.95044,35.57211]]]}},{"type":"Feature","properties":{},"geometry":{"type":"Polygon","coordinates":[[[5.95048,35.57208],[5.95048,35.57208],[5.95049,35.57205],[5.95048,35.57208]]]}},{"type":"Feature","properties":{},"geometry":{"type":"Polygon","coordinates":[[[5.9505,35.57204],[5.95052,35.57203],[5.9505,35.57204],[5.9505,35.57204]]]}},{"type":"Feature","properties":{},"geometry":{"type":"Polygon","coordinates":[[[5.95062,35.57185],[5.95061,35.57191],[5.95061,35.57189],[5.95062,35.57185],[5.95062,35.57179],[5.95062,35.57185]]]}},{"type":"Feature","properties":{},"geometry":{"type":"Polygon","coordinates":[[[5.95063,35.57175],[5.95062,35.57179],[5.95062,35.57174],[5.95063,35.57175]]]}},{"type":"Feature","properties":{},"geometry":{"type":"Polygon","coordinates":[[[5.95063,35.57161],[5.95062,35.57164],[5.95063,35.5716],[5.95063,35.57161]]]}},{"type":"Feature","properties":{},"geometry":{"type":"Polygon","coordinates":[[[5.95059,35.57153],[5.95062,35.57157],[5.95055,35.57151],[5.95059,35.57153]]]}},{"type":"Feature","properties":{},"geometry":{"type":"Polygon","coordinates":[[[5.95044,35.57152],[5.95046,35.57151],[5.95043,35.57152],[5.95044,35.57152]]]}},{"type":"Feature","properties":{},"geometry":{"type":"Polygon","coordinates":[[[5.95025,35.57159],[5.9504,35.57153],[5.95027,35.57159],[5.95025,35.57159]]]}},{"type":"Feature","properties":{},"geometry":{"type":"Polygon","coordinates":[[[5.95025,35.57159],[5.95025,35.57159],[5.95023,35.5716],[5.95025,35.57159]]]}},{"type":"Feature","properties":{},"geometry":{"type":"Polygon","coordinates":[[[5.95018,35.57165],[5.95021,35.57162],[5.95016,35.57165],[5.95018,35.57165]]]}},{"type":"Feature","properties":{},"geometry":{"type":"Polygon","coordinates":[[[5.95012,35.57169],[5.95013,35.57168],[5.95011,35.57171],[5.95012,35.57169]]]}},{"type":"Feature","properties":{},"geometry":{"type":"Polygon","coordinates":[[[5.9501,35.57173],[5.9501,35.57173],[5.9501,35.57172],[5.9501,35.57173]]]}},{"type":"Feature","properties":{},"geometry":{"type":"Polygon","coordinates":[[[5.95012,35.57184],[5.95012,35.57184],[5.95013,35.57185],[5.95012,35.57184]]]}},{"type":"Feature","properties":{},"geometry":{"type":"Polygon","coordinates":[[[5.95014,35.5719],[5.95014,35.5719],[5.95014,35.57189],[5.95014,35.5719]]]}},{"type":"Feature","properties":{},"geometry":{"type":"Polygon","coordinates":[[[5.95014,35.57202],[5.95014,35.57198],[5.95015,35.57197],[5.95014,35.57202]]]}},{"type":"Feature","properties":{},"geometry":{"type":"Polygon","coordinates":[[[5.95014,35.57211],[5.95014,35.57206],[5.95015,35.57211],[5.95014,35.57211]]]}},{"type":"Feature","properties":{},"geometry":{"type":"Polygon","coordinates":[[[5.9502,35.57228],[5.95016,35.57215],[5.95022,35.5723],[5.9502,35.57228]]]}},{"type":"Feature","properties":{},"geometry":{"type":"Polygon","coordinates":[[[5.95021,35.57236],[5.95022,35.5723],[5.95021,35.57237],[5.95021,35.57236]]]}},{"type":"Feature","properties":{},"geometry":{"type":"Polygon","coordinates":[[[5.95013,35.57247],[5.9502,35.5724],[5.95005,35.57249],[5.95013,35.57247]]]}},{"type":"Feature","properties":{},"geometry":{"type":"Polygon","coordinates":[[[5.95002,35.57252],[5.95004,35.5725],[5.94999,35.57253],[5.95002,35.57252]]]}},{"type":"Feature","properties":{},"geometry":{"type":"Polygon","coordinates":[[[5.94991,35.57258],[5.94995,35.57255],[5.94987,35.5726],[5.94991,35.57258]]]}},{"type":"Feature","properties":{},"geometry":{"type":"Polygon","coordinates":[[[5.94981,35.57262],[5.94981,35.57262],[5.94983,35.57261],[5.94981,35.57262]]]}},{"type":"Feature","properties":{},"geometry":{"type":"Polygon","coordinates":[[[5.94958,35.57269],[5.94968,35.57267],[5.94962,35.57269],[5.94958,35.57269],[5.94955,35.57271],[5.94952,35.57271],[5.94951,35.57273],[5.9495,35.57273],[5.94952,35.57271],[5.94955,35.57271],[5.94958,35.57269]]]}},{"type":"Feature","properties":{},"geometry":{"type":"Polygon","coordinates":[[[5.94949,35.57277],[5.94949,35.57277],[5.94949,35.57275],[5.94949,35.57277]]]}},{"type":"Feature","properties":{},"geometry":{"type":"Polygon","coordinates":[[[5.94949,35.57281],[5.94949,35.57281],[5.94949,35.57281],[5.94949,35.57281]]]}},{"type":"Feature","properties":{},"geometry":{"type":"Polygon","coordinates":[[[5.94957,35.57297],[5.94955,35.57294],[5.94958,35.57297],[5.94957,35.57297]]]}},{"type":"Feature","properties":{},"geometry":{"type":"Polygon","coordinates":[[[5.94964,35.57301],[5.94964,35.57301],[5.94962,35.57299],[5.94964,35.57301]]]}},{"type":"Feature","properties":{},"geometry":{"type":"Polygon","coordinates":[[[5.94883,35.57161],[5.94883,35.57161],[5.94883,35.57161],[5.94883,35.57161]]]}},{"type":"Feature","properties":{},"geometry":{"type":"Polygon","coordinates":[[[5.94903,35.57154],[5.94899,35.57158],[5.94904,35.57154],[5.94903,35.57154]]]}},{"type":"Feature","properties":{},"geometry":{"type":"Polygon","coordinates":[[[5.94908,35.57146],[5.94906,35.5715],[5.94906,35.57151],[5.94906,35.5715],[5.94908,35.57146]]]}},{"type":"Feature","properties":{},"geometry":{"type":"Polygon","coordinates":[[[5.94909,35.57142],[5.94909,35.57142],[5.94908,35.57144],[5.94909,35.57142]]]}},{"type":"Feature","properties":{},"geometry":{"type":"Polygon","coordinates":[[[5.94913,35.57131],[5.94911,35.57139],[5.94913,35.57129],[5.94913,35.57131]]]}},{"type":"Feature","properties":{},"geometry":{"type":"Polygon","coordinates":[[[5.94917,35.57125],[5.94919,35.57122],[5.9492,35.57121],[5.94925,35.57119],[5.94927,35.57118],[5.94917,35.57125]]]}},{"type":"Feature","properties":{},"geometry":{"type":"Polygon","coordinates":[[[5.94929,35.57115],[5.94931,35.57114],[5.94929,35.57115],[5.94929,35.57115]]]}},{"type":"Feature","properties":{},"geometry":{"type":"Polygon","coordinates":[[[5.94933,35.57113],[5.94932,35.57114],[5.94932,35.57114],[5.94933,35.57113]]]}},{"type":"Feature","properties":{},"geometry":{"type":"Polygon","coordinates":[[[5.94937,35.57109],[5.94937,35.57109],[5.94935,35.5711],[5.94937,35.57109]]]}},{"type":"Feature","properties":{},"geometry":{"type":"Polygon","coordinates":[[[5.94939,35.57104],[5.94937,35.57108],[5.94938,35.57106],[5.94939,35.57104],[5.94939,35.57102],[5.94939,35.57104]]]}},{"type":"Feature","properties":{},"geometry":{"type":"Polygon","coordinates":[[[5.94943,35.57096],[5.94941,35.571],[5.94943,35.57094],[5.94943,35.57096]]]}},{"type":"Feature","properties":{},"geometry":{"type":"Polygon","coordinates":[[[5.94946,35.57086],[5.94944,35.57092],[5.94946,35.57085],[5.94946,35.57086]]]}},{"type":"Feature","properties":{},"geometry":{"type":"Polygon","coordinates":[[[5.94946,35.57085],[5.94947,35.57084],[5.94946,35.57085],[5.94946,35.57085]]]}},{"type":"Feature","properties":{},"geometry":{"type":"Polygon","coordinates":[[[5.94953,35.5706],[5.94952,35.57065],[5.94952,35.57058],[5.94953,35.5706]]]}},{"type":"Feature","properties":{},"geometry":{"type":"Polygon","coordinates":[[[5.94952,35.57049],[5.94952,35.57051],[5.94952,35.57047],[5.94952,35.57049]]]}},{"type":"Feature","properties":{},"geometry":{"type":"Polygon","coordinates":[[[5.94953,35.57041],[5.94953,35.57043],[5.94953,35.57041],[5.94952,35.57037],[5.94952,35.57034],[5.94952,35.57034],[5.94953,35.57041]]]}},{"type":"Feature","properties":{},"geometry":{"type":"Polygon","coordinates":[[[5.94951,35.57023],[5.94951,35.57023],[5.94951,35.57025],[5.94951,35.57023]]]}},{"type":"Feature","properties":{},"geometry":{"type":"Polygon","coordinates":[[[5.94951,35.57018],[5.94951,35.57018],[5.94951,35.57018],[5.94951,35.57018]]]}},{"type":"Feature","properties":{},"geometry":{"type":"Polygon","coordinates":[[[5.94942,35.57016],[5.94942,35.57016],[5.94942,35.57016],[5.94942,35.57016]]]}},{"type":"Feature","properties":{},"geometry":{"type":"Polygon","coordinates":[[[5.94939,35.57021],[5.94941,35.57019],[5.94939,35.57023],[5.94939,35.57021]]]}},{"type":"Feature","properties":{},"geometry":{"type":"Polygon","coordinates":[[[5.94938,35.57026],[5.94939,35.57025],[5.94938,35.57029],[5.94938,35.57026]]]}},{"type":"Feature","properties":{},"geometry":{"type":"Polygon","coordinates":[[[5.94934,35.57042],[5.94936,35.57039],[5.94933,35.57043],[5.94934,35.57042]]]}},{"type":"Feature","properties":{},"geometry":{"type":"Polygon","coordinates":[[[5.94932,35.57051],[5.94932,35.5705],[5.94932,35.57051],[5.94932,35.57051]]]}},{"type":"Feature","properties":{},"geometry":{"type":"Polygon","coordinates":[[[5.94931,35.57055],[5.94931,35.57054],[5.9493,35.57056],[5.94931,35.57055]]]}},{"type":"Feature","properties":{},"geometry":{"type":"Polygon","coordinates":[[[5.9492,35.57071],[5.94925,35.57069],[5.94925,35.57069],[5.9492,35.57071]]]}},{"type":"Feature","properties":{},"geometry":{"type":"Polygon","coordinates":[[[5.9492,35.57073],[5.9492,35.57073],[5.9492,35.57072],[5.9492,35.57073]]]}},{"type":"Feature","properties":{},"geometry":{"type":"Polygon","coordinates":[[[5.94917,35.5708],[5.94918,35.57076],[5.94917,35.57084],[5.94917,35.5708]]]}},{"type":"Feature","properties":{},"geometry":{"type":"Polygon","coordinates":[[[5.94912,35.5709],[5.94912,35.57089],[5.94912,35.57089],[5.94912,35.5709]]]}},{"type":"Feature","properties":{},"geometry":{"type":"Polygon","coordinates":[[[5.94909,35.571],[5.94909,35.571],[5.94909,35.57099],[5.94909,35.571]]]}},{"type":"Feature","properties":{},"geometry":{"type":"Polygon","coordinates":[[[5.94903,35.57108],[5.94906,35.57105],[5.94903,35.57108],[5.94902,35.57111],[5.94901,35.57112],[5.94903,35.57108]]]}},{"type":"Feature","properties":{},"geometry":{"type":"Polygon","coordinates":[[[5.94896,35.57117],[5.94896,35.57117],[5.94897,35.57116],[5.94896,35.57117]]]}},{"type":"Feature","properties":{},"geometry":{"type":"Polygon","coordinates":[[[5.94888,35.57126],[5.94889,35.57125],[5.94886,35.57128],[5.94888,35.57126]]]}},{"type":"Feature","properties":{},"geometry":{"type":"Polygon","coordinates":[[[5.94882,35.57134],[5.94882,35.57133],[5.94881,35.57136],[5.94882,35.57134]]]}},{"type":"Feature","properties":{},"geometry":{"type":"Polygon","coordinates":[[[5.94879,35.57138],[5.94879,35.57138],[5.94881,35.57136],[5.94879,35.57138]]]}},{"type":"Feature","properties":{},"geometry":{"type":"Polygon","coordinates":[[[5.94876,35.57143],[5.94876,35.57143],[5.94878,35.57139],[5.94876,35.57143]]]}},{"type":"Feature","properties":{},"geometry":{"type":"Polygon","coordinates":[[[5.94877,35.5715],[5.94877,35.5715],[5.94876,35.57149],[5.94877,35.5715]]]}},{"type":"Feature","properties":{},"geometry":{"type":"Polygon","coordinates":[[[5.94879,35.57158],[5.94878,35.57154],[5.94881,35.5716],[5.94879,35.57158]]]}},{"type":"Feature","properties":{},"geometry":{"type":"Polygon","coordinates":[[[5.9546,35.56847],[5.95456,35.56849],[5.95461,35.56846],[5.9546,35.56847]]]}},{"type":"Feature","properties":{},"geometry":{"type":"Polygon","coordinates":[[[5.95471,35.56837],[5.9547,35.56838],[5.95471,35.56835],[5.95471,35.56837]]]}},{"type":"Feature","properties":{},"geometry":{"type":"Polygon","coordinates":[[[5.95476,35.56826],[5.95476,35.56826],[5.95474,35.56829],[5.95476,35.56826]]]}},{"type":"Feature","properties":{},"geometry":{"type":"Polygon","coordinates":[[[5.95481,35.56818],[5.9548,35.5682],[5.95482,35.56817],[5.95481,35.56818]]]}},{"type":"Feature","properties":{},"geometry":{"type":"Polygon","coordinates":[[[5.95489,35.56806],[5.95484,35.56814],[5.95485,35.56812],[5.95489,35.56806],[5.95489,35.56804],[5.95489,35.56806]]]}},{"type":"Feature","properties":{},"geometry":{"type":"Polygon","coordinates":[[[5.95491,35.568],[5.9549,35.56802],[5.95491,35.56795],[5.95491,35.568]]]}},{"type":"Feature","properties":{},"geometry":{"type":"Polygon","coordinates":[[[5.95497,35.56786],[5.95494,35.56791],[5.95494,35.5679],[5.95497,35.56786]]]}},{"type":"Feature","properties":{},"geometry":{"type":"Polygon","coordinates":[[[5.95498,35.56776],[5.95498,35.56776],[5.95497,35.56778],[5.95498,35.56776]]]}},{"type":"Feature","properties":{},"geometry":{"type":"Polygon","coordinates":[[[5.95498,35.56762],[5.95498,35.56762],[5.95498,35.56763],[5.95498,35.56762]]]}},{"type":"Feature","properties":{},"geometry":{"type":"Polygon","coordinates":[[[5.955,35.56756],[5.955,35.56756],[5.95499,35.56756],[5.955,35.56756]]]}},{"type":"Feature","properties":{},"geometry":{"type":"Polygon","coordinates":[[[5.95501,35.56745],[5.95501,35.56746],[5.95501,35.5674],[5.95501,35.56745]]]}},{"type":"Feature","properties":{},"geometry":{"type":"Polygon","coordinates":[[[5.95504,35.56738],[5.95502,35.56739],[5.95504,35.56735],[5.95504,35.56738]]]}},{"type":"Feature","properties":{},"geometry":{"type":"Polygon","coordinates":[[[5.95504,35.56728],[5.95504,35.56728],[5.95504,35.56732],[5.95504,35.56728]]]}},{"type":"Feature","properties":{},"geometry":{"type":"Polygon","coordinates":[[[5.95503,35.56724],[5.95503,35.56724],[5.95504,35.56726],[5.95503,35.56724]]]}},{"type":"Feature","properties":{},"geometry":{"type":"Polygon","coordinates":[[[5.95498,35.56717],[5.95499,35.56719],[5.95496,35.56715],[5.95498,35.56717]]]}},{"type":"Feature","properties":{},"geometry":{"type":"Polygon","coordinates":[[[5.95483,35.567],[5.95486,35.56704],[5.9548,35.567],[5.95483,35.567]]]}},{"type":"Feature","properties":{},"geometry":{"type":"Polygon","coordinates":[[[5.95468,35.56698],[5.95468,35.56698],[5.95468,35.56698],[5.95468,35.56698]]]}},{"type":"Feature","properties":{},"geometry":{"type":"Polygon","coordinates":[[[5.95458,35.56701],[5.95464,35.56698],[5.95465,35.56698],[5.95458,35.56701]]]}},{"type":"Feature","properties":{},"geometry":{"type":"Polygon","coordinates":[[[5.95444,35.567],[5.95447,35.56703],[5.95447,35.56703],[5.95444,35.567]]]}},{"type":"Feature","properties":{},"geometry":{"type":"Polygon","coordinates":[[[5.95443,35.56698],[5.95443,35.56698],[5.95444,35.567],[5.95443,35.56698]]]}},{"type":"Feature","properties":{},"geometry":{"type":"Polygon","coordinates":[[[5.95439,35.56693],[5.9544,35.56694],[5.95438,35.56689],[5.95439,35.56693]]]}},{"type":"Feature","properties":{},"geometry":{"type":"Polygon","coordinates":[[[5.95438,35.56686],[5.95438,35.56686],[5.95438,35.56687],[5.95438,35.56686]]]}},{"type":"Feature","properties":{},"geometry":{"type":"Polygon","coordinates":[[[5.95432,35.56674],[5.95436,35.5668],[5.95434,35.56678],[5.95432,35.56674]]]}},{"type":"Feature","properties":{},"geometry":{"type":"Polygon","coordinates":[[[5.95416,35.56687],[5.95424,35.56675],[5.95421,35.56677],[5.9542,35.56678],[5.95419,35.56681],[5.95416,35.56687]]]}},{"type":"Feature","properties":{},"geometry":{"type":"Polygon","coordinates":[[[5.95409,35.56703],[5.95409,35.56703],[5.95403,35.5671],[5.95409,35.56703]]]}},{"type":"Feature","properties":{},"geometry":{"type":"Polygon","coordinates":[[[5.954,35.56721],[5.95403,35.56712],[5.95402,35.56716],[5.954,35.56721],[5.954,35.56723],[5.954,35.5673],[5.954,35.56721]]]}},{"type":"Feature","properties":{},"geometry":{"type":"Polygon","coordinates":[[[5.95403,35.56736],[5.95402,35.56735],[5.95404,35.56737],[5.95403,35.56736]]]}},{"type":"Feature","properties":{},"geometry":{"type":"Polygon","coordinates":[[[5.95409,35.56737],[5.95409,35.56737],[5.95408,35.56737],[5.95409,35.56737]]]}},{"type":"Feature","properties":{},"geometry":{"type":"Polygon","coordinates":[[[5.95412,35.56737],[5.95409,35.56737],[5.95413,35.56737],[5.95412,35.56737]]]}},{"type":"Feature","properties":{},"geometry":{"type":"Polygon","coordinates":[[[5.95419,35.56737],[5.95417,35.56737],[5.95422,35.56736],[5.95419,35.56737]]]}},{"type":"Feature","properties":{},"geometry":{"type":"Polygon","coordinates":[[[5.95431,35.56735],[5.95424,35.56736],[5.95434,35.56734],[5.95431,35.56735]]]}},{"type":"Feature","properties":{},"geometry":{"type":"Polygon","coordinates":[[[5.95439,35.56732],[5.95436,35.56734],[5.9544,35.56732],[5.95439,35.56732]]]}},{"type":"Feature","properties":{},"geometry":{"type":"Polygon","coordinates":[[[5.95445,35.56731],[5.95445,35.56731],[5.95444,35.56731],[5.95445,35.56731]]]}},{"type":"Feature","properties":{},"geometry":{"type":"Polygon","coordinates":[[[5.95455,35.56732],[5.95455,35.56732],[5.95454,35.56732],[5.95455,35.56732]]]}},{"type":"Feature","properties":{},"geometry":{"type":"Polygon","coordinates":[[[5.95457,35.56735],[5.95456,35.56733],[5.95456,35.56739],[5.95457,35.56735]]]}},{"type":"Feature","properties":{},"geometry":{"type":"Polygon","coordinates":[[[5.95449,35.56752],[5.95451,35.5675],[5.95446,35.56756],[5.95449,35.56752]]]}},{"type":"Feature","properties":{},"geometry":{"type":"Polygon","coordinates":[[[5.95434,35.56765],[5.9544,35.56761],[5.95443,35.5676],[5.95434,35.56765]]]}},{"type":"Feature","properties":{},"geometry":{"type":"Polygon","coordinates":[[[5.95434,35.56774],[5.95434,35.56774],[5.95429,35.56775],[5.95434,35.56774]]]}},{"type":"Feature","properties":{},"geometry":{"type":"Polygon","coordinates":[[[5.95444,35.56774],[5.95444,35.56774],[5.9544,35.56773],[5.95444,35.56774]]]}},{"type":"Feature","properties":{},"geometry":{"type":"Polygon","coordinates":[[[5.95457,35.56776],[5.95456,35.56775],[5.95458,35.56777],[5.95457,35.56776]]]}},{"type":"Feature","properties":{},"geometry":{"type":"Polygon","coordinates":[[[5.95458,35.56786],[5.95458,35.56786],[5.95458,35.56781],[5.95458,35.56786]]]}},{"type":"Feature","properties":{},"geometry":{"type":"Polygon","coordinates":[[[5.95448,35.56803],[5.95454,35.56795],[5.95455,35.56793],[5.95448,35.56803]]]}},{"type":"Feature","properties":{},"geometry":{"type":"Polygon","coordinates":[[[5.95446,35.56806],[5.95446,35.56806],[5.95448,35.56803],[5.95446,35.56806]]]}},{"type":"Feature","properties":{},"geometry":{"type":"Polygon","coordinates":[[[5.9544,35.56812],[5.9544,35.56812],[5.95433,35.56814],[5.9544,35.56812]]]}},{"type":"Feature","properties":{},"geometry":{"type":"Polygon","coordinates":[[[5.95424,35.56818],[5.95424,35.56818],[5.95426,35.56817],[5.95424,35.56818]]]}},{"type":"Feature","properties":{},"geometry":{"type":"Polygon","coordinates":[[[5.954,35.56828],[5.95408,35.56825],[5.95403,35.56828],[5.954,35.56828],[5.95397,35.56833],[5.95396,35.56834],[5.954,35.56828]]]}},{"type":"Feature","properties":{},"geometry":{"type":"Polygon","coordinates":[[[5.95391,35.56838],[5.95392,35.56837],[5.95389,35.5684],[5.95391,35.56838]]]}},{"type":"Feature","properties":{},"geometry":{"type":"Polygon","coordinates":[[[5.95388,35.56841],[5.95387,35.56842],[5.95388,35.56841],[5.95388,35.56841]]]}},{"type":"Feature","properties":{},"geometry":{"type":"Polygon","coordinates":[[[5.95379,35.56846],[5.95379,35.56846],[5.9538,35.56845],[5.95379,35.56846]]]}},{"type":"Feature","properties":{},"geometry":{"type":"Polygon","coordinates":[[[5.95372,35.56852],[5.95376,35.56848],[5.95371,35.56853],[5.95372,35.56852]]]}},{"type":"Feature","properties":{},"geometry":{"type":"Polygon","coordinates":[[[5.95366,35.56858],[5.95371,35.56854],[5.95365,35.56859],[5.95366,35.56858]]]}},{"type":"Feature","properties":{},"geometry":{"type":"Polygon","coordinates":[[[5.95357,35.56865],[5.95357,35.56865],[5.95361,35.56862],[5.95357,35.56865]]]}},{"type":"Feature","properties":{},"geometry":{"type":"Polygon","coordinates":[[[5.95349,35.56879],[5.95349,35.56879],[5.95351,35.56877],[5.95349,35.56879]]]}},{"type":"Feature","properties":{},"geometry":{"type":"Polygon","coordinates":[[[5.95354,35.56896],[5.95349,35.56894],[5.95356,35.56895],[5.95354,35.56896]]]}},{"type":"Feature","properties":{},"geometry":{"type":"Polygon","coordinates":[[[5.95363,35.56893],[5.95363,35.56893],[5.95362,35.56894],[5.95363,35.56893]]]}},{"type":"Feature","properties":{},"geometry":{"type":"Polygon","coordinates":[[[5.95372,35.5689],[5.95372,35.5689],[5.95371,35.5689],[5.95372,35.5689]]]}},{"type":"Feature","properties":{},"geometry":{"type":"Polygon","coordinates":[[[5.95395,35.56885],[5.95395,35.56885],[5.95393,35.56885],[5.95395,35.56885]]]}},{"type":"Feature","properties":{},"geometry":{"type":"Polygon","coordinates":[[[5.95408,35.56879],[5.95408,35.56879],[5.95407,35.5688],[5.95408,35.56879]]]}},{"type":"Feature","properties":{},"geometry":{"type":"Polygon","coordinates":[[[5.95429,35.56867],[5.95417,35.56874],[5.95421,35.56871],[5.95429,35.56867]]]}},{"type":"Feature","properties":{},"geometry":{"type":"Polygon","coordinates":[[[5.95439,35.56857],[5.95432,35.56863],[5.95437,35.56859],[5.95439,35.56857]]]}},{"type":"Feature","properties":{},"geometry":{"type":"Polygon","coordinates":[[[5.96313,35.56683],[5.96306,35.56689],[5.96313,35.56683],[5.96313,35.56683]]]}},{"type":"Feature","properties":{},"geometry":{"type":"Polygon","coordinates":[[[5.96319,35.56677],[5.96317,35.56679],[5.96321,35.56676],[5.96319,35.56677]]]}},{"type":"Feature","properties":{},"geometry":{"type":"Polygon","coordinates":[[[5.96325,35.56671],[5.96322,35.56674],[5.96325,35.56671],[5.96327,35.56668],[5.96332,35.56662],[5.96325,35.56671]]]}},{"type":"Feature","properties":{},"geometry":{"type":"Polygon","coordinates":[[[5.96343,35.56653],[5.96338,35.56658],[5.9634,35.56655],[5.96343,35.56653]]]}},{"type":"Feature","properties":{},"geometry":{"type":"Polygon","coordinates":[[[5.96345,35.56645],[5.96345,35.56645],[5.96345,35.56646],[5.96345,35.56645]]]}},{"type":"Feature","properties":{},"geometry":{"type":"Polygon","coordinates":[[[5.96352,35.56632],[5.96349,35.56637],[5.96352,35.56633],[5.96352,35.56632]]]}},{"type":"Feature","properties":{},"geometry":{"type":"Polygon","coordinates":[[[5.96371,35.56608],[5.96364,35.56618],[5.96381,35.566],[5.96371,35.56608]]]}},{"type":"Feature","properties":{},"geometry":{"type":"Polygon","coordinates":[[[5.96385,35.56596],[5.96382,35.56599],[5.96387,35.56594],[5.96385,35.56596]]]}},{"type":"Feature","properties":{},"geometry":{"type":"Polygon","coordinates":[[[5.96402,35.56577],[5.96399,35.5658],[5.96403,35.56574],[5.96402,35.56577]]]}},{"type":"Feature","properties":{},"geometry":{"type":"Polygon","coordinates":[[[5.96403,35.56574],[5.96403,35.56574],[5.96403,35.56574],[5.96403,35.56574]]]}},{"type":"Feature","properties":{},"geometry":{"type":"Polygon","coordinates":[[[5.96413,35.5655],[5.96408,35.56562],[5.96407,35.56565],[5.96409,35.56558],[5.96413,35.5655]]]}},{"type":"Feature","properties":{},"geometry":{"type":"Polygon","coordinates":[[[5.96414,35.56544],[5.96414,35.56544],[5.96414,35.56547],[5.96414,35.56544]]]}},{"type":"Feature","properties":{},"geometry":{"type":"Polygon","coordinates":[[[5.96415,35.56537],[5.96415,35.56538],[5.96414,35.56534],[5.96415,35.56537]]]}},{"type":"Feature","properties":{},"geometry":{"type":"Polygon","coordinates":[[[5.96412,35.56521],[5.96413,35.56524],[5.96412,35.56521],[5.96411,35.56517],[5.9641,35.56515],[5.96412,35.56521]]]}},{"type":"Feature","properties":{},"geometry":{"type":"Polygon","coordinates":[[[5.96397,35.56502],[5.96397,35.56502],[5.96399,35.56503],[5.96397,35.56502]]]}},{"type":"Feature","properties":{},"geometry":{"type":"Polygon","coordinates":[[[5.96388,35.56497],[5.96391,35.56498],[5.96387,35.56496],[5.96388,35.56497]]]}},{"type":"Feature","properties":{},"geometry":{"type":"Polygon","coordinates":[[[5.96382,35.56495],[5.96382,35.56495],[5.96383,35.56495],[5.96382,35.56495]]]}},{"type":"Feature","properties":{},"geometry":{"type":"Polygon","coordinates":[[[5.96374,35.56496],[5.96382,35.56495],[5.96372,35.56498],[5.96374,35.56496]]]}},{"type":"Feature","properties":{},"geometry":{"type":"Polygon","coordinates":[[[5.96364,35.56503],[5.96371,35.56498],[5.96363,35.56503],[5.96364,35.56503]]]}},{"type":"Feature","properties":{},"geometry":{"type":"Polygon","coordinates":[[[5.96354,35.56515],[5.9636,35.56505],[5.96357,35.56511],[5.96354,35.56515]]]}},{"type":"Feature","properties":{},"geometry":{"type":"Polygon","coordinates":[[[5.9635,35.56525],[5.96351,35.56521],[5.96349,35.56526],[5.9635,35.56525]]]}},{"type":"Feature","properties":{},"geometry":{"type":"Polygon","coordinates":[[[5.96342,35.56536],[5.96344,35.56534],[5.9634,35.56537],[5.96342,35.56536]]]}},{"type":"Feature","properties":{},"geometry":{"type":"Polygon","coordinates":[[[5.96323,35.56542],[5.96333,35.5654],[5.96331,35.56541],[5.96326,35.56542],[5.96323,35.56542]]]}},{"type":"Feature","properties":{},"geometry":{"type":"Polygon","coordinates":[[[5.96311,35.56544],[5.96311,35.56544],[5.96313,35.56544],[5.96311,35.56544]]]}},{"type":"Feature","properties":{},"geometry":{"type":"Polygon","coordinates":[[[5.96297,35.5655],[5.96303,35.56548],[5.96297,35.5655],[5.96293,35.56553],[5.96292,35.56554],[5.96297,35.5655]]]}},{"type":"Feature","properties":{},"geometry":{"type":"Polygon","coordinates":[[[5.96291,35.56558],[5.96291,35.56556],[5.96291,35.56563],[5.96291,35.56558]]]}},{"type":"Feature","properties":{},"geometry":{"type":"Polygon","coordinates":[[[5.96291,35.56582],[5.96291,35.5657],[5.96291,35.56577],[5.96291,35.56582]]]}},{"type":"Feature","properties":{},"geometry":{"type":"Polygon","coordinates":[[[5.96289,35.56592],[5.9629,35.56589],[5.96288,35.56594],[5.96289,35.56592]]]}},{"type":"Feature","properties":{},"geometry":{"type":"Polygon","coordinates":[[[5.96283,35.56605],[5.96288,35.56595],[5.96282,35.56606],[5.96283,35.56605]]]}},{"type":"Feature","properties":{},"geometry":{"type":"Polygon","coordinates":[[[5.96268,35.56618],[5.96279,35.5661],[5.96275,35.56614],[5.96268,35.56618]]]}},{"type":"Feature","properties":{},"geometry":{"type":"Polygon","coordinates":[[[5.96262,35.56624],[5.96262,35.56624],[5.96263,35.56623],[5.96262,35.56624]]]}},{"type":"Feature","properties":{},"geometry":{"type":"Polygon","coordinates":[[[5.97005,35.56098],[5.97005,35.56098],[5.97005,35.56101],[5.97005,35.56098]]]}},{"type":"Feature","properties":{},"geometry":{"type":"Polygon","coordinates":[[[5.97012,35.56083],[5.9701,35.56088],[5.97012,35.56083],[5.97012,35.56083]]]}},{"type":"Feature","properties":{},"geometry":{"type":"Polygon","coordinates":[[[5.97028,35.56086],[5.97017,35.56081],[5.9703,35.56087],[5.97028,35.56086]]]}},{"type":"Feature","properties":{},"geometry":{"type":"Polygon","coordinates":[[[5.97003,35.56007],[5.97018,35.56001],[5.96989,35.56008],[5.97003,35.56007]]]}},{"type":"Feature","properties":{},"geometry":{"type":"Polygon","coordinates":[[[5.98097,35.55998],[5.981,35.55996],[5.9809,35.56002],[5.98097,35.55998]]]}},{"type":"Feature","properties":{},"geometry":{"type":"Polygon","coordinates":[[[5.9809,35.56002],[5.9809,35.56002],[5.9809,35.56002],[5.9809,35.56002]]]}},{"type":"Feature","properties":{},"geometry":{"type":"Polygon","coordinates":[[[5.9809,35.56009],[5.9809,35.56005],[5.9809,35.56009],[5.9809,35.56009]]]}},{"type":"Feature","properties":{},"geometry":{"type":"Polygon","coordinates":[[[5.98097,35.56011],[5.98097,35.56011],[5.98094,35.56011],[5.98097,35.56011]]]}},{"type":"Feature","properties":{},"geometry":{"type":"Polygon","coordinates":[[[5.98164,35.55974],[5.98164,35.55974],[5.98164,35.55974],[5.98164,35.55974]]]}},{"type":"Feature","properties":{},"geometry":{"type":"Polygon","coordinates":[[[5.98168,35.5597],[5.98168,35.55971],[5.98168,35.55971],[5.98168,35.5597]]]}},{"type":"Feature","properties":{},"geometry":{"type":"Polygon","coordinates":[[[5.98173,35.55963],[5.98173,35.55963],[5.98172,35.55964],[5.98173,35.55963]]]}},{"type":"Feature","properties":{},"geometry":{"type":"Polygon","coordinates":[[[5.98175,35.5596],[5.98173,35.55963],[5.98175,35.5596],[5.98175,35.5596]]]}},{"type":"Feature","properties":{},"geometry":{"type":"Polygon","coordinates":[[[5.98178,35.55953],[5.98178,35.55953],[5.98177,35.55955],[5.98178,35.55953]]]}},{"type":"Feature","properties":{},"geometry":{"type":"Polygon","coordinates":[[[5.98182,35.55947],[5.98182,35.55947],[5.98182,35.55948],[5.98182,35.55947]]]}},{"type":"Feature","properties":{},"geometry":{"type":"Polygon","coordinates":[[[5.98186,35.55943],[5.98186,35.55943],[5.98185,35.55945],[5.98186,35.55943]]]}},{"type":"Feature","properties":{},"geometry":{"type":"Polygon","coordinates":[[[5.98186,35.55932],[5.98188,35.55933],[5.98188,35.55933],[5.98186,35.55932]]]}},{"type":"Feature","properties":{},"geometry":{"type":"Polygon","coordinates":[[[5.98184,35.5593],[5.98184,35.5593],[5.98184,35.5593],[5.98184,35.5593]]]}},{"type":"Feature","properties":{},"geometry":{"type":"Polygon","coordinates":[[[5.98178,35.55925],[5.98183,35.5593],[5.98182,35.55929],[5.98178,35.55925]]]}},{"type":"Feature","properties":{},"geometry":{"type":"Polygon","coordinates":[[[5.98169,35.55923],[5.98174,35.55924],[5.98175,35.55924],[5.98169,35.55923]]]}},{"type":"Feature","properties":{},"geometry":{"type":"Polygon","coordinates":[[[5.98158,35.55923],[5.98163,35.55922],[5.98157,35.55923],[5.98158,35.55923]]]}},{"type":"Feature","properties":{},"geometry":{"type":"Polygon","coordinates":[[[5.96441,35.55459],[5.96454,35.55457],[5.96454,35.55457],[5.96441,35.55459]]]}},{"type":"Feature","properties":{},"geometry":{"type":"Polygon","coordinates":[[[5.96424,35.55541],[5.96425,35.55542],[5.96424,35.55541],[5.96424,35.55541]]]}},{"type":"Feature","properties":{},"geometry":{"type":"Polygon","coordinates":[[[5.96435,35.55547],[5.96435,35.55547],[5.96435,35.55547],[5.96435,35.55547]]]}},{"type":"Feature","properties":{},"geometry":{"type":"Polygon","coordinates":[[[5.96449,35.55567],[5.96442,35.55555],[5.96443,35.55556],[5.96447,35.55562],[5.96449,35.55567],[5.96461,35.55561],[5.96449,35.55567]]]}},{"type":"Feature","properties":{},"geometry":{"type":"Polygon","coordinates":[[[5.96467,35.55554],[5.96465,35.55557],[5.96467,35.55554],[5.96471,35.55549],[5.96476,35.55542],[5.96475,35.55538],[5.96479,35.55525],[5.96476,35.55542],[5.96467,35.55554]]]}},{"type":"Feature","properties":{},"geometry":{"type":"Polygon","coordinates":[[[5.96478,35.5552],[5.96479,35.55525],[5.96479,35.55525],[5.96478,35.5552]]]}},{"type":"Feature","properties":{},"geometry":{"type":"Polygon","coordinates":[[[5.9647,35.55508],[5.96476,35.55518],[5.96477,35.55491],[5.9647,35.55508]]]}},{"type":"Feature","properties":{},"geometry":{"type":"Polygon","coordinates":[[[5.96484,35.55486],[5.96484,35.55486],[5.96483,35.55486],[5.96484,35.55486]]]}},{"type":"Feature","properties":{},"geometry":{"type":"Polygon","coordinates":[[[5.96486,35.5548],[5.96484,35.55486],[5.96488,35.55477],[5.96486,35.5548]]]}},{"type":"Feature","properties":{},"geometry":{"type":"Polygon","coordinates":[[[5.96477,35.55457],[5.9648,35.55457],[5.96472,35.55458],[5.96477,35.55457]]]}},{"type":"Feature","properties":{},"geometry":{"type":"Polygon","coordinates":[[[5.96462,35.55459],[5.96463,35.55459],[5.96454,35.55457],[5.96462,35.55459]]]}},{"type":"Feature","properties":{},"geometry":{"type":"Polygon","coordinates":[[[5.94394,35.56341],[5.94397,35.56344],[5.94392,35.56341],[5.94394,35.56341]]]}},{"type":"Feature","properties":{},"geometry":{"type":"Polygon","coordinates":[[[5.94377,35.56342],[5.94381,35.56342],[5.94373,35.56344],[5.94377,35.56342]]]}},{"type":"Feature","properties":{},"geometry":{"type":"Polygon","coordinates":[[[5.94365,35.56346],[5.94371,35.56345],[5.94373,35.56344],[5.94365,35.56346]]]}},{"type":"Feature","properties":{},"geometry":{"type":"Polygon","coordinates":[[[5.94356,35.56349],[5.94362,35.56347],[5.94363,35.56347],[5.94356,35.56349]]]}},{"type":"Feature","properties":{},"geometry":{"type":"Polygon","coordinates":[[[5.94352,35.5635],[5.94355,35.56349],[5.9435,35.5635],[5.94352,35.5635]]]}},{"type":"Feature","properties":{},"geometry":{"type":"Polygon","coordinates":[[[5.94346,35.56351],[5.94346,35.56351],[5.94346,35.56351],[5.94346,35.56351]]]}},{"type":"Feature","properties":{},"geometry":{"type":"Polygon","coordinates":[[[5.94344,35.56352],[5.94343,35.56352],[5.94344,35.56352],[5.94344,35.56352]]]}},{"type":"Feature","properties":{},"geometry":{"type":"Polygon","coordinates":[[[5.94331,35.56355],[5.9434,35.56353],[5.94336,35.56354],[5.94334,35.56355],[5.94331,35.56355],[5.94329,35.56356],[5.94331,35.56355]]]}},{"type":"Feature","properties":{},"geometry":{"type":"Polygon","coordinates":[[[5.94315,35.56365],[5.94319,35.56361],[5.94312,35.56368],[5.94315,35.56365]]]}},{"type":"Feature","properties":{},"geometry":{"type":"Polygon","coordinates":[[[5.94307,35.56371],[5.94308,35.56371],[5.94307,35.56371],[5.94307,35.56371]]]}},{"type":"Feature","properties":{},"geometry":{"type":"Polygon","coordinates":[[[5.94305,35.56372],[5.94305,35.56372],[5.94307,35.56371],[5.94305,35.56372]]]}},{"type":"Feature","properties":{},"geometry":{"type":"Polygon","coordinates":[[[5.94303,35.56375],[5.94303,35.56375],[5.94304,35.56374],[5.94303,35.56375]]]}},{"type":"Feature","properties":{},"geometry":{"type":"Polygon","coordinates":[[[5.94293,35.56383],[5.94295,35.56382],[5.94292,35.56384],[5.94293,35.56383]]]}},{"type":"Feature","properties":{},"geometry":{"type":"Polygon","coordinates":[[[5.94289,35.56386],[5.9429,35.56386],[5.94289,35.56386],[5.94289,35.56386]]]}},{"type":"Feature","properties":{},"geometry":{"type":"Polygon","coordinates":[[[5.94286,35.56388],[5.94286,35.56388],[5.94287,35.56388],[5.94286,35.56388]]]}},{"type":"Feature","properties":{},"geometry":{"type":"Polygon","coordinates":[[[5.94267,35.56389],[5.94271,35.56389],[5.94273,35.56389],[5.94267,35.56389]]]}},{"type":"Feature","properties":{},"geometry":{"type":"Polygon","coordinates":[[[5.94258,35.5639],[5.94258,35.5639],[5.94258,35.5639],[5.94258,35.5639]]]}},{"type":"Feature","properties":{},"geometry":{"type":"Polygon","coordinates":[[[5.94253,35.56392],[5.94253,35.56392],[5.94253,35.56392],[5.94253,35.56392]]]}},{"type":"Feature","properties":{},"geometry":{"type":"Polygon","coordinates":[[[5.94245,35.56395],[5.94248,35.56394],[5.94244,35.56396],[5.94245,35.56395]]]}},{"type":"Feature","properties":{},"geometry":{"type":"Polygon","coordinates":[[[5.94239,35.56398],[5.94239,35.56398],[5.94241,35.56397],[5.94239,35.56398]]]}},{"type":"Feature","properties":{},"geometry":{"type":"Polygon","coordinates":[[[5.94236,35.56401],[5.94238,35.56399],[5.94235,35.56402],[5.94236,35.56401]]]}},{"type":"Feature","properties":{},"geometry":{"type":"Polygon","coordinates":[[[5.94233,35.56406],[5.94234,35.56403],[5.94235,35.56402],[5.94234,35.56403],[5.94234,35.56405],[5.94233,35.56406]]]}},{"type":"Feature","properties":{},"geometry":{"type":"Polygon","coordinates":[[[5.94233,35.56407],[5.94233,35.56407],[5.94233,35.56407],[5.94233,35.56407]]]}},{"type":"Feature","properties":{},"geometry":{"type":"Polygon","coordinates":[[[5.94234,35.56413],[5.94233,35.56411],[5.94233,35.56411],[5.94234,35.56413]]]}},{"type":"Feature","properties":{},"geometry":{"type":"Polygon","coordinates":[[[5.94236,35.56416],[5.94235,35.56416],[5.94236,35.56417],[5.94236,35.56416]]]}},{"type":"Feature","properties":{},"geometry":{"type":"Polygon","coordinates":[[[5.94242,35.5642],[5.94242,35.5642],[5.9424,35.5642],[5.94242,35.5642]]]}},{"type":"Feature","properties":{},"geometry":{"type":"Polygon","coordinates":[[[5.94247,35.56424],[5.94244,35.56422],[5.94247,35.56424],[5.9425,35.56424],[5.94252,35.56425],[5.9425,35.56424],[5.94247,35.56424]]]}},{"type":"Feature","properties":{},"geometry":{"type":"Polygon","coordinates":[[[5.94252,35.56425],[5.94253,35.56426],[5.94252,35.56425],[5.94252,35.56425]]]}},{"type":"Feature","properties":{},"geometry":{"type":"Polygon","coordinates":[[[5.94258,35.56428],[5.94254,35.56427],[5.94254,35.56427],[5.94256,35.56428],[5.94258,35.56428]]]}},{"type":"Feature","properties":{},"geometry":{"type":"Polygon","coordinates":[[[5.94272,35.56428],[5.94268,35.56428],[5.94273,35.56428],[5.94272,35.56428]]]}},{"type":"Feature","properties":{},"geometry":{"type":"Polygon","coordinates":[[[5.94275,35.56428],[5.94275,35.56428],[5.94274,35.56428],[5.94275,35.56428]]]}},{"type":"Feature","properties":{},"geometry":{"type":"Polygon","coordinates":[[[5.9428,35.56427],[5.9428,35.56427],[5.9428,35.56427],[5.9428,35.56427]]]}},{"type":"Feature","properties":{},"geometry":{"type":"Polygon","coordinates":[[[5.94284,35.56425],[5.94282,35.56426],[5.94282,35.56426],[5.94284,35.56425]]]}},{"type":"Feature","properties":{},"geometry":{"type":"Polygon","coordinates":[[[5.94287,35.56424],[5.94287,35.56424],[5.94286,35.56425],[5.94287,35.56424]]]}},{"type":"Feature","properties":{},"geometry":{"type":"Polygon","coordinates":[[[5.94307,35.56414],[5.94302,35.56416],[5.94301,35.56417],[5.94304,35.56415],[5.94307,35.56414],[5.94308,35.56412],[5.94307,35.56414]]]}},{"type":"Feature","properties":{},"geometry":{"type":"Polygon","coordinates":[[[5.94314,35.56409],[5.94314,35.56409],[5.94313,35.5641],[5.94314,35.56409]]]}},{"type":"Feature","properties":{},"geometry":{"type":"Polygon","coordinates":[[[5.94328,35.56407],[5.94328,35.56407],[5.94329,35.56409],[5.94328,35.56407]]]}},{"type":"Feature","properties":{},"geometry":{"type":"Polygon","coordinates":[[[5.94327,35.56415],[5.94327,35.56415],[5.94328,35.56414],[5.94327,35.56415]]]}},{"type":"Feature","properties":{},"geometry":{"type":"Polygon","coordinates":[[[5.94324,35.56419],[5.94326,35.56419],[5.94326,35.56419],[5.94324,35.56419]]]}},{"type":"Feature","properties":{},"geometry":{"type":"Polygon","coordinates":[[[5.94315,35.56427],[5.94319,35.56424],[5.94318,35.56425],[5.94315,35.56427],[5.94314,35.56429],[5.94315,35.56427]]]}},{"type":"Feature","properties":{},"geometry":{"type":"Polygon","coordinates":[[[5.94311,35.56433],[5.94311,35.56433],[5.9431,35.56434],[5.94311,35.56433]]]}},{"type":"Feature","properties":{},"geometry":{"type":"Polygon","coordinates":[[[5.943,35.56443],[5.94305,35.56438],[5.94304,35.5644],[5.943,35.56443]]]}},{"type":"Feature","properties":{},"geometry":{"type":"Polygon","coordinates":[[[5.94299,35.56447],[5.94299,35.56445],[5.943,35.56444],[5.94299,35.56447]]]}},{"type":"Feature","properties":{},"geometry":{"type":"Polygon","coordinates":[[[5.94301,35.56451],[5.94301,35.56451],[5.94301,35.5645],[5.94301,35.56451]]]}},{"type":"Feature","properties":{},"geometry":{"type":"Polygon","coordinates":[[[5.94304,35.56455],[5.94302,35.56454],[5.94304,35.56455],[5.94304,35.56455]]]}},{"type":"Feature","properties":{},"geometry":{"type":"Polygon","coordinates":[[[5.9431,35.56464],[5.9431,35.56464],[5.94309,35.56462],[5.9431,35.56464]]]}},{"type":"Feature","properties":{},"geometry":{"type":"Polygon","coordinates":[[[5.94314,35.56466],[5.94314,35.56466],[5.94313,35.56466],[5.94314,35.56466]]]}},{"type":"Feature","properties":{},"geometry":{"type":"Polygon","coordinates":[[[5.94325,35.56466],[5.94323,35.56466],[5.94325,35.56466],[5.94329,35.56464],[5.9433,35.56463],[5.94325,35.56466]]]}},{"type":"Feature","properties":{},"geometry":{"type":"Polygon","coordinates":[[[5.94337,35.5646],[5.94333,35.56462],[5.94331,35.56463],[5.94337,35.5646]]]}},{"type":"Feature","properties":{},"geometry":{"type":"Polygon","coordinates":[[[5.9434,35.56457],[5.94339,35.56458],[5.94337,35.56459],[5.94339,35.56458],[5.9434,35.56457],[5.94342,35.56455],[5.9434,35.56457]]]}},{"type":"Feature","properties":{},"geometry":{"type":"Polygon","coordinates":[[[5.9435,35.56448],[5.94349,35.5645],[5.94349,35.5645],[5.9435,35.56448]]]}},{"type":"Feature","properties":{},"geometry":{"type":"Polygon","coordinates":[[[5.94362,35.56438],[5.94362,35.56438],[5.94363,35.56436],[5.94365,35.56433],[5.94367,35.56431],[5.94362,35.56438]]]}},{"type":"Feature","properties":{},"geometry":{"type":"Polygon","coordinates":[[[5.94377,35.56419],[5.94376,35.5642],[5.94379,35.56417],[5.94377,35.56419]]]}},{"type":"Feature","properties":{},"geometry":{"type":"Polygon","coordinates":[[[5.94384,35.56412],[5.94379,35.56417],[5.94386,35.5641],[5.94384,35.56412]]]}},{"type":"Feature","properties":{},"geometry":{"type":"Polygon","coordinates":[[[5.94392,35.56403],[5.94387,35.56409],[5.94394,35.56401],[5.94392,35.56403]]]}},{"type":"Feature","properties":{},"geometry":{"type":"Polygon","coordinates":[[[5.95689,35.56541],[5.95699,35.56541],[5.95687,35.56541],[5.95689,35.56541]]]}},{"type":"Feature","properties":{},"geometry":{"type":"Polygon","coordinates":[[[5.95674,35.56547],[5.95684,35.56542],[5.9568,35.56545],[5.95674,35.56547],[5.95671,35.56549],[5.95674,35.56547]]]}},{"type":"Feature","properties":{},"geometry":{"type":"Polygon","coordinates":[[[5.95665,35.56557],[5.95671,35.56549],[5.9567,35.56552],[5.95665,35.56557]]]}},{"type":"Feature","properties":{},"geometry":{"type":"Polygon","coordinates":[[[5.95657,35.56567],[5.95654,35.5657],[5.95657,35.56567],[5.95657,35.56567]]]}},{"type":"Feature","properties":{},"geometry":{"type":"Polygon","coordinates":[[[5.95653,35.56573],[5.95654,35.5657],[5.95653,35.56574],[5.95653,35.56573]]]}},{"type":"Feature","properties":{},"geometry":{"type":"Polygon","coordinates":[[[5.95651,35.56583],[5.95651,35.56583],[5.95651,35.56581],[5.95651,35.56583]]]}},{"type":"Feature","properties":{},"geometry":{"type":"Polygon","coordinates":[[[5.95653,35.56599],[5.95653,35.56599],[5.95652,35.56598],[5.95653,35.56599]]]}},{"type":"Feature","properties":{},"geometry":{"type":"Polygon","coordinates":[[[5.95665,35.56617],[5.95659,35.56613],[5.95659,35.56613],[5.95665,35.56617]]]}},{"type":"Feature","properties":{},"geometry":{"type":"Polygon","coordinates":[[[5.95673,35.56616],[5.95673,35.56616],[5.95672,35.56617],[5.95673,35.56616]]]}},{"type":"Feature","properties":{},"geometry":{"type":"Polygon","coordinates":[[[5.95676,35.56612],[5.95676,35.56612],[5.95674,35.56616],[5.95676,35.56612]]]}},{"type":"Feature","properties":{},"geometry":{"type":"Polygon","coordinates":[[[5.95682,35.56605],[5.95682,35.56605],[5.95681,35.56606],[5.95682,35.56605]]]}},{"type":"Feature","properties":{},"geometry":{"type":"Polygon","coordinates":[[[5.95698,35.56586],[5.95695,35.5659],[5.95698,35.56585],[5.95698,35.56586]]]}},{"type":"Feature","properties":{},"geometry":{"type":"Polygon","coordinates":[[[5.95704,35.56571],[5.95703,35.56575],[5.95705,35.56569],[5.95704,35.56571]]]}},{"type":"Feature","properties":{},"geometry":{"type":"Polygon","coordinates":[[[5.95708,35.56562],[5.95708,35.56562],[5.95707,35.56563],[5.95708,35.56562]]]}},{"type":"Feature","properties":{},"geometry":{"type":"Polygon","coordinates":[[[5.95709,35.56548],[5.95709,35.56554],[5.95707,35.56541],[5.95709,35.56548]]]}},{"type":"Feature","properties":{},"geometry":{"type":"Polygon","coordinates":[[[5.95707,35.56541],[5.95707,35.56541],[5.95705,35.56541],[5.95707,35.56541]]]}},{"type":"Feature","properties":{},"geometry":{"type":"Polygon","coordinates":[[[5.95739,35.56539],[5.95739,35.56536],[5.9574,35.56541],[5.95739,35.56539]]]}},{"type":"Feature","properties":{},"geometry":{"type":"Polygon","coordinates":[[[5.95743,35.56545],[5.95742,35.56544],[5.95745,35.56546],[5.95743,35.56545]]]}},{"type":"Feature","properties":{},"geometry":{"type":"Polygon","coordinates":[[[5.95757,35.56549],[5.9575,35.56548],[5.95761,35.56549],[5.95757,35.56549]]]}},{"type":"Feature","properties":{},"geometry":{"type":"Polygon","coordinates":[[[5.95774,35.56544],[5.95768,35.56547],[5.95779,35.56541],[5.95774,35.56544]]]}},{"type":"Feature","properties":{},"geometry":{"type":"Polygon","coordinates":[[[5.95791,35.56531],[5.95791,35.56531],[5.9579,35.56533],[5.95791,35.56531]]]}},{"type":"Feature","properties":{},"geometry":{"type":"Polygon","coordinates":[[[5.95803,35.5652],[5.95803,35.5652],[5.95801,35.56522],[5.95803,35.5652]]]}},{"type":"Feature","properties":{},"geometry":{"type":"Polygon","coordinates":[[[5.9582,35.56501],[5.95816,35.56506],[5.95824,35.56498],[5.9582,35.56501]]]}},{"type":"Feature","properties":{},"geometry":{"type":"Polygon","coordinates":[[[5.95828,35.56494],[5.95828,35.56494],[5.95826,35.56496],[5.95828,35.56494]]]}},{"type":"Feature","properties":{},"geometry":{"type":"Polygon","coordinates":[[[5.95833,35.56489],[5.95833,35.56489],[5.95832,35.56489],[5.95833,35.56489]]]}},{"type":"Feature","properties":{},"geometry":{"type":"Polygon","coordinates":[[[5.95839,35.56481],[5.95839,35.56481],[5.95838,35.56483],[5.95839,35.56481]]]}},{"type":"Feature","properties":{},"geometry":{"type":"Polygon","coordinates":[[[5.95843,35.56464],[5.95842,35.5647],[5.95844,35.56462],[5.95843,35.56464]]]}},{"type":"Feature","properties":{},"geometry":{"type":"Polygon","coordinates":[[[5.95845,35.56454],[5.95844,35.56459],[5.95844,35.56451],[5.95845,35.56454]]]}},{"type":"Feature","properties":{},"geometry":{"type":"Polygon","coordinates":[[[5.95829,35.56446],[5.95844,35.56447],[5.95824,35.56451],[5.95829,35.56446]]]}},{"type":"Feature","properties":{},"geometry":{"type":"Polygon","coordinates":[[[5.95819,35.56456],[5.95819,35.56456],[5.95822,35.56453],[5.95819,35.56456]]]}},{"type":"Feature","properties":{},"geometry":{"type":"Polygon","coordinates":[[[5.95817,35.56458],[5.95817,35.56458],[5.95819,35.56456],[5.95817,35.56458]]]}},{"type":"Feature","properties":{},"geometry":{"type":"Polygon","coordinates":[[[5.95811,35.56462],[5.95815,35.56461],[5.95806,35.56463],[5.95811,35.56462]]]}},{"type":"Feature","properties":{},"geometry":{"type":"Polygon","coordinates":[[[5.958,35.56466],[5.95802,35.56465],[5.958,35.56466],[5.958,35.56466]]]}},{"type":"Feature","properties":{},"geometry":{"type":"Polygon","coordinates":[[[5.95797,35.56469],[5.95797,35.56469],[5.95797,35.56469],[5.95797,35.56469]]]}},{"type":"Feature","properties":{},"geometry":{"type":"Polygon","coordinates":[[[5.95785,35.56478],[5.9578,35.5648],[5.95785,35.56478],[5.95785,35.56478]]]}},{"type":"Feature","properties":{},"geometry":{"type":"Polygon","coordinates":[[[5.95774,35.56484],[5.95774,35.56484],[5.95778,35.56481],[5.95774,35.56484]]]}},{"type":"Feature","properties":{},"geometry":{"type":"Polygon","coordinates":[[[5.95761,35.56498],[5.95761,35.56498],[5.95762,35.56496],[5.95761,35.56498]]]}},{"type":"Feature","properties":{},"geometry":{"type":"Polygon","coordinates":[[[5.95755,35.56506],[5.95755,35.56506],[5.95755,35.56505],[5.95755,35.56506]]]}},{"type":"Feature","properties":{},"geometry":{"type":"Polygon","coordinates":[[[5.95744,35.56518],[5.95752,35.56508],[5.95749,35.56513],[5.95744,35.56518],[5.95743,35.56523],[5.95742,35.56526],[5.95741,35.56527],[5.95744,35.56518]]]}},{"type":"Feature","properties":{},"geometry":{"type":"Polygon","coordinates":[[[5.96095,35.56202],[5.96095,35.56202],[5.96094,35.56202],[5.96095,35.56202]]]}},{"type":"Feature","properties":{},"geometry":{"type":"Polygon","coordinates":[[[5.96109,35.56197],[5.96098,35.56201],[5.96099,35.562],[5.96103,35.56198],[5.96109,35.56197]]]}},{"type":"Feature","properties":{},"geometry":{"type":"Polygon","coordinates":[[[5.96126,35.5619],[5.96122,35.56192],[5.96129,35.56188],[5.96126,35.5619]]]}},{"type":"Feature","properties":{},"geometry":{"type":"Polygon","coordinates":[[[5.96131,35.56185],[5.96129,35.56188],[5.96133,35.56184],[5.96131,35.56185]]]}},{"type":"Feature","properties":{},"geometry":{"type":"Polygon","coordinates":[[[5.96142,35.56176],[5.96142,35.56176],[5.96141,35.56177],[5.96142,35.56176]]]}},{"type":"Feature","properties":{},"geometry":{"type":"Polygon","coordinates":[[[5.96142,35.56174],[5.96142,35.56174],[5.96142,35.56174],[5.96142,35.56174]]]}},{"type":"Feature","properties":{},"geometry":{"type":"Polygon","coordinates":[[[5.96137,35.56165],[5.96142,35.56174],[5.96135,35.56163],[5.96137,35.56165]]]}},{"type":"Feature","properties":{},"geometry":{"type":"Polygon","coordinates":[[[5.96132,35.56158],[5.96133,35.56161],[5.96132,35.56158],[5.96129,35.56156],[5.96128,35.56154],[5.96129,35.56156],[5.96132,35.56158]]]}},{"type":"Feature","properties":{},"geometry":{"type":"Polygon","coordinates":[[[5.96124,35.56149],[5.96124,35.56149],[5.96125,35.5615],[5.96124,35.56149]]]}},{"type":"Feature","properties":{},"geometry":{"type":"Polygon","coordinates":[[[5.96122,35.56146],[5.96122,35.56146],[5.96122,35.56146],[5.96122,35.56146]]]}},{"type":"Feature","properties":{},"geometry":{"type":"Polygon","coordinates":[[[5.96117,35.5614],[5.96117,35.5614],[5.96118,35.56141],[5.96117,35.5614]]]}},{"type":"Feature","properties":{},"geometry":{"type":"Polygon","coordinates":[[[5.96111,35.56131],[5.96111,35.56131],[5.96114,35.56134],[5.96111,35.56131]]]}},{"type":"Feature","properties":{},"geometry":{"type":"Polygon","coordinates":[[[5.96087,35.56128],[5.96103,35.56124],[5.96103,35.56124],[5.961,35.56125],[5.96095,35.56127],[5.9609,35.56128],[5.96087,35.56128],[5.96081,35.56133],[5.96087,35.56128]]]}},{"type":"Feature","properties":{},"geometry":{"type":"Polygon","coordinates":[[[5.96076,35.56137],[5.96076,35.56137],[5.96077,35.56137],[5.96076,35.56137]]]}},{"type":"Feature","properties":{},"geometry":{"type":"Polygon","coordinates":[[[5.96069,35.56145],[5.96071,35.56141],[5.96072,35.5614],[5.96069,35.56145]]]}},{"type":"Feature","properties":{},"geometry":{"type":"Polygon","coordinates":[[[5.96065,35.56152],[5.96066,35.5615],[5.96067,35.56148],[5.96066,35.5615],[5.96065,35.56152],[5.96064,35.56152],[5.96065,35.56152]]]}},{"type":"Feature","properties":{},"geometry":{"type":"Polygon","coordinates":[[[5.96062,35.56161],[5.96063,35.56156],[5.96062,35.5616],[5.96062,35.56161]]]}},{"type":"Feature","properties":{},"geometry":{"type":"Polygon","coordinates":[[[5.96056,35.56169],[5.96056,35.56168],[5.96055,35.56171],[5.96056,35.56169]]]}},{"type":"Feature","properties":{},"geometry":{"type":"Polygon","coordinates":[[[5.96052,35.56177],[5.96053,35.56175],[5.9605,35.56179],[5.96052,35.56177]]]}},{"type":"Feature","properties":{},"geometry":{"type":"Polygon","coordinates":[[[5.96048,35.56181],[5.9605,35.56179],[5.96046,35.56183],[5.96048,35.56181]]]}},{"type":"Feature","properties":{},"geometry":{"type":"Polygon","coordinates":[[[5.9604,35.56188],[5.9604,35.56188],[5.96042,35.56186],[5.9604,35.56188]]]}},{"type":"Feature","properties":{},"geometry":{"type":"Polygon","coordinates":[[[5.96036,35.56193],[5.96036,35.56193],[5.96037,35.56192],[5.96036,35.56193]]]}},{"type":"Feature","properties":{},"geometry":{"type":"Polygon","coordinates":[[[5.96027,35.56203],[5.96028,35.56202],[5.96026,35.56204],[5.96027,35.56203]]]}},{"type":"Feature","properties":{},"geometry":{"type":"Polygon","coordinates":[[[5.96021,35.56209],[5.96021,35.56209],[5.96022,35.56208],[5.96021,35.56209]]]}},{"type":"Feature","properties":{},"geometry":{"type":"Polygon","coordinates":[[[5.96018,35.56214],[5.9602,35.56212],[5.96017,35.56215],[5.96018,35.56214]]]}},{"type":"Feature","properties":{},"geometry":{"type":"Polygon","coordinates":[[[5.96012,35.5622],[5.96012,35.5622],[5.96014,35.56219],[5.96012,35.5622]]]}},{"type":"Feature","properties":{},"geometry":{"type":"Polygon","coordinates":[[[5.96009,35.56225],[5.96009,35.56225],[5.9601,35.56223],[5.96009,35.56225]]]}},{"type":"Feature","properties":{},"geometry":{"type":"Polygon","coordinates":[[[5.96006,35.56227],[5.96006,35.56227],[5.96006,35.56227],[5.96006,35.56227]]]}},{"type":"Feature","properties":{},"geometry":{"type":"Polygon","coordinates":[[[5.96006,35.56228],[5.96005,35.56228],[5.96006,35.56228],[5.96006,35.56228]]]}},{"type":"Feature","properties":{},"geometry":{"type":"Polygon","coordinates":[[[5.96,35.56233],[5.96002,35.56232],[5.96002,35.56232],[5.96,35.56233]]]}},{"type":"Feature","properties":{},"geometry":{"type":"Polygon","coordinates":[[[5.95997,35.56234],[5.95995,35.56236],[5.95997,35.56234],[5.95997,35.56234]]]}},{"type":"Feature","properties":{},"geometry":{"type":"Polygon","coordinates":[[[5.95993,35.5624],[5.95995,35.56236],[5.9599,35.56244],[5.95993,35.5624]]]}},{"type":"Feature","properties":{},"geometry":{"type":"Polygon","coordinates":[[[5.9599,35.56245],[5.9599,35.56244],[5.9599,35.56244],[5.9599,35.56245]]]}},{"type":"Feature","properties":{},"geometry":{"type":"Polygon","coordinates":[[[5.95989,35.56251],[5.9599,35.56249],[5.95987,35.56253],[5.95989,35.56251]]]}},{"type":"Feature","properties":{},"geometry":{"type":"Polygon","coordinates":[[[5.95978,35.56263],[5.95983,35.56259],[5.95978,35.56264],[5.95978,35.56263]]]}},{"type":"Feature","properties":{},"geometry":{"type":"Polygon","coordinates":[[[5.95974,35.56267],[5.95974,35.56267],[5.95974,35.56267],[5.95974,35.56267]]]}},{"type":"Feature","properties":{},"geometry":{"type":"Polygon","coordinates":[[[5.95966,35.56275],[5.9597,35.56272],[5.95968,35.56274],[5.95966,35.56275],[5.95965,35.56278],[5.95963,35.5628],[5.95966,35.56275]]]}},{"type":"Feature","properties":{},"geometry":{"type":"Polygon","coordinates":[[[5.9596,35.56285],[5.95961,35.56283],[5.95959,35.56288],[5.9596,35.56285]]]}},{"type":"Feature","properties":{},"geometry":{"type":"Polygon","coordinates":[[[5.95959,35.56288],[5.95959,35.56289],[5.95959,35.56288],[5.95959,35.56288]]]}},{"type":"Feature","properties":{},"geometry":{"type":"Polygon","coordinates":[[[5.95958,35.56308],[5.95958,35.56308],[5.95958,35.56308],[5.95958,35.56308]]]}},{"type":"Feature","properties":{},"geometry":{"type":"Polygon","coordinates":[[[5.95958,35.56319],[5.95958,35.56317],[5.95958,35.56315],[5.95958,35.56319]]]}},{"type":"Feature","properties":{},"geometry":{"type":"Polygon","coordinates":[[[5.95949,35.56335],[5.95949,35.56335],[5.95948,35.56337],[5.95949,35.56335]]]}},{"type":"Feature","properties":{},"geometry":{"type":"Polygon","coordinates":[[[5.95941,35.56346],[5.95942,35.56343],[5.95944,35.56342],[5.95941,35.56346]]]}},{"type":"Feature","properties":{},"geometry":{"type":"Polygon","coordinates":[[[5.95937,35.56352],[5.95937,35.56352],[5.95938,35.56352],[5.95937,35.56352]]]}},{"type":"Feature","properties":{},"geometry":{"type":"Polygon","coordinates":[[[5.95935,35.56358],[5.95935,35.56358],[5.95936,35.56356],[5.95935,35.56358]]]}},{"type":"Feature","properties":{},"geometry":{"type":"Polygon","coordinates":[[[5.95942,35.56368],[5.95938,35.56363],[5.95941,35.56367],[5.95942,35.56368]]]}},{"type":"Feature","properties":{},"geometry":{"type":"Polygon","coordinates":[[[5.95948,35.56372],[5.95948,35.56372],[5.95955,35.56372],[5.95948,35.56372]]]}},{"type":"Feature","properties":{},"geometry":{"type":"Polygon","coordinates":[[[5.95958,35.5637],[5.95955,35.56371],[5.95955,35.56371],[5.95958,35.5637]]]}},{"type":"Feature","properties":{},"geometry":{"type":"Polygon","coordinates":[[[5.9596,35.56368],[5.95959,35.56368],[5.9596,35.56367],[5.9596,35.56368]]]}},{"type":"Feature","properties":{},"geometry":{"type":"Polygon","coordinates":[[[5.95965,35.56359],[5.95964,35.56361],[5.95966,35.56358],[5.95965,35.56359]]]}},{"type":"Feature","properties":{},"geometry":{"type":"Polygon","coordinates":[[[5.9597,35.56351],[5.95967,35.56355],[5.95967,35.56355],[5.95967,35.56355],[5.95969,35.56352],[5.9597,35.56351],[5.95971,35.5635],[5.9597,35.56351]]]}},{"type":"Feature","properties":{},"geometry":{"type":"Polygon","coordinates":[[[5.95975,35.56346],[5.95975,35.56346],[5.95974,35.56347],[5.95975,35.56346]]]}},{"type":"Feature","properties":{},"geometry":{"type":"Polygon","coordinates":[[[5.95977,35.56343],[5.95977,35.56343],[5.95975,35.56346],[5.95977,35.56343]]]}},{"type":"Feature","properties":{},"geometry":{"type":"Polygon","coordinates":[[[5.95978,35.56342],[5.95978,35.56342],[5.95977,35.56343],[5.95978,35.56342]]]}},{"type":"Feature","properties":{},"geometry":{"type":"Polygon","coordinates":[[[5.96,35.56325],[5.95997,35.56328],[5.95995,35.5633],[5.95997,35.56328],[5.95999,35.56326],[5.96,35.56325]]]}},{"type":"Feature","properties":{},"geometry":{"type":"Polygon","coordinates":[[[5.96002,35.56322],[5.96002,35.56322],[5.96001,35.56324],[5.96002,35.56322]]]}},{"type":"Feature","properties":{},"geometry":{"type":"Polygon","coordinates":[[[5.96008,35.56314],[5.96006,35.56318],[5.9601,35.56314],[5.96008,35.56314]]]}},{"type":"Feature","properties":{},"geometry":{"type":"Polygon","coordinates":[[[5.96014,35.56308],[5.96014,35.56308],[5.96017,35.56305],[5.96014,35.56308]]]}},{"type":"Feature","properties":{},"geometry":{"type":"Polygon","coordinates":[[[5.96022,35.56299],[5.96019,35.56302],[5.96023,35.56298],[5.96022,35.56299]]]}},{"type":"Feature","properties":{},"geometry":{"type":"Polygon","coordinates":[[[5.96033,35.56291],[5.96027,35.56296],[5.9603,35.56293],[5.96033,35.56291]]]}},{"type":"Feature","properties":{},"geometry":{"type":"Polygon","coordinates":[[[5.96039,35.56286],[5.96039,35.56286],[5.96037,35.56288],[5.96039,35.56286]]]}},{"type":"Feature","properties":{},"geometry":{"type":"Polygon","coordinates":[[[5.9604,35.56286],[5.9604,35.56286],[5.96039,35.56286],[5.9604,35.56286]]]}},{"type":"Feature","properties":{},"geometry":{"type":"Polygon","coordinates":[[[5.96046,35.56277],[5.96046,35.56277],[5.96045,35.56279],[5.96046,35.56277]]]}},{"type":"Feature","properties":{},"geometry":{"type":"Polygon","coordinates":[[[5.96046,35.56275],[5.96047,35.56274],[5.96046,35.56275],[5.96046,35.56275]]]}},{"type":"Feature","properties":{},"geometry":{"type":"Polygon","coordinates":[[[5.96049,35.5627],[5.96049,35.5627],[5.96049,35.5627],[5.96049,35.5627]]]}},{"type":"Feature","properties":{},"geometry":{"type":"Polygon","coordinates":[[[5.96052,35.56264],[5.96051,35.56265],[5.96052,35.56264],[5.96052,35.56264]]]}},{"type":"Feature","properties":{},"geometry":{"type":"Polygon","coordinates":[[[5.96052,35.56262],[5.96052,35.56264],[5.96054,35.56259],[5.96052,35.56262]]]}},{"type":"Feature","properties":{},"geometry":{"type":"Polygon","coordinates":[[[5.96056,35.56257],[5.96056,35.56257],[5.96055,35.56258],[5.96056,35.56257]]]}},{"type":"Feature","properties":{},"geometry":{"type":"Polygon","coordinates":[[[5.96064,35.5625],[5.96064,35.5625],[5.96063,35.56251],[5.96064,35.5625]]]}},{"type":"Feature","properties":{},"geometry":{"type":"Polygon","coordinates":[[[5.96074,35.56239],[5.96071,35.56244],[5.96074,35.56238],[5.96074,35.56239]]]}},{"type":"Feature","properties":{},"geometry":{"type":"Polygon","coordinates":[[[5.96076,35.56235],[5.96076,35.56235],[5.96076,35.56236],[5.96076,35.56235]]]}},{"type":"Feature","properties":{},"geometry":{"type":"Polygon","coordinates":[[[5.96075,35.56226],[5.96075,35.56227],[5.96073,35.56225],[5.96075,35.56226]]]}},{"type":"Feature","properties":{},"geometry":{"type":"Polygon","coordinates":[[[5.96068,35.56223],[5.96068,35.56223],[5.9607,35.56223],[5.96068,35.56223]]]}},{"type":"Feature","properties":{},"geometry":{"type":"Polygon","coordinates":[[[5.9607,35.5621],[5.9607,35.5621],[5.96069,35.5621],[5.9607,35.5621]]]}},{"type":"Feature","properties":{},"geometry":{"type":"Polygon","coordinates":[[[5.96082,35.56205],[5.96081,35.56205],[5.96083,35.56204],[5.96082,35.56205]]]}},{"type":"Feature","properties":{},"geometry":{"type":"Polygon","coordinates":[[[5.94914,35.57031],[5.94915,35.57026],[5.9491,35.5704],[5.94914,35.57031]]]}},{"type":"Feature","properties":{},"geometry":{"type":"Polygon","coordinates":[[[5.94918,35.57005],[5.94918,35.57007],[5.94918,35.57004],[5.94918,35.57005]]]}},{"type":"Feature","properties":{},"geometry":{"type":"Polygon","coordinates":[[[5.94917,35.56998],[5.94917,35.57002],[5.94917,35.56998],[5.94917,35.56998]]]}},{"type":"Feature","properties":{},"geometry":{"type":"Polygon","coordinates":[[[5.94914,35.5699],[5.94917,35.56996],[5.94915,35.56994],[5.94914,35.5699],[5.9491,35.56987],[5.94914,35.5699]]]}},{"type":"Feature","properties":{},"geometry":{"type":"Polygon","coordinates":[[[5.94905,35.56983],[5.94906,35.56984],[5.94903,35.56983],[5.94905,35.56983]]]}},{"type":"Feature","properties":{},"geometry":{"type":"Polygon","coordinates":[[[5.94894,35.56984],[5.94894,35.56984],[5.94894,35.56984],[5.94894,35.56984]]]}},{"type":"Feature","properties":{},"geometry":{"type":"Polygon","coordinates":[[[5.94887,35.56991],[5.94888,35.5699],[5.94888,35.5699],[5.94887,35.56991]]]}},{"type":"Feature","properties":{},"geometry":{"type":"Polygon","coordinates":[[[5.94884,35.56996],[5.94884,35.56996],[5.94885,35.56995],[5.94884,35.56996]]]}},{"type":"Feature","properties":{},"geometry":{"type":"Polygon","coordinates":[[[5.9488,35.57005],[5.9488,35.57005],[5.94881,35.57004],[5.9488,35.57005]]]}},{"type":"Feature","properties":{},"geometry":{"type":"Polygon","coordinates":[[[5.94873,35.57016],[5.94873,35.57016],[5.94877,35.57014],[5.94873,35.57016]]]}},{"type":"Feature","properties":{},"geometry":{"type":"Polygon","coordinates":[[[5.94868,35.57033],[5.94868,35.57033],[5.94868,35.57032],[5.94868,35.57033]]]}},{"type":"Feature","properties":{},"geometry":{"type":"Polygon","coordinates":[[[5.94866,35.57039],[5.94866,35.57039],[5.94866,35.57036],[5.94866,35.57039]]]}},{"type":"Feature","properties":{},"geometry":{"type":"Polygon","coordinates":[[[5.94863,35.57048],[5.94863,35.57048],[5.94863,35.57045],[5.94863,35.57048]]]}},{"type":"Feature","properties":{},"geometry":{"type":"Polygon","coordinates":[[[5.94859,35.57058],[5.94859,35.57058],[5.94859,35.57057],[5.94859,35.57058]]]}},{"type":"Feature","properties":{},"geometry":{"type":"Polygon","coordinates":[[[5.94856,35.57065],[5.94858,35.57062],[5.94856,35.57066],[5.94856,35.57065]]]}},{"type":"Feature","properties":{},"geometry":{"type":"Polygon","coordinates":[[[5.94854,35.57069],[5.94854,35.57069],[5.94854,35.57069],[5.94854,35.57069]]]}},{"type":"Feature","properties":{},"geometry":{"type":"Polygon","coordinates":[[[5.94851,35.57077],[5.94851,35.57077],[5.94851,35.57075],[5.94851,35.57077]]]}},{"type":"Feature","properties":{},"geometry":{"type":"Polygon","coordinates":[[[5.94846,35.57086],[5.94848,35.57082],[5.9485,35.57079],[5.94848,35.57082],[5.94846,35.57086]]]}},{"type":"Feature","properties":{},"geometry":{"type":"Polygon","coordinates":[[[5.94843,35.5709],[5.94844,35.5709],[5.94844,35.5709],[5.94843,35.5709]]]}},{"type":"Feature","properties":{},"geometry":{"type":"Polygon","coordinates":[[[5.94836,35.57103],[5.94836,35.57103],[5.94836,35.57102],[5.94836,35.57103]]]}},{"type":"Feature","properties":{},"geometry":{"type":"Polygon","coordinates":[[[5.94834,35.57108],[5.94834,35.57108],[5.94834,35.57106],[5.94834,35.57108]]]}},{"type":"Feature","properties":{},"geometry":{"type":"Polygon","coordinates":[[[5.94829,35.57114],[5.94829,35.57114],[5.94831,35.57113],[5.94829,35.57114]]]}},{"type":"Feature","properties":{},"geometry":{"type":"Polygon","coordinates":[[[5.94828,35.57119],[5.94828,35.57119],[5.94828,35.57118],[5.94828,35.57119]]]}},{"type":"Feature","properties":{},"geometry":{"type":"Polygon","coordinates":[[[5.9483,35.57127],[5.94829,35.57125],[5.9483,35.57128],[5.9483,35.57127]]]}},{"type":"Feature","properties":{},"geometry":{"type":"Polygon","coordinates":[[[5.94834,35.57131],[5.94833,35.57131],[5.94833,35.57131],[5.94834,35.57131]]]}},{"type":"Feature","properties":{},"geometry":{"type":"Polygon","coordinates":[[[5.94844,35.5713],[5.94842,35.5713],[5.94845,35.5713],[5.94844,35.5713]]]}},{"type":"Feature","properties":{},"geometry":{"type":"Polygon","coordinates":[[[5.94857,35.57127],[5.94853,35.57128],[5.94854,35.57127],[5.94857,35.57127],[5.9486,35.57125],[5.94857,35.57127]]]}},{"type":"Feature","properties":{},"geometry":{"type":"Polygon","coordinates":[[[5.94867,35.57121],[5.94867,35.57121],[5.94866,35.57121],[5.94867,35.57121]]]}},{"type":"Feature","properties":{},"geometry":{"type":"Polygon","coordinates":[[[5.94886,35.57102],[5.94886,35.57102],[5.94886,35.57103],[5.94886,35.57102]]]}},{"type":"Feature","properties":{},"geometry":{"type":"Polygon","coordinates":[[[5.94889,35.57098],[5.94887,35.57099],[5.94889,35.57098],[5.94889,35.57095],[5.94891,35.5709],[5.94892,35.57087],[5.94889,35.57098]]]}},{"type":"Feature","properties":{},"geometry":{"type":"Polygon","coordinates":[[[5.94898,35.57073],[5.94893,35.57085],[5.94899,35.57068],[5.94898,35.57073]]]}},{"type":"Feature","properties":{},"geometry":{"type":"Polygon","coordinates":[[[5.94904,35.57057],[5.94901,35.57064],[5.94902,35.57062],[5.94904,35.57057],[5.94907,35.5705],[5.94904,35.57057]]]}},{"type":"Feature","properties":{},"geometry":{"type":"Polygon","coordinates":[[[5.93942,35.571],[5.93951,35.571],[5.93944,35.57101],[5.93942,35.571]]]}},{"type":"Feature","properties":{},"geometry":{"type":"Polygon","coordinates":[[[5.93936,35.571],[5.9394,35.571],[5.93941,35.571],[5.93936,35.571]]]}},{"type":"Feature","properties":{},"geometry":{"type":"Polygon","coordinates":[[[5.93932,35.57101],[5.93932,35.57101],[5.93934,35.57101],[5.93932,35.57101]]]}},{"type":"Feature","properties":{},"geometry":{"type":"Polygon","coordinates":[[[5.93933,35.57109],[5.9393,35.57106],[5.93931,35.57106],[5.93933,35.57109]]]}},{"type":"Feature","properties":{},"geometry":{"type":"Polygon","coordinates":[[[5.93942,35.57114],[5.93936,35.5711],[5.9394,35.57112],[5.93942,35.57114],[5.93945,35.57115],[5.93946,35.57115],[5.93947,35.57116],[5.93942,35.57114]]]}},{"type":"Feature","properties":{},"geometry":{"type":"Polygon","coordinates":[[[5.93948,35.57117],[5.93947,35.57116],[5.93947,35.57116],[5.93948,35.57117]]]}},{"type":"Feature","properties":{},"geometry":{"type":"Polygon","coordinates":[[[5.93952,35.57118],[5.93952,35.57118],[5.93951,35.57117],[5.93952,35.57118]]]}},{"type":"Feature","properties":{},"geometry":{"type":"Polygon","coordinates":[[[5.93961,35.57122],[5.93957,35.57121],[5.93962,35.57122],[5.93961,35.57122]]]}},{"type":"Feature","properties":{},"geometry":{"type":"Polygon","coordinates":[[[5.93963,35.57122],[5.93963,35.57122],[5.93964,35.57122],[5.93963,35.57122]]]}},{"type":"Feature","properties":{},"geometry":{"type":"Polygon","coordinates":[[[5.93975,35.57124],[5.93971,35.57123],[5.9397,35.57123],[5.93975,35.57124]]]}},{"type":"Feature","properties":{},"geometry":{"type":"Polygon","coordinates":[[[5.93992,35.57127],[5.93978,35.57124],[5.93983,35.57124],[5.93985,35.57125],[5.93988,35.57126],[5.9399,35.57126],[5.93992,35.57127]]]}},{"type":"Feature","properties":{},"geometry":{"type":"Polygon","coordinates":[[[5.93994,35.57127],[5.93992,35.57127],[5.93996,35.57128],[5.93994,35.57127]]]}},{"type":"Feature","properties":{},"geometry":{"type":"Polygon","coordinates":[[[5.93998,35.57128],[5.93998,35.57128],[5.93998,35.57128],[5.93998,35.57128]]]}},{"type":"Feature","properties":{},"geometry":{"type":"Polygon","coordinates":[[[5.94004,35.5713],[5.94004,35.5713],[5.94003,35.57129],[5.94004,35.5713]]]}},{"type":"Feature","properties":{},"geometry":{"type":"Polygon","coordinates":[[[5.94011,35.5713],[5.94011,35.5713],[5.9401,35.5713],[5.94011,35.5713]]]}},{"type":"Feature","properties":{},"geometry":{"type":"Polygon","coordinates":[[[5.94026,35.57127],[5.94016,35.5713],[5.94021,35.57128],[5.94026,35.57127]]]}},{"type":"Feature","properties":{},"geometry":{"type":"Polygon","coordinates":[[[5.94028,35.57125],[5.9403,35.57125],[5.94028,35.57125],[5.94028,35.57125]]]}},{"type":"Feature","properties":{},"geometry":{"type":"Polygon","coordinates":[[[5.94034,35.57124],[5.94034,35.57124],[5.9403,35.57125],[5.94034,35.57124]]]}},{"type":"Feature","properties":{},"geometry":{"type":"Polygon","coordinates":[[[5.9406,35.57117],[5.9406,35.57117],[5.94059,35.57118],[5.9406,35.57117]]]}},{"type":"Feature","properties":{},"geometry":{"type":"Polygon","coordinates":[[[5.94068,35.57115],[5.94063,35.57117],[5.94072,35.57111],[5.94068,35.57115]]]}},{"type":"Feature","properties":{},"geometry":{"type":"Polygon","coordinates":[[[5.94072,35.5711],[5.94073,35.57111],[5.94073,35.57111],[5.94072,35.5711]]]}},{"type":"Feature","properties":{},"geometry":{"type":"Polygon","coordinates":[[[5.94058,35.57104],[5.94059,35.57104],[5.94057,35.57104],[5.94058,35.57104]]]}},{"type":"Feature","properties":{},"geometry":{"type":"Polygon","coordinates":[[[5.94036,35.57104],[5.94046,35.57105],[5.94042,35.57104],[5.94036,35.57104]]]}},{"type":"Feature","properties":{},"geometry":{"type":"Polygon","coordinates":[[[5.94029,35.57104],[5.9403,35.57104],[5.94028,35.57104],[5.94029,35.57104]]]}},{"type":"Feature","properties":{},"geometry":{"type":"Polygon","coordinates":[[[5.94016,35.57103],[5.94023,35.57104],[5.94024,35.57104],[5.94016,35.57103]]]}},{"type":"Feature","properties":{},"geometry":{"type":"Polygon","coordinates":[[[5.94006,35.57105],[5.94006,35.57105],[5.93997,35.57105],[5.94006,35.57105]]]}},{"type":"Feature","properties":{},"geometry":{"type":"Polygon","coordinates":[[[5.93987,35.57104],[5.93992,35.57104],[5.93986,35.57104],[5.93987,35.57104]]]}},{"type":"Feature","properties":{},"geometry":{"type":"Polygon","coordinates":[[[5.93984,35.57104],[5.93985,35.57104],[5.93982,35.57104],[5.93984,35.57104]]]}},{"type":"Feature","properties":{},"geometry":{"type":"Polygon","coordinates":[[[5.93978,35.57103],[5.93981,35.57103],[5.93976,35.57103],[5.93978,35.57103]]]}},{"type":"Feature","properties":{},"geometry":{"type":"Polygon","coordinates":[[[5.93967,35.57101],[5.93969,35.57102],[5.93966,35.57101],[5.93967,35.57101]]]}},{"type":"Feature","properties":{},"geometry":{"type":"Polygon","coordinates":[[[5.9396,35.571],[5.93963,35.57101],[5.93963,35.57101],[5.9396,35.571]]]}},{"type":"Feature","properties":{},"geometry":{"type":"Polygon","coordinates":[[[5.94789,35.57229],[5.94789,35.57229],[5.94787,35.57229],[5.94787,35.57229],[5.94789,35.57229]]]}},{"type":"Feature","properties":{},"geometry":{"type":"Polygon","coordinates":[[[5.94793,35.57231],[5.9479,35.57231],[5.9479,35.57231],[5.94793,35.57231]]]}},{"type":"Feature","properties":{},"geometry":{"type":"Polygon","coordinates":[[[5.94799,35.57229],[5.94799,35.57229],[5.94799,35.57229],[5.94799,35.57229]]]}},{"type":"Feature","properties":{},"geometry":{"type":"Polygon","coordinates":[[[5.94802,35.57227],[5.94799,35.57229],[5.94805,35.57226],[5.94802,35.57227]]]}},{"type":"Feature","properties":{},"geometry":{"type":"Polygon","coordinates":[[[5.94806,35.57224],[5.94805,35.57225],[5.94805,35.57225],[5.94806,35.57224]]]}},{"type":"Feature","properties":{},"geometry":{"type":"Polygon","coordinates":[[[5.94813,35.57218],[5.94811,35.57219],[5.94814,35.57217],[5.94813,35.57218]]]}},{"type":"Feature","properties":{},"geometry":{"type":"Polygon","coordinates":[[[5.94816,35.57215],[5.94816,35.57215],[5.94816,35.57214],[5.94816,35.57215]]]}},{"type":"Feature","properties":{},"geometry":{"type":"Polygon","coordinates":[[[5.9482,35.57208],[5.94818,35.57211],[5.94816,35.57213],[5.9482,35.57208]]]}},{"type":"Feature","properties":{},"geometry":{"type":"Polygon","coordinates":[[[5.94824,35.57201],[5.94824,35.57201],[5.94823,35.57202],[5.94824,35.57201]]]}},{"type":"Feature","properties":{},"geometry":{"type":"Polygon","coordinates":[[[5.94826,35.57194],[5.94825,35.57198],[5.94827,35.57193],[5.94826,35.57194]]]}},{"type":"Feature","properties":{},"geometry":{"type":"Polygon","coordinates":[[[5.94824,35.57179],[5.94824,35.57179],[5.94823,35.57179],[5.94824,35.57179]]]}},{"type":"Feature","properties":{},"geometry":{"type":"Polygon","coordinates":[[[5.94819,35.5718],[5.94819,35.5718],[5.94819,35.5718],[5.94819,35.5718]]]}},{"type":"Feature","properties":{},"geometry":{"type":"Polygon","coordinates":[[[5.94814,35.57184],[5.94814,35.57184],[5.94815,35.57183],[5.94814,35.57184]]]}},{"type":"Feature","properties":{},"geometry":{"type":"Polygon","coordinates":[[[5.94809,35.57188],[5.94811,35.57187],[5.94809,35.57188],[5.94809,35.57188]]]}},{"type":"Feature","properties":{},"geometry":{"type":"Polygon","coordinates":[[[5.94806,35.57192],[5.94806,35.57192],[5.94807,35.57191],[5.94806,35.57192]]]}},{"type":"Feature","properties":{},"geometry":{"type":"Polygon","coordinates":[[[5.94802,35.57196],[5.94805,35.57194],[5.94802,35.57197],[5.94802,35.57196]]]}},{"type":"Feature","properties":{},"geometry":{"type":"Polygon","coordinates":[[[5.94793,35.57208],[5.94794,35.57207],[5.94792,35.57209],[5.94793,35.57208]]]}},{"type":"Feature","properties":{},"geometry":{"type":"Polygon","coordinates":[[[5.94785,35.57217],[5.94785,35.57217],[5.94787,35.57216],[5.94785,35.57217]]]}},{"type":"Feature","properties":{},"geometry":{"type":"Polygon","coordinates":[[[5.94784,35.57223],[5.94784,35.57219],[5.94784,35.57223],[5.94785,35.57224],[5.94785,35.57226],[5.94784,35.57223]]]}},{"type":"Feature","properties":{},"geometry":{"type":"Polygon","coordinates":[[[5.93038,35.55398],[5.93074,35.55428],[5.93083,35.55493],[5.93213,35.55529],[5.93256,35.55566],[5.93325,35.5559],[5.93253,35.55611],[5.93164,35.55708],[5.93055,35.55664],[5.93046,35.55637],[5.93123,35.55608],[5.93141,35.55567],[5.93032,35.55506],[5.92936,35.55539],[5.92899,35.55508],[5.92905,35.55495],[5.9298,35.55482],[5.92951,35.55436],[5.93006,35.55393],[5.93038,35.55398]]]}},{"type":"Feature","properties":{},"geometry":{"type":"Polygon","coordinates":[[[5.94526,35.55877],[5.94571,35.55934],[5.94558,35.56005],[5.94573,35.56035],[5.9464,35.56041],[5.94661,35.56061],[5.94664,35.56094],[5.94754,35.56097],[5.94787,35.56139],[5.947,35.56234],[5.9465,35.56209],[5.94589,35.56224],[5.94385,35.56331],[5.94336,35.56225],[5.94344,35.56183],[5.94299,35.5619],[5.94237,35.5624],[5.94181,35.56262],[5.94171,35.56316],[5.94212,35.56377],[5.94141,35.56387],[5.94063,35.563],[5.941,35.56261],[5.94154,35.56245],[5.94179,35.56211],[5.94187,35.56156],[5.9402,35.56284],[5.93991,35.56242],[5.94066,35.56204],[5.94141,35.56123],[5.94264,35.55914],[5.94321,35.55902],[5.94419,35.55954],[5.94447,35.55908],[5.94407,35.55874],[5.94461,35.55837],[5.94526,35.55877]]]}},{"type":"Feature","properties":{},"geometry":{"type":"Polygon","coordinates":[[[5.94219,35.55976],[5.94251,35.55933],[5.94203,35.56008],[5.94219,35.55976]]]}},{"type":"Feature","properties":{},"geometry":{"type":"Polygon","coordinates":[[[6.03754,35.57658],[6.03724,35.57654],[6.03773,35.57633],[6.03779,35.57631],[6.03786,35.57629],[6.03792,35.57628],[6.03796,35.57627],[6.03802,35.57626],[6.03926,35.57627],[6.03936,35.57644],[6.03995,35.57647],[6.0404,35.57668],[6.03895,35.57659],[6.03785,35.5763],[6.03754,35.57658]]]}},{"type":"Feature","properties":{"Name":"Parcours [43:Polygon]"},"geometry":{"type":"Polygon","coordinates":[[[6.03027,35.58327],[6.02991,35.5835],[6.02922,35.58351],[6.0288,35.58278],[6.02823,35.5828],[6.02784,35.58257],[6.02787,35.58146],[6.02767,35.5809],[6.02663,35.57958],[6.02649,35.57871],[6.0256,35.57839],[6.02548,35.57808],[6.02501,35.57783],[6.02526,35.57714],[6.02519,35.57675],[6.02486,35.57623],[6.02411,35.5757],[6.02422,35.57555],[6.02584,35.57527],[6.0261,35.5754],[6.02628,35.57573],[6.02609,35.57636],[6.02648,35.57635],[6.02669,35.57691],[6.02624,35.57759],[6.02677,35.57739],[6.02694,35.57796],[6.02741,35.57783],[6.02758,35.57796],[6.02796,35.57939],[6.02937,35.58004],[6.02958,35.58056],[6.03022,35.58065],[6.03099,35.5813],[6.03209,35.5816],[6.03176,35.58181],[6.03219,35.58235],[6.03171,35.58262],[6.03194,35.58303],[6.03184,35.58317],[6.03112,35.5834],[6.03027,35.58327]]]}}]}