{"type":"FeatureCollection","features":[{"type":"Feature","properties":{},"geometry":{"type":"MultiLineString","coordinates":[[[5.87634,35.65271],[5.88668,35.64555],[5.89228,35.64325],[5.89388,35.64211],[5.89753,35.63849],[5.90061,35.63586],[5.90575,35.63281],[5.90686,35.63159]],[[5.91793,35.63248],[5.92166,35.63926],[5.9215,35.6407],[5.92167,35.64111],[5.92455,35.64179],[5.92545,35.64419],[5.92863,35.64759],[5.93215,35.64805],[5.93442,35.64777],[5.93514,35.64779],[5.94319,35.65071],[5.94541,35.65103],[5.95129,35.65267],[5.95318,35.65301],[5.95422,35.65295],[5.9587,35.65131],[5.96169,35.65148],[5.96567,35.65003],[5.97181,35.64738],[5.9781,35.64552],[5.98248,35.64641],[5.98474,35.64627],[5.98725,35.64678],[5.99309,35.64614],[5.99886,35.64513],[5.99982,35.64458],[6.00112,35.64413],[6.00361,35.64287],[6.00493,35.64179],[6.00539,35.64097],[6.00738,35.63899],[6.00881,35.63902],[6.00959,35.63925],[6.01144,35.63932],[6.01276,35.63924],[6.01635,35.63837],[6.02425,35.63585],[6.0249,35.6358],[6.02762,35.6369],[6.02958,35.63776],[6.03113,35.63876],[6.0324,35.63929],[6.03482,35.63964],[6.05066,35.64247],[6.05919,35.64349],[6.06038,35.64392],[6.06168,35.64485],[6.06166,35.64539],[6.06171,35.64596],[6.06307,35.64632],[6.06818,35.64683],[6.07024,35.64723],[6.07316,35.64771],[6.07517,35.64837],[6.07649,35.64863],[6.07786,35.64875],[6.08168,35.65009],[6.08234,35.65036],[6.08669,35.6514],[6.09038,35.652],[6.09155,35.65225],[6.09247,35.65265],[6.09364,35.65284],[6.09449,35.65321],[6.09558,35.65445],[6.0972,35.65606],[6.09725,35.65689],[6.09762,35.6576],[6.0989,35.65894],[6.10057,35.66144],[6.10141,35.66217],[6.10283,35.66383],[6.10409,35.66472],[6.10552,35.6654],[6.10718,35.66592],[6.10756,35.66621],[6.10781,35.66699],[6.10847,35.66812],[6.10932,35.66852],[6.11158,35.66976],[6.11225,35.66981],[6.11288,35.66979],[6.1151,35.66879],[6.11561,35.66877],[6.11685,35.66928],[6.11827,35.66883],[6.11957,35.66887],[6.1202,35.66866],[6.12067,35.66864],[6.12097,35.66896],[6.12158,35.66933],[6.1243,35.67115],[6.12544,35.67198],[6.12637,35.67238],[6.12757,35.6727],[6.12811,35.67297],[6.12918,35.67366],[6.13028,35.67468],[6.13076,35.6754],[6.13166,35.67778],[6.13262,35.67937],[6.13322,35.68015],[6.13466,35.6814],[6.13568,35.68251],[6.13725,35.68351],[6.13822,35.68362],[6.139,35.68387],[6.13938,35.68416],[6.14184,35.6854],[6.14427,35.68524],[6.14669,35.68555],[6.14821,35.68568],[6.15027,35.68621],[6.15131,35.68678],[6.15471,35.68807],[6.15528,35.68844],[6.15554,35.68889],[6.15655,35.68927],[6.15735,35.68983],[6.15895,35.69006],[6.16003,35.69034],[6.16101,35.69046],[6.16297,35.69031],[6.16414,35.69044],[6.1653,35.69091],[6.1661,35.6915],[6.16703,35.69178],[6.16728,35.6915],[6.16542,35.6897],[6.16521,35.68899],[6.16561,35.68881],[6.16793,35.69085],[6.16939,35.69145],[6.17145,35.69189],[6.17233,35.69245],[6.17468,35.69484],[6.17494,35.69526],[6.17571,35.69678],[6.1764,35.69721],[6.17708,35.6978],[6.1782,35.69837],[6.1785,35.6987],[6.17992,35.6994],[6.18121,35.69946],[6.18162,35.69896],[6.18161,35.69714],[6.18226,35.69655],[6.18242,35.69406],[6.1831,35.69251],[6.18369,35.69256],[6.18388,35.69148],[6.18677,35.69177],[6.18723,35.69107],[6.18911,35.69089],[6.1908,35.69084],[6.19963,35.68695],[6.20026,35.68687],[6.20382,35.68699],[6.20946,35.68706],[6.21762,35.68648],[6.22162,35.68628],[6.22606,35.68587],[6.23089,35.6856],[6.24283,35.68565],[6.24354,35.68455],[6.24364,35.68388],[6.24386,35.68309],[6.24418,35.68281],[6.24508,35.68283],[6.24568,35.68262],[6.24611,35.68263],[6.24681,35.68277],[6.25104,35.68264],[6.25136,35.68246],[6.25177,35.68199],[6.25187,35.68135],[6.25212,35.68075],[6.25256,35.68057],[6.25346,35.68059],[6.25395,35.67996],[6.25462,35.67998],[6.25482,35.67982],[6.25561,35.67965],[6.25736,35.67985],[6.2596,35.67849],[6.26016,35.67832],[6.26058,35.67855],[6.26117,35.67863],[6.26149,35.67828],[6.26201,35.67791],[6.2628,35.67774],[6.26357,35.67804],[6.26415,35.67844],[6.26569,35.67914],[6.26644,35.68006],[6.26737,35.68049],[6.2694,35.68047],[6.27031,35.6803],[6.27238,35.6792],[6.27291,35.6787],[6.27345,35.67791],[6.27409,35.67742],[6.27606,35.67695],[6.27891,35.67603],[6.28011,35.67554],[6.28429,35.67337],[6.28521,35.67284],[6.28563,35.67193],[6.286,35.67152],[6.28631,35.6715],[6.28731,35.67197],[6.28806,35.67195],[6.28929,35.67271],[6.29026,35.67289],[6.29174,35.67309],[6.2929,35.6734],[6.29341,35.67341],[6.29362,35.67307],[6.2928,35.67177],[6.29316,35.66932],[6.30048,35.66344],[6.30391,35.66058],[6.30396,35.66009]]]}},{"type":"Feature","properties":{},"geometry":{"type":"MultiLineString","coordinates":[[[6.13142,35.53668],[6.12853,35.53673],[6.12609,35.53568],[6.12296,35.53493],[6.12099,35.53433],[6.11944,35.53425],[6.11476,35.53335],[6.11086,35.53246],[6.10918,35.53198],[6.10696,35.53157],[6.10512,35.53149],[6.10295,35.53116],[6.09722,35.52856],[6.09283,35.52651],[6.0902,35.52546],[6.07882,35.52213],[6.0757,35.52094],[6.07297,35.52008],[6.07064,35.51883],[6.06407,35.51661],[6.05042,35.51302],[6.04238,35.51124],[6.03898,35.51135],[6.03514,35.51023],[6.02163,35.5095],[6.02081,35.5092],[6.01933,35.50853],[6.01817,35.50846],[6.0173,35.50828],[6.01569,35.50741],[6.01368,35.50664],[6.01131,35.50643],[6.00783,35.50586],[6.0058,35.50573],[6.00511,35.50591],[6.0041,35.50589],[6.00337,35.50575],[5.99979,35.50562],[5.99956,35.5078],[5.99967,35.50887],[6.00005,35.51027],[5.99991,35.51154],[5.99973,35.51253],[5.9991,35.51362],[5.99898,35.51417],[5.99885,35.51524],[5.99853,35.51603],[5.99777,35.51672],[5.99649,35.51721],[5.99581,35.51723],[5.99551,35.51746],[5.99487,35.5178],[5.99434,35.51775],[5.99287,35.51799],[5.99223,35.51845],[5.99144,35.51879],[5.99041,35.51896],[5.98811,35.51819],[5.98831,35.51791],[5.98925,35.51758],[5.98955,35.51727],[5.99005,35.51697],[5.99088,35.51675],[5.99099,35.51636],[5.99056,35.51634],[5.99016,35.51657],[5.9891,35.51651],[5.98745,35.51631],[5.98655,35.51581],[5.98599,35.51524],[5.98536,35.51506],[5.9844,35.51488],[5.98359,35.51442],[5.98264,35.514],[5.98086,35.51348],[5.97985,35.51342],[5.97894,35.51288],[5.97851,35.51275],[5.97744,35.51292],[5.97701,35.51271],[5.97674,35.51223],[5.97606,35.51209],[5.97453,35.51162],[5.97411,35.51109],[5.97372,35.51108],[5.9731,35.51071],[5.97253,35.51062],[5.97171,35.51032],[5.97125,35.50963],[5.97064,35.50926],[5.96972,35.50908],[5.96926,35.50855],[5.96825,35.50825],[5.966,35.50855],[5.96489,35.50844],[5.96401,35.50858],[5.96298,35.50911],[5.96209,35.50928],[5.95983,35.50895],[5.95758,35.50929],[5.95694,35.50963],[5.95656,35.50938],[5.95602,35.50953],[5.95559,35.50928],[5.95473,35.5089],[5.95381,35.50895],[5.95303,35.50913],[5.95211,35.50899],[5.95108,35.50924],[5.94942,35.50956],[5.94838,35.51021],[5.94589,35.51046],[5.94483,35.51039],[5.94266,35.51125],[5.94016,35.5119],[5.93975,35.51249],[5.93936,35.51371],[5.9389,35.51441],[5.93795,35.51653],[5.93728,35.52012],[5.93747,35.52139],[5.93718,35.52516],[5.93712,35.5269],[5.93624,35.52827],[5.93021,35.53482],[5.92817,35.53746],[5.92487,35.54135],[5.92502,35.5423],[5.92504,35.54445],[5.92526,35.54501],[5.92519,35.54552],[5.92399,35.54767],[5.92371,35.54878],[5.92335,35.54932],[5.92233,35.55045],[5.92243,35.55176],[5.92279,35.55371],[5.92268,35.5546],[5.92266,35.55724],[5.92197,35.55873],[5.92179,35.55956],[5.92206,35.56016],[5.92221,35.56139],[5.92117,35.56438],[5.91558,35.57344],[5.9143,35.57512],[5.91305,35.57616],[5.91056,35.57764],[5.9088,35.57807],[5.90832,35.57901],[5.90788,35.58051],[5.90668,35.58131],[5.90579,35.58164],[5.9044,35.58121],[5.90367,35.58119],[5.90308,35.58157],[5.90269,35.58268],[5.90268,35.58434],[5.90251,35.58489],[5.90189,35.58591],[5.90162,35.58669],[5.9019,35.58809],[5.90163,35.58896],[5.90132,35.58927],[5.90052,35.58992],[5.90025,35.59051],[5.90057,35.59115],[5.90065,35.59167],[5.90051,35.59282],[5.90212,35.59516],[5.90224,35.59568],[5.90211,35.59663],[5.90238,35.5983],[5.90272,35.59962],[5.90322,35.60046],[5.90374,35.60099],[5.90438,35.60192],[5.90643,35.60416]],[[5.90643,35.60416],[5.90612,35.6044]],[[5.9052,35.60565],[5.90612,35.6044]],[[5.90612,35.6044],[5.90621,35.60456],[5.90739,35.60543],[5.90776,35.60551],[5.90827,35.60588],[5.90857,35.6063]],[[5.90695,35.60722],[5.9076,35.60648],[5.90815,35.60659],[5.90857,35.6063]],[[5.90857,35.6063],[5.90939,35.6068],[5.91011,35.60761],[5.9108,35.60813]],[[5.9108,35.60813],[5.91124,35.60802],[5.91372,35.60836],[5.91441,35.60838],[5.91539,35.60856]],[[5.90643,35.60416],[5.90701,35.60429],[5.90818,35.60428],[5.91037,35.60398],[5.91112,35.6036],[5.9117,35.60354],[5.91207,35.6041],[5.91231,35.60542],[5.91254,35.60578],[5.91492,35.60703],[5.91539,35.60744],[5.9156,35.60828],[5.91539,35.60856]],[[5.9155,35.6122],[5.91574,35.6118],[5.91649,35.61176],[5.91718,35.6116],[5.91751,35.61176],[5.9184,35.61244]],[[5.91539,35.60856],[5.91519,35.60882],[5.91507,35.60954],[5.91579,35.60967],[5.91763,35.60984],[5.918,35.61036],[5.91893,35.6115],[5.9184,35.61244]],[[5.9108,35.60813],[5.91095,35.60844],[5.91178,35.60933],[5.91271,35.61027],[5.91341,35.61085],[5.91371,35.61185],[5.91437,35.61334],[5.91465,35.61411],[5.9146,35.61464],[5.91476,35.61523],[5.91494,35.61564],[5.91494,35.61643],[5.91458,35.61672],[5.91441,35.61723],[5.91462,35.61812],[5.91445,35.6186],[5.91449,35.61909],[5.91473,35.61937],[5.91493,35.61984],[5.91519,35.62025]],[[5.9184,35.61244],[5.91873,35.6128],[5.91902,35.61293],[5.91956,35.61263],[5.92097,35.61151],[5.92165,35.61141],[5.92247,35.61167],[5.92283,35.61366],[5.92265,35.61445],[5.92206,35.61606],[5.92127,35.61747],[5.92017,35.61843],[5.91743,35.61876],[5.9158,35.61963],[5.91519,35.62025]],[[5.91519,35.62025],[5.9153,35.62128],[5.91513,35.62184],[5.9157,35.62205],[5.91607,35.6238],[5.91642,35.62623],[5.91464,35.6294],[5.91386,35.63103],[5.91397,35.63106]]]}},{"type":"Feature","properties":{},"geometry":{"type":"LineString","coordinates":[[6.03634,35.57611],[6.03581,35.57598],[6.03421,35.57513],[6.03358,35.575],[6.0331,35.57466],[6.03144,35.57415],[6.03104,35.57367],[6.03066,35.57356],[6.03009,35.57356],[6.02886,35.57343],[6.02868,35.57332],[6.02805,35.57329],[6.02644,35.57248],[6.02622,35.57218],[6.02606,35.57157],[6.02644,35.57129],[6.02606,35.57095],[6.02533,35.57095],[6.02497,35.57124],[6.02444,35.57113],[6.02412,35.57085],[6.02344,35.57042],[6.02311,35.57002],[6.02285,35.5699],[6.02233,35.56939],[6.02185,35.56921],[6.02068,35.56851],[6.01907,35.56725],[6.01897,35.56671],[6.01872,35.56635],[6.01826,35.5659],[6.01791,35.56492],[6.01667,35.56396],[6.01598,35.56332],[6.01608,35.56274],[6.01494,35.56221],[6.0144,35.56166],[6.0145,35.56117],[6.01434,35.56105],[6.01402,35.56148],[6.01323,35.56193],[6.01274,35.56239],[6.01256,35.56285],[6.01235,35.56279],[6.01196,35.56233],[6.01193,35.56155],[6.01154,35.56038],[6.01098,35.56002],[6.01011,35.55979],[6.00889,35.56006],[6.00815,35.55962],[6.0077,35.55856],[6.0077,35.55782],[6.00828,35.55692],[6.0081,35.55645],[6.00771,35.55595],[6.007,35.55533],[6.00694,35.55466],[6.00661,35.55413],[6.0061,35.5524],[6.00602,35.55082],[6.00644,35.54978],[6.00824,35.54831],[6.00915,35.54737],[6.00988,35.54683],[6.01026,35.5463],[6.01035,35.54521],[6.01054,35.54455],[6.01076,35.54297],[6.01046,35.54229],[6.00999,35.54172],[6.00916,35.54119],[6.00899,35.54058],[6.00807,35.53962],[6.00695,35.53823],[6.00679,35.53751],[6.00612,35.5364],[6.00386,35.53534],[6.00304,35.53481],[6.00201,35.53391],[6.00103,35.53364],[6.00017,35.53331],[5.9994,35.53204],[5.99943,35.53137],[6.00003,35.52978],[6.00012,35.52889],[5.99937,35.5276],[5.99949,35.52662],[6.0002,35.52387],[6.00048,35.52211],[6.00048,35.52077],[6.00056,35.51845],[6.00021,35.51679],[5.99987,35.51284],[5.99973,35.51253]]}},{"type":"Feature","properties":{},"geometry":{"type":"LineString","coordinates":[[6.09259,35.601],[6.09303,35.6008],[6.09354,35.60087],[6.09401,35.60086],[6.09406,35.60065],[6.0937,35.60037],[6.09259,35.59981],[6.09209,35.59968],[6.09171,35.59905],[6.09174,35.59827],[6.09111,35.59757],[6.09067,35.5975],[6.08993,35.59787],[6.08934,35.59798],[6.0891,35.59761],[6.08871,35.59743],[6.08733,35.59733],[6.0866,35.59723],[6.08632,35.59683],[6.08594,35.59652],[6.08553,35.59652],[6.08544,35.59616],[6.08498,35.5957],[6.08465,35.59575],[6.08437,35.59556],[6.08424,35.59512],[6.0841,35.59496],[6.08366,35.59498],[6.08334,35.59474],[6.08274,35.5941],[6.08239,35.59379],[6.08238,35.59314],[6.08189,35.59247],[6.08115,35.59183],[6.0801,35.59156],[6.07997,35.59135],[6.08022,35.59041],[6.08001,35.59004],[6.07975,35.58929],[6.07979,35.58825],[6.07914,35.58696],[6.07821,35.58551],[6.07772,35.58505],[6.07703,35.58396],[6.07652,35.58294],[6.07652,35.58192],[6.07638,35.58085],[6.07597,35.57992]]}},{"type":"Feature","properties":{},"geometry":{"type":"LineString","coordinates":[[6.3087,35.68699],[6.30837,35.68648],[6.30852,35.68598],[6.30894,35.68506],[6.30862,35.68409],[6.3082,35.68365],[6.308,35.68311],[6.30806,35.6825],[6.30747,35.68173],[6.30674,35.68132],[6.30628,35.68067],[6.30577,35.68023],[6.30558,35.67933],[6.30556,35.67858],[6.30527,35.678],[6.30565,35.67707],[6.3056,35.67618],[6.30647,35.67501],[6.30707,35.67281],[6.3068,35.67162],[6.30651,35.67122],[6.30597,35.67031],[6.3063,35.6696],[6.30635,35.66803],[6.30657,35.66538],[6.30729,35.66353],[6.30781,35.66247],[6.3082,35.66144],[6.30871,35.6605]]}},{"type":"Feature","properties":{},"geometry":{"type":"LineString","coordinates":[[6.32028,35.66677],[6.31906,35.66996],[6.31848,35.67177],[6.31854,35.67242],[6.31914,35.6729],[6.32039,35.67353],[6.3212,35.67409]]}},{"type":"Feature","properties":{},"geometry":{"type":"LineString","coordinates":[[6.30754,35.66303],[6.30819,35.66305],[6.31018,35.66259],[6.31088,35.66257],[6.3128,35.66172],[6.31456,35.66078]]}},{"type":"Feature","properties":{},"geometry":{"type":"LineString","coordinates":[[6.26866,35.68049],[6.26887,35.68049],[6.26977,35.68135],[6.27085,35.68195],[6.27176,35.68215],[6.27365,35.68223],[6.27465,35.6825]]}},{"type":"Feature","properties":{},"geometry":{"type":"LineString","coordinates":[[6.26887,35.68049],[6.26911,35.68144],[6.26979,35.68339]]}},{"type":"Feature","properties":{},"geometry":{"type":"LineString","coordinates":[[6.26799,35.68051],[6.26804,35.68181],[6.26835,35.68307],[6.26865,35.68326]]}},{"type":"Feature","properties":{},"geometry":{"type":"LineString","coordinates":[[6.26667,35.68225],[6.2676,35.6818],[6.26802,35.68127]]}},{"type":"Feature","properties":{},"geometry":{"type":"LineString","coordinates":[[6.26701,35.68032],[6.26661,35.68135],[6.26619,35.68216],[6.26627,35.68231]]}},{"type":"Feature","properties":{},"geometry":{"type":"LineString","coordinates":[[6.32656,35.69788],[6.32582,35.69783],[6.32572,35.69812],[6.32347,35.7009],[6.32205,35.70284],[6.32088,35.70346],[6.31899,35.70377],[6.31716,35.70441],[6.31482,35.70482],[6.31196,35.70498],[6.30975,35.70543],[6.30778,35.70538],[6.30641,35.70546],[6.30489,35.70503],[6.30331,35.70485],[6.30067,35.70515],[6.2989,35.70547],[6.29785,35.70552],[6.29658,35.70517],[6.29472,35.70452],[6.29323,35.70441],[6.29215,35.70396],[6.29084,35.70353],[6.28923,35.70318],[6.28785,35.70246],[6.28681,35.70205],[6.28453,35.70063],[6.28402,35.70005],[6.28337,35.69971],[6.28253,35.69883],[6.28191,35.69746],[6.28101,35.69683],[6.2795,35.69597],[6.27876,35.69599],[6.27821,35.69537],[6.27752,35.69499],[6.27616,35.69486],[6.27481,35.69447],[6.27343,35.69368],[6.27302,35.69289],[6.27187,35.69182],[6.27001,35.69106],[6.26863,35.69039],[6.2683,35.68977],[6.26783,35.68937],[6.26745,35.68893],[6.26668,35.68834],[6.26553,35.68613],[6.26494,35.68536],[6.26426,35.68463],[6.26326,35.6831],[6.26229,35.6819],[6.2624,35.68115],[6.26198,35.68078],[6.26166,35.6797],[6.26183,35.67866],[6.26149,35.67828],[6.26141,35.67836],[6.26133,35.67668],[6.26147,35.67622],[6.26128,35.6755],[6.26037,35.67383],[6.26021,35.67329],[6.26041,35.67279],[6.26015,35.67243],[6.25993,35.67131],[6.25998,35.66995],[6.2604,35.66917],[6.26024,35.66852],[6.26054,35.66753],[6.26078,35.66707],[6.26169,35.66616],[6.26211,35.66534],[6.26241,35.66435],[6.26212,35.66377]]}},{"type":"Feature","properties":{},"geometry":{"type":"LineString","coordinates":[[6.31214,35.70229],[6.312,35.69985],[6.3129,35.69912],[6.31473,35.69837],[6.31598,35.69765],[6.31653,35.69723],[6.31709,35.69617],[6.31754,35.69586],[6.31891,35.69693],[6.31909,35.69675],[6.31988,35.69663],[6.32111,35.6968],[6.32245,35.69726],[6.32425,35.69751],[6.32582,35.69783]]}},{"type":"Feature","properties":{},"geometry":{"type":"LineString","coordinates":[[6.31194,35.69656],[6.31206,35.6967],[6.3123,35.69746],[6.31321,35.6978],[6.31466,35.69791],[6.31598,35.69765]]}},{"type":"Feature","properties":{},"geometry":{"type":"LineString","coordinates":[[6.27025,35.67596],[6.27045,35.67657],[6.27061,35.67744],[6.27108,35.67891],[6.27117,35.67982]]}},{"type":"Feature","properties":{},"geometry":{"type":"LineString","coordinates":[[6.26889,35.67234],[6.26943,35.67339],[6.27104,35.67497],[6.27171,35.67609],[6.27181,35.67681],[6.27236,35.67754],[6.27291,35.6787]]}},{"type":"Feature","properties":{},"geometry":{"type":"LineString","coordinates":[[6.26978,35.67211],[6.26889,35.67234],[6.26754,35.67224],[6.26779,35.67253],[6.26842,35.67344],[6.26909,35.67417],[6.26919,35.67654]]}},{"type":"Feature","properties":{},"geometry":{"type":"LineString","coordinates":[[6.26356,35.6744],[6.26373,35.67448],[6.26517,35.67462],[6.26643,35.67511],[6.26785,35.67597],[6.26919,35.67654],[6.27049,35.67703],[6.2722,35.67732]]}},{"type":"Feature","properties":{},"geometry":{"type":"LineString","coordinates":[[6.25888,35.66359],[6.25983,35.66404],[6.26015,35.66473],[6.26054,35.66499],[6.26115,35.66507],[6.26285,35.66554],[6.26283,35.66604],[6.2635,35.66688],[6.264,35.66782],[6.26493,35.66885],[6.26477,35.67103],[6.26483,35.67185],[6.26429,35.67342],[6.26356,35.6744],[6.26353,35.67523],[6.26321,35.67558],[6.26229,35.67685],[6.26187,35.67748],[6.26149,35.67828]]}},{"type":"Feature","properties":{},"geometry":{"type":"LineString","coordinates":[[6.26831,35.6805],[6.26868,35.67996],[6.26863,35.67871],[6.26785,35.67597],[6.26783,35.67525],[6.26803,35.6744],[6.2648,35.6715]]}},{"type":"Feature","properties":{},"geometry":{"type":"LineString","coordinates":[[6.26556,35.67219],[6.26754,35.67224]]}},{"type":"Feature","properties":{},"geometry":{"type":"LineString","coordinates":[[6.27424,35.6701],[6.27517,35.66965],[6.27585,35.66906],[6.27629,35.66907],[6.27731,35.67013],[6.27811,35.67122],[6.27948,35.67355],[6.28028,35.67446],[6.28011,35.67554]]}},{"type":"Feature","properties":{},"geometry":{"type":"LineString","coordinates":[[6.27452,35.67222],[6.27608,35.67136],[6.2767,35.67126],[6.27766,35.67139],[6.27852,35.67191],[6.27909,35.67196],[6.28027,35.6722],[6.28141,35.67355],[6.28188,35.67385],[6.28307,35.674]]}},{"type":"Feature","properties":{},"geometry":{"type":"LineString","coordinates":[[6.01581,35.62824],[6.01499,35.6279],[6.01443,35.62727],[6.01333,35.62714],[6.009,35.62704],[6.00492,35.62665],[6.00126,35.62598],[5.99962,35.62613],[5.99746,35.62594],[5.99691,35.6265],[5.99598,35.62967],[5.99556,35.63305],[5.99546,35.63558],[5.99532,35.63773],[5.99543,35.63959],[5.99574,35.64218]]}},{"type":"Feature","properties":{},"geometry":{"type":"LineString","coordinates":[[6.01132,35.62915],[6.01215,35.62893],[6.0128,35.63019],[6.01383,35.63079],[6.0158,35.63078]]}},{"type":"Feature","properties":{},"geometry":{"type":"LineString","coordinates":[[5.9226,35.61242],[5.92317,35.61231],[5.92347,35.6106],[5.92304,35.60792],[5.92289,35.60576],[5.92415,35.60513],[5.92555,35.60507],[5.93032,35.60567],[5.93252,35.60634],[5.93332,35.60679],[5.93449,35.60692],[5.93742,35.60828],[5.93923,35.60971],[5.94349,35.61164],[5.9456,35.61288],[5.94751,35.61365],[5.94959,35.61418],[5.95029,35.61415],[5.95177,35.61385],[5.95363,35.61419],[5.95426,35.61449],[5.95464,35.61531],[5.95577,35.61629],[5.95609,35.61711],[5.95665,35.61765],[5.95652,35.61817],[5.95646,35.62118],[5.95677,35.62229],[5.95732,35.62326],[5.95817,35.62395],[5.95875,35.62396],[5.95862,35.62444],[5.95859,35.6251],[5.95911,35.62698],[5.96046,35.6284],[5.96098,35.6286],[5.96279,35.62855],[5.96454,35.62865],[5.96561,35.62834],[5.96707,35.62842],[5.96822,35.62888],[5.9702,35.62903],[5.97243,35.6288],[5.97356,35.6283],[5.97562,35.62797],[5.97628,35.6276],[5.9771,35.62753],[5.9781,35.62751],[5.97933,35.62754],[5.98072,35.62772],[5.98166,35.62774],[5.98223,35.62794],[5.98363,35.62807],[5.9844,35.62795],[5.98654,35.62848],[5.98806,35.62871],[5.98975,35.62885],[5.99134,35.62851],[5.99222,35.62843],[5.99286,35.62845],[5.99363,35.62813],[5.99398,35.62819],[5.99577,35.62738],[5.99664,35.62743]]}},{"type":"Feature","properties":{},"geometry":{"type":"LineString","coordinates":[[5.9456,35.61288],[5.94745,35.61202],[5.94854,35.61114],[5.9503,35.61085],[5.95515,35.60954],[5.95721,35.60912],[5.95888,35.60825],[5.95977,35.60794],[5.96171,35.6077],[5.96248,35.60744],[5.96332,35.60693],[5.96416,35.60624],[5.96575,35.60599],[5.9668,35.60606],[5.96717,35.60564],[5.96759,35.60527],[5.96884,35.60464],[5.96978,35.60452],[5.9702,35.60438],[5.97086,35.60397],[5.97219,35.60271],[5.97263,35.60187],[5.97333,35.60188]]}},{"type":"Feature","properties":{},"geometry":{"type":"LineString","coordinates":[[5.93884,35.60941],[5.94002,35.60906],[5.94297,35.60847],[5.94784,35.60793],[5.95002,35.60755],[5.95137,35.60739],[5.95322,35.60792],[5.9542,35.60837],[5.95537,35.60831],[5.95677,35.6083],[5.95818,35.60809],[5.95977,35.60794]]}},{"type":"Feature","properties":{},"geometry":{"type":"LineString","coordinates":[[5.95363,35.61419],[5.95341,35.61361],[5.95379,35.6129],[5.95365,35.61189],[5.9539,35.61152],[5.95363,35.61108],[5.95351,35.6095],[5.95364,35.60811]]}},{"type":"Feature","properties":{},"geometry":{"type":"MultiLineString","coordinates":[[[5.93332,35.60679],[5.93336,35.60727],[5.93277,35.60754],[5.93242,35.60749],[5.93139,35.60832],[5.93008,35.61053],[5.92842,35.6112],[5.92797,35.61205],[5.92552,35.61509],[5.92459,35.61808],[5.92381,35.61844],[5.9229,35.61942],[5.92253,35.61956]],[[5.92201,35.62213],[5.92183,35.62195],[5.9219,35.62174],[5.92233,35.62175],[5.92333,35.62163],[5.92415,35.62134],[5.92507,35.62093],[5.92555,35.62062],[5.92406,35.62045],[5.92264,35.62011],[5.92253,35.61956]],[[5.92253,35.61956],[5.92141,35.62],[5.91894,35.62042],[5.91662,35.62146],[5.91577,35.62237]]]}},{"type":"Feature","properties":{},"geometry":{"type":"LineString","coordinates":[[5.92381,35.61844],[5.92604,35.61831],[5.92746,35.61796],[5.93054,35.6168],[5.93469,35.61547],[5.93622,35.61518],[5.93847,35.61442],[5.93987,35.61455],[5.9404,35.61447],[5.94155,35.61345],[5.94267,35.61305],[5.94402,35.61294],[5.9456,35.61288]]}},{"type":"Feature","properties":{},"geometry":{"type":"LineString","coordinates":[[5.94197,35.60867],[5.94192,35.60824],[5.94177,35.60767],[5.94173,35.60706],[5.94063,35.60504],[5.94065,35.60434],[5.94018,35.60385],[5.94026,35.60334],[5.93997,35.6025],[5.93995,35.60209],[5.93983,35.60161],[5.93934,35.59993],[5.93915,35.59885],[5.93917,35.59831],[5.9388,35.59771],[5.93857,35.59674],[5.93913,35.59587],[5.93996,35.59481],[5.94095,35.59299],[5.94091,35.59226],[5.94074,35.59172],[5.94134,35.59055],[5.9418,35.58986],[5.94242,35.58913],[5.94333,35.58754],[5.94403,35.58654],[5.94474,35.58599],[5.94513,35.5853],[5.94599,35.58503],[5.94721,35.5849],[5.94814,35.58473],[5.94951,35.58426],[5.94989,35.58446],[5.95091,35.58451],[5.95167,35.58439],[5.95196,35.58448],[5.95296,35.58435],[5.95377,35.58383]]}},{"type":"Feature","properties":{},"geometry":{"type":"LineString","coordinates":[[5.94074,35.59172],[5.94011,35.5927],[5.94001,35.59347],[5.93818,35.59496],[5.93698,35.59622],[5.93706,35.59678],[5.93641,35.59816],[5.9365,35.59843],[5.93641,35.59916],[5.93639,35.60045],[5.93613,35.60125],[5.93492,35.60363],[5.93441,35.60499],[5.93402,35.60573],[5.93317,35.60671]]}},{"type":"Feature","properties":{},"geometry":{"type":"LineString","coordinates":[[5.93402,35.60573],[5.93438,35.60571],[5.9348,35.60519],[5.93671,35.60505],[5.93691,35.60495],[5.93774,35.60472]]}},{"type":"Feature","properties":{},"geometry":{"type":"LineString","coordinates":[[5.92326,35.60068],[5.92315,35.60086],[5.92247,35.60165],[5.92236,35.60197],[5.92257,35.60316],[5.92289,35.60343],[5.92309,35.60414],[5.92317,35.60484],[5.9233,35.60555]]}},{"type":"Feature","properties":{},"geometry":{"type":"LineString","coordinates":[[5.92568,35.59585],[5.92574,35.59682],[5.92553,35.59716],[5.92434,35.5974],[5.9237,35.59784],[5.92257,35.59813],[5.92122,35.5999],[5.91972,35.6011],[5.91873,35.60214],[5.91931,35.60243],[5.91981,35.60228],[5.92068,35.60193],[5.92128,35.60181],[5.92177,35.60185],[5.92247,35.60165]]}},{"type":"Feature","properties":{},"geometry":{"type":"LineString","coordinates":[[5.91219,35.57667],[5.91279,35.57701],[5.913,35.57759],[5.91268,35.57784],[5.91032,35.58039],[5.9098,35.58177],[5.90712,35.58463],[5.9048,35.58623],[5.90485,35.58699],[5.90469,35.58909],[5.90402,35.59028],[5.90289,35.59127],[5.90268,35.59267],[5.90241,35.59355],[5.90212,35.59516]]}},{"type":"Feature","properties":{},"geometry":{"type":"LineString","coordinates":[[5.90688,35.5848],[5.90664,35.58428],[5.90713,35.58372],[5.90726,35.58252],[5.90715,35.58096]]}},{"type":"Feature","properties":{},"geometry":{"type":"LineString","coordinates":[[5.93593,35.52861],[5.93716,35.52864],[5.93909,35.5285],[5.94037,35.52863],[5.94154,35.52866],[5.94306,35.52879],[5.94385,35.52938],[5.94499,35.53008],[5.94575,35.53024],[5.94747,35.53105],[5.9474,35.53134],[5.94728,35.53148],[5.94782,35.53249],[5.94866,35.53347],[5.94858,35.53418],[5.94808,35.53341],[5.94588,35.53278],[5.94394,35.53321],[5.943,35.53333],[5.94108,35.53466],[5.93958,35.53558],[5.93917,35.53566],[5.93808,35.53674],[5.93769,35.53768],[5.93686,35.53818],[5.93644,35.53837],[5.93564,35.53792],[5.93439,35.53683],[5.9337,35.53677],[5.9328,35.53722],[5.93134,35.53738],[5.93048,35.53678],[5.92948,35.53709],[5.92857,35.53783],[5.92774,35.53796]]}},{"type":"Feature","properties":{},"geometry":{"type":"LineString","coordinates":[[5.94113,35.52865],[5.93952,35.52803],[5.93824,35.528],[5.93687,35.52728]]}},{"type":"Feature","properties":{},"geometry":{"type":"LineString","coordinates":[[5.94747,35.53105],[5.94653,35.52969],[5.94496,35.52779],[5.94406,35.527],[5.9415,35.52679],[5.94019,35.52729],[5.93843,35.52757],[5.93712,35.5269]]}},{"type":"Feature","properties":{},"geometry":{"type":"LineString","coordinates":[[5.95058,35.53371],[5.95029,35.53222],[5.9489,35.5318],[5.94747,35.53105]]}},{"type":"Feature","properties":{},"geometry":{"type":"LineString","coordinates":[[5.98667,35.55754],[5.98733,35.55703],[5.98819,35.5561],[5.98851,35.5553],[5.98895,35.55445],[5.98931,35.55422],[5.99007,35.55419],[5.99196,35.55366],[5.99296,35.55354],[5.99379,35.55333],[5.99595,35.55319],[5.99647,35.55334],[5.99877,35.55292],[5.99978,35.55247],[6.00107,35.55241],[6.0026,35.55192],[6.00443,35.55144],[6.0062,35.55033]]}},{"type":"Feature","properties":{},"geometry":{"type":"LineString","coordinates":[[5.9972,35.54896],[5.9959,35.5481],[5.99349,35.54665],[5.99172,35.54524],[5.99068,35.54461],[5.99044,35.5446],[5.98943,35.54508],[5.98744,35.54549],[5.98613,35.54512],[5.98522,35.54507],[5.98479,35.5447],[5.98274,35.54354],[5.98086,35.54293],[5.97967,35.54238],[5.97869,35.54223],[5.97763,35.54234],[5.97704,35.54221],[5.97598,35.54232],[5.97438,35.54222],[5.97382,35.54193],[5.97363,35.5419],[5.97349,35.5416],[5.97225,35.54108],[5.97171,35.54103],[5.9712,35.54029],[5.97071,35.5401],[5.97028,35.53984],[5.96702,35.5398],[5.96539,35.53867],[5.96439,35.53784],[5.96384,35.5372],[5.96362,35.53651],[5.96281,35.53591],[5.96146,35.53517],[5.96067,35.53444],[5.96054,35.5341],[5.95949,35.53377],[5.95866,35.53359],[5.95718,35.53345],[5.95665,35.53323],[5.95477,35.53274],[5.95303,35.53236],[5.95245,35.53204],[5.95126,35.53112],[5.94956,35.5309],[5.94906,35.53044],[5.9485,35.52964],[5.94811,35.52897],[5.94792,35.52816],[5.94766,35.52769],[5.94753,35.52726],[5.94701,35.5268],[5.94637,35.52685],[5.94562,35.52747],[5.9451,35.52736],[5.94406,35.527],[5.94339,35.52622],[5.94191,35.52504],[5.9406,35.5241],[5.94046,35.52333],[5.93978,35.52283],[5.93747,35.52139]]}},{"type":"Feature","properties":{},"geometry":{"type":"LineString","coordinates":[[5.94589,35.51046],[5.94698,35.51077],[5.94787,35.51127],[5.9481,35.51172],[5.94729,35.51226],[5.94783,35.51238],[5.9489,35.51208],[5.95053,35.51184],[5.95251,35.51238],[5.95388,35.51263],[5.95513,35.51337],[5.95606,35.51414],[5.95847,35.51492],[5.95997,35.51506],[5.96155,35.51504],[5.96252,35.51551],[5.96391,35.51657],[5.96418,35.51656],[5.96508,35.51676],[5.96601,35.51707],[5.96694,35.51729],[5.96792,35.51728],[5.96855,35.5175],[5.96952,35.51816],[5.97091,35.51899],[5.97163,35.51898],[5.97241,35.5193],[5.97561,35.52069],[5.97601,35.52115],[5.97649,35.52134],[5.97732,35.52156],[5.97892,35.52183],[5.98015,35.52242],[5.9809,35.52288],[5.98195,35.52365],[5.98447,35.52495],[5.98579,35.52526],[5.98597,35.52555],[5.9864,35.52524],[5.98698,35.52559],[5.98748,35.52611],[5.98809,35.52625],[5.98894,35.52665],[5.98998,35.52702],[5.99064,35.52718],[5.9913,35.52687],[5.99162,35.52688],[5.99245,35.52752],[5.99331,35.52767],[5.99389,35.52802],[5.99568,35.52883],[5.99659,35.52912],[5.99717,35.52939],[5.99792,35.52897],[5.99855,35.52798],[5.99912,35.52723],[5.99944,35.52708]]}},{"type":"Feature","properties":{},"geometry":{"type":"LineString","coordinates":[[5.99144,35.51879],[5.98938,35.52013],[5.98872,35.5201],[5.98765,35.51957],[5.98637,35.51951],[5.98501,35.5191],[5.98473,35.51915],[5.9842,35.519],[5.98302,35.51885],[5.98167,35.51857],[5.9811,35.51868],[5.98039,35.51864],[5.9796,35.51801],[5.97574,35.51707],[5.97541,35.51686],[5.97379,35.51664],[5.97237,35.51636],[5.97068,35.51614],[5.96968,35.51579],[5.96469,35.51486],[5.9634,35.51436],[5.96147,35.51401],[5.95277,35.5121],[5.94949,35.51145],[5.94698,35.51077]]}},{"type":"Feature","properties":{},"geometry":{"type":"LineString","coordinates":[[5.98783,35.51965],[5.98856,35.51834]]}},{"type":"Feature","properties":{},"geometry":{"type":"LineString","coordinates":[[5.99183,35.52705],[5.99302,35.52697],[5.99528,35.52643],[5.99565,35.52654],[5.99686,35.52717],[5.99717,35.52726],[5.99755,35.52707],[5.99817,35.52706],[5.99912,35.52723]]}},{"type":"Feature","properties":{},"geometry":{"type":"LineString","coordinates":[[6.0002,35.52387],[6.00144,35.52308],[6.00374,35.52075],[6.0037,35.5187],[6.00353,35.51717],[6.00441,35.51542],[6.0052,35.51152],[6.0053,35.51029],[6.00455,35.50697],[6.00511,35.50591]]}},{"type":"Feature","properties":{},"geometry":{"type":"LineString","coordinates":[[6.01142,35.51851],[6.01235,35.51404],[6.01398,35.51098],[6.01512,35.50862],[6.01648,35.50784]]}},{"type":"Feature","properties":{},"geometry":{"type":"LineString","coordinates":[[6.00441,35.51542],[6.00522,35.51573],[6.00568,35.51569],[6.00693,35.51529],[6.0083,35.51456],[6.00911,35.51463],[6.01117,35.51435],[6.01227,35.51438]]}},{"type":"Feature","properties":{},"geometry":{"type":"LineString","coordinates":[[6.0001,35.51533],[6.00124,35.51429],[6.00107,35.51405]]}},{"type":"Feature","properties":{},"geometry":{"type":"LineString","coordinates":[[6.00456,35.51461],[6.00335,35.5142],[6.00326,35.51334],[6.00341,35.51234],[6.00279,35.51189],[6.00288,35.51109],[6.00347,35.50938],[6.00434,35.50797],[6.00455,35.50697],[6.0041,35.50589]]}},{"type":"Feature","properties":{},"geometry":{"type":"LineString","coordinates":[[6.00491,35.51292],[6.00427,35.51289],[6.00388,35.5124],[6.00315,35.51215]]}},{"type":"Feature","properties":{},"geometry":{"type":"LineString","coordinates":[[6.01295,35.51291],[6.01238,35.51304],[6.01092,35.51315],[6.0092,35.51215],[6.00762,35.51082],[6.0057,35.51063],[6.00525,35.51085],[6.00526,35.51075]]}},{"type":"Feature","properties":{},"geometry":{"type":"LineString","coordinates":[[6.01463,35.53142],[6.01384,35.53145],[6.01319,35.53125],[6.01106,35.53101],[6.00934,35.53051],[6.00894,35.52991],[6.0083,35.52946],[6.00773,35.52864],[6.00676,35.52749],[6.00661,35.52698],[6.00626,35.52662],[6.0051,35.52425],[6.00492,35.52309],[6.00429,35.52216],[6.00408,35.52098],[6.00374,35.52046]]}},{"type":"Feature","properties":{},"geometry":{"type":"LineString","coordinates":[[6.00659,35.52931],[6.00748,35.52939],[6.00814,35.52924]]}},{"type":"Feature","properties":{},"geometry":{"type":"LineString","coordinates":[[6.0637,35.54739],[6.06437,35.54674],[6.06544,35.54628],[6.06637,35.54635],[6.0671,35.54556],[6.06805,35.54506],[6.06881,35.54522],[6.07044,35.54545],[6.07201,35.54544],[6.07329,35.54571],[6.07471,35.54522],[6.07654,35.54474],[6.08089,35.54394],[6.08159,35.54352]]}},{"type":"Feature","properties":{},"geometry":{"type":"LineString","coordinates":[[6.08269,35.56104],[6.08381,35.5634],[6.08465,35.56442],[6.08713,35.56529],[6.08869,35.56595],[6.08966,35.56664],[6.09105,35.56682],[6.09291,35.56715],[6.09437,35.56728],[6.0957,35.56765],[6.09692,35.56782],[6.09808,35.56814]]}},{"type":"Feature","properties":{},"geometry":{"type":"LineString","coordinates":[[6.06464,35.56494],[6.06564,35.56477],[6.06777,35.56415],[6.06803,35.56349],[6.06874,35.56303],[6.07017,35.5623],[6.0707,35.56222],[6.07199,35.56216],[6.07329,35.5619],[6.074,35.56144],[6.07494,35.56151],[6.07553,35.56133],[6.07623,35.56135],[6.07747,35.56095],[6.0787,35.56079],[6.07971,35.56058],[6.08042,35.56007],[6.08058,35.55897],[6.08206,35.55853],[6.08303,35.55847]]}},{"type":"Feature","properties":{},"geometry":{"type":"LineString","coordinates":[[6.07822,35.55973],[6.08058,35.55897]]}},{"type":"Feature","properties":{},"geometry":{"type":"LineString","coordinates":[[6.07832,35.55839],[6.07836,35.5573],[6.07891,35.55659],[6.07996,35.55509],[6.08034,35.55429],[6.08084,35.55354],[6.08142,35.55345],[6.08242,35.55301]]}},{"type":"Feature","properties":{},"geometry":{"type":"LineString","coordinates":[[6.08059,35.55391],[6.08146,35.55408],[6.08186,35.55432],[6.08213,35.555],[6.08269,35.55501]]}},{"type":"Feature","properties":{},"geometry":{"type":"LineString","coordinates":[[6.07447,35.56148],[6.07522,35.56004],[6.07608,35.55743],[6.07702,35.55564],[6.07809,35.55342],[6.08002,35.54702],[6.08054,35.54555],[6.08019,35.54406],[6.08011,35.54237],[6.07975,35.54097],[6.07933,35.53991],[6.07846,35.53867],[6.07803,35.53788],[6.07631,35.53634],[6.07631,35.53627],[6.07635,35.53628]]}},{"type":"Feature","properties":{},"geometry":{"type":"LineString","coordinates":[[6.06095,35.54608],[6.06234,35.5464],[6.0637,35.54739],[6.06416,35.54759],[6.06455,35.54817],[6.06518,35.54857],[6.0662,35.54941],[6.06737,35.55115],[6.06808,35.55241],[6.0688,35.552],[6.06913,35.55253],[6.06977,35.5525],[6.07095,35.55377],[6.07203,35.55475],[6.07289,35.55506],[6.07414,35.55614],[6.07671,35.55622]]}},{"type":"Feature","properties":{},"geometry":{"type":"LineString","coordinates":[[6.14705,35.55436],[6.14301,35.55361],[6.14099,35.55311],[6.138,35.55256],[6.13658,35.55237],[6.13439,35.55184],[6.13067,35.55134],[6.12726,35.5507],[6.1253,35.55046],[6.1222,35.54994],[6.12157,35.55006],[6.12057,35.55043],[6.11914,35.55058],[6.11855,35.55035],[6.11752,35.55016],[6.11587,35.54977],[6.11431,35.54955],[6.1114,35.54982],[6.10971,35.54982],[6.10888,35.54968],[6.10768,35.54925],[6.10601,35.549],[6.10438,35.54906],[6.10186,35.54946],[6.10118,35.54949],[6.10049,35.5496],[6.09887,35.54998],[6.09604,35.55049],[6.09477,35.55063],[6.09372,35.55063],[6.09281,35.55032],[6.09119,35.54921],[6.08975,35.54844],[6.08879,35.54773],[6.0875,35.54716],[6.08666,35.54746],[6.08616,35.54791],[6.08546,35.54894],[6.08352,35.54936],[6.08211,35.5495],[6.08121,35.55015]]}},{"type":"Feature","properties":{},"geometry":{"type":"MultiLineString","coordinates":[[[6.02996,35.62894],[6.03036,35.62895],[6.03098,35.62879],[6.03344,35.628],[6.03504,35.62784],[6.03573,35.62754],[6.03644,35.62701],[6.03673,35.6269],[6.03752,35.62689],[6.03797,35.62676],[6.03826,35.62628],[6.03826,35.62529],[6.03765,35.624],[6.03757,35.62312],[6.03723,35.62272],[6.03733,35.62233],[6.03739,35.6217],[6.03692,35.61936],[6.03702,35.6187],[6.03682,35.61826],[6.0369,35.6167],[6.03614,35.6158],[6.03565,35.61554],[6.03538,35.61493],[6.03476,35.61451],[6.03354,35.61322],[6.03273,35.6127],[6.03206,35.61268],[6.03194,35.61249]],[[6.03268,35.62506],[6.03121,35.6262],[6.03057,35.62695],[6.03041,35.62819],[6.02996,35.62894]],[[6.02461,35.63582],[6.02473,35.63494],[6.02519,35.63435],[6.02551,35.63409],[6.02589,35.63368],[6.02621,35.63325],[6.02683,35.63266],[6.0272,35.63219],[6.02757,35.63149],[6.02996,35.62894]]]}},{"type":"Feature","properties":{},"geometry":{"type":"LineString","coordinates":[[6.06266,35.61675],[6.06264,35.61685],[6.06231,35.61698],[6.06114,35.61679],[6.05991,35.61681],[6.05893,35.61723],[6.05802,35.61769],[6.05736,35.6179],[6.05619,35.61837],[6.05471,35.61829],[6.05365,35.61834],[6.05353,35.61848],[6.05251,35.61903],[6.05159,35.61942],[6.05131,35.61976],[6.04998,35.62014],[6.0483,35.62087],[6.04793,35.62144],[6.04737,35.62193],[6.04702,35.622],[6.04681,35.62215],[6.04598,35.62254],[6.04546,35.62265],[6.04466,35.62238],[6.044,35.62244],[6.04342,35.62271],[6.04284,35.62281],[6.04083,35.62392],[6.03967,35.62411],[6.03941,35.6243],[6.0389,35.62501],[6.03826,35.62628]]}},{"type":"Feature","properties":{},"geometry":{"type":"MultiLineString","coordinates":[[[6.0547,35.62077],[6.04982,35.6202]],[[6.05749,35.61889],[6.05609,35.61956],[6.0557,35.61999],[6.05547,35.62039],[6.0547,35.62077]],[[6.26285,35.66554],[6.26334,35.66486],[6.26379,35.66448],[6.26418,35.66367],[6.26433,35.66296],[6.26399,35.66261],[6.26345,35.66256],[6.26316,35.66213],[6.26323,35.66151],[6.26318,35.66056],[6.26327,35.65952],[6.26385,35.65905],[6.26444,35.65824],[6.26471,35.65714],[6.26494,35.65647],[6.26471,35.65563],[6.26305,35.6532],[6.26247,35.65291],[6.2616,35.65199],[6.26114,35.65117],[6.26037,35.65054],[6.25919,35.65026],[6.25701,35.65036],[6.2565,35.65003],[6.25515,35.64975],[6.25437,35.65003],[6.25355,35.64994],[6.25352,35.64931],[6.25268,35.64919],[6.25147,35.64843],[6.25089,35.64835],[6.25049,35.64797],[6.24967,35.6478],[6.24917,35.64743],[6.24842,35.64677],[6.24624,35.64533],[6.24565,35.6445],[6.2449,35.64396],[6.24373,35.6436],[6.24291,35.64343],[6.24235,35.64342],[6.24162,35.64376],[6.24024,35.64358],[6.23908,35.64357],[6.23646,35.64345],[6.23608,35.6433],[6.23514,35.64311],[6.23399,35.64306],[6.2336,35.64318],[6.23293,35.6432],[6.23181,35.64299],[6.23104,35.6427],[6.2303,35.64272],[6.22844,35.64291],[6.22812,35.64246],[6.22772,35.64216],[6.22645,35.64182],[6.22567,35.6414],[6.22523,35.64137],[6.22369,35.64079],[6.22241,35.64065],[6.22203,35.64046],[6.22154,35.6399],[6.22032,35.6387],[6.22027,35.63792],[6.22031,35.63742],[6.22005,35.63693],[6.21887,35.63617],[6.218,35.63607],[6.21723,35.63584],[6.21573,35.63557],[6.21561,35.63528],[6.21605,35.63436],[6.21617,35.63382],[6.21584,35.63367],[6.2151,35.63283],[6.21433,35.63128],[6.21384,35.63067],[6.21357,35.63051],[6.21221,35.63046],[6.21122,35.63002],[6.211,35.6297],[6.21028,35.62907],[6.20984,35.62841],[6.20926,35.628],[6.20902,35.62764],[6.20874,35.62751],[6.20774,35.62742],[6.20814,35.62712],[6.20854,35.62673],[6.20853,35.62624],[6.20844,35.62568],[6.20807,35.62521],[6.20827,35.6249],[6.20902,35.62462],[6.2088,35.6242],[6.20763,35.62312],[6.20737,35.62265],[6.2066,35.62255],[6.2063,35.62229],[6.2052,35.62157],[6.2045,35.62093],[6.20397,35.62062],[6.20318,35.62046],[6.20124,35.6202],[6.20013,35.62026],[6.19904,35.62001],[6.19781,35.61989],[6.19607,35.61908],[6.19483,35.61907],[6.19349,35.61923],[6.19302,35.62018],[6.19225,35.62088],[6.19176,35.62168],[6.19094,35.62235],[6.19006,35.62279],[6.18886,35.62379],[6.18766,35.62381],[6.18665,35.62395],[6.18596,35.62383],[6.18352,35.62325],[6.18252,35.62375],[6.18137,35.62442],[6.17974,35.62471],[6.17861,35.62469],[6.17737,35.62487],[6.17463,35.62489],[6.17397,35.62456],[6.17348,35.62455],[6.17307,35.6247],[6.17233,35.62515],[6.17126,35.62651],[6.17069,35.62658],[6.17023,35.62657],[6.16963,35.62685],[6.16893,35.62681],[6.16827,35.62818],[6.16716,35.6297],[6.16672,35.62998],[6.16609,35.6297],[6.16493,35.62982],[6.16429,35.62963],[6.16446,35.63056],[6.16539,35.63192],[6.16534,35.63259],[6.16511,35.63255],[6.16457,35.63193],[6.16439,35.63188],[6.16434,35.63259],[6.16437,35.63314],[6.16422,35.6338],[6.16396,35.63382],[6.1637,35.63325],[6.16306,35.63256],[6.16208,35.63197],[6.16154,35.63188],[6.16204,35.63231],[6.16214,35.63317],[6.16216,35.63405],[6.16179,35.63498],[6.16109,35.63595],[6.16131,35.63625],[6.16145,35.63655],[6.16141,35.63709],[6.16152,35.63747],[6.1619,35.6378],[6.16188,35.63809],[6.16137,35.63801],[6.16032,35.63816],[6.15986,35.63796],[6.15914,35.63805],[6.15818,35.63838],[6.15766,35.63841],[6.15744,35.63815],[6.15627,35.63796],[6.15559,35.63811],[6.15545,35.6379],[6.15557,35.63737],[6.15504,35.63715],[6.15419,35.63703],[6.15351,35.63678],[6.1533,35.63696],[6.15344,35.63793],[6.15411,35.63948],[6.15374,35.63976],[6.15367,35.64012],[6.15373,35.6406],[6.15401,35.64132],[6.15418,35.64162],[6.15312,35.64178],[6.15223,35.64174],[6.15122,35.64182],[6.15053,35.6412],[6.15007,35.64108],[6.1489,35.64139],[6.14876,35.6417],[6.14724,35.64185],[6.14602,35.64145],[6.1453,35.64162],[6.14496,35.64157],[6.14447,35.64097],[6.14241,35.64123],[6.14199,35.64076],[6.14158,35.64073],[6.14014,35.64076],[6.1382,35.64034],[6.13704,35.63979],[6.13495,35.63865],[6.13353,35.63815],[6.13229,35.63749],[6.13161,35.63725],[6.13079,35.63714],[6.12914,35.63666],[6.12774,35.63615],[6.12642,35.63595],[6.12335,35.63474],[6.12241,35.63451],[6.12008,35.63372],[6.11757,35.63404],[6.11748,35.63385],[6.11712,35.63451],[6.11683,35.63542],[6.11362,35.63411],[6.11235,35.63366],[6.11128,35.63345],[6.10946,35.63265],[6.10826,35.63224],[6.10697,35.63188],[6.10622,35.63184],[6.10235,35.63032],[6.10111,35.62979],[6.10004,35.62892],[6.09665,35.62752],[6.09582,35.62693],[6.09533,35.62692],[6.09407,35.62643],[6.09301,35.62577],[6.09185,35.62526],[6.08969,35.62525],[6.08883,35.62513],[6.08767,35.62478],[6.0873,35.62477],[6.08668,35.62431],[6.08623,35.62418],[6.08547,35.62375],[6.08557,35.62469],[6.08574,35.6251],[6.08594,35.62582],[6.08527,35.62639],[6.08376,35.62588],[6.08081,35.62394],[6.07991,35.62318],[6.079,35.62229],[6.07803,35.62209],[6.07727,35.62214],[6.07601,35.62253],[6.07454,35.62265],[6.07344,35.62269],[6.07312,35.62245],[6.07071,35.6225],[6.06979,35.62237],[6.06901,35.62261],[6.06867,35.62267],[6.06809,35.62248],[6.06698,35.62241],[6.06657,35.62244],[6.06619,35.62242],[6.06589,35.62219],[6.06432,35.62185],[6.06335,35.62149],[6.06178,35.62148],[6.06023,35.62168],[6.05959,35.62171],[6.0584,35.62121],[6.05782,35.62116],[6.05671,35.62085],[6.05575,35.62086],[6.0547,35.62077]]]}},{"type":"Feature","properties":{},"geometry":{"type":"LineString","coordinates":[[6.26222,35.66495],[6.26273,35.66485],[6.26318,35.66442],[6.26356,35.66393],[6.26412,35.66379]]}},{"type":"Feature","properties":{},"geometry":{"type":"LineString","coordinates":[[6.17138,35.62635],[6.1712,35.62723],[6.17082,35.62783],[6.17101,35.62842],[6.17162,35.62856],[6.17185,35.62842],[6.17179,35.62802],[6.17206,35.62763],[6.17278,35.62754],[6.17365,35.62771],[6.17432,35.62776],[6.17554,35.62804],[6.17692,35.62816],[6.17752,35.62866],[6.17818,35.62876],[6.17881,35.62915],[6.17925,35.62922],[6.17975,35.6294],[6.18013,35.62964],[6.18098,35.62968],[6.18214,35.63008],[6.18299,35.63015],[6.18361,35.62995],[6.18406,35.62971],[6.18457,35.62909],[6.18477,35.62912],[6.18517,35.62871],[6.18563,35.6287],[6.18672,35.62908],[6.1876,35.6291],[6.18927,35.62958],[6.18997,35.62947],[6.19136,35.62942],[6.19277,35.62945],[6.19321,35.62932],[6.19509,35.62921],[6.19545,35.62935],[6.19687,35.62965],[6.19723,35.62987],[6.19938,35.63057],[6.19976,35.63081],[6.20037,35.63099],[6.20122,35.63105],[6.20154,35.63131],[6.20176,35.63172],[6.20236,35.63223],[6.2026,35.6327],[6.20297,35.63298],[6.20427,35.63414],[6.205,35.6351],[6.20487,35.63535],[6.20463,35.63547],[6.20449,35.63572],[6.20474,35.63594],[6.20613,35.63593],[6.20684,35.63536],[6.20868,35.63412],[6.20899,35.63411],[6.20938,35.6342],[6.21019,35.63453],[6.21079,35.63501],[6.21072,35.63553],[6.21097,35.63575],[6.21212,35.63586],[6.21279,35.6357],[6.21349,35.63566],[6.21419,35.63544],[6.21573,35.63557]]}},{"type":"Feature","properties":{},"geometry":{"type":"LineString","coordinates":[[6.18886,35.62379],[6.1889,35.62479],[6.18897,35.62502],[6.18881,35.62536],[6.18849,35.6256],[6.1867,35.62671],[6.18599,35.62743],[6.18506,35.62806],[6.18463,35.62872],[6.18457,35.62909]]}},{"type":"Feature","properties":{},"geometry":{"type":"LineString","coordinates":[[6.20828,35.59254],[6.20699,35.59364],[6.20571,35.59354],[6.20514,35.59372],[6.20347,35.59358],[6.20238,35.59332],[6.20092,35.59325],[6.19979,35.59307],[6.19854,35.593],[6.1971,35.59236],[6.19551,35.59226],[6.19206,35.5917],[6.19102,35.59142],[6.19035,35.59082],[6.18855,35.59006],[6.18786,35.59005],[6.18638,35.5898],[6.18247,35.59359],[6.18218,35.59394],[6.1808,35.5951],[6.17905,35.59682],[6.17826,35.59739],[6.17776,35.59761],[6.17752,35.598],[6.17647,35.59861],[6.17631,35.59888],[6.17506,35.59922],[6.17441,35.59957],[6.17384,35.59962],[6.17411,35.60224],[6.17466,35.60263],[6.17513,35.60317],[6.17591,35.60369],[6.17643,35.60402],[6.17682,35.60398],[6.1773,35.60423],[6.1775,35.60442],[6.17786,35.60497],[6.17828,35.60546],[6.17943,35.60641],[6.17962,35.60686],[6.18015,35.60727],[6.18042,35.60755],[6.18071,35.60797],[6.18106,35.6083],[6.18161,35.60869],[6.18147,35.60906],[6.182,35.6093],[6.18234,35.60971],[6.18283,35.61043],[6.18368,35.61113],[6.18472,35.61214],[6.18468,35.61253],[6.18362,35.61289],[6.18392,35.61319],[6.18425,35.61319],[6.18471,35.61333],[6.1849,35.61365],[6.18484,35.61407],[6.18528,35.61466],[6.18512,35.61489],[6.18521,35.61504],[6.18575,35.61499],[6.18611,35.61519],[6.18609,35.61558],[6.18627,35.61576],[6.1864,35.6163],[6.18665,35.61652],[6.18714,35.61655],[6.18736,35.61683],[6.1874,35.61723],[6.18758,35.61723],[6.18789,35.61703],[6.18808,35.61674],[6.18796,35.61638],[6.18805,35.61615],[6.18915,35.61761],[6.18884,35.61781],[6.18807,35.6179],[6.18759,35.61824],[6.18749,35.61908],[6.18735,35.61926],[6.18693,35.6194],[6.18737,35.61945],[6.18795,35.6198],[6.18823,35.61981],[6.18825,35.61914],[6.1893,35.6192],[6.18978,35.61942],[6.1899,35.61978],[6.19019,35.62019],[6.1904,35.62017],[6.19082,35.61999],[6.19108,35.61968],[6.19142,35.61953],[6.19188,35.61956],[6.19209,35.61944],[6.19242,35.619],[6.1922,35.61868],[6.1915,35.61816],[6.19117,35.61811],[6.19037,35.61747],[6.18988,35.6167],[6.19004,35.61656],[6.19002,35.61631],[6.18892,35.61561],[6.18873,35.61506],[6.18877,35.61464],[6.19047,35.61384],[6.19169,35.61341],[6.19368,35.61302],[6.19435,35.61301],[6.19543,35.61291],[6.19597,35.61275],[6.19639,35.61255],[6.19705,35.61272],[6.19739,35.61264],[6.19802,35.61234],[6.19839,35.61201],[6.19865,35.61187],[6.19988,35.61203],[6.20037,35.61189],[6.20132,35.61105],[6.20213,35.61086],[6.20301,35.61053],[6.20343,35.61014],[6.20411,35.60986],[6.20485,35.60915],[6.20525,35.60888],[6.20613,35.60867],[6.20665,35.60837],[6.20706,35.60783],[6.20736,35.60723],[6.20759,35.60657],[6.20731,35.6057],[6.20712,35.60379],[6.20718,35.60293],[6.2076,35.60254],[6.20815,35.60228],[6.20903,35.60201],[6.20973,35.6019],[6.21056,35.60152],[6.2108,35.60129],[6.21161,35.60006],[6.21266,35.59962],[6.21303,35.59925],[6.21352,35.59851],[6.21399,35.5982],[6.2148,35.59791],[6.21512,35.59767]]}},{"type":"Feature","properties":{},"geometry":{"type":"LineString","coordinates":[[6.15268,35.57473],[6.15274,35.57574],[6.15323,35.57656],[6.15418,35.57775],[6.15519,35.57828],[6.15904,35.58055],[6.1615,35.58173],[6.16238,35.58186],[6.16356,35.58234],[6.16471,35.58267],[6.16539,35.583],[6.1659,35.58309],[6.16915,35.58403],[6.16977,35.58405],[6.17017,35.58423],[6.17074,35.5846],[6.17168,35.58493],[6.17307,35.5855],[6.17442,35.58611],[6.17608,35.58632],[6.177,35.58651],[6.17801,35.58693],[6.18011,35.58762],[6.18154,35.58782],[6.18241,35.5884],[6.18363,35.58879],[6.18438,35.58895],[6.18481,35.58929],[6.18541,35.58961],[6.18638,35.5898]]}},{"type":"Feature","properties":{},"geometry":{"type":"LineString","coordinates":[[6.17384,35.59962],[6.17281,35.60064],[6.17223,35.60068],[6.17119,35.60105],[6.17107,35.60136],[6.17172,35.60137],[6.17213,35.60152],[6.17283,35.60198],[6.17411,35.60224]]}},{"type":"Feature","properties":{},"geometry":{"type":"LineString","coordinates":[[6.18835,35.57903],[6.18826,35.57967],[6.18945,35.5809],[6.19018,35.58154],[6.19096,35.58183],[6.19094,35.5822],[6.1912,35.58262],[6.1919,35.58317],[6.19278,35.58355],[6.19384,35.58442],[6.19511,35.58554],[6.1956,35.58608],[6.19601,35.58609],[6.19675,35.5865],[6.19745,35.58696],[6.19767,35.58755],[6.19805,35.58751],[6.19825,35.58762],[6.19886,35.58766],[6.19956,35.58835],[6.19968,35.58891],[6.20036,35.58904],[6.19952,35.5905],[6.19954,35.59092],[6.19897,35.59147],[6.19896,35.59275],[6.19921,35.59332],[6.19975,35.59378],[6.20007,35.59435],[6.20021,35.59524],[6.20055,35.59623],[6.20103,35.59708],[6.20128,35.59778],[6.2013,35.59834],[6.2025,35.59932],[6.2027,35.60044],[6.20242,35.60142],[6.20195,35.60219],[6.20135,35.60262],[6.20059,35.60308],[6.19995,35.6036],[6.19947,35.60358],[6.19899,35.60369],[6.19639,35.6055],[6.19497,35.60597],[6.19408,35.60611],[6.19393,35.60634],[6.19344,35.60685],[6.19277,35.60726],[6.19164,35.60743],[6.19123,35.60728],[6.19091,35.60758],[6.19019,35.60767],[6.1898,35.60794],[6.19004,35.60806],[6.19046,35.60869],[6.19086,35.609],[6.19082,35.60931],[6.18945,35.60928],[6.18864,35.60903],[6.18788,35.60924],[6.1878,35.60946],[6.18802,35.60997],[6.18866,35.61027],[6.18872,35.61055],[6.18834,35.61071],[6.18744,35.61082],[6.18712,35.6104],[6.18665,35.60997],[6.18616,35.60931],[6.18575,35.60925],[6.18372,35.60856],[6.18317,35.60866],[6.1823,35.60908],[6.18234,35.60971]]}},{"type":"Feature","properties":{},"geometry":{"type":"LineString","coordinates":[[6.21121,35.59687],[6.2104,35.59741],[6.21006,35.59846],[6.20935,35.59909],[6.20641,35.60003],[6.20599,35.6001],[6.20413,35.59972],[6.2034,35.5989],[6.20303,35.59866],[6.201,35.59915],[6.20098,35.59957],[6.20044,35.60028],[6.19966,35.60105],[6.1993,35.60174],[6.19882,35.60178],[6.19842,35.60152],[6.19816,35.60112],[6.19771,35.6012],[6.19765,35.60086],[6.19737,35.60018],[6.1969,35.59972],[6.19587,35.59981],[6.19515,35.59993],[6.19503,35.60032],[6.19465,35.60065],[6.19368,35.60085],[6.19233,35.60037],[6.19166,35.59988],[6.19154,35.59937],[6.1918,35.59891],[6.1917,35.59868],[6.19103,35.59824],[6.19052,35.59823],[6.19061,35.59871],[6.19022,35.59904],[6.18964,35.59905],[6.18893,35.59864],[6.18811,35.59857],[6.18695,35.59857],[6.18644,35.59833],[6.18647,35.59752],[6.18684,35.59683],[6.18741,35.59609],[6.18809,35.59541],[6.18892,35.59506],[6.19019,35.59498],[6.19163,35.59502],[6.19194,35.59488],[6.19272,35.5949],[6.19491,35.59515],[6.19612,35.59484],[6.19875,35.59384],[6.19955,35.59361],[6.20021,35.59334],[6.20185,35.59329]]}},{"type":"Feature","properties":{},"geometry":{"type":"LineString","coordinates":[[6.2034,35.5989],[6.20365,35.59865],[6.20461,35.59867],[6.20519,35.59857],[6.20561,35.59839],[6.20579,35.59825],[6.20562,35.598],[6.20563,35.59766],[6.20634,35.59799],[6.20699,35.59817],[6.20739,35.59848],[6.20847,35.59882],[6.20909,35.59883],[6.20974,35.59875]]}},{"type":"Feature","properties":{},"geometry":{"type":"LineString","coordinates":[[6.19305,35.59495],[6.19292,35.59513],[6.19229,35.59559],[6.19238,35.59587],[6.19286,35.59594],[6.19329,35.5964],[6.19512,35.59781],[6.19511,35.5982],[6.19539,35.59882],[6.19596,35.59931],[6.19643,35.59943],[6.1969,35.59972]]}},{"type":"Feature","properties":{},"geometry":{"type":"LineString","coordinates":[[6.19297,35.59185],[6.19172,35.59231],[6.19078,35.59276],[6.19034,35.59359],[6.19046,35.59395],[6.19101,35.59413],[6.1913,35.59445],[6.19163,35.59502]]}},{"type":"Feature","properties":{},"geometry":{"type":"LineString","coordinates":[[6.11946,35.58877],[6.12063,35.58878],[6.121,35.58843],[6.12121,35.58843],[6.12128,35.58885],[6.12138,35.58889],[6.1219,35.58862],[6.12267,35.5886],[6.12359,35.58841],[6.1245,35.58838],[6.12522,35.58794],[6.12611,35.58771],[6.127,35.58762],[6.12798,35.5877],[6.13055,35.58905],[6.13104,35.58956],[6.13179,35.59017],[6.1328,35.5906],[6.13351,35.59113],[6.13515,35.59222],[6.13584,35.59258],[6.13656,35.59318],[6.13764,35.59382],[6.13923,35.59294],[6.13938,35.59268],[6.13941,35.59192],[6.13953,35.59177],[6.13986,35.59179],[6.14024,35.59165],[6.14041,35.59129],[6.14087,35.59105],[6.14173,35.591],[6.14254,35.59115],[6.14287,35.5911],[6.14298,35.59072],[6.14334,35.59035],[6.14464,35.59002],[6.14634,35.59004],[6.14672,35.58997],[6.14749,35.58997],[6.14835,35.59005],[6.14923,35.59041],[6.15019,35.59152],[6.1509,35.59204],[6.15118,35.59204],[6.15127,35.59138],[6.15158,35.59116],[6.15248,35.59082],[6.15323,35.59083],[6.15427,35.59097],[6.15509,35.59156],[6.15571,35.59194],[6.15775,35.59304],[6.1588,35.59302],[6.15965,35.59331],[6.15979,35.59331],[6.15983,35.59301],[6.15963,35.59276],[6.15953,35.59226],[6.15952,35.59121],[6.15972,35.59085],[6.16045,35.59074],[6.16119,35.59083],[6.16207,35.59116],[6.16243,35.59145],[6.16246,35.59185],[6.16271,35.59209],[6.1629,35.59205],[6.16357,35.5915],[6.16458,35.59146],[6.1656,35.59166],[6.16628,35.59227],[6.16624,35.59272],[6.16649,35.59277],[6.16686,35.59236],[6.16721,35.59225],[6.16764,35.59195],[6.16792,35.59061],[6.16812,35.59025],[6.16887,35.59027],[6.17003,35.59058],[6.17119,35.59061],[6.1722,35.59118],[6.1728,35.59202],[6.17322,35.59272],[6.1732,35.59317],[6.1724,35.59401],[6.17242,35.59426],[6.17276,35.59444],[6.17361,35.59427],[6.17557,35.59428],[6.17585,35.59442],[6.17667,35.59547],[6.17665,35.59625],[6.17689,35.59665],[6.17685,35.59707],[6.17637,35.59735],[6.17496,35.59756],[6.17479,35.59775],[6.17473,35.59821],[6.1742,35.59869],[6.17415,35.59892],[6.17423,35.59913],[6.17444,35.59915],[6.17489,35.59888],[6.17581,35.59884],[6.17631,35.59888]]}},{"type":"Feature","properties":{},"geometry":{"type":"LineString","coordinates":[[6.12798,35.5877],[6.12859,35.58775],[6.12876,35.58743],[6.12942,35.58737],[6.13234,35.58736],[6.13247,35.58696],[6.1319,35.5859],[6.13209,35.58516],[6.133,35.58438],[6.13419,35.58437],[6.13489,35.58456],[6.13593,35.58531],[6.13598,35.58663],[6.13613,35.58703],[6.13705,35.58742],[6.13732,35.58704],[6.13954,35.5869],[6.14249,35.58686],[6.14381,35.58714],[6.14609,35.58855],[6.14644,35.58859],[6.1484,35.58795],[6.15023,35.58721],[6.15066,35.58686],[6.151,35.58645],[6.15135,35.58638],[6.15283,35.58617],[6.15379,35.58612],[6.15408,35.58599],[6.1548,35.58589],[6.15701,35.58568],[6.16181,35.58581],[6.16246,35.5859],[6.163,35.58591],[6.1636,35.5861],[6.1639,35.5863],[6.16413,35.58613],[6.16442,35.58612],[6.16473,35.58645],[6.16561,35.58655],[6.1664,35.5867],[6.16674,35.58713],[6.16692,35.58713],[6.16696,35.5869],[6.16735,35.58691],[6.16823,35.58724],[6.16899,35.58739],[6.16987,35.58766],[6.17196,35.58866],[6.17219,35.58867],[6.17323,35.58911],[6.17351,35.58969],[6.17402,35.58985],[6.17435,35.58986],[6.17513,35.59026],[6.1755,35.59033],[6.17577,35.59058],[6.1763,35.59084],[6.17659,35.59113],[6.17698,35.59124],[6.17911,35.59247],[6.17908,35.5926],[6.17926,35.59299],[6.17944,35.59299],[6.17973,35.59272],[6.18176,35.59362],[6.18206,35.59404]]}},{"type":"Feature","properties":{},"geometry":{"type":"LineString","coordinates":[[6.14599,35.59003],[6.14595,35.59003],[6.14602,35.59003],[6.14591,35.58911],[6.14609,35.58855]]}},{"type":"Feature","properties":{},"geometry":{"type":"LineString","coordinates":[[6.15248,35.59082],[6.15239,35.58997],[6.15189,35.58914],[6.15168,35.58834],[6.15089,35.58659]]}},{"type":"Feature","properties":{},"geometry":{"type":"LineString","coordinates":[[6.15501,35.58931],[6.15514,35.58819],[6.15528,35.58752],[6.15542,35.58583]]}},{"type":"Feature","properties":{},"geometry":{"type":"LineString","coordinates":[[6.15741,35.59286],[6.15796,35.59175],[6.16037,35.58577]]}},{"type":"Feature","properties":{},"geometry":{"type":"LineString","coordinates":[[6.17529,35.59029],[6.17556,35.58993],[6.17557,35.58966],[6.17576,35.58896],[6.17638,35.58726],[6.17674,35.58646],[6.17644,35.5861],[6.17632,35.58543],[6.17634,35.58497],[6.17664,35.58442],[6.1759,35.5836],[6.17509,35.58261],[6.17485,35.58165],[6.17493,35.58129],[6.17543,35.58039],[6.17554,35.57974],[6.1763,35.57806],[6.1764,35.57734],[6.17672,35.57661]]}},{"type":"Feature","properties":{},"geometry":{"type":"LineString","coordinates":[[6.16442,35.58612],[6.16478,35.58494],[6.1651,35.58446],[6.16541,35.58366],[6.1659,35.58309]]}},{"type":"Feature","properties":{},"geometry":{"type":"LineString","coordinates":[[6.15316,35.58615],[6.15248,35.58561],[6.15177,35.58523],[6.15205,35.58462],[6.15267,35.58353],[6.15333,35.58263],[6.15341,35.58229],[6.15359,35.58197],[6.15474,35.58051],[6.15467,35.57845],[6.15441,35.57787]]}},{"type":"Feature","properties":{},"geometry":{"type":"LineString","coordinates":[[6.13722,35.58269],[6.13713,35.58131],[6.13689,35.58003],[6.13673,35.57747],[6.13634,35.57594]]}},{"type":"Feature","properties":{},"geometry":{"type":"LineString","coordinates":[[6.1883,35.58344],[6.18769,35.58283],[6.18736,35.58229],[6.1875,35.58159],[6.18769,35.58102],[6.18791,35.58058],[6.18826,35.57967]]}},{"type":"Feature","properties":{},"geometry":{"type":"LineString","coordinates":[[6.18078,35.58099],[6.1804,35.58163],[6.18032,35.58199],[6.18043,35.58232],[6.18171,35.58307],[6.18217,35.58316],[6.18293,35.58352],[6.18371,35.58403],[6.18458,35.58434],[6.18548,35.58413],[6.18591,35.58369],[6.18617,35.58297],[6.18625,35.58194],[6.18621,35.58123],[6.18604,35.58071],[6.18615,35.58012],[6.186,35.57972],[6.186,35.57922],[6.18582,35.57886],[6.18602,35.57855]]}},{"type":"Feature","properties":{},"geometry":{"type":"LineString","coordinates":[[6.18727,35.58303],[6.18697,35.58285],[6.18698,35.58258],[6.1869,35.58207],[6.18697,35.58093],[6.18615,35.58012]]}},{"type":"Feature","properties":{},"geometry":{"type":"LineString","coordinates":[[6.21439,35.60163],[6.21341,35.60232],[6.21234,35.60328],[6.20893,35.60571],[6.20759,35.60657]]}},{"type":"Feature","properties":{},"geometry":{"type":"LineString","coordinates":[[6.21302,35.60394],[6.21328,35.60364],[6.21317,35.60337],[6.21254,35.60311]]}},{"type":"Feature","properties":{},"geometry":{"type":"LineString","coordinates":[[6.20815,35.60228],[6.20883,35.60256],[6.20958,35.60274],[6.21049,35.6027],[6.211,35.6025],[6.21172,35.60191],[6.21252,35.60156],[6.21283,35.60122],[6.21288,35.60078],[6.21222,35.60063],[6.21161,35.60006]]}},{"type":"Feature","properties":{},"geometry":{"type":"LineString","coordinates":[[6.21056,35.60152],[6.20929,35.60138],[6.2085,35.60146],[6.20728,35.60177],[6.20661,35.60206],[6.20684,35.60258],[6.20739,35.60274]]}},{"type":"Feature","properties":{},"geometry":{"type":"LineString","coordinates":[[6.21134,35.62493],[6.21081,35.62325],[6.2104,35.62318],[6.20907,35.62325],[6.20808,35.62309],[6.20737,35.62265]]}},{"type":"Feature","properties":{},"geometry":{"type":"MultiLineString","coordinates":[[[6.25867,35.63519],[6.25954,35.63485],[6.26018,35.63438],[6.26012,35.63418],[6.26121,35.63344],[6.26187,35.63325],[6.26231,35.63301],[6.26287,35.6331],[6.26432,35.63257],[6.26498,35.63248],[6.26581,35.63189],[6.2661,35.63152],[6.26696,35.63146]],[[6.26169,35.63558],[6.26252,35.63533],[6.26415,35.63466],[6.26483,35.63408],[6.26714,35.63349],[6.26888,35.63336]],[[6.26524,35.63963],[6.26489,35.63897],[6.26475,35.63822],[6.26518,35.63743],[6.26604,35.63756],[6.26858,35.63776],[6.26937,35.63791],[6.2709,35.63766],[6.27181,35.63758]],[[6.26037,35.65054],[6.26011,35.65009],[6.26025,35.64975],[6.26128,35.64876],[6.26199,35.6485],[6.26311,35.64853],[6.26476,35.6488],[6.26531,35.64868],[6.26625,35.64775],[6.26693,35.64743],[6.26829,35.64654],[6.27099,35.64413],[6.2722,35.6426],[6.27473,35.64048],[6.27551,35.6404]],[[6.27994,35.64802],[6.28051,35.64784],[6.28085,35.64747],[6.28169,35.64707]],[[6.27971,35.64859],[6.27985,35.64842],[6.27994,35.64802]],[[6.27511,35.64831],[6.27658,35.64857],[6.27747,35.64855],[6.27828,35.64871],[6.27994,35.64802]]]}},{"type":"Feature","properties":{},"geometry":{"type":"LineString","coordinates":[[6.24884,35.7109],[6.24996,35.70737],[6.2502,35.70625],[6.25027,35.70544],[6.25058,35.70491],[6.25068,35.70321],[6.2508,35.69871],[6.25122,35.69719],[6.25115,35.69675],[6.25124,35.69553],[6.25159,35.69489],[6.25145,35.69431],[6.25157,35.69306],[6.25137,35.69038],[6.25135,35.68851],[6.25147,35.6876],[6.25125,35.68539],[6.25171,35.68431],[6.25223,35.68348],[6.25247,35.68274],[6.25324,35.68194],[6.25449,35.68078],[6.25542,35.68016],[6.25673,35.67978]]}},{"type":"Feature","properties":{},"geometry":{"type":"LineString","coordinates":[[6.25499,35.68422],[6.25489,35.68479],[6.25527,35.68589],[6.25623,35.68693],[6.25605,35.68736],[6.25526,35.68728],[6.25391,35.68677],[6.25194,35.68595],[6.25087,35.68572],[6.24965,35.68501],[6.249,35.68456],[6.24821,35.68451],[6.24747,35.68408],[6.24616,35.68358],[6.24508,35.68283]]}},{"type":"Feature","properties":{},"geometry":{"type":"LineString","coordinates":[[6.24195,35.69857],[6.24175,35.69714],[6.24221,35.69586],[6.24208,35.69216],[6.24147,35.68944],[6.24101,35.68848],[6.24025,35.68754],[6.23781,35.68586]]}},{"type":"Feature","properties":{},"geometry":{"type":"LineString","coordinates":[[6.24508,35.68283],[6.24512,35.68254],[6.24396,35.68224],[6.24136,35.68177],[6.24077,35.682],[6.24013,35.68266],[6.24021,35.68371],[6.24049,35.68416],[6.24097,35.68465],[6.24177,35.68565]]}},{"type":"Feature","properties":{},"geometry":{"type":"LineString","coordinates":[[6.24573,35.68163],[6.24512,35.68254]]}},{"type":"Feature","properties":{},"geometry":{"type":"LineString","coordinates":[[6.23148,35.67307],[6.2316,35.67307],[6.23189,35.67335],[6.23262,35.67364],[6.23276,35.67462],[6.23294,35.67524],[6.23323,35.67663],[6.23427,35.67774],[6.23576,35.679],[6.2364,35.67973],[6.23634,35.68044],[6.23645,35.68085],[6.23623,35.68108],[6.23665,35.68214],[6.2375,35.68396],[6.23861,35.68562]]}},{"type":"Feature","properties":{},"geometry":{"type":"LineString","coordinates":[[6.23216,35.67146],[6.23189,35.67335]]}},{"type":"Feature","properties":{},"geometry":{"type":"LineString","coordinates":[[6.22971,35.68566],[6.23022,35.68074],[6.23058,35.67996],[6.23065,35.67793],[6.23093,35.67702],[6.23276,35.67462]]}},{"type":"Feature","properties":{},"geometry":{"type":"LineString","coordinates":[[6.2439,35.67932],[6.24195,35.68029],[6.23991,35.68052],[6.23856,35.68116],[6.23731,35.68127],[6.2369,35.68089],[6.23645,35.68085]]}},{"type":"Feature","properties":{},"geometry":{"type":"LineString","coordinates":[[6.24204,35.6819],[6.24235,35.68081],[6.24195,35.68029]]}},{"type":"Feature","properties":{},"geometry":{"type":"LineString","coordinates":[[6.22815,35.67937],[6.22835,35.67957],[6.22864,35.68067],[6.22963,35.67967],[6.23063,35.67847]]}},{"type":"Feature","properties":{},"geometry":{"type":"LineString","coordinates":[[6.23576,35.679],[6.23494,35.68006],[6.23427,35.68015],[6.23337,35.67982],[6.23336,35.67888],[6.23327,35.67789],[6.23208,35.67739],[6.23117,35.6773],[6.23093,35.67702]]}},{"type":"Feature","properties":{},"geometry":{"type":"LineString","coordinates":[[6.17008,35.65377],[6.17104,35.65484],[6.17205,35.65558],[6.17278,35.65617],[6.17337,35.657],[6.17431,35.65756],[6.17507,35.65829],[6.17584,35.65882],[6.17707,35.65932],[6.17839,35.65959],[6.17942,35.65972],[6.18165,35.66133],[6.18276,35.66166],[6.18358,35.66199],[6.18617,35.66398],[6.1874,35.66442],[6.18839,35.66468],[6.18982,35.66549],[6.19148,35.66672],[6.19198,35.66771],[6.19281,35.66885],[6.19502,35.66988]]}},{"type":"Feature","properties":{},"geometry":{"type":"LineString","coordinates":[[6.19398,35.66406],[6.19487,35.66479],[6.19496,35.66575],[6.1951,35.66646],[6.19602,35.66757],[6.19636,35.66856],[6.19604,35.66916],[6.19502,35.66988]]}},{"type":"Feature","properties":{},"geometry":{"type":"LineString","coordinates":[[6.19806,35.67925],[6.19756,35.67808],[6.19677,35.67688],[6.19711,35.67549],[6.19681,35.67467],[6.1969,35.67332],[6.19666,35.67308],[6.19636,35.67212],[6.19528,35.67077],[6.19502,35.66988]]}},{"type":"Feature","properties":{},"geometry":{"type":"LineString","coordinates":[[6.20604,35.67913],[6.20609,35.67787],[6.20653,35.67717],[6.20717,35.67549],[6.20798,35.67483],[6.20829,35.67423],[6.20854,35.67311],[6.20915,35.67235],[6.20984,35.67162],[6.20956,35.67124],[6.20883,35.67068],[6.20838,35.6706],[6.20782,35.6711],[6.20699,35.67115],[6.2057,35.67006],[6.20507,35.67012],[6.20446,35.67095],[6.20431,35.67166],[6.20376,35.67205],[6.20292,35.67207],[6.20261,35.67142],[6.20183,35.67014],[6.20087,35.66914],[6.19636,35.66856]]}},{"type":"Feature","properties":{},"geometry":{"type":"LineString","coordinates":[[6.21196,35.67028],[6.21174,35.67071],[6.2108,35.67144],[6.20961,35.67186]]}},{"type":"Feature","properties":{},"geometry":{"type":"LineString","coordinates":[[6.21248,35.67463],[6.20922,35.67622],[6.20822,35.67636],[6.20704,35.67678],[6.20642,35.67734]]}},{"type":"Feature","properties":{},"geometry":{"type":"LineString","coordinates":[[6.11193,35.60255],[6.11287,35.6029],[6.11314,35.60342],[6.11451,35.60461],[6.11546,35.6047],[6.1168,35.60456],[6.11718,35.60436],[6.11788,35.60445],[6.1194,35.60496],[6.12012,35.60555],[6.12044,35.60604],[6.12079,35.60672],[6.12113,35.60646],[6.12204,35.60546],[6.12241,35.60547],[6.12267,35.60524],[6.12282,35.60463],[6.12317,35.60396],[6.12328,35.60326],[6.123,35.60288],[6.1231,35.6025],[6.12352,35.60221],[6.12511,35.60194],[6.12554,35.60161],[6.12617,35.60132],[6.12632,35.60058],[6.12667,35.60015],[6.12758,35.60031],[6.12816,35.60035],[6.12846,35.60006],[6.12972,35.60087],[6.13042,35.60092],[6.13097,35.60073],[6.13157,35.60122],[6.13219,35.60259],[6.1327,35.60233],[6.13329,35.6019],[6.13357,35.60221],[6.13426,35.60277],[6.13536,35.6032],[6.13577,35.60345],[6.13746,35.60386],[6.1378,35.60357],[6.13845,35.60274],[6.139,35.60254],[6.13914,35.60312],[6.13924,35.60384],[6.13961,35.60415],[6.14031,35.60427],[6.14092,35.60446],[6.14145,35.60477],[6.14186,35.60492],[6.14233,35.60462],[6.1428,35.60413],[6.14314,35.60407],[6.14321,35.60434],[6.14317,35.60556],[6.14332,35.606],[6.14562,35.6066],[6.14561,35.60704],[6.14604,35.6077],[6.14677,35.60822],[6.14739,35.6083],[6.14793,35.60825],[6.14817,35.60866],[6.14853,35.60884],[6.14928,35.60872],[6.14952,35.6092],[6.14997,35.60938],[6.15034,35.60932],[6.15082,35.60886],[6.15115,35.60887],[6.15113,35.60948],[6.15127,35.61013],[6.15192,35.61051],[6.15262,35.61073],[6.1532,35.61075],[6.15354,35.61042],[6.15428,35.60949],[6.15481,35.61109],[6.15525,35.61158],[6.15641,35.61164],[6.1567,35.61151],[6.15709,35.61111],[6.15736,35.61037],[6.15796,35.60991],[6.15808,35.61005],[6.15802,35.61056],[6.15838,35.61101],[6.15828,35.61161],[6.15825,35.61226],[6.15873,35.61288],[6.15939,35.613],[6.16002,35.61274],[6.16041,35.61224],[6.16109,35.61175],[6.16132,35.6123],[6.16121,35.61318],[6.16141,35.61345],[6.16167,35.61434],[6.16195,35.61465],[6.16232,35.61456],[6.16328,35.61444],[6.16384,35.61408],[6.16394,35.61361],[6.16438,35.61386],[6.16449,35.61437],[6.16439,35.61498],[6.16471,35.61533],[6.16521,35.61524],[6.16592,35.61498],[6.16641,35.61523],[6.16648,35.61571],[6.16614,35.61594],[6.16571,35.6164],[6.16591,35.61658],[6.16645,35.61652],[6.16656,35.61683],[6.16643,35.61716],[6.16572,35.61725],[6.16571,35.61749],[6.16636,35.61774],[6.16748,35.6179],[6.1683,35.61833],[6.16916,35.61852],[6.16967,35.61826],[6.17043,35.61797],[6.17083,35.61825],[6.17129,35.61819],[6.17207,35.61845],[6.17226,35.61883],[6.17208,35.6193],[6.17151,35.62017],[6.17102,35.62117],[6.17087,35.62185],[6.17117,35.62155],[6.17157,35.62098],[6.17233,35.62059],[6.1727,35.62046],[6.17366,35.62049],[6.17445,35.62057],[6.17499,35.62042],[6.17573,35.62064],[6.17634,35.62109],[6.17686,35.62165],[6.17727,35.62176],[6.17835,35.62172],[6.17785,35.62072],[6.17806,35.62045],[6.17866,35.62013],[6.17951,35.61954],[6.18021,35.61962],[6.18119,35.62002],[6.18159,35.62057],[6.18424,35.62077],[6.18452,35.62118],[6.18431,35.62223],[6.18454,35.62281],[6.18487,35.62282],[6.18546,35.62253],[6.18567,35.62263],[6.18599,35.62298],[6.18642,35.62252],[6.1864,35.62194],[6.18658,35.62157],[6.18647,35.62102],[6.18666,35.62042],[6.18648,35.61977],[6.18693,35.6194]]}},{"type":"Feature","properties":{},"geometry":{"type":"LineString","coordinates":[[6.16092,35.63808],[6.16107,35.63718],[6.16047,35.63642],[6.16043,35.63527],[6.16078,35.63463],[6.16069,35.63388],[6.16024,35.63343],[6.15942,35.63327],[6.15762,35.63374],[6.15669,35.63416],[6.15614,35.63428],[6.15561,35.63396],[6.15542,35.63349],[6.15478,35.63283],[6.15412,35.63281],[6.15257,35.63328],[6.152,35.63296],[6.1516,35.63248],[6.15085,35.63243],[6.14981,35.63244],[6.14973,35.63233],[6.14907,35.63228],[6.14889,35.6315],[6.14819,35.63131],[6.1471,35.63149],[6.14672,35.63067],[6.14652,35.63036],[6.14649,35.63019],[6.14898,35.62899],[6.14951,35.62819],[6.15033,35.62733],[6.15092,35.627],[6.15127,35.62644],[6.151,35.62592],[6.15004,35.62491],[6.14926,35.62469],[6.14881,35.62441],[6.14787,35.62395],[6.14691,35.62413],[6.14458,35.62543],[6.1429,35.62603],[6.14173,35.62624],[6.14061,35.62612],[6.14012,35.6259],[6.13939,35.62541],[6.1394,35.6251],[6.14016,35.62478],[6.14084,35.62419],[6.1412,35.62352],[6.1413,35.62311],[6.14185,35.62275],[6.14196,35.62208],[6.14199,35.6212],[6.14136,35.62033],[6.13998,35.61942],[6.1383,35.61863],[6.1374,35.61841],[6.13564,35.61766],[6.13479,35.61692],[6.13452,35.61627],[6.13404,35.61592],[6.13222,35.61568],[6.13091,35.61517],[6.13015,35.61539],[6.12852,35.6145],[6.12796,35.61405],[6.12742,35.61393],[6.12696,35.61413],[6.12605,35.6141],[6.12474,35.61353],[6.12413,35.61304],[6.1236,35.61296],[6.12307,35.61268],[6.12299,35.61247],[6.12326,35.61194],[6.12315,35.61142],[6.12296,35.61108],[6.12256,35.61066],[6.12149,35.61033],[6.12084,35.60991],[6.12024,35.60922],[6.11991,35.60819],[6.1203,35.60759],[6.12031,35.60722],[6.12079,35.60672]]}},{"type":"Feature","properties":{},"geometry":{"type":"LineString","coordinates":[[6.16893,35.62681],[6.16701,35.62657],[6.16474,35.62604],[6.16306,35.62532],[6.16176,35.62455],[6.16169,35.62417],[6.16112,35.62399],[6.15965,35.62311],[6.15851,35.62271],[6.15753,35.62207],[6.15361,35.62012],[6.15101,35.6187],[6.15033,35.61787],[6.14923,35.61727],[6.14954,35.6166],[6.14935,35.61612],[6.14842,35.61545],[6.14739,35.61526],[6.14632,35.61496],[6.14559,35.6145],[6.14465,35.61424],[6.14333,35.6138],[6.14321,35.6136],[6.14311,35.61309],[6.14224,35.61286],[6.14031,35.61248],[6.13902,35.61251],[6.1382,35.61209],[6.13809,35.61178],[6.13827,35.61141],[6.13815,35.61117],[6.13618,35.61065],[6.13474,35.61034],[6.13433,35.60993],[6.13294,35.60945],[6.13109,35.60893],[6.12842,35.60809],[6.12715,35.60762],[6.12646,35.6072],[6.12559,35.60724],[6.12438,35.60738],[6.12393,35.607],[6.1233,35.60604],[6.12241,35.60547]]}},{"type":"Feature","properties":{},"geometry":{"type":"LineString","coordinates":[[6.15869,35.6257],[6.1589,35.62557],[6.15908,35.62516],[6.15948,35.62463],[6.16024,35.62427],[6.16083,35.62382]]}},{"type":"Feature","properties":{},"geometry":{"type":"LineString","coordinates":[[6.1327,35.61574],[6.13447,35.61549],[6.1348,35.6156],[6.13486,35.61608],[6.1355,35.6167],[6.13653,35.61707],[6.13764,35.6173],[6.14032,35.618],[6.14216,35.61879],[6.14285,35.61922],[6.14391,35.61962],[6.14403,35.61999],[6.14431,35.6201],[6.14466,35.62089],[6.14451,35.62143],[6.1442,35.62203],[6.14462,35.6219],[6.14564,35.62128],[6.14623,35.62103],[6.14663,35.62138],[6.14763,35.6215],[6.1485,35.62152],[6.14957,35.62172],[6.15069,35.62181],[6.15169,35.62177],[6.15244,35.62158],[6.15326,35.62177],[6.15422,35.62179],[6.15473,35.6214],[6.15511,35.62087]]}},{"type":"Feature","properties":{},"geometry":{"type":"LineString","coordinates":[[6.12752,35.60776],[6.12738,35.60824],[6.12653,35.60869],[6.12593,35.60932],[6.12517,35.60964],[6.12465,35.61014],[6.12467,35.61075],[6.12441,35.61112],[6.12431,35.61169],[6.12508,35.61208],[6.12522,35.61273],[6.12648,35.61374],[6.12701,35.61379],[6.12727,35.61359],[6.12777,35.6136],[6.1283,35.61385],[6.12923,35.61442],[6.12976,35.61484],[6.13091,35.61517]]}},{"type":"Feature","properties":{},"geometry":{"type":"LineString","coordinates":[[6.09209,35.59968],[6.0943,35.59859],[6.09509,35.59854],[6.09599,35.5989],[6.09665,35.59906],[6.09707,35.59886],[6.09823,35.59896],[6.09909,35.59939],[6.09992,35.59951],[6.10182,35.59955],[6.10293,35.59982],[6.10512,35.60014],[6.1066,35.60072],[6.10963,35.60171],[6.11055,35.60246]]}},{"type":"Feature","properties":{},"geometry":{"type":"LineString","coordinates":[[6.11626,35.59159],[6.11449,35.59148],[6.11412,35.5912],[6.11403,35.59028],[6.11346,35.59007],[6.11285,35.58965],[6.11158,35.58917],[6.11102,35.58869],[6.11111,35.58838],[6.11154,35.58795],[6.11155,35.58755],[6.11123,35.58723],[6.11117,35.58669],[6.11045,35.58586],[6.10998,35.58517],[6.10916,35.58484],[6.1075,35.58372],[6.10664,35.58329],[6.1061,35.58338],[6.10565,35.5832],[6.10525,35.58278],[6.10487,35.58291],[6.10417,35.58279],[6.10365,35.5823],[6.103,35.58181],[6.10095,35.58221],[6.09968,35.58194],[6.09952,35.58159],[6.09851,35.58086],[6.09588,35.58032],[6.09568,35.58001],[6.09582,35.57967],[6.09537,35.57932],[6.09534,35.57895],[6.09476,35.579],[6.09273,35.57882],[6.0913,35.57838],[6.09059,35.57836],[6.09002,35.57811],[6.08883,35.57788],[6.08791,35.57799],[6.08629,35.57785],[6.08555,35.5777],[6.08427,35.5777],[6.08255,35.57796],[6.08171,35.57838],[6.08106,35.57911],[6.08066,35.57992],[6.08075,35.5809],[6.081,35.58193],[6.08073,35.58246],[6.08025,35.58191],[6.08003,35.58109],[6.07943,35.58046],[6.07895,35.58018],[6.07795,35.58009],[6.07746,35.57889],[6.07751,35.57859],[6.07789,35.57839],[6.07803,35.57792],[6.07763,35.57738]]}},{"type":"Feature","properties":{},"geometry":{"type":"LineString","coordinates":[[6.11117,35.58669],[6.11183,35.58674],[6.1124,35.58713],[6.113,35.58768],[6.11414,35.58825],[6.11509,35.58865],[6.11587,35.58877],[6.11652,35.58916],[6.11716,35.58972],[6.11846,35.59008]]}},{"type":"Feature","properties":{},"geometry":{"type":"LineString","coordinates":[[6.11963,35.58715],[6.11943,35.58665],[6.11895,35.58616],[6.11718,35.58697],[6.11602,35.58691],[6.11502,35.58692],[6.11259,35.58731]]}},{"type":"Feature","properties":{},"geometry":{"type":"LineString","coordinates":[[6.11895,35.58616],[6.11813,35.58581],[6.11824,35.5853],[6.11805,35.58475],[6.11795,35.58414],[6.11817,35.58364],[6.11745,35.58284],[6.11739,35.58233],[6.11719,35.58205],[6.11671,35.58167],[6.11652,35.58102],[6.11575,35.58066],[6.11522,35.58034],[6.11411,35.57998],[6.11365,35.58014],[6.11315,35.58009],[6.11305,35.57955],[6.11273,35.57906],[6.1122,35.57892],[6.11149,35.57893],[6.11158,35.5788],[6.11135,35.57828],[6.1112,35.5777],[6.11109,35.57628],[6.11069,35.57593],[6.11003,35.57581],[6.10927,35.57603],[6.10904,35.57565],[6.10826,35.5754],[6.10755,35.57545],[6.10717,35.57571],[6.10787,35.57576],[6.1081,35.57621],[6.10771,35.5766],[6.10779,35.57684],[6.1085,35.57784],[6.10824,35.57828],[6.10813,35.57889],[6.10764,35.57874],[6.10732,35.57822],[6.10667,35.57783],[6.10593,35.57768],[6.10523,35.57766],[6.10476,35.57789],[6.10496,35.5783],[6.10549,35.57848],[6.10585,35.5788],[6.1046,35.57904],[6.10338,35.57938],[6.10324,35.57975],[6.10264,35.58025],[6.10218,35.58034],[6.102,35.58074],[6.10137,35.58096],[6.10071,35.58105],[6.09994,35.58045],[6.09943,35.57966],[6.09869,35.57944],[6.09773,35.57965],[6.09644,35.57966],[6.09575,35.5791],[6.09534,35.57895]]}},{"type":"Feature","properties":{},"geometry":{"type":"LineString","coordinates":[[6.12762,35.58301],[6.12582,35.58237],[6.1244,35.58226],[6.12287,35.58236],[6.12184,35.58199],[6.11984,35.581],[6.11818,35.58004],[6.11733,35.57921],[6.11553,35.57855],[6.11384,35.57824],[6.11235,35.5781],[6.11135,35.57828]]}},{"type":"Feature","properties":{},"geometry":{"type":"LineString","coordinates":[[6.12287,35.58236],[6.12368,35.58272],[6.12455,35.58318]]}},{"type":"Feature","properties":{},"geometry":{"type":"LineString","coordinates":[[6.118,35.58449],[6.11891,35.58498],[6.11928,35.58505],[6.12074,35.58502],[6.12145,35.58493],[6.12158,35.58477],[6.12189,35.58396],[6.12224,35.5835],[6.1226,35.58283],[6.12249,35.58222]]}},{"type":"Feature","properties":{},"geometry":{"type":"LineString","coordinates":[[6.11762,35.58304],[6.1187,35.5829],[6.11879,35.58263],[6.12104,35.58238],[6.12184,35.58199]]}},{"type":"Feature","properties":{},"geometry":{"type":"LineString","coordinates":[[6.12184,35.58199],[6.12262,35.5812],[6.12272,35.58052],[6.12267,35.57961],[6.12284,35.57849],[6.12303,35.57785],[6.1242,35.57747],[6.12463,35.57704],[6.12538,35.57699],[6.1261,35.57664],[6.12725,35.5769],[6.12797,35.57661],[6.1283,35.57659],[6.12961,35.5772],[6.13162,35.57792],[6.13215,35.57841]]}},{"type":"Feature","properties":{},"geometry":{"type":"LineString","coordinates":[[6.08352,35.54936],[6.08636,35.54978],[6.08726,35.55],[6.0882,35.55033],[6.08911,35.55049],[6.09147,35.55173],[6.09245,35.5522],[6.09426,35.55261],[6.09521,35.55291],[6.0964,35.55321],[6.09783,35.55385],[6.10095,35.55484],[6.10168,35.55523],[6.10253,35.55586],[6.10311,35.55703],[6.10422,35.55733],[6.10546,35.55729],[6.10637,35.55741],[6.10756,35.55795],[6.1099,35.55855],[6.11134,35.55899],[6.1117,35.55927],[6.11236,35.55932],[6.11326,35.55971],[6.11374,35.5601],[6.11452,35.56151],[6.11639,35.56257],[6.11834,35.56272],[6.11947,35.56366],[6.11996,35.56384],[6.12087,35.56393],[6.12262,35.56496],[6.12338,35.56562],[6.12388,35.56672],[6.12473,35.56728],[6.12527,35.56743],[6.12586,35.56717],[6.12512,35.5681],[6.12373,35.56854],[6.12162,35.56954],[6.12047,35.57033],[6.12007,35.57107],[6.11911,35.57121],[6.11888,35.57185],[6.11852,35.57503],[6.11887,35.57558],[6.12033,35.57663],[6.1209,35.57689],[6.12139,35.57727],[6.12303,35.57785]]}},{"type":"Feature","properties":{},"geometry":{"type":"LineString","coordinates":[[6.09699,35.55032],[6.09831,35.55078],[6.10187,35.55215],[6.1058,35.55374],[6.10732,35.55415],[6.10928,35.55491],[6.11145,35.55567],[6.11342,35.55646],[6.11468,35.5571],[6.11636,35.55782],[6.11721,35.55842],[6.1184,35.55872],[6.11882,35.55849],[6.11923,35.5587],[6.11946,35.55915],[6.12135,35.55991],[6.12312,35.56141],[6.12387,35.56238],[6.12462,35.56351],[6.12511,35.56376],[6.12591,35.56466],[6.12663,35.56529],[6.12622,35.56637],[6.12616,35.56694],[6.12586,35.56717]]}},{"type":"Feature","properties":{},"geometry":{"type":"LineString","coordinates":[[6.09944,35.54985],[6.10034,35.55079],[6.10037,35.55117],[6.10115,35.55149],[6.10187,35.55215]]}},{"type":"Feature","properties":{},"geometry":{"type":"LineString","coordinates":[[6.10123,35.55499],[6.10114,35.55413],[6.10206,35.55277],[6.10187,35.55215]]}},{"type":"Feature","properties":{},"geometry":{"type":"LineString","coordinates":[[6.1058,35.55374],[6.10466,35.55422],[6.10408,35.5542],[6.10337,35.55432],[6.10297,35.55384],[6.10251,35.55291],[6.10194,35.55238]]}},{"type":"Feature","properties":{},"geometry":{"type":"LineString","coordinates":[[6.11969,35.55621],[6.12052,35.55626],[6.121,35.55573],[6.12283,35.55442],[6.12329,35.55436],[6.12428,35.55442],[6.12524,35.55413],[6.12614,35.55334],[6.12718,35.55337],[6.12806,35.55305],[6.13115,35.55265],[6.13323,35.55249],[6.13484,35.55195]]}},{"type":"Feature","properties":{},"geometry":{"type":"MultiLineString","coordinates":[[[6.13482,35.57318],[6.13534,35.57353]],[[6.14574,35.56347],[6.14467,35.5646],[6.14225,35.56603],[6.14068,35.56688],[6.13966,35.56753],[6.13911,35.56806],[6.13858,35.56876],[6.13812,35.56899],[6.13616,35.5704],[6.13603,35.57169],[6.13625,35.57254],[6.1361,35.57328],[6.1356,35.5733],[6.13534,35.57353]],[[6.13534,35.57353],[6.13623,35.57413],[6.13677,35.57421],[6.1378,35.57478]]]}},{"type":"Feature","properties":{},"geometry":{"type":"LineString","coordinates":[[6.12663,35.56529],[6.12719,35.56585],[6.12747,35.56629],[6.12775,35.5665],[6.13055,35.56715],[6.13151,35.56693],[6.13238,35.56685],[6.13553,35.56835],[6.13776,35.56927]]}},{"type":"Feature","properties":{},"geometry":{"type":"MultiLineString","coordinates":[[[6.14027,35.55632],[6.14359,35.55371]],[[6.14027,35.55632],[6.14109,35.55651],[6.14201,35.5563],[6.14245,35.55583],[6.14302,35.55486],[6.14426,35.55383]],[[6.14013,35.55669],[6.14027,35.55632]],[[6.12882,35.56331],[6.13023,35.56199],[6.13179,35.56141],[6.13379,35.5599],[6.1352,35.55898],[6.1365,35.55844],[6.13755,35.55809],[6.13904,35.55701],[6.14027,35.55632]],[[6.12663,35.56529],[6.12715,35.56476],[6.12762,35.5644],[6.12882,35.56331]],[[6.12616,35.56694],[6.1269,35.56713],[6.12732,35.56676],[6.12747,35.56629],[6.12821,35.56519],[6.12871,35.56412],[6.12882,35.56331]]]}},{"type":"Feature","properties":{},"geometry":{"type":"LineString","coordinates":[[6.10186,35.53398],[6.0994,35.53544],[6.09332,35.53848],[6.09095,35.53985],[6.09024,35.54],[6.08909,35.54079],[6.08676,35.54212],[6.0849,35.54296],[6.08316,35.54288],[6.08274,35.54311],[6.0816,35.5439]]}},{"type":"Feature","properties":{},"geometry":{"type":"LineString","coordinates":[[6.10568,35.54095],[6.0969,35.54155],[6.09345,35.54184],[6.09087,35.54192],[6.08987,35.54213],[6.08626,35.54235]]}},{"type":"Feature","properties":{},"geometry":{"type":"MultiLineString","coordinates":[[[6.0594,35.53936],[6.06019,35.5391],[6.06062,35.53877],[6.06423,35.53863],[6.06464,35.53897],[6.06535,35.53882],[6.06613,35.53904],[6.06731,35.53962],[6.06844,35.54053],[6.06949,35.5413],[6.07071,35.54204],[6.07284,35.54385],[6.0734,35.54448]],[[6.01437,35.51017],[6.01532,35.51064],[6.01639,35.51093],[6.01716,35.51139],[6.0174,35.51181],[6.01796,35.51216],[6.01833,35.51231],[6.01932,35.51257],[6.02029,35.51307],[6.02136,35.51333],[6.02185,35.51361],[6.02251,35.51366],[6.02368,35.51349],[6.02435,35.5133],[6.02474,35.51284],[6.02509,35.51335],[6.02612,35.51358],[6.0269,35.51394],[6.0278,35.51427],[6.02862,35.51436],[6.02913,35.51417],[6.02941,35.51441],[6.0298,35.51506],[6.0309,35.51557],[6.03164,35.51579],[6.03241,35.51618],[6.03289,35.51667],[6.03352,35.51658],[6.03517,35.51686],[6.03592,35.5166],[6.03652,35.51608],[6.03868,35.51705],[6.03871,35.51745],[6.03891,35.5177],[6.03943,35.51815],[6.03972,35.51829],[6.04018,35.5181],[6.0406,35.51801],[6.04126,35.51819],[6.04211,35.51876],[6.04338,35.51916],[6.04386,35.51968],[6.04507,35.52039],[6.04551,35.52094],[6.04611,35.52157],[6.04675,35.52213],[6.04695,35.5225],[6.04748,35.52258],[6.04809,35.52294],[6.04899,35.52316],[6.0499,35.52346],[6.051,35.52403],[6.05185,35.52439],[6.05213,35.5249],[6.05323,35.52523],[6.05384,35.52569],[6.05448,35.52635],[6.05483,35.52687],[6.05465,35.5273],[6.05484,35.52778],[6.05527,35.52742],[6.05555,35.52756],[6.05567,35.52787],[6.05653,35.5282],[6.05739,35.52825],[6.05825,35.52868],[6.05899,35.52883],[6.06001,35.52944],[6.06148,35.53008],[6.0627,35.53069],[6.06452,35.53205],[6.06529,35.53343],[6.0661,35.5342],[6.06685,35.53516],[6.06715,35.53602],[6.06756,35.5361],[6.06836,35.5369],[6.06951,35.53855],[6.06944,35.53913],[6.0698,35.53944],[6.07056,35.54024],[6.07217,35.54285],[6.07293,35.54355],[6.0734,35.54448]],[[6.0734,35.54448],[6.07366,35.54558],[6.07346,35.54611],[6.0736,35.54682],[6.07358,35.54757],[6.07428,35.54877],[6.07497,35.54923],[6.07624,35.55062],[6.07721,35.55135],[6.07762,35.5515],[6.07849,35.55204]]]}},{"type":"Feature","properties":{},"geometry":{"type":"MultiLineString","coordinates":[[[6.07136,35.51922],[6.07098,35.51967],[6.07032,35.5208],[6.07013,35.52144],[6.06972,35.52252],[6.06938,35.52293]],[[6.072,35.52932],[6.07192,35.52932],[6.07176,35.52894],[6.07105,35.52811],[6.0709,35.52767],[6.06975,35.52506],[6.06994,35.52422],[6.06938,35.52293]],[[6.06938,35.52293],[6.06906,35.52332],[6.06896,35.52382],[6.06792,35.52522]],[[6.06326,35.52548],[6.06367,35.52556],[6.06581,35.52497],[6.06668,35.52502],[6.06746,35.52534],[6.06792,35.52522]],[[6.06792,35.52522],[6.0673,35.52615],[6.06654,35.5278],[6.06569,35.5294],[6.06481,35.53091],[6.06452,35.53205]]]}},{"type":"Feature","properties":{},"geometry":{"type":"MultiLineString","coordinates":[[[6.0181,35.50952],[6.01868,35.50849]],[[6.01813,35.50996],[6.0181,35.50952]],[[6.01756,35.50954],[6.01471,35.50947]],[[6.01794,35.50841],[6.01756,35.50954]],[[6.0181,35.50952],[6.01756,35.50954]],[[6.01721,35.50997],[6.01756,35.50954]]]}},{"type":"Feature","properties":{},"geometry":{"type":"LineString","coordinates":[[5.93999,35.53533],[5.93986,35.53563],[5.93955,35.53583],[5.93922,35.53647],[5.93954,35.53609],[5.94013,35.5358],[5.94115,35.53549],[5.94189,35.53512],[5.94349,35.53465],[5.9444,35.53465],[5.94395,35.53485],[5.943,35.53542],[5.94216,35.53603],[5.94124,35.5368],[5.94101,35.53724],[5.94156,35.53689],[5.94294,35.53616],[5.94347,35.53595],[5.94431,35.53591],[5.94466,35.53632],[5.9445,35.53704],[5.94424,35.53761],[5.94418,35.53802],[5.94429,35.53873],[5.94448,35.53935],[5.94448,35.53998],[5.94459,35.54011],[5.94497,35.54129],[5.94502,35.54173],[5.94465,35.54225],[5.94478,35.54306],[5.94493,35.54355],[5.94498,35.54453],[5.9454,35.54473],[5.94578,35.54512],[5.9459,35.54545],[5.94594,35.5457],[5.94628,35.54613],[5.94697,35.5463],[5.94764,35.54654],[5.94816,35.54694],[5.94826,35.54784],[5.94849,35.54801],[5.94921,35.54805],[5.94974,35.54833],[5.9501,35.54878],[5.9508,35.54929],[5.95122,35.54917],[5.95202,35.54923],[5.95247,35.54903],[5.95272,35.54862],[5.95306,35.54868],[5.95324,35.54893],[5.95341,35.54932],[5.95373,35.5508],[5.95363,35.55154],[5.95373,35.55207],[5.95407,35.55233],[5.95415,35.55262],[5.95404,35.55304],[5.95408,35.55325],[5.95438,35.55333],[5.95472,35.55307],[5.95558,35.55197],[5.9561,35.55156],[5.95631,35.55111],[5.95731,35.54934],[5.95782,35.54882],[5.95817,35.54883],[5.95982,35.54908],[5.96017,35.54888],[5.96008,35.54821],[5.9606,35.54683],[5.96079,35.54617],[5.96109,35.54574],[5.96167,35.54512],[5.96206,35.5446],[5.96261,35.54421],[5.96315,35.54369],[5.9634,35.54307],[5.96399,35.54299],[5.96419,35.54316],[5.96455,35.54371],[5.96502,35.54416],[5.96566,35.5445],[5.96674,35.54495],[5.96708,35.54524],[5.96691,35.54546],[5.96634,35.54568],[5.96478,35.54612],[5.96364,35.54725],[5.96317,35.54815],[5.96311,35.54894],[5.96336,35.54969],[5.96392,35.55041],[5.96473,35.55125],[5.96481,35.55157],[5.96468,35.55203],[5.96404,35.55289],[5.96344,35.55388],[5.96318,35.5546],[5.96301,35.55523],[5.96319,35.55542],[5.96372,35.55566],[5.96426,35.5557],[5.96443,35.55551],[5.96441,35.55536],[5.96395,35.55516],[5.96394,35.55474],[5.96496,35.55325],[5.96634,35.55176],[5.96649,35.55148],[5.96617,35.55075],[5.96588,35.54971],[5.9661,35.54951],[5.96679,35.55036],[5.96727,35.55062],[5.96753,35.55122],[5.9678,35.55144],[5.9674,35.55293],[5.96765,35.55307],[5.96828,35.55303],[5.96871,35.55335],[5.96879,35.55367],[5.96949,35.5544],[5.96912,35.55479],[5.96904,35.55507],[5.9692,35.55519],[5.96929,35.5554],[5.96885,35.55577],[5.96899,35.55591],[5.9695,35.55581],[5.9697,35.55557],[5.97091,35.55443],[5.97088,35.55401],[5.97113,35.55366],[5.97158,35.55338],[5.97331,35.55213],[5.97409,35.55186],[5.97474,35.5518],[5.97537,35.55186],[5.97669,35.55208],[5.97771,35.55232],[5.97883,35.55286],[5.98118,35.55307],[5.98178,35.55328],[5.98248,35.55337],[5.98301,35.55304],[5.98333,35.55303],[5.98354,35.55321],[5.98381,35.55327],[5.98467,35.55293],[5.9862,35.55306],[5.98678,35.55319],[5.98752,35.55348],[5.98784,35.55368],[5.98819,35.55346],[5.98866,35.55349],[5.98886,35.55366],[5.98931,35.55422]]}},{"type":"Feature","properties":{},"geometry":{"type":"LineString","coordinates":[[6.01848,35.59022],[6.01833,35.59113],[6.01804,35.59141],[6.0172,35.59194],[6.01708,35.59211],[6.01689,35.59281],[6.01687,35.59323],[6.01658,35.59425],[6.01667,35.59481],[6.01702,35.5956],[6.01732,35.59616],[6.01747,35.59664],[6.01729,35.59707],[6.01723,35.59745],[6.01783,35.59901],[6.01813,35.59952],[6.01817,35.59992],[6.0179,35.60024],[6.01727,35.60024],[6.01421,35.59967],[6.01297,35.59891],[6.01269,35.59843],[6.01259,35.59799],[6.01123,35.5961],[6.01041,35.59572],[6.0098,35.59561],[6.00937,35.59539],[6.00869,35.59473],[6.00837,35.5939],[6.00825,35.59336],[6.00825,35.59267],[6.0079,35.59217],[6.008,35.59194],[6.00778,35.59152],[6.00709,35.59144],[6.00657,35.59151],[6.00596,35.59151],[6.00549,35.59095],[6.00503,35.59074],[6.00496,35.59009],[6.00278,35.58994],[6.00326,35.58936],[6.00328,35.58885],[6.00314,35.58837],[6.00282,35.58819],[6.00242,35.58829],[6.0019,35.58834],[6.00045,35.58773],[5.99953,35.58748],[5.99899,35.58743],[5.99828,35.58705],[5.99669,35.58651],[5.99609,35.58646],[5.99561,35.58685],[5.99467,35.58684],[5.99438,35.58706],[5.99419,35.58736],[5.99383,35.58751],[5.99334,35.58751],[5.99272,35.58723],[5.99105,35.58629],[5.99042,35.58628],[5.98965,35.58634],[5.98826,35.58653],[5.98795,35.58683],[5.98781,35.58688],[5.98763,35.58659],[5.98721,35.58647],[5.98673,35.58621],[5.98658,35.58592],[5.98663,35.58531],[5.98685,35.58503],[5.9872,35.58505],[5.98769,35.58564],[5.98813,35.58576],[5.98918,35.58568],[5.9898,35.58535],[5.99063,35.58501],[5.99092,35.58477],[5.99079,35.58455],[5.99114,35.58389],[5.99095,35.58328],[5.9905,35.58283],[5.99038,35.58241],[5.99044,35.58195],[5.99015,35.5816],[5.99012,35.58124],[5.98993,35.58138],[5.9896,35.58147],[5.98936,35.58143],[5.98921,35.58066],[5.98846,35.58064],[5.98824,35.58037],[5.98824,35.5797],[5.98804,35.57931],[5.98777,35.57921],[5.98706,35.57942],[5.98582,35.57935],[5.9857,35.57901],[5.98592,35.57856],[5.98664,35.57739],[5.98718,35.57687],[5.98845,35.57599],[5.98959,35.57533],[5.99009,35.57456],[5.98999,35.57347],[5.99007,35.57317],[5.99009,35.57277],[5.99038,35.57249],[5.99027,35.57222],[5.98987,35.57156],[5.989,35.57121],[5.9877,35.57091],[5.98719,35.57025],[5.98681,35.56986],[5.98637,35.56922],[5.98531,35.5687],[5.98486,35.56833],[5.9844,35.56812],[5.98394,35.56804],[5.98351,35.56822],[5.98138,35.56824],[5.98109,35.56791],[5.97982,35.56757],[5.9781,35.5669],[5.97746,35.56654],[5.97606,35.56641],[5.97562,35.56624],[5.9754,35.56599],[5.97412,35.56518],[5.9739,35.56488],[5.97381,35.5642],[5.97345,35.56381],[5.9731,35.5633],[5.97302,35.56282],[5.97303,35.5625],[5.9726,35.56228],[5.97171,35.56239],[5.97149,35.56208],[5.97117,35.56192],[5.97012,35.56176],[5.97003,35.56162],[5.96993,35.56128],[5.96966,35.56102],[5.96888,35.5607],[5.96827,35.56079],[5.96788,35.56105],[5.96555,35.56111],[5.96507,35.56129],[5.9649,35.56164],[5.96471,35.56172],[5.96429,35.56096],[5.96402,35.56071],[5.96374,35.56024],[5.96355,35.5589],[5.96358,35.55829],[5.96344,35.55806],[5.96346,35.55762],[5.96334,35.5572],[5.96307,35.55675],[5.96309,35.55643],[5.96324,35.55619],[5.96299,35.55584],[5.96286,35.55551],[5.96301,35.55523]]}},{"type":"Feature","properties":{},"geometry":{"type":"LineString","coordinates":[[6.03634,35.57611],[6.03655,35.57707],[6.03655,35.57766],[6.03644,35.57817],[6.03591,35.57863],[6.03587,35.57901],[6.03567,35.57939],[6.03496,35.57953],[6.03481,35.57988],[6.03502,35.58037],[6.03484,35.58084],[6.0347,35.58146],[6.03432,35.5818],[6.03409,35.58227],[6.03328,35.58259],[6.0315,35.58358],[6.03142,35.5839],[6.03107,35.58431],[6.03055,35.58457],[6.0298,35.58466],[6.02734,35.58414],[6.02705,35.584],[6.02572,35.58387],[6.02531,35.58358],[6.02517,35.58304],[6.02469,35.58269],[6.02461,35.5823],[6.02396,35.58213],[6.02334,35.58181],[6.02298,35.58144],[6.02271,35.58136],[6.02211,35.58102],[6.02183,35.58096],[6.02099,35.58042],[6.0196,35.58012],[6.01908,35.58026],[6.0185,35.58032],[6.01792,35.58],[6.01696,35.57963],[6.0165,35.57937],[6.01606,35.57934],[6.01555,35.57918],[6.01404,35.57891],[6.01292,35.57894],[6.01203,35.57917],[6.01138,35.57959],[6.01134,35.57995],[6.01103,35.58019],[6.01027,35.58057],[6.00988,35.58095],[6.00952,35.58119],[6.00904,35.58106],[6.00841,35.58039],[6.00762,35.58022],[6.00696,35.57973],[6.00639,35.57885]]}},{"type":"Feature","properties":{},"geometry":{"type":"LineString","coordinates":[[5.95137,35.60739],[5.95182,35.60722],[5.95197,35.60698],[5.95177,35.60629],[5.95117,35.6061],[5.95077,35.60615],[5.95037,35.60612],[5.94999,35.60576],[5.9503,35.60486],[5.95053,35.6049],[5.9505,35.60507],[5.95081,35.60516],[5.95134,35.60521],[5.95174,35.60514],[5.95214,35.60494],[5.95221,35.60456],[5.9519,35.60392],[5.95207,35.60318],[5.95204,35.60273],[5.95233,35.60252],[5.95253,35.60228],[5.95126,35.60229],[5.95084,35.60237],[5.95051,35.60236],[5.94882,35.60203],[5.9484,35.60212],[5.94806,35.6023],[5.94745,35.60244],[5.94718,35.60274],[5.94669,35.60276],[5.94645,35.60289],[5.9462,35.60281],[5.94607,35.60254],[5.94637,35.60264],[5.94661,35.60246],[5.94905,35.6016],[5.94962,35.60122],[5.95029,35.60097],[5.95064,35.60094],[5.95158,35.60003],[5.952,35.59943],[5.9529,35.59859],[5.95356,35.59838],[5.9538,35.59814],[5.95401,35.59772],[5.95478,35.59759],[5.95507,35.59731],[5.95556,35.59618],[5.95527,35.59638],[5.95464,35.59711],[5.95403,35.59719],[5.95293,35.59771],[5.95215,35.5979],[5.95168,35.5981],[5.95127,35.59834],[5.95076,35.59842],[5.95069,35.59825],[5.9508,35.59781],[5.95101,35.5973],[5.95107,35.5969],[5.95045,35.59677],[5.95006,35.59652],[5.94959,35.59521],[5.9494,35.59492],[5.94916,35.59426],[5.94918,35.5938],[5.9497,35.59435],[5.95033,35.59486],[5.95076,35.59518],[5.95104,35.59521],[5.95145,35.59495],[5.95235,35.59451],[5.95337,35.59422],[5.95409,35.59374],[5.95439,35.59365],[5.95596,35.59354],[5.95711,35.59286],[5.95763,35.59211],[5.95743,35.59188],[5.95682,35.59184],[5.95623,35.59154],[5.95623,35.59139],[5.95665,35.59132],[5.95711,35.59088],[5.95756,35.59024],[5.95809,35.58991],[5.95906,35.59003],[5.95963,35.58972],[5.96028,35.5892],[5.96097,35.58888],[5.96232,35.58853],[5.96276,35.58854],[5.96324,35.58872],[5.96434,35.58925],[5.9648,35.58958],[5.96471,35.59004],[5.96423,35.59106],[5.96453,35.59122],[5.96463,35.59099],[5.96465,35.5905],[5.96532,35.58988],[5.96531,35.5891],[5.96553,35.58867],[5.96678,35.58845],[5.96757,35.58908],[5.96856,35.58953],[5.96923,35.58968],[5.9703,35.58972],[5.97154,35.58964],[5.97195,35.5894],[5.97264,35.58917],[5.97325,35.58888],[5.97401,35.58879],[5.97426,35.5883],[5.97454,35.58813],[5.97505,35.58757],[5.97524,35.587],[5.97608,35.58636],[5.97738,35.58593],[5.97774,35.58503],[5.97796,35.58492],[5.97909,35.58514],[5.97998,35.5852],[5.98048,35.58492],[5.98094,35.58455],[5.9816,35.5844],[5.98378,35.58468],[5.9843,35.58458],[5.98484,35.58435],[5.9852,35.58403],[5.98555,35.58356],[5.98604,35.58346],[5.98721,35.58351],[5.98782,35.58392],[5.98812,35.58422],[5.98838,35.58466],[5.98872,35.58502],[5.98902,35.5851],[5.99005,35.58486],[5.99079,35.58455]]}},{"type":"Feature","properties":{},"geometry":{"type":"LineString","coordinates":[[5.91793,35.63248],[5.91872,35.63207],[5.91975,35.63123],[5.92061,35.63067],[5.92256,35.63008],[5.92349,35.62962],[5.92484,35.62923],[5.92595,35.62872],[5.92827,35.62748],[5.92893,35.62725],[5.93028,35.62718],[5.93139,35.6266],[5.93175,35.62681],[5.93234,35.6269],[5.93374,35.62701],[5.93427,35.62697],[5.93508,35.62605],[5.93586,35.62539],[5.93693,35.62506],[5.93771,35.62508],[5.93839,35.62431],[5.93856,35.62393],[5.93885,35.62361],[5.93896,35.62313],[5.93923,35.6227],[5.93937,35.62232],[5.94012,35.6214],[5.94021,35.62072],[5.94063,35.6204],[5.94152,35.61989],[5.94321,35.61947],[5.94362,35.61943],[5.94426,35.61901],[5.94498,35.61886],[5.94636,35.61879],[5.94686,35.61867],[5.94733,35.61846],[5.94828,35.61823],[5.94915,35.6183],[5.94976,35.61849],[5.95047,35.61861],[5.9513,35.61891],[5.95197,35.61931],[5.95248,35.61978],[5.95299,35.62035],[5.95339,35.62059],[5.95398,35.62056],[5.95464,35.62116],[5.95669,35.622]]}},{"type":"Feature","properties":{},"geometry":{"type":"LineString","coordinates":[[5.94012,35.6214],[5.94039,35.62161],[5.94254,35.62248],[5.94322,35.62265],[5.94395,35.6231],[5.94391,35.6233],[5.94409,35.62359],[5.94473,35.62383],[5.94498,35.62465],[5.94487,35.62501],[5.94495,35.62536],[5.94549,35.62589],[5.94504,35.62628],[5.94349,35.62617],[5.94245,35.62568],[5.94046,35.62568],[5.94004,35.626],[5.93935,35.62685],[5.93814,35.62763],[5.93761,35.62772],[5.93747,35.62807],[5.93643,35.62825],[5.93489,35.62869],[5.93327,35.62878],[5.93282,35.62816],[5.93237,35.62782],[5.93196,35.62786],[5.93149,35.62805],[5.93078,35.62854],[5.93025,35.62875],[5.92972,35.62874],[5.92912,35.6288],[5.92868,35.62902],[5.92802,35.62903],[5.92779,35.62872],[5.92748,35.62858],[5.92726,35.62868],[5.92595,35.62872]]}},{"type":"Feature","properties":{},"geometry":{"type":"LineString","coordinates":[[5.9427,35.62579],[5.94262,35.62536],[5.94232,35.62504],[5.94262,35.62454],[5.94268,35.62358],[5.94263,35.62327],[5.94236,35.62311],[5.94156,35.62291],[5.94039,35.62161]]}},{"type":"Feature","properties":{},"geometry":{"type":"LineString","coordinates":[[5.93984,35.60998],[5.93976,35.61041],[5.93775,35.61089],[5.93673,35.61155],[5.93606,35.61184],[5.93567,35.61221],[5.93325,35.61378],[5.9316,35.6145],[5.93027,35.6152],[5.92921,35.61589],[5.92407,35.61843]]}},{"type":"Feature","properties":{},"geometry":{"type":"LineString","coordinates":[[5.99865,35.62093],[5.99813,35.62139],[5.99755,35.62246],[5.9977,35.62301],[5.99747,35.62358],[5.99711,35.62533],[5.99746,35.62594],[5.99691,35.6265],[5.99635,35.6267]]}},{"type":"Feature","properties":{},"geometry":{"type":"MultiLineString","coordinates":[[[6.06948,35.58029],[6.06772,35.58021]],[[6.0775,35.57806],[6.07655,35.57866],[6.07479,35.58045],[6.07353,35.58073],[6.07075,35.58076],[6.07018,35.58044],[6.06948,35.58029]],[[6.06934,35.58093],[6.06948,35.58029]]]}},{"type":"Feature","properties":{},"geometry":{"type":"MultiLineString","coordinates":[[[6.11026,35.62227],[6.11203,35.62224],[6.11397,35.62183],[6.11453,35.62184],[6.11468,35.62197],[6.11489,35.62236],[6.11543,35.62281],[6.11596,35.62302],[6.11685,35.6232],[6.11799,35.62366],[6.11811,35.62386],[6.11655,35.62454],[6.11569,35.62515],[6.11555,35.6255],[6.11478,35.62635],[6.11494,35.62696],[6.11532,35.62763]],[[6.12089,35.62994],[6.1197,35.62982],[6.11876,35.62954],[6.11732,35.62881],[6.11636,35.62807],[6.11532,35.62763]],[[6.11532,35.62763],[6.11647,35.6285],[6.11692,35.62915],[6.1174,35.62964],[6.11838,35.63184]],[[6.11748,35.63385],[6.11797,35.633],[6.1181,35.63235],[6.11838,35.63184]],[[6.11838,35.63184],[6.11884,35.63298],[6.11935,35.63345],[6.12008,35.63372]],[[6.11864,35.6378],[6.11695,35.63612],[6.11683,35.63542]],[[6.08527,35.62639],[6.08613,35.62671],[6.08693,35.62726],[6.08819,35.628],[6.09003,35.62873],[6.09166,35.62955],[6.0932,35.63014],[6.09356,35.63046],[6.09402,35.63071],[6.09449,35.63076],[6.0949,35.63096],[6.09567,35.63114],[6.0977,35.63181],[6.09846,35.63198],[6.09909,35.63206],[6.10075,35.63271],[6.10122,35.6332],[6.10221,35.63368],[6.10301,35.63419],[6.10361,35.63445],[6.10437,35.63461],[6.10525,35.63488],[6.10641,35.63513],[6.10718,35.63523],[6.10852,35.63549],[6.10952,35.63574],[6.11098,35.63589],[6.11391,35.6364],[6.11579,35.63667],[6.11697,35.63695],[6.11864,35.6378]],[[6.11332,35.64216],[6.11404,35.64188],[6.11442,35.64158],[6.11514,35.64152],[6.11579,35.64157],[6.11648,35.64186],[6.11699,35.64193],[6.11827,35.64189],[6.11935,35.64194],[6.12001,35.64213],[6.12094,35.64264],[6.12139,35.64272],[6.12255,35.64265],[6.12259,35.64254],[6.12202,35.64227],[6.12145,35.64169],[6.12024,35.63976],[6.11991,35.6396],[6.11885,35.63847],[6.11879,35.638],[6.11864,35.6378]]]}},{"type":"Feature","properties":{},"geometry":{"type":"LineString","coordinates":[[6.22331,35.60683],[6.22382,35.60659],[6.22392,35.60542],[6.22445,35.60502]]}},{"type":"Feature","properties":{},"geometry":{"type":"LineString","coordinates":[[6.23079,35.6112],[6.23053,35.61071],[6.23108,35.61009],[6.23189,35.60948]]}},{"type":"Feature","properties":{},"geometry":{"type":"LineString","coordinates":[[6.23105,35.62003],[6.23134,35.61953],[6.23236,35.61895],[6.23321,35.61858],[6.23372,35.61824],[6.23425,35.61825],[6.23584,35.61745],[6.23634,35.61746],[6.23693,35.61727],[6.23764,35.61678],[6.2387,35.6165],[6.23976,35.61558],[6.24019,35.61485],[6.23994,35.61416],[6.23983,35.61332]]}},{"type":"Feature","properties":{},"geometry":{"type":"MultiLineString","coordinates":[[[6.242,35.61764],[6.24272,35.61743]],[[6.24341,35.61872],[6.24334,35.61856],[6.242,35.61764]],[[6.24526,35.61686],[6.24341,35.61872]],[[6.24273,35.62175],[6.24277,35.62061],[6.24345,35.61971],[6.24348,35.61887],[6.24341,35.61872]],[[6.242,35.61764],[6.24068,35.61786],[6.23524,35.62033],[6.23471,35.62037],[6.23366,35.62088]]]}},{"type":"Feature","properties":{},"geometry":{"type":"MultiLineString","coordinates":[[[6.24574,35.62106],[6.24572,35.62073],[6.24614,35.62023],[6.24676,35.61966],[6.24718,35.61906],[6.24778,35.61851]],[[6.24777,35.62014],[6.24867,35.61909]],[[6.24576,35.62313],[6.24925,35.61947]],[[6.24965,35.62331],[6.24947,35.62305],[6.24968,35.62255],[6.25026,35.62208],[6.25078,35.62143],[6.25141,35.62087]],[[6.24463,35.62159],[6.24477,35.62134],[6.24541,35.6209],[6.24574,35.62106]],[[6.24576,35.62313],[6.24574,35.62106]],[[6.24503,35.62458],[6.24551,35.62342],[6.24576,35.62313]],[[6.2495,35.62409],[6.24872,35.62408],[6.24827,35.62445],[6.24739,35.62476],[6.24683,35.6248],[6.24603,35.62437],[6.24578,35.62358],[6.24576,35.62313]]]}},{"type":"Feature","properties":{},"geometry":{"type":"MultiLineString","coordinates":[[[6.2918,35.65927],[6.29325,35.65868],[6.29388,35.658],[6.29454,35.65787],[6.29511,35.65733]],[[6.29764,35.66289],[6.29823,35.66214],[6.29847,35.6619],[6.29884,35.66136],[6.29946,35.66086],[6.29996,35.66052],[6.30028,35.66021],[6.30078,35.65988]]]}},{"type":"Feature","properties":{},"geometry":{"type":"MultiLineString","coordinates":[[[6.27959,35.69387],[6.27956,35.69478],[6.27935,35.69549],[6.2795,35.69597]],[[6.27489,35.70101],[6.27491,35.70055],[6.27499,35.70007],[6.27555,35.69896],[6.27621,35.69806],[6.27764,35.69814],[6.27894,35.69833],[6.27954,35.69824],[6.28051,35.69796],[6.28166,35.69728]],[[6.27488,35.70124],[6.27489,35.70101]],[[6.27009,35.71044],[6.26897,35.71003],[6.2681,35.70993],[6.26643,35.70949],[6.26632,35.7091],[6.26675,35.7085],[6.2673,35.70793],[6.26854,35.70623],[6.26969,35.70448],[6.27112,35.7027],[6.27173,35.70236],[6.27382,35.70139],[6.27489,35.70101]],[[6.27879,35.70094],[6.27869,35.70109],[6.27818,35.70136],[6.2774,35.70134],[6.27632,35.70117],[6.27519,35.70142],[6.27488,35.70124]],[[6.2735,35.70427],[6.27372,35.70337],[6.2745,35.70245],[6.27488,35.70141],[6.27488,35.70124]],[[6.27335,35.7068],[6.27339,35.70481],[6.2735,35.70427]],[[6.27009,35.71044],[6.27013,35.71],[6.27047,35.70897],[6.271,35.70809],[6.27112,35.70748],[6.27136,35.7066],[6.2718,35.70567],[6.27268,35.70459],[6.2735,35.70427]],[[6.26932,35.71248],[6.26995,35.71145],[6.27009,35.71044]]]}},{"type":"Feature","properties":{},"geometry":{"type":"MultiLineString","coordinates":[[[6.13775,35.64149],[6.136,35.64086],[6.13524,35.63991],[6.13457,35.63959],[6.13456,35.6393],[6.13487,35.63895],[6.13495,35.63865]],[[6.13469,35.64295],[6.1351,35.64273],[6.1355,35.64286],[6.13563,35.64279],[6.13555,35.64246],[6.13569,35.64193],[6.1361,35.64179],[6.13716,35.64181],[6.13775,35.64149]],[[6.18511,35.6916],[6.18521,35.69139],[6.18548,35.69105],[6.18647,35.69062],[6.18653,35.69033],[6.18685,35.68988],[6.1872,35.68917],[6.18732,35.68854],[6.18627,35.68777],[6.18548,35.68753],[6.18506,35.68755],[6.18412,35.68772],[6.1834,35.68744],[6.18284,35.68691],[6.18239,35.68692],[6.18218,35.68703],[6.18155,35.68703],[6.1811,35.6866],[6.18111,35.68613],[6.18136,35.68583],[6.18146,35.68556],[6.18105,35.68471],[6.18095,35.68276],[6.18048,35.68218],[6.18049,35.68186],[6.18067,35.68146],[6.18117,35.68105],[6.18114,35.6806],[6.18065,35.68011],[6.18056,35.67984],[6.18026,35.67922],[6.18,35.67845],[6.17995,35.67797],[6.18025,35.67745],[6.18038,35.67648],[6.18028,35.67598],[6.17989,35.6757],[6.17938,35.67504],[6.17889,35.67486],[6.17863,35.67441],[6.17914,35.67391],[6.1791,35.67357],[6.17926,35.67307],[6.17918,35.67275],[6.17923,35.67246],[6.17942,35.67247],[6.17989,35.67229],[6.18015,35.6717],[6.18036,35.67156],[6.18121,35.67144],[6.18141,35.67114],[6.18147,35.6707],[6.18118,35.67018],[6.18143,35.66983],[6.18137,35.6695],[6.1811,35.66923],[6.18048,35.66887],[6.1787,35.66888],[6.17717,35.66868],[6.17679,35.6689],[6.17616,35.66953],[6.17574,35.67021],[6.17526,35.67054],[6.17449,35.67048],[6.17422,35.67021],[6.17426,35.66962],[6.17413,35.66862],[6.1737,35.66821],[6.17335,35.66767],[6.17296,35.66686],[6.1723,35.66622],[6.1721,35.66583],[6.17166,35.66529],[6.17032,35.66468],[6.17032,35.66411],[6.16991,35.66311],[6.16956,35.66245],[6.16905,35.66236],[6.16843,35.66204],[6.16785,35.66188],[6.16745,35.66135],[6.16686,35.66133],[6.16645,35.66112],[6.16639,35.66081],[6.1653,35.65992],[6.16517,35.65956],[6.16522,35.65895],[6.16493,35.6586],[6.16444,35.65847],[6.16362,35.65851],[6.16292,35.65865],[6.16221,35.65869],[6.16031,35.65771],[6.15947,35.65769],[6.15876,35.65775],[6.15847,35.65738],[6.15849,35.65686],[6.15834,35.65644],[6.15802,35.6564],[6.15759,35.65604],[6.15751,35.65558],[6.15731,35.65522],[6.15607,35.65452],[6.15558,35.65458],[6.15502,35.65407],[6.15444,35.65377],[6.15431,35.65343],[6.1545,35.65292],[6.15444,35.65253],[6.15405,35.65216],[6.15369,35.65194],[6.15313,35.65184],[6.15242,35.65153],[6.15187,35.65116],[6.15136,35.65111],[6.1509,35.65091],[6.15072,35.65056],[6.14981,35.64996],[6.14917,35.64943],[6.14675,35.64873],[6.1461,35.64862],[6.14558,35.64809],[6.14455,35.64728],[6.14377,35.64692],[6.14272,35.64634],[6.14183,35.64569],[6.14151,35.64536],[6.14076,35.64492],[6.14003,35.64371],[6.13993,35.6433],[6.13937,35.64266],[6.13812,35.64162],[6.13775,35.64149]]]}},{"type":"Feature","properties":{},"geometry":{"type":"MultiLineString","coordinates":[[[6.19464,35.68432],[6.19629,35.68192],[6.19704,35.68059],[6.19768,35.67957],[6.19806,35.67925],[6.19823,35.67943],[6.19872,35.68019],[6.19913,35.68107]],[[6.19464,35.68432],[6.19625,35.68305],[6.19669,35.68262],[6.19739,35.68212],[6.19913,35.68107]],[[6.19522,35.68794],[6.19519,35.68731],[6.19506,35.68702],[6.19503,35.68674],[6.19474,35.68627],[6.19464,35.68432]],[[6.19152,35.68194],[6.19169,35.6825],[6.1935,35.68504]],[[6.19464,35.68432],[6.19426,35.68447],[6.1935,35.68504]],[[6.18918,35.69011],[6.18979,35.6899],[6.19035,35.68949],[6.19112,35.68878],[6.19134,35.68842],[6.19168,35.68752],[6.19296,35.68553],[6.1935,35.68504]],[[6.19913,35.68107],[6.19926,35.68193],[6.19943,35.68261],[6.19938,35.68323],[6.19956,35.68484],[6.19975,35.68601],[6.19978,35.68693]],[[6.1935,35.68504],[6.19364,35.68558],[6.1935,35.68615],[6.19349,35.68655],[6.19375,35.68701],[6.19434,35.68748],[6.19522,35.68794]],[[6.19611,35.68848],[6.19522,35.68794]]]}},{"type":"Feature","properties":{},"geometry":{"type":"LineString","coordinates":[[6.00738,35.63899],[6.00739,35.63793],[6.0076,35.63694],[6.00856,35.63625],[6.00873,35.63557],[6.01097,35.63435],[6.01138,35.63397],[6.01122,35.63304],[6.01126,35.63196],[6.0115,35.6315],[6.01275,35.63156],[6.01317,35.63219],[6.01357,35.63219],[6.0144,35.63127],[6.0158,35.63078],[6.01615,35.62985],[6.01594,35.62859],[6.0157,35.62793],[6.01596,35.62764],[6.01649,35.6276],[6.01711,35.62805],[6.01778,35.62838],[6.01833,35.6283],[6.01882,35.62801],[6.01999,35.6266],[6.02004,35.62516],[6.02067,35.62471],[6.0212,35.62476],[6.02142,35.62525],[6.02211,35.62549],[6.0226,35.62545],[6.02312,35.62494],[6.02349,35.62415],[6.02404,35.6236],[6.02465,35.62321],[6.02476,35.6227],[6.0256,35.62225],[6.02594,35.62169],[6.02623,35.62057],[6.02656,35.62039],[6.02696,35.62041],[6.02769,35.62071],[6.02852,35.62076],[6.02948,35.62058],[6.03117,35.62002],[6.03153,35.62006],[6.03186,35.62043],[6.0323,35.62051],[6.03322,35.62034],[6.03344,35.62],[6.03354,35.61912],[6.03293,35.61783],[6.03295,35.61732],[6.03238,35.61676],[6.03114,35.61588],[6.03098,35.61551],[6.0303,35.61509],[6.03006,35.61455],[6.02964,35.61401],[6.02986,35.61377],[6.03054,35.61377],[6.03147,35.61313],[6.03194,35.61249],[6.03194,35.6114],[6.0317,35.61082],[6.03169,35.61051],[6.03229,35.61009],[6.03263,35.60911],[6.03128,35.60802],[6.03137,35.60769],[6.03266,35.60707],[6.03255,35.60618],[6.0322,35.60533],[6.03217,35.60484],[6.03198,35.60443],[6.03092,35.60352],[6.03084,35.60305],[6.03069,35.60272],[6.03035,35.60264],[6.02985,35.60226],[6.02975,35.60191],[6.03021,35.60165],[6.03198,35.60142],[6.03256,35.60091],[6.03321,35.60003],[6.03391,35.59849],[6.03431,35.59802],[6.03462,35.59963],[6.0349,35.60071],[6.0351,35.60109],[6.03548,35.60109],[6.03645,35.60063],[6.03676,35.60008],[6.03748,35.6001],[6.03805,35.59964],[6.03866,35.59964],[6.03948,35.59911],[6.04034,35.59795],[6.04117,35.59718],[6.0412,35.59868],[6.04133,35.59931],[6.04196,35.59955],[6.04259,35.5996],[6.04402,35.59936],[6.04442,35.59892],[6.04469,35.59891],[6.04519,35.59932],[6.04596,35.59956],[6.04593,35.5999],[6.04498,35.60023],[6.04457,35.60058],[6.04454,35.60088],[6.04475,35.60128],[6.04468,35.60169],[6.04393,35.60229],[6.04288,35.60224],[6.04257,35.60252],[6.04239,35.60296],[6.04145,35.6034],[6.04123,35.60379],[6.0417,35.60425],[6.04258,35.6045],[6.04336,35.60459],[6.04365,35.6048],[6.04372,35.60508],[6.04397,35.60524],[6.04403,35.60549],[6.04438,35.60579],[6.04497,35.60586],[6.04552,35.6057],[6.04591,35.60487],[6.04759,35.60417],[6.04894,35.60382],[6.05043,35.60376],[6.05121,35.60331],[6.05194,35.60307],[6.05301,35.6035],[6.05433,35.60413],[6.05487,35.60451],[6.05517,35.60497],[6.05512,35.60567],[6.05481,35.60607],[6.05468,35.60704],[6.05675,35.60702],[6.05726,35.60674],[6.05797,35.60619],[6.05755,35.60574],[6.05728,35.60512],[6.05722,35.60455],[6.05735,35.60376],[6.05768,35.60279],[6.05809,35.60178],[6.05811,35.60122],[6.0585,35.60085],[6.0586,35.60041],[6.05806,35.60003],[6.05748,35.59952],[6.057,35.5987],[6.05684,35.59768],[6.05699,35.59658],[6.05993,35.59446],[6.06051,35.59301],[6.06012,35.59206],[6.06087,35.59139],[6.06126,35.59043],[6.06179,35.58992],[6.06256,35.58972],[6.06327,35.59001],[6.0636,35.59038],[6.06402,35.59145],[6.06475,35.59188],[6.06543,35.59195],[6.06711,35.59163],[6.06726,35.59215],[6.06792,35.59265],[6.06881,35.59271],[6.06906,35.59291],[6.06877,35.59385],[6.06873,35.5943],[6.06893,35.59462],[6.06954,35.5948],[6.06999,35.59505],[6.0714,35.59663],[6.07174,35.59725],[6.07231,35.59783],[6.0732,35.59841],[6.07371,35.59903],[6.07477,35.59945],[6.07553,35.59964],[6.07613,35.59999],[6.07683,35.60018],[6.07759,35.60013],[6.07786,35.60029],[6.07885,35.60039],[6.08011,35.60076],[6.08238,35.60074],[6.0829,35.60058],[6.08313,35.60057],[6.0836,35.60091],[6.08456,35.60074],[6.08522,35.60088],[6.08615,35.60073],[6.08651,35.60074],[6.08735,35.60107],[6.08847,35.60124],[6.08958,35.60107],[6.09054,35.6007],[6.09212,35.60101],[6.09292,35.601],[6.09392,35.60177],[6.09468,35.60187],[6.09517,35.60185],[6.09545,35.60205],[6.09557,35.60295],[6.09606,35.6035],[6.09655,35.60354],[6.09693,35.60347],[6.09746,35.60301],[6.09819,35.60203],[6.09947,35.60171],[6.10071,35.60162],[6.10125,35.60172],[6.10154,35.602],[6.10172,35.60294],[6.10283,35.60267],[6.10321,35.6024],[6.10376,35.60155],[6.10417,35.60137],[6.10483,35.60139],[6.10602,35.6019],[6.10671,35.60261],[6.1079,35.60286],[6.10987,35.60265],[6.11055,35.60246],[6.11343,35.60263],[6.11363,35.60234],[6.11314,35.60179],[6.11131,35.60096],[6.11109,35.60057],[6.11116,35.59991],[6.11108,35.59969],[6.11068,35.59952],[6.11002,35.59956],[6.10931,35.59945],[6.10904,35.59915],[6.10844,35.59886],[6.10787,35.59871],[6.10723,35.59826],[6.10688,35.59784],[6.10698,35.59768],[6.10837,35.59734],[6.10904,35.59732],[6.1093,35.59722],[6.1096,35.59664],[6.11032,35.59608],[6.11118,35.5951],[6.11262,35.59503],[6.11343,35.5938],[6.11404,35.59344],[6.11484,35.59349],[6.11512,35.59343],[6.11632,35.59199],[6.11626,35.59159],[6.119,35.58971],[6.1194,35.58931],[6.11963,35.58715],[6.11982,35.58653],[6.12037,35.58587],[6.12121,35.58546],[6.12291,35.58421],[6.12582,35.58237],[6.1263,35.58191],[6.12745,35.58136],[6.12937,35.58004],[6.13624,35.57603],[6.13859,35.57415],[6.13961,35.57343],[6.14083,35.57285],[6.14806,35.56821],[6.1537,35.56372]]}},{"type":"Feature","properties":{},"geometry":{"type":"LineString","coordinates":[[6.07453,35.50034],[6.07777,35.50606],[6.07858,35.50696],[6.08101,35.50929],[6.08134,35.50999],[6.08287,35.51112],[6.08939,35.51524],[6.09245,35.51732],[6.09364,35.5179],[6.09492,35.51834],[6.11285,35.52411],[6.11377,35.52468],[6.11559,35.52637],[6.11698,35.5278],[6.11813,35.52922],[6.11889,35.53048],[6.12059,35.53195],[6.12203,35.53297],[6.12388,35.53393],[6.12574,35.5346],[6.12831,35.535],[6.12973,35.53532],[6.13049,35.53598],[6.13212,35.53719],[6.13406,35.53787],[6.13506,35.53838],[6.13612,35.53884],[6.13687,35.5395],[6.13773,35.54064],[6.14103,35.54531],[6.14597,35.55245],[6.14687,35.55389],[6.14737,35.55522],[6.15071,35.56018],[6.15253,35.56276],[6.1537,35.56372],[6.15445,35.56427],[6.1607,35.57004],[6.16256,35.57154],[6.16474,35.57257],[6.16609,35.57304],[6.16704,35.57321],[6.16834,35.57368],[6.17419,35.57558],[6.17672,35.57661],[6.18835,35.57903],[6.19113,35.57983],[6.19243,35.5804],[6.20473,35.58928],[6.206,35.59067],[6.20762,35.59208],[6.21048,35.5941],[6.21857,35.60029],[6.21944,35.60129],[6.22263,35.60404],[6.23002,35.60797],[6.23485,35.61184],[6.2358,35.61211],[6.23818,35.61255],[6.2393,35.61297],[6.25661,35.62425],[6.25843,35.62537],[6.2615,35.62822],[6.26344,35.62924],[6.26654,35.63102],[6.26828,35.63287],[6.26938,35.63377],[6.27188,35.63769],[6.2724,35.63833],[6.27315,35.63898],[6.27446,35.63931],[6.28883,35.65477],[6.28987,35.65562],[6.29165,35.65624],[6.30473,35.6603],[6.30557,35.66037],[6.31381,35.6607],[6.3159,35.66094],[6.31661,35.66115],[6.31772,35.66191],[6.31973,35.66425],[6.32018,35.66538],[6.32021,35.66621],[6.3203,35.66694],[6.32087,35.66798],[6.32093,35.66969],[6.32091,35.67199],[6.3212,35.67409],[6.32229,35.67563],[6.3223,35.67695],[6.32225,35.67851],[6.32246,35.67925],[6.3238,35.68015],[6.32627,35.68502],[6.3263,35.68645],[6.32675,35.6875],[6.32791,35.68851],[6.32998,35.69102],[6.32978,35.69226],[6.32894,35.69335],[6.3275,35.69598],[6.32639,35.69824],[6.32627,35.6994],[6.32667,35.70423],[6.32687,35.70756]]}},{"type":"Feature","properties":{},"geometry":{"type":"LineString","coordinates":[[6.07777,35.50606],[6.07718,35.50649],[6.07697,35.50737],[6.07907,35.51674],[6.07946,35.51812],[6.08001,35.5198],[6.08,35.52128],[6.08033,35.52257],[6.0804,35.52332],[6.08099,35.52595],[6.08109,35.5272],[6.08249,35.52982],[6.0825,35.53069],[6.08282,35.53281],[6.08271,35.53474],[6.08181,35.53862],[6.08206,35.53955],[6.08158,35.54278],[6.08164,35.54632],[6.08173,35.54784],[6.08128,35.5492],[6.08121,35.55015],[6.08187,35.55204],[6.08235,35.5527],[6.08254,35.55351],[6.08303,35.5582],[6.08306,35.56019],[6.08207,35.56243],[6.08173,35.56379],[6.08143,35.5642],[6.08144,35.56584],[6.08096,35.56687],[6.08097,35.5677],[6.08012,35.57202],[6.08004,35.57315],[6.07961,35.57415],[6.07858,35.5755],[6.07763,35.57738],[6.0775,35.57806],[6.07704,35.57861],[6.07644,35.57922],[6.07597,35.57992]]}},{"type":"Feature","properties":{},"geometry":{"type":"LineString","coordinates":[[6.32687,35.70756],[6.32637,35.7106],[6.32561,35.71208],[6.31813,35.7209],[6.31557,35.72338],[6.31273,35.72469],[6.30984,35.72527],[6.30609,35.72519],[6.30442,35.72483],[6.29459,35.72304],[6.29062,35.72237],[6.28704,35.72196],[6.28328,35.7222],[6.27901,35.72328],[6.27339,35.72432],[6.27044,35.72412],[6.26592,35.72318],[6.25301,35.72028],[6.24771,35.71892],[6.24358,35.71824],[6.23951,35.71828],[6.23719,35.71855],[6.23453,35.71907],[6.23235,35.71984],[6.2276,35.72181],[6.21936,35.72602]]}},{"type":"Feature","properties":{},"geometry":{"type":"LineString","coordinates":[[5.90686,35.63159],[5.90897,35.62927],[5.91793,35.63248]]}},{"type":"Feature","properties":{},"geometry":{"type":"LineString","coordinates":[[6.01154,35.56038],[6.01145,35.56201],[6.0113,35.56312],[6.01077,35.56385],[6.01028,35.56429],[6.00955,35.56433],[6.00955,35.56492],[6.00921,35.56506],[6.00824,35.56496],[6.008,35.5654],[6.00781,35.56608],[6.00752,35.56671],[6.00703,35.56681],[6.00631,35.56749],[6.00437,35.56865],[6.00422,35.56947],[6.00587,35.57049],[6.00601,35.57103],[6.00572,35.57175],[6.00524,35.57243],[6.00461,35.57316],[6.00412,35.5749],[6.00432,35.57563],[6.00553,35.57651],[6.00572,35.57738],[6.00626,35.57791],[6.00655,35.57854],[6.00696,35.57973]]}},{"type":"Feature","properties":{},"geometry":{"type":"MultiLineString","coordinates":[[[5.93332,35.60679],[5.93336,35.60727],[5.93277,35.60754],[5.93242,35.60749],[5.93139,35.60832],[5.93008,35.61053],[5.92842,35.6112],[5.92797,35.61205],[5.92552,35.61509],[5.92459,35.61808],[5.92381,35.61844],[5.9229,35.61942],[5.92253,35.61956]],[[5.92201,35.62213],[5.92183,35.62195],[5.9219,35.62174],[5.92233,35.62175],[5.92333,35.62163],[5.92415,35.62134],[5.92507,35.62093],[5.92555,35.62062],[5.92406,35.62045],[5.92264,35.62011],[5.92253,35.61956]],[[5.92253,35.61956],[5.92141,35.62],[5.91894,35.62042],[5.91662,35.62146],[5.91577,35.62237]]]}},{"type":"Feature","properties":{},"geometry":{"type":"LineString","coordinates":[[5.94197,35.60867],[5.94192,35.60824],[5.94177,35.60767],[5.94173,35.60706],[5.94063,35.60504],[5.94065,35.60434],[5.94018,35.60385],[5.94026,35.60334],[5.93997,35.6025],[5.93995,35.60209],[5.93983,35.60161],[5.93934,35.59993],[5.93915,35.59885],[5.93917,35.59831],[5.9388,35.59771],[5.93857,35.59674],[5.93913,35.59587],[5.93996,35.59481],[5.94095,35.59299],[5.94091,35.59226],[5.94074,35.59172],[5.94134,35.59055],[5.9418,35.58986],[5.94242,35.58913],[5.94333,35.58754],[5.94403,35.58654],[5.94474,35.58599],[5.94513,35.5853],[5.94599,35.58503],[5.94721,35.5849],[5.94814,35.58473],[5.94951,35.58426],[5.94989,35.58446],[5.95091,35.58451],[5.95167,35.58439],[5.95196,35.58448],[5.95296,35.58435],[5.95377,35.58383]]}},{"type":"Feature","properties":{},"geometry":{"type":"LineString","coordinates":[[5.94074,35.59172],[5.94011,35.5927],[5.94001,35.59347],[5.93818,35.59496],[5.93698,35.59622],[5.93706,35.59678],[5.93641,35.59816],[5.9365,35.59843],[5.93641,35.59916],[5.93639,35.60045],[5.93613,35.60125],[5.93492,35.60363],[5.93441,35.60499],[5.93402,35.60573],[5.93317,35.60671]]}},{"type":"Feature","properties":{},"geometry":{"type":"LineString","coordinates":[[6.00657,35.57909],[6.00696,35.57973],[6.00762,35.58022],[6.00841,35.58039],[6.00904,35.58106],[6.00952,35.58119],[6.00988,35.58095],[6.01027,35.58057],[6.01103,35.58019],[6.01134,35.57995],[6.01138,35.57959],[6.01203,35.57917],[6.01292,35.57894],[6.01404,35.57891],[6.01555,35.57918],[6.01606,35.57934],[6.0165,35.57937],[6.01696,35.57963],[6.01792,35.58],[6.0185,35.58032],[6.01908,35.58026],[6.0196,35.58012],[6.02099,35.58042],[6.02183,35.58096],[6.02211,35.58102],[6.02271,35.58136],[6.02298,35.58144],[6.02334,35.58181],[6.02396,35.58213],[6.02461,35.5823],[6.02469,35.58269],[6.02517,35.58304],[6.02531,35.58358],[6.02572,35.58387],[6.02705,35.584],[6.02734,35.58414],[6.0298,35.58466],[6.03055,35.58457],[6.03107,35.58431],[6.03142,35.5839],[6.0315,35.58358],[6.03328,35.58259],[6.03409,35.58227],[6.03432,35.5818],[6.0347,35.58146],[6.03484,35.58084],[6.03502,35.58037],[6.03481,35.57988],[6.03496,35.57953],[6.03567,35.57939],[6.03587,35.57901],[6.03591,35.57863],[6.03644,35.57817],[6.03655,35.57766],[6.03655,35.57707],[6.03634,35.57611]]}},{"type":"Feature","properties":{},"geometry":{"type":"LineString","coordinates":[[6.07777,35.50606],[6.07718,35.50649],[6.07697,35.50737],[6.07907,35.51674],[6.07946,35.51812],[6.08001,35.5198],[6.08,35.52128],[6.08033,35.52257],[6.0804,35.52332],[6.08099,35.52595],[6.08109,35.5272],[6.08249,35.52982],[6.0825,35.53069],[6.08282,35.53281],[6.08271,35.53474],[6.08181,35.53862],[6.08206,35.53955],[6.08158,35.54278],[6.08164,35.54632],[6.08173,35.54784],[6.08128,35.5492],[6.08121,35.55015],[6.08187,35.55204],[6.08235,35.5527],[6.08254,35.55351],[6.08303,35.5582],[6.08306,35.56019],[6.08207,35.56243],[6.08173,35.56379],[6.08143,35.5642],[6.08144,35.56584],[6.08096,35.56687],[6.08097,35.5677],[6.08012,35.57202],[6.08004,35.57315],[6.07961,35.57415],[6.07858,35.5755],[6.07763,35.57738],[6.0775,35.57806],[6.07704,35.57861],[6.07644,35.57922],[6.07597,35.57992]]}},{"type":"Feature","properties":{},"geometry":{"type":"LineString","coordinates":[[5.92517,35.61664],[5.9258,35.615],[5.92723,35.61289],[5.92792,35.61215],[5.92862,35.61112],[5.92876,35.611],[5.92992,35.61048],[5.93022,35.61029],[5.93138,35.6084],[5.93228,35.6074],[5.93244,35.60729],[5.93274,35.60725]]}},{"type":"Feature","properties":{},"geometry":{"type":"LineString","coordinates":[[6.0819,35.54084],[6.08166,35.54327],[6.08163,35.54485],[6.08187,35.54744],[6.08166,35.54839],[6.08133,35.54933],[6.08129,35.54993],[6.08146,35.55054],[6.08247,35.55267],[6.08265,35.55315],[6.08283,35.55426],[6.0833,35.55878],[6.08328,35.55983],[6.08319,35.56017],[6.08266,35.56114],[6.08249,35.56156],[6.0816,35.56431],[6.08166,35.56541],[6.08161,35.56565],[6.08124,35.56628],[6.08114,35.56663],[6.08105,35.56794],[6.08025,35.57221],[6.08014,35.57336],[6.08007,35.57358],[6.07974,35.574],[6.07932,35.57433],[6.07926,35.57444],[6.07927,35.57473],[6.07919,35.57487],[6.07866,35.57521],[6.07845,35.57597],[6.07782,35.57693],[6.07745,35.57809],[6.07725,35.57829],[6.07697,35.57848],[6.07645,35.57907],[6.07624,35.57935],[6.0761,35.57978]]}},{"type":"Feature","properties":{},"geometry":{"type":"LineString","coordinates":[[5.93344,35.60633],[5.93428,35.60544],[5.93498,35.60378],[5.9353,35.60323],[5.93577,35.60214],[5.93661,35.60052],[5.9367,35.60016],[5.93672,35.59964],[5.93672,35.59862],[5.93663,35.5981],[5.93665,35.59791],[5.93713,35.59697],[5.93723,35.59662],[5.93718,35.59602],[5.93729,35.59582],[5.93766,35.5955],[5.93869,35.59447],[5.9401,35.59328],[5.94027,35.59295],[5.94042,35.59229],[5.94209,35.58937],[5.94282,35.58848],[5.94387,35.58672],[5.94516,35.58545],[5.94537,35.58509],[5.94576,35.58491],[5.94884,35.58428]]}},{"type":"Feature","properties":{},"geometry":{"type":"LineString","coordinates":[[5.92779,35.61231],[5.92731,35.61205]]}},{"type":"Feature","properties":{},"geometry":{"type":"LineString","coordinates":[[5.92697,35.61325],[5.92692,35.61311],[5.92696,35.61281],[5.92705,35.61261],[5.92721,35.61248],[5.92746,35.61241],[5.9276,35.61248]]}},{"type":"Feature","properties":{},"geometry":{"type":"LineString","coordinates":[[5.95022,35.58397],[5.95119,35.584],[5.95236,35.58431],[5.95283,35.58436],[5.95332,35.58429],[5.95445,35.58386],[5.95534,35.58328],[5.95567,35.58272],[5.95581,35.58257],[5.95675,35.58224],[5.95726,35.58171],[5.95895,35.58066],[5.95938,35.58028],[5.95964,35.58014],[5.96008,35.58001],[5.96251,35.5801],[5.96307,35.57998],[5.96392,35.57964],[5.96441,35.57963],[5.96475,35.57975],[5.96506,35.57996],[5.96529,35.58022],[5.96564,35.58078],[5.96585,35.58098],[5.96627,35.58123],[5.96731,35.58172],[5.96743,35.58167],[5.96747,35.58157],[5.96745,35.58092],[5.96762,35.58011],[5.96769,35.57995],[5.96783,35.57982],[5.9683,35.5795],[5.96882,35.57928],[5.96922,35.57922],[5.97003,35.57919],[5.97086,35.57935],[5.97109,35.57935],[5.97261,35.579],[5.97319,35.57911],[5.97419,35.57915],[5.97442,35.57923],[5.975,35.57957],[5.97522,35.57958],[5.97539,35.57947],[5.97544,35.57939],[5.97567,35.57792],[5.97586,35.57765],[5.97623,35.57738],[5.97808,35.57644],[5.97875,35.57603],[5.97887,35.57602],[5.97894,35.5761],[5.97889,35.57624],[5.97829,35.57695],[5.97813,35.57725],[5.97807,35.57748],[5.97813,35.57753],[5.97825,35.57754],[5.97998,35.57608],[5.98139,35.57521],[5.98148,35.57526],[5.98147,35.57534],[5.97945,35.57814],[5.97931,35.57846],[5.97935,35.57855],[5.97947,35.57855],[5.97985,35.57812],[5.98088,35.57746],[5.98148,35.57695],[5.98227,35.57642],[5.9832,35.57564],[5.98353,35.57547],[5.9843,35.57518],[5.98443,35.57521],[5.98442,35.57531],[5.98371,35.57568],[5.98341,35.57593],[5.98284,35.57682],[5.98282,35.57691],[5.98286,35.577],[5.98302,35.57704],[5.98316,35.57698],[5.98379,35.57631],[5.98395,35.57621],[5.98463,35.57609],[5.9852,35.57585],[5.98531,35.57593],[5.98529,35.57603],[5.98477,35.57663],[5.98479,35.57674],[5.98488,35.57684],[5.98501,35.57688],[5.98515,35.57687],[5.98597,35.57622],[5.98711,35.57564],[5.98824,35.57526],[5.98942,35.57501],[5.99001,35.57504],[5.99094,35.57531],[5.99165,35.57559],[5.99174,35.57554],[5.99174,35.57548],[5.9915,35.57518],[5.99129,35.57473],[5.99131,35.57465],[5.9914,35.57462],[5.99149,35.57466],[5.99176,35.57515],[5.99204,35.57538],[5.99227,35.57573],[5.99279,35.57599],[5.99315,35.57641],[5.9938,35.57672],[5.99455,35.57679],[5.99467,35.57691],[5.99478,35.57732],[5.99489,35.57746],[5.99577,35.57803],[5.99626,35.57828],[5.9965,35.57829],[5.99707,35.57817],[5.99777,35.57829],[5.99868,35.57866],[5.99936,35.57913],[5.99956,35.57919],[5.99976,35.57915],[6.00177,35.57823],[6.00221,35.57815],[6.00343,35.57822],[6.00496,35.57847],[6.00639,35.57885]]}},{"type":"Feature","properties":{},"geometry":{"type":"LineString","coordinates":[[6.03636,35.57618],[6.03643,35.57591],[6.03784,35.57613],[6.03879,35.57644],[6.03974,35.5765],[6.0408,35.57663],[6.04146,35.5768],[6.042,35.57685],[6.04296,35.57679],[6.04307,35.57683],[6.04309,35.57693],[6.04274,35.57721],[6.04262,35.57733],[6.04259,35.57744],[6.04267,35.57766],[6.043,35.57815],[6.04344,35.57828],[6.04378,35.57853],[6.04476,35.57879],[6.04526,35.57886],[6.04586,35.57877],[6.0462,35.57878],[6.04716,35.57922],[6.04733,35.57939],[6.04757,35.58019],[6.04785,35.58051],[6.04782,35.58067],[6.04766,35.58098],[6.0477,35.58103],[6.04876,35.58087],[6.04958,35.58094],[6.05002,35.58119],[6.05037,35.58149],[6.05048,35.58163],[6.05058,35.58214],[6.05063,35.58226],[6.05073,35.58234],[6.05113,35.5823],[6.05172,35.582],[6.05196,35.58173],[6.05276,35.58109],[6.05271,35.58101],[6.05168,35.58121],[6.05154,35.58119],[6.05147,35.58115],[6.05143,35.58104],[6.05146,35.58085],[6.05141,35.58051],[6.05142,35.58032],[6.05149,35.58017],[6.05203,35.58002],[6.05277,35.57974],[6.0548,35.57992],[6.05558,35.57988],[6.05628,35.57968],[6.0571,35.57973],[6.05742,35.57979],[6.05853,35.58021],[6.05886,35.58027],[6.05924,35.58021],[6.06017,35.57986],[6.06092,35.57975],[6.06163,35.57985],[6.06222,35.57968],[6.06235,35.57968],[6.06267,35.57981],[6.06285,35.57983],[6.06462,35.57958],[6.0652,35.57959],[6.06586,35.57968],[6.06605,35.57965],[6.06648,35.57968],[6.06702,35.57978],[6.06758,35.58],[6.06793,35.58023],[6.06814,35.58043],[6.06869,35.58069],[6.06896,35.58074],[6.0693,35.58067],[6.06945,35.58069],[6.06988,35.58092],[6.07062,35.581],[6.07102,35.58109],[6.07223,35.58158],[6.07288,35.58156],[6.07354,35.58167],[6.07416,35.58139],[6.07463,35.58131],[6.07478,35.58118],[6.07516,35.58067],[6.07543,35.58021],[6.07571,35.57996],[6.0761,35.57978]]}},{"type":"Feature","properties":{},"geometry":{"type":"LineString","coordinates":[[5.99973,35.51253],[5.99987,35.51284],[6.00021,35.51679],[6.00056,35.51845],[6.00048,35.52077],[6.00048,35.52211],[6.0002,35.52387],[5.99949,35.52662],[5.99937,35.5276],[6.00012,35.52889],[6.00003,35.52978],[5.99943,35.53137],[5.9994,35.53204],[6.00017,35.53331],[6.00103,35.53364],[6.00201,35.53391],[6.00304,35.53481],[6.00386,35.53534],[6.00612,35.5364],[6.00679,35.53751],[6.00695,35.53823],[6.00807,35.53962],[6.00899,35.54058],[6.00916,35.54119],[6.00999,35.54172],[6.01046,35.54229],[6.01076,35.54297],[6.01054,35.54455],[6.01035,35.54521],[6.01026,35.5463],[6.00988,35.54683],[6.00915,35.54737],[6.00824,35.54831],[6.00644,35.54978],[6.00602,35.55082],[6.0061,35.5524],[6.00661,35.55413],[6.00694,35.55466],[6.007,35.55533],[6.00771,35.55595],[6.0081,35.55645],[6.00828,35.55692],[6.0077,35.55782],[6.0077,35.55856],[6.00815,35.55962],[6.00889,35.56006],[6.01011,35.55979],[6.01098,35.56002],[6.01154,35.56038],[6.01193,35.56155],[6.01196,35.56233],[6.01235,35.56279],[6.01256,35.56285],[6.01274,35.56239],[6.01323,35.56193],[6.01402,35.56148],[6.01434,35.56105],[6.0145,35.56117],[6.0144,35.56166],[6.01494,35.56221],[6.01608,35.56274],[6.01598,35.56332],[6.01667,35.56396],[6.01791,35.56492],[6.01826,35.5659],[6.01872,35.56635],[6.01897,35.56671],[6.01907,35.56725],[6.02068,35.56851],[6.02185,35.56921],[6.02233,35.56939],[6.02285,35.5699],[6.02311,35.57002],[6.02344,35.57042],[6.02412,35.57085],[6.02444,35.57113],[6.02497,35.57124],[6.02533,35.57095],[6.02606,35.57095],[6.02644,35.57129],[6.02606,35.57157],[6.02622,35.57218],[6.02644,35.57248],[6.02805,35.57329],[6.02868,35.57332],[6.02886,35.57343],[6.03009,35.57356],[6.03066,35.57356],[6.03104,35.57367],[6.03144,35.57415],[6.0331,35.57466],[6.03358,35.575],[6.03421,35.57513],[6.03581,35.57598],[6.03634,35.57611]]}},{"type":"Feature","properties":{},"geometry":{"type":"LineString","coordinates":[[6.05735,35.5963],[6.05707,35.59628],[6.0565,35.59599],[6.05599,35.59536],[6.05548,35.59495],[6.05516,35.59493],[6.05408,35.59501],[6.05358,35.59498],[6.05305,35.59479],[6.05282,35.59456],[6.0525,35.59416],[6.05197,35.59331],[6.05172,35.59265],[6.05174,35.59166],[6.0519,35.59118],[6.05189,35.59089],[6.05209,35.59062],[6.05202,35.59054],[6.05165,35.59038],[6.05118,35.59039],[6.05107,35.59033],[6.05102,35.59022],[6.0504,35.59051],[6.0502,35.59054],[6.0495,35.59059],[6.04923,35.59055],[6.04889,35.59061],[6.04866,35.59051],[6.04775,35.59048],[6.04746,35.59054],[6.04713,35.59051],[6.04637,35.5903],[6.04611,35.5903],[6.04585,35.59017],[6.04557,35.58994],[6.04537,35.58987],[6.04491,35.58993],[6.04434,35.58985],[6.04418,35.58975],[6.04338,35.58978],[6.04283,35.58988],[6.04246,35.59003],[6.04186,35.59004],[6.04152,35.59021],[6.04136,35.59013],[6.04124,35.58979],[6.04104,35.58955],[6.04074,35.58938],[6.03933,35.58895],[6.0388,35.58895],[6.03864,35.58891],[6.03851,35.58882],[6.03841,35.58866],[6.03818,35.58823],[6.03809,35.58793],[6.03796,35.58788],[6.0369,35.58786],[6.03641,35.58772],[6.03611,35.58752],[6.03584,35.58752],[6.03527,35.58763],[6.03365,35.58768],[6.03348,35.58772],[6.03311,35.58806],[6.03278,35.58793],[6.03268,35.58767],[6.03242,35.5874],[6.03264,35.5867],[6.03306,35.58584],[6.03336,35.58549],[6.0336,35.58497],[6.034,35.58455],[6.03384,35.58458],[6.03353,35.58478],[6.03305,35.5853],[6.03245,35.58561],[6.03218,35.58581],[6.03168,35.586],[6.03139,35.58605],[6.03128,35.58601],[6.03204,35.5856],[6.03221,35.58532],[6.03258,35.585],[6.03274,35.58478],[6.03278,35.5847],[6.03275,35.58448],[6.03282,35.58434],[6.03336,35.58383],[6.03343,35.58369],[6.034,35.5833],[6.03426,35.58303],[6.03483,35.58275],[6.03499,35.58262],[6.03522,35.58255],[6.0354,35.58225],[6.03585,35.58193],[6.03589,35.58183],[6.0358,35.58179],[6.0345,35.58195],[6.03443,35.58192]]}},{"type":"Feature","properties":{},"geometry":{"type":"LineString","coordinates":[[6.13222,35.57809],[6.12934,35.5759],[6.12661,35.57372],[6.1258,35.57281],[6.12539,35.57218],[6.12508,35.57153],[6.12491,35.57105],[6.12477,35.57042],[6.12466,35.56942],[6.12463,35.56866],[6.12467,35.56679],[6.12462,35.56423],[6.12466,35.56356],[6.12496,35.56132],[6.12497,35.56056],[6.12477,35.55963],[6.12462,35.5593],[6.12402,35.55853],[6.1235,35.55807],[6.12297,35.55769],[6.12216,35.55731],[6.11658,35.55524],[6.11289,35.55401],[6.11219,35.5537],[6.11172,35.5534],[6.10856,35.55111],[6.10552,35.54906],[6.10522,35.54891]]}},{"type":"Feature","properties":{},"geometry":{"type":"LineString","coordinates":[[6.13424,35.57974],[6.13331,35.579]]}},{"type":"Feature","properties":{},"geometry":{"type":"LineString","coordinates":[[6.17764,35.57668],[6.1759,35.57899],[6.17504,35.58046],[6.17465,35.58097],[6.17413,35.58142],[6.17327,35.58186],[6.17267,35.58195],[6.1703,35.58175],[6.16952,35.58178],[6.16854,35.58193],[6.15276,35.5856],[6.15164,35.58582],[6.1505,35.5858],[6.14474,35.58498],[6.14299,35.58471],[6.14189,35.5844],[6.14061,35.58383],[6.13683,35.58171],[6.13616,35.58124],[6.13424,35.57974]]}},{"type":"Feature","properties":{},"geometry":{"type":"LineString","coordinates":[[6.13331,35.579],[6.13241,35.57824]]}},{"type":"Feature","properties":{},"geometry":{"type":"LineString","coordinates":[[6.03311,35.58802],[6.03231,35.58829],[6.03195,35.58858],[6.03171,35.58889],[6.03144,35.58912],[6.03137,35.58951],[6.03113,35.58976],[6.0306,35.5898],[6.03013,35.58964],[6.0295,35.58932],[6.02926,35.58951],[6.02892,35.58954],[6.02776,35.58929],[6.02683,35.58916],[6.02622,35.58936],[6.02558,35.5898],[6.02524,35.58984],[6.02456,35.58978],[6.02416,35.58981],[6.02296,35.58936],[6.02263,35.58942],[6.02223,35.58958],[6.0218,35.58959],[6.0212,35.58941],[6.01948,35.58899],[6.01886,35.58896],[6.01846,35.5891],[6.01842,35.5895],[6.01847,35.59016]]}}]}