{"type":"FeatureCollection","features":[{"type":"Feature","properties":{"Name":"Sans titre - Polygone"},"geometry":{"type":"Polygon","coordinates":[[[6.27643,35.69261],[6.27626,35.69274],[6.27595,35.69259],[6.27612,35.69241],[6.27643,35.69261]]]}},{"type":"Feature","properties":{"Name":"Sans titre - Polygone"},"geometry":{"type":"Polygon","coordinates":[[[6.27362,35.69311],[6.27382,35.69279],[6.27427,35.69268],[6.27425,35.69281],[6.27362,35.69311]]]}},{"type":"Feature","properties":{"Name":"Sans titre - Polygone"},"geometry":{"type":"Polygon","coordinates":[[[6.27392,35.69228],[6.27425,35.69232],[6.27425,35.69244],[6.27404,35.69254],[6.27385,35.69239],[6.27392,35.69228]]]}},{"type":"Feature","properties":{"Name":"Sans titre - Polygone"},"geometry":{"type":"Polygon","coordinates":[[[6.00182,35.54939],[6.00165,35.5495],[6.0014,35.54935],[6.00155,35.54931],[6.00182,35.54939]]]}},{"type":"Feature","properties":{"Name":"Sans titre - Polygone"},"geometry":{"type":"Polygon","coordinates":[[[5.96653,35.51713],[5.96652,35.51727],[5.96635,35.5173],[5.96604,35.51715],[5.96624,35.51705],[5.96653,35.51713]]]}},{"type":"Feature","properties":{"Name":"Carrière"},"geometry":{"type":"Polygon","coordinates":[[[6.30879,35.68441],[6.30969,35.68471],[6.30995,35.68494],[6.3099,35.68537],[6.30946,35.68584],[6.30939,35.68632],[6.30976,35.68651],[6.31088,35.68665],[6.31122,35.68684],[6.31125,35.68711],[6.31065,35.68724],[6.30919,35.68676],[6.30864,35.68634],[6.30862,35.68581],[6.30888,35.68508],[6.30872,35.68449],[6.30879,35.68441]]]}},{"type":"Feature","properties":{"Name":"Sans titre - Polygone [115:Polygon]"},"geometry":{"type":"Polygon","coordinates":[[[6.13292,35.60419],[6.13243,35.6043],[6.13212,35.60409],[6.13266,35.60415],[6.13288,35.60404],[6.13292,35.60419]]]}},{"type":"Feature","properties":{"Name":"Sans titre - Polygone [114:Polygon]"},"geometry":{"type":"Polygon","coordinates":[[[6.13443,35.60402],[6.13377,35.60421],[6.13362,35.6041],[6.13436,35.60386],[6.13443,35.60402]]]}},{"type":"Feature","properties":{"Name":"Sans titre - Polygone"},"geometry":{"type":"Polygon","coordinates":[[[5.9884,35.5319],[5.98857,35.53215],[5.98843,35.53222],[5.98806,35.53192],[5.9884,35.5319]]]}},{"type":"Feature","properties":{"Name":"Sans titre - Polygone"},"geometry":{"type":"Polygon","coordinates":[[[5.98945,35.53346],[5.9895,35.53381],[5.98923,35.53388],[5.9889,35.53356],[5.98848,35.5334],[5.98858,35.53332],[5.98945,35.53346]]]}},{"type":"Feature","properties":{"Name":"Sans titre - Polygone"},"geometry":{"type":"Polygon","coordinates":[[[5.99174,35.5359],[5.99157,35.53637],[5.99121,35.53649],[5.99095,35.53639],[5.99095,35.53597],[5.99164,35.53577],[5.99174,35.5359]]]}},{"type":"Feature","properties":{"Name":"Sans titre - Polygone"},"geometry":{"type":"Polygon","coordinates":[[[5.99173,35.53371],[5.99195,35.53413],[5.99054,35.5339],[5.99017,35.53372],[5.99021,35.53362],[5.99064,35.53359],[5.99173,35.53371]]]}},{"type":"Feature","properties":{"Name":"Sans titre - Polygone"},"geometry":{"type":"Polygon","coordinates":[[[5.99658,35.53025],[5.99653,35.53062],[5.99636,35.53083],[5.99646,35.5311],[5.99618,35.53127],[5.99613,35.53144],[5.99587,35.53145],[5.99545,35.53101],[5.99545,35.5308],[5.99608,35.53082],[5.99637,35.53017],[5.99658,35.53025]]]}},{"type":"Feature","properties":{"Name":"Sans titre - Polygone"},"geometry":{"type":"Polygon","coordinates":[[[5.99411,35.53224],[5.99444,35.53212],[5.99477,35.53228],[5.99584,35.5322],[5.99594,35.53241],[5.99392,35.53246],[5.99364,35.53237],[5.99364,35.53228],[5.99411,35.53224]]]}},{"type":"Feature","properties":{"Name":"Sans titre - Polygone"},"geometry":{"type":"Polygon","coordinates":[[[5.98091,35.53202],[5.98087,35.53279],[5.9804,35.53313],[5.98005,35.53277],[5.97914,35.53255],[5.97898,35.53242],[5.97943,35.53211],[5.98031,35.53237],[5.98091,35.53202]]]}},{"type":"Feature","properties":{"Name":"Sans titre - Polygone"},"geometry":{"type":"Polygon","coordinates":[[[5.98317,35.52926],[5.98272,35.52963],[5.9818,35.53005],[5.98095,35.53024],[5.98114,35.53041],[5.98136,35.53121],[5.98057,35.53192],[5.98044,35.53198],[5.97948,35.53165],[5.97984,35.53156],[5.97987,35.5312],[5.98014,35.53091],[5.98059,35.52997],[5.98154,35.52978],[5.98263,35.52917],[5.98251,35.52946],[5.98296,35.5292],[5.98317,35.52926]]]}},{"type":"Feature","properties":{"Name":"Sans titre - Polygone"},"geometry":{"type":"Polygon","coordinates":[[[5.97057,35.52198],[5.97118,35.52221],[5.97105,35.52229],[5.97059,35.52212],[5.9701,35.52234],[5.96877,35.52248],[5.96882,35.52217],[5.96931,35.52158],[5.9702,35.52167],[5.97057,35.52198]]]}},{"type":"Feature","properties":{"Name":"Sans titre - Polygone"},"geometry":{"type":"Polygon","coordinates":[[[5.9583,35.52132],[5.95814,35.52166],[5.95787,35.52177],[5.95738,35.52139],[5.95777,35.52116],[5.95822,35.52121],[5.9583,35.52132]]]}},{"type":"Feature","properties":{"Name":"Sans titre - Polygone"},"geometry":{"type":"Polygon","coordinates":[[[5.9628,35.52024],[5.9627,35.52043],[5.96246,35.5205],[5.96233,35.5202],[5.96263,35.52006],[5.9628,35.52024]]]}},{"type":"Feature","properties":{"Name":"Sans titre - Polygone"},"geometry":{"type":"Polygon","coordinates":[[[5.96116,35.52069],[5.96076,35.52096],[5.96041,35.5208],[5.96108,35.52063],[5.96116,35.52069]]]}},{"type":"Feature","properties":{"Name":"Sans titre - Polygone"},"geometry":{"type":"Polygon","coordinates":[[[5.95957,35.52084],[5.95935,35.52107],[5.95888,35.5212],[5.95861,35.52116],[5.95844,35.5209],[5.95932,35.52067],[5.95957,35.52084]]]}},{"type":"Feature","properties":{"Name":"Sans titre - Polygone"},"geometry":{"type":"Polygon","coordinates":[[[5.9571,35.51934],[5.95656,35.51972],[5.95592,35.51946],[5.95662,35.51959],[5.95643,35.5194],[5.95688,35.51921],[5.9571,35.51934]]]}},{"type":"Feature","properties":{"Name":"Sans titre - Polygone"},"geometry":{"type":"Polygon","coordinates":[[[5.95725,35.52035],[5.95734,35.52067],[5.95706,35.52092],[5.95718,35.52134],[5.95688,35.52122],[5.95681,35.52096],[5.9564,35.52101],[5.95607,35.52076],[5.95629,35.52062],[5.95615,35.52044],[5.95631,35.52013],[5.95668,35.52009],[5.95708,35.52023],[5.95716,35.52041],[5.95725,35.52035]]]}},{"type":"Feature","properties":{"Name":"Sans titre - Polygone"},"geometry":{"type":"Polygon","coordinates":[[[5.95762,35.52194],[5.9577,35.52228],[5.95711,35.52246],[5.95718,35.52264],[5.95703,35.52267],[5.95684,35.52239],[5.95706,35.52236],[5.95724,35.52194],[5.95762,35.52194]]]}},{"type":"Feature","properties":{"Name":"Sans titre - Polygone"},"geometry":{"type":"Polygon","coordinates":[[[5.95861,35.51741],[5.9585,35.51758],[5.95818,35.51752],[5.95842,35.51732],[5.95861,35.51741]]]}},{"type":"Feature","properties":{"Name":"Sans titre - Polygone"},"geometry":{"type":"Polygon","coordinates":[[[5.95935,35.5167],[5.95926,35.51689],[5.95872,35.51694],[5.95903,35.51671],[5.95935,35.5167]]]}},{"type":"Feature","properties":{"Name":"Sans titre - Polygone"},"geometry":{"type":"Polygon","coordinates":[[[5.96041,35.51628],[5.96002,35.51643],[5.95995,35.51635],[5.96017,35.5162],[5.96041,35.51628]]]}},{"type":"Feature","properties":{"Name":"Sans titre - Polygone"},"geometry":{"type":"Polygon","coordinates":[[[5.95864,35.51671],[5.95841,35.51702],[5.95826,35.517],[5.95814,35.51678],[5.95824,35.51667],[5.95864,35.51671]]]}},{"type":"Feature","properties":{"Name":"Sans titre - Polygone"},"geometry":{"type":"Polygon","coordinates":[[[5.95904,35.51589],[5.959,35.51606],[5.95857,35.51593],[5.95878,35.51581],[5.95904,35.51589]]]}},{"type":"Feature","properties":{"Name":"Sans titre - Polygone"},"geometry":{"type":"Polygon","coordinates":[[[5.96002,35.51391],[5.95924,35.51441],[5.95872,35.51404],[5.95896,35.51351],[5.95912,35.51345],[5.95963,35.5136],[5.95979,35.51383],[5.96002,35.51391]]]}},{"type":"Feature","properties":{"Name":"Sans titre - Polygone"},"geometry":{"type":"Polygon","coordinates":[[[5.95244,35.51495],[5.95095,35.51519],[5.95055,35.51509],[5.95119,35.51451],[5.95228,35.51471],[5.95244,35.51495]]]}},{"type":"Feature","properties":{"Name":"Sans titre - Polygone"},"geometry":{"type":"Polygon","coordinates":[[[5.95226,35.51636],[5.95165,35.5167],[5.951,35.51645],[5.95172,35.51629],[5.95226,35.51636]]]}},{"type":"Feature","properties":{"Name":"Sans titre - Polygone"},"geometry":{"type":"Polygon","coordinates":[[[5.95382,35.51916],[5.95363,35.51954],[5.9532,35.51955],[5.95293,35.51943],[5.95288,35.51927],[5.95304,35.519],[5.95337,35.51888],[5.95375,35.51897],[5.95382,35.51916]]]}},{"type":"Feature","properties":{"Name":"Sans titre - Polygone"},"geometry":{"type":"Polygon","coordinates":[[[5.95643,35.51877],[5.95644,35.51893],[5.95614,35.51901],[5.95516,35.51852],[5.95536,35.5185],[5.95537,35.51824],[5.95555,35.51844],[5.9558,35.51843],[5.95643,35.51877]]]}},{"type":"Feature","properties":{"Name":"Sans titre - Polygone"},"geometry":{"type":"Polygon","coordinates":[[[5.96238,35.51988],[5.96194,35.52004],[5.95902,35.52019],[5.95862,35.52006],[5.95839,35.51965],[5.9581,35.51959],[5.95802,35.51941],[5.95955,35.51899],[5.96029,35.51924],[5.96097,35.5193],[5.96127,35.51951],[5.96231,35.51974],[5.96238,35.51988]]]}},{"type":"Feature","properties":{"Name":"Sans titre - Polygone"},"geometry":{"type":"Polygon","coordinates":[[[5.95766,35.51498],[5.95794,35.51481],[5.95828,35.51506],[5.95775,35.51538],[5.95761,35.51512],[5.95649,35.51511],[5.9564,35.51486],[5.95657,35.51442],[5.95674,35.51466],[5.95696,35.51462],[5.957,35.51478],[5.95723,35.5147],[5.95759,35.51484],[5.95766,35.51498]]]}},{"type":"Feature","properties":{"Name":"Sans titre - Polygone"},"geometry":{"type":"Polygon","coordinates":[[[5.95359,35.51339],[5.95352,35.51389],[5.95326,35.51403],[5.95278,35.51388],[5.95276,35.51417],[5.9521,35.51376],[5.95234,35.51346],[5.95282,35.51328],[5.95333,35.51326],[5.95359,35.51339]]]}},{"type":"Feature","properties":{"Name":"Sans titre - Polygone"},"geometry":{"type":"Polygon","coordinates":[[[5.95094,35.51321],[5.95033,35.51355],[5.94985,35.51326],[5.94981,35.51239],[5.95034,35.51247],[5.95094,35.51304],[5.95094,35.51321]]]}},{"type":"Feature","properties":{"Name":"Sans titre - Polygone"},"geometry":{"type":"Polygon","coordinates":[[[5.95555,35.53162],[5.95577,35.53212],[5.95648,35.53224],[5.95683,35.53248],[5.95696,35.53265],[5.95654,35.53286],[5.9566,35.53308],[5.957,35.53337],[5.95744,35.53345],[5.95737,35.53359],[5.95702,35.53354],[5.95692,35.53383],[5.9566,35.53386],[5.95668,35.53366],[5.9563,35.53311],[5.9542,35.53261],[5.95422,35.53226],[5.95506,35.53217],[5.95555,35.53162]]]}},{"type":"Feature","properties":{"Name":"Sans titre - Polygone"},"geometry":{"type":"Polygon","coordinates":[[[5.95553,35.53449],[5.95458,35.53483],[5.95421,35.53467],[5.95349,35.53483],[5.95311,35.53455],[5.95334,35.53434],[5.95418,35.53425],[5.95575,35.5343],[5.95593,35.53441],[5.95575,35.53453],[5.95553,35.53449]]]}},{"type":"Feature","properties":{"Name":"Sans titre - Polygone"},"geometry":{"type":"Polygon","coordinates":[[[5.95424,35.53567],[5.95392,35.53601],[5.95357,35.53562],[5.95398,35.53571],[5.95418,35.53559],[5.95424,35.53567]]]}},{"type":"Feature","properties":{"Name":"Sans titre - Polygone"},"geometry":{"type":"Polygon","coordinates":[[[5.95243,35.53455],[5.95193,35.53474],[5.95131,35.53466],[5.95083,35.53443],[5.95033,35.53466],[5.95015,35.53441],[5.95092,35.53409],[5.95186,35.53413],[5.95243,35.53455]]]}},{"type":"Feature","properties":{"Name":"Sans titre - Polygone"},"geometry":{"type":"Polygon","coordinates":[[[5.94885,35.53874],[5.94918,35.53916],[5.94955,35.53909],[5.9501,35.53927],[5.9498,35.53964],[5.94973,35.53999],[5.94941,35.54032],[5.94879,35.54023],[5.94833,35.53952],[5.94841,35.539],[5.94873,35.539],[5.94885,35.53874]]]}},{"type":"Feature","properties":{"Name":"Sans titre - Polygone"},"geometry":{"type":"Polygon","coordinates":[[[5.9476,35.53822],[5.94767,35.53862],[5.94737,35.53889],[5.94716,35.53857],[5.94738,35.53814],[5.9476,35.53822]]]}},{"type":"Feature","properties":{"Name":"Sans titre - Polygone"},"geometry":{"type":"Polygon","coordinates":[[[5.94933,35.53547],[5.94919,35.53625],[5.94929,35.53719],[5.94903,35.53739],[5.94878,35.5373],[5.94843,35.53684],[5.94843,35.5362],[5.94878,35.53625],[5.94907,35.53534],[5.94969,35.53522],[5.94933,35.53547]]]}},{"type":"Feature","properties":{"Name":"Sans titre - Polygone"},"geometry":{"type":"Polygon","coordinates":[[[5.93089,35.54318],[5.93087,35.54338],[5.93048,35.54366],[5.93024,35.54348],[5.93052,35.54337],[5.93061,35.54307],[5.93089,35.54318]]]}},{"type":"Feature","properties":{"Name":"Sans titre - Polygone"},"geometry":{"type":"Polygon","coordinates":[[[5.92885,35.54266],[5.92895,35.54297],[5.92929,35.54311],[5.9291,35.54323],[5.92907,35.54342],[5.92867,35.54364],[5.92833,35.54361],[5.92818,35.54341],[5.92791,35.54343],[5.9275,35.54375],[5.92742,35.5437],[5.92763,35.54338],[5.92837,35.5428],[5.92885,35.54266]]]}},{"type":"Feature","properties":{"Name":"Sans titre - Polygone"},"geometry":{"type":"Polygon","coordinates":[[[5.92879,35.54507],[5.92876,35.54557],[5.92894,35.54574],[5.9288,35.5458],[5.9282,35.5458],[5.92797,35.54546],[5.9276,35.54537],[5.92763,35.54504],[5.92801,35.54489],[5.92859,35.54482],[5.92879,35.54507]]]}},{"type":"Feature","properties":{"Name":"Sans titre - Polygone"},"geometry":{"type":"Polygon","coordinates":[[[5.92743,35.55944],[5.92983,35.55979],[5.93027,35.56052],[5.9296,35.56051],[5.92859,35.56098],[5.92817,35.56067],[5.92682,35.56017],[5.92658,35.56019],[5.92641,35.56049],[5.92615,35.56024],[5.9264,35.55983],[5.92686,35.5595],[5.92743,35.55944]]]}},{"type":"Feature","properties":{"Name":"Sans titre - Polygone [3:Polygon]"},"geometry":{"type":"Polygon","coordinates":[[[5.90718,35.58903],[5.90708,35.58938],[5.90677,35.58966],[5.9068,35.58915],[5.90696,35.589],[5.90718,35.58903]]]}},{"type":"Feature","properties":{"Name":"Sans titre - Polygone"},"geometry":{"type":"Polygon","coordinates":[[[5.90625,35.59179],[5.90619,35.59233],[5.90634,35.59277],[5.90605,35.59275],[5.90574,35.59291],[5.90564,35.59279],[5.90593,35.59265],[5.90596,35.59243],[5.90538,35.59212],[5.90534,35.59199],[5.90555,35.59175],[5.90603,35.59191],[5.90625,35.59179]]]}},{"type":"Feature","properties":{"Name":"Sans titre - Polygone [2:Polygon]"},"geometry":{"type":"Polygon","coordinates":[[[5.90699,35.58974],[5.90631,35.59044],[5.90584,35.59053],[5.90645,35.58992],[5.90676,35.58992],[5.90699,35.58974]]]}},{"type":"Feature","properties":{"Name":"Sans titre - Polygone"},"geometry":{"type":"Polygon","coordinates":[[[5.90942,35.59356],[5.90954,35.59377],[5.90913,35.59399],[5.90932,35.59379],[5.90921,35.59353],[5.90942,35.59356]]]}},{"type":"Feature","properties":{"Name":"Sans titre - Polygone"},"geometry":{"type":"Polygon","coordinates":[[[5.90813,35.59352],[5.90887,35.59377],[5.90896,35.59401],[5.90863,35.59408],[5.90836,35.59373],[5.90803,35.59387],[5.9078,35.59354],[5.90801,35.5933],[5.90813,35.59352]]]}},{"type":"Feature","properties":{"Name":"Sans titre - Polygone"},"geometry":{"type":"Polygon","coordinates":[[[5.90939,35.59844],[5.90968,35.59868],[5.90953,35.59881],[5.90974,35.59892],[5.90897,35.59868],[5.90911,35.59848],[5.90939,35.59844]]]}},{"type":"Feature","properties":{"Name":"Sans titre - Polygone"},"geometry":{"type":"Polygon","coordinates":[[[5.91079,35.59977],[5.91094,35.59995],[5.91055,35.59985],[5.91056,35.59978],[5.91079,35.59977]]]}},{"type":"Feature","properties":{"Name":"Sans titre - Polygone"},"geometry":{"type":"Polygon","coordinates":[[[5.9106,35.60022],[5.91132,35.60059],[5.91138,35.60041],[5.9117,35.60061],[5.91111,35.60058],[5.9106,35.60022]]]}},{"type":"Feature","properties":{"Name":"Sans titre - Polygone"},"geometry":{"type":"Polygon","coordinates":[[[5.91186,35.59962],[5.91223,35.59962],[5.91228,35.59973],[5.91242,35.59973],[5.91242,35.59985],[5.91203,35.59978],[5.91186,35.59962]]]}},{"type":"Feature","properties":{"Name":"Sans titre - Polygone"},"geometry":{"type":"Polygon","coordinates":[[[5.91338,35.60015],[5.91348,35.60031],[5.91321,35.60066],[5.91345,35.60098],[5.91334,35.60102],[5.91311,35.60092],[5.91313,35.60077],[5.91295,35.60062],[5.91312,35.60031],[5.91338,35.60015]]]}},{"type":"Feature","properties":{"Name":"Sans titre - Polygone"},"geometry":{"type":"Polygon","coordinates":[[[5.91457,35.60147],[5.9147,35.60151],[5.91471,35.60167],[5.91449,35.60159],[5.91457,35.60147]]]}},{"type":"Feature","properties":{"Name":"Sans titre - Polygone"},"geometry":{"type":"Polygon","coordinates":[[[5.91667,35.59949],[5.91678,35.59972],[5.91674,35.59988],[5.91652,35.59982],[5.91664,35.59972],[5.91643,35.5996],[5.91642,35.59946],[5.91667,35.59949]]]}},{"type":"Feature","properties":{"Name":"Sans titre - Polygone"},"geometry":{"type":"Polygon","coordinates":[[[5.919,35.59984],[5.91926,35.60025],[5.91894,35.60043],[5.91852,35.60023],[5.91868,35.59983],[5.919,35.59984]]]}},{"type":"Feature","properties":{"Name":"Sans titre - Polygone"},"geometry":{"type":"Polygon","coordinates":[[[5.91766,35.59691],[5.91791,35.59718],[5.91733,35.59742],[5.91725,35.59722],[5.91766,35.59691]]]}},{"type":"Feature","properties":{"Name":"Sans titre - Polygone [9:Polygon]"},"geometry":{"type":"Polygon","coordinates":[[[5.92291,35.59143],[5.92273,35.59177],[5.92244,35.59167],[5.92225,35.59137],[5.92257,35.59121],[5.92291,35.59143]]]}},{"type":"Feature","properties":{"Name":"Sans titre - Polygone [10:Polygon]"},"geometry":{"type":"Polygon","coordinates":[[[5.92397,35.59108],[5.924,35.59133],[5.9238,35.59149],[5.92363,35.59131],[5.92363,35.59108],[5.92376,35.591],[5.92397,35.59108]]]}},{"type":"Feature","properties":{"Name":"Sans titre - Polygone [12:Polygon]"},"geometry":{"type":"Polygon","coordinates":[[[5.92616,35.59078],[5.92615,35.59092],[5.92586,35.59114],[5.92591,35.5909],[5.92616,35.59078]]]}},{"type":"Feature","properties":{"Name":"Sans titre - Polygone [11:Polygon]"},"geometry":{"type":"Polygon","coordinates":[[[5.92767,35.59086],[5.92761,35.59101],[5.92777,35.59131],[5.92757,35.59142],[5.92745,35.59088],[5.92767,35.59086]]]}},{"type":"Feature","properties":{"Name":"Sans titre - Polygone [13:Polygon]"},"geometry":{"type":"Polygon","coordinates":[[[5.93305,35.59097],[5.93272,35.59118],[5.93239,35.59112],[5.93259,35.59101],[5.93305,35.59097]]]}},{"type":"Feature","properties":{"Name":"Sans titre - Polygone"},"geometry":{"type":"Polygon","coordinates":[[[5.96731,35.57973],[5.9672,35.58003],[5.96746,35.58002],[5.96753,35.58014],[5.96734,35.58088],[5.96738,35.5813],[5.96717,35.5808],[5.96709,35.58072],[5.96704,35.58081],[5.96719,35.58149],[5.96674,35.58126],[5.96696,35.58103],[5.96694,35.58074],[5.96663,35.58017],[5.96705,35.5797],[5.96731,35.57973]]]}},{"type":"Feature","properties":{"Name":"Sans titre - Polygone [17:Polygon]"},"geometry":{"type":"Polygon","coordinates":[[[5.96163,35.57728],[5.96168,35.57749],[5.96157,35.57759],[5.96131,35.57743],[5.96137,35.57721],[5.96163,35.57728]]]}},{"type":"Feature","properties":{"Name":"Sans titre - Polygone [16:Polygon]"},"geometry":{"type":"Polygon","coordinates":[[[5.95957,35.57794],[5.95967,35.57833],[5.95946,35.5784],[5.95897,35.57833],[5.95889,35.57808],[5.95957,35.57794]]]}},{"type":"Feature","properties":{"Name":"Sans titre - Polygone [18:Polygon]"},"geometry":{"type":"Polygon","coordinates":[[[5.96119,35.57976],[5.96082,35.57994],[5.95965,35.58001],[5.95907,35.58047],[5.95895,35.58031],[5.95923,35.57984],[5.96119,35.57976]]]}},{"type":"Feature","properties":{"Name":"Sans titre - Polygone [63:Polygon]"},"geometry":{"type":"Polygon","coordinates":[[[5.96168,35.58166],[5.96128,35.5821],[5.96119,35.58187],[5.96101,35.58182],[5.96137,35.58149],[5.96168,35.58166]]]}},{"type":"Feature","properties":{"Name":"Pelouse [33:Polygon]"},"geometry":{"type":"Polygon","coordinates":[[[5.95518,35.58086],[5.95522,35.58046],[5.9559,35.58026],[5.9568,35.5791],[5.95804,35.57934],[5.95853,35.57969],[5.95856,35.58014],[5.9584,35.5803],[5.95637,35.58059],[5.95552,35.58107],[5.95532,35.58106],[5.95518,35.58086]]]}},{"type":"Feature","properties":{"Name":"Sans titre - Polygone [19:Polygon]"},"geometry":{"type":"Polygon","coordinates":[[[5.95727,35.58165],[5.95672,35.58223],[5.95563,35.58262],[5.95523,35.58324],[5.9538,35.58432],[5.95275,35.58474],[5.95125,35.58465],[5.95003,35.58416],[5.94936,35.58421],[5.94929,35.58397],[5.94944,35.5839],[5.94987,35.58378],[5.95008,35.5839],[5.95088,35.58358],[5.95161,35.5838],[5.95288,35.58389],[5.95298,35.58409],[5.95333,35.58398],[5.95405,35.5836],[5.95437,35.58363],[5.95474,35.58302],[5.95457,35.58264],[5.95469,35.58242],[5.95436,35.58193],[5.95456,35.58162],[5.95492,35.58177],[5.95484,35.58153],[5.95501,35.58152],[5.95528,35.58183],[5.95605,35.58159],[5.9568,35.58171],[5.95772,35.58119],[5.95789,35.58125],[5.95727,35.58165]]]}},{"type":"Feature","properties":{"Name":"Sans titre - Polygone [22:Polygon]"},"geometry":{"type":"Polygon","coordinates":[[[5.94673,35.58936],[5.94662,35.58949],[5.94633,35.58944],[5.94653,35.58927],[5.94673,35.58936]]]}},{"type":"Feature","properties":{"Name":"Sans titre - Polygone [21:Polygon]"},"geometry":{"type":"Polygon","coordinates":[[[5.94621,35.59],[5.94627,35.59014],[5.94563,35.59054],[5.94554,35.59019],[5.94519,35.59005],[5.94621,35.59]]]}},{"type":"Feature","properties":{"Name":"Sans titre - Polygone [20:Polygon]"},"geometry":{"type":"Polygon","coordinates":[[[5.94585,35.58787],[5.94565,35.5882],[5.94622,35.58872],[5.94631,35.58896],[5.94531,35.58926],[5.945,35.58892],[5.94518,35.58835],[5.94542,35.58815],[5.94545,35.58794],[5.94585,35.58787]]]}},{"type":"Feature","properties":{"Name":"Sans titre - Polygone [43:Polygon]"},"geometry":{"type":"Polygon","coordinates":[[[5.96169,35.61904],[5.9614,35.619],[5.96126,35.61884],[5.96151,35.61875],[5.96169,35.61904]]]}},{"type":"Feature","properties":{"Name":"Sans titre - Polygone [47:Polygon]"},"geometry":{"type":"Polygon","coordinates":[[[5.95938,35.62645],[5.95969,35.62635],[5.95969,35.62663],[5.95991,35.62657],[5.9599,35.62685],[5.96005,35.6271],[5.9599,35.62738],[5.96056,35.6277],[5.96065,35.62821],[5.95997,35.62769],[5.95938,35.62645]]]}},{"type":"Feature","properties":{"Name":"Sans titre - Polygone"},"geometry":{"type":"Polygon","coordinates":[[[6.03497,35.60739],[6.03457,35.60745],[6.03448,35.60736],[6.03466,35.60694],[6.03442,35.60662],[6.03464,35.60587],[6.0345,35.60535],[6.03474,35.6051],[6.03494,35.60546],[6.03478,35.60566],[6.03493,35.60595],[6.03485,35.6062],[6.03499,35.60637],[6.03493,35.60673],[6.03502,35.60687],[6.03475,35.60726],[6.03507,35.60723],[6.03497,35.60739]]]}},{"type":"Feature","properties":{"Name":"Sans titre - Polygone"},"geometry":{"type":"Polygon","coordinates":[[[6.0329,35.61549],[6.03233,35.61548],[6.03211,35.61511],[6.0316,35.61483],[6.0318,35.61473],[6.03176,35.61464],[6.03206,35.61472],[6.03282,35.61515],[6.0329,35.61549]]]}},{"type":"Feature","properties":{"Name":"Sans titre - Polygone"},"geometry":{"type":"Polygon","coordinates":[[[6.03578,35.61732],[6.03518,35.61736],[6.03444,35.61669],[6.03432,35.61643],[6.03514,35.61621],[6.0357,35.6164],[6.0359,35.61682],[6.03578,35.61732]]]}},{"type":"Feature","properties":{"Name":"Sans titre - Polygone [18:Polygon]"},"geometry":{"type":"Polygon","coordinates":[[[6.03596,35.61952],[6.03574,35.61955],[6.03563,35.61942],[6.036,35.61936],[6.03596,35.61952]]]}},{"type":"Feature","properties":{"Name":"Sans titre - Polygone [17:Polygon]"},"geometry":{"type":"Polygon","coordinates":[[[6.03397,35.62008],[6.03387,35.62036],[6.03353,35.62042],[6.03377,35.62029],[6.03372,35.62003],[6.03397,35.62008]]]}},{"type":"Feature","properties":{"Name":"Sans titre - Polygone"},"geometry":{"type":"Polygon","coordinates":[[[6.13549,35.63871],[6.13519,35.63903],[6.13521,35.63922],[6.1358,35.63977],[6.13644,35.64009],[6.13653,35.64027],[6.13615,35.64024],[6.13561,35.63999],[6.13461,35.63915],[6.13463,35.63896],[6.13513,35.63848],[6.13549,35.63871]]]}},{"type":"Feature","properties":{"Name":"Sans titre - Polygone"},"geometry":{"type":"Polygon","coordinates":[[[6.13756,35.64024],[6.13727,35.64029],[6.1372,35.64011],[6.13748,35.64],[6.13756,35.64024]]]}},{"type":"Feature","properties":{"Name":"Sans titre - Polygone"},"geometry":{"type":"Polygon","coordinates":[[[6.13932,35.64083],[6.13926,35.64096],[6.13873,35.64068],[6.13868,35.64027],[6.13911,35.64038],[6.13923,35.64052],[6.13918,35.64073],[6.13932,35.64083]]]}},{"type":"Feature","properties":{"Name":"Sans titre - Polygone"},"geometry":{"type":"Polygon","coordinates":[[[6.14112,35.64164],[6.14054,35.64149],[6.14046,35.64111],[6.14099,35.64113],[6.14096,35.64145],[6.14112,35.64164]]]}},{"type":"Feature","properties":{"Name":"Sans titre - Polygone"},"geometry":{"type":"Polygon","coordinates":[[[6.16755,35.64978],[6.16733,35.65037],[6.16638,35.64989],[6.16602,35.64992],[6.16512,35.65036],[6.16445,35.65002],[6.16427,35.64953],[6.16434,35.64927],[6.16463,35.64906],[6.16484,35.64952],[6.16581,35.64972],[6.16586,35.64953],[6.16534,35.64943],[6.16537,35.64914],[6.16604,35.64886],[6.16676,35.64901],[6.16728,35.64894],[6.1676,35.64875],[6.16755,35.64978]]]}},{"type":"Feature","properties":{"Name":"Sans titre - Polygone"},"geometry":{"type":"Polygon","coordinates":[[[6.1733,35.65308],[6.17307,35.65316],[6.17232,35.65296],[6.17222,35.6527],[6.17259,35.65246],[6.17318,35.65248],[6.1733,35.65308]]]}},{"type":"Feature","properties":{"Name":"Sans titre - Polygone"},"geometry":{"type":"Polygon","coordinates":[[[6.19093,35.6625],[6.19059,35.66264],[6.19027,35.66233],[6.19039,35.66188],[6.19064,35.66172],[6.19109,35.66192],[6.19093,35.6625]]]}},{"type":"Feature","properties":{"Name":"Sans titre - Polygone"},"geometry":{"type":"Polygon","coordinates":[[[6.19238,35.66282],[6.192,35.66273],[6.19172,35.66248],[6.19165,35.66173],[6.19209,35.66138],[6.19236,35.6617],[6.1925,35.66225],[6.19253,35.66265],[6.19238,35.66282]]]}},{"type":"Feature","properties":{"Name":"Sans titre - Polygone"},"geometry":{"type":"Polygon","coordinates":[[[6.21752,35.66593],[6.21621,35.66565],[6.21612,35.66542],[6.21655,35.66522],[6.21718,35.66542],[6.21742,35.66561],[6.21752,35.66593]]]}},{"type":"Feature","properties":{"Name":"Sans titre - Polygone"},"geometry":{"type":"Polygon","coordinates":[[[6.21266,35.66591],[6.21236,35.66553],[6.21226,35.66517],[6.21225,35.66486],[6.21243,35.66468],[6.2126,35.6648],[6.21272,35.66524],[6.21266,35.66591]]]}},{"type":"Feature","properties":{"Name":"Sans titre - Polygone"},"geometry":{"type":"Polygon","coordinates":[[[6.23831,35.6725],[6.23796,35.6729],[6.23791,35.67288],[6.23809,35.67257],[6.23831,35.6725]]]}},{"type":"Feature","properties":{"Name":"Sans titre - Polygone"},"geometry":{"type":"Polygon","coordinates":[[[6.23694,35.67369],[6.23652,35.67377],[6.23575,35.67365],[6.23575,35.67334],[6.23593,35.67305],[6.23701,35.67315],[6.23708,35.67351],[6.23694,35.67369]]]}},{"type":"Feature","properties":{"Name":"Sans titre - Polygone"},"geometry":{"type":"Polygon","coordinates":[[[6.24056,35.67415],[6.24005,35.67424],[6.23963,35.67416],[6.2392,35.67373],[6.23911,35.67344],[6.23938,35.67337],[6.23966,35.67359],[6.24071,35.6736],[6.24056,35.67415]]]}},{"type":"Feature","properties":{"Name":"Sans titre - Polygone"},"geometry":{"type":"Polygon","coordinates":[[[6.23831,35.6694],[6.23816,35.66947],[6.238,35.66916],[6.23825,35.66878],[6.23831,35.6694]]]}},{"type":"Feature","properties":{"Name":"Sans titre - Polygone"},"geometry":{"type":"Polygon","coordinates":[[[6.24521,35.6803],[6.24467,35.68005],[6.24505,35.67941],[6.24545,35.67959],[6.24527,35.67987],[6.24521,35.6803]]]}},{"type":"Feature","properties":{"Name":"Sans titre - Polygone"},"geometry":{"type":"Polygon","coordinates":[[[6.25195,35.67779],[6.25116,35.6776],[6.25105,35.67738],[6.25151,35.67704],[6.25173,35.6771],[6.2518,35.67729],[6.25217,35.67757],[6.25195,35.67779]]]}},{"type":"Feature","properties":{"Name":"Sans titre - Polygone privé"},"geometry":{"type":"Polygon","coordinates":[[[6.2565,35.67945],[6.25662,35.6789],[6.25609,35.67841],[6.25624,35.67826],[6.25701,35.67831],[6.25885,35.6778],[6.25962,35.6778],[6.2599,35.67797],[6.25987,35.67817],[6.25753,35.67953],[6.2565,35.67945]]]}},{"type":"Feature","properties":{"Name":"Sans titre - Polygone"},"geometry":{"type":"Polygon","coordinates":[[[6.25812,35.67346],[6.25716,35.673],[6.25707,35.67283],[6.25749,35.6728],[6.25812,35.67346]]]}},{"type":"Feature","properties":{"Name":"Sans titre - Polygone"},"geometry":{"type":"Polygon","coordinates":[[[6.27847,35.6593],[6.278,35.65906],[6.27802,35.65893],[6.27849,35.65915],[6.27847,35.6593]]]}},{"type":"Feature","properties":{"Name":"Sans titre - Polygone"},"geometry":{"type":"Polygon","coordinates":[[[6.28173,35.65994],[6.28235,35.65918],[6.28266,35.65934],[6.2832,35.65919],[6.28343,35.65945],[6.28334,35.66013],[6.28173,35.65994]]]}},{"type":"Feature","properties":{"Name":"Sans titre - Polygone"},"geometry":{"type":"Polygon","coordinates":[[[6.28053,35.66041],[6.28058,35.66022],[6.28125,35.66008],[6.28144,35.66015],[6.28149,35.66042],[6.281,35.66063],[6.28084,35.66046],[6.28071,35.66056],[6.28053,35.66041]]]}},{"type":"Feature","properties":{"Name":"Sans titre - Polygone"},"geometry":{"type":"Polygon","coordinates":[[[6.27748,35.65636],[6.27699,35.65622],[6.27708,35.65599],[6.27736,35.65611],[6.27748,35.65636]]]}},{"type":"Feature","properties":{"Name":"Sans titre - Polygone"},"geometry":{"type":"Polygon","coordinates":[[[6.27837,35.65728],[6.27798,35.65713],[6.27813,35.65685],[6.27837,35.65687],[6.27831,35.65702],[6.2785,35.6572],[6.27837,35.65728]]]}},{"type":"Feature","properties":{"Name":"Sans titre - Polygone"},"geometry":{"type":"Polygon","coordinates":[[[6.27744,35.65342],[6.27659,35.65273],[6.27655,35.65258],[6.27708,35.65231],[6.27728,35.65236],[6.27744,35.65342]]]}},{"type":"Feature","properties":{"Name":"Sans titre - Polygone"},"geometry":{"type":"Polygon","coordinates":[[[6.27483,35.65348],[6.27455,35.6534],[6.27449,35.65324],[6.2747,35.65318],[6.2749,35.6533],[6.27483,35.65348]]]}},{"type":"Feature","properties":{"Name":"Sans titre - Polygone"},"geometry":{"type":"Polygon","coordinates":[[[6.27477,35.65978],[6.27498,35.65965],[6.27511,35.65988],[6.27548,35.66006],[6.27553,35.66027],[6.27511,35.66024],[6.27481,35.65999],[6.27477,35.65978]]]}},{"type":"Feature","properties":{"Name":"Carrière"},"geometry":{"type":"Polygon","coordinates":[[[6.30447,35.70727],[6.30389,35.70728],[6.30323,35.70782],[6.30306,35.70783],[6.30297,35.70708],[6.30314,35.70648],[6.30307,35.70571],[6.30212,35.70483],[6.30094,35.70455],[6.30011,35.70452],[6.30014,35.70442],[6.3011,35.7034],[6.30179,35.70286],[6.3037,35.70234],[6.30425,35.70231],[6.30452,35.70246],[6.30453,35.70265],[6.3049,35.70299],[6.30506,35.70333],[6.30518,35.70438],[6.30507,35.70605],[6.30447,35.70727]]]}},{"type":"Feature","properties":{"Name":"Sans titre - Polygone"},"geometry":{"type":"Polygon","coordinates":[[[6.28413,35.69281],[6.28351,35.69311],[6.28336,35.69275],[6.28379,35.69242],[6.28413,35.69281]]]}},{"type":"Feature","properties":{"Name":"Sans titre - Polygone"},"geometry":{"type":"Polygon","coordinates":[[[6.28459,35.68992],[6.2844,35.69046],[6.28402,35.69065],[6.28364,35.69061],[6.28305,35.69033],[6.28318,35.69008],[6.28366,35.68994],[6.28459,35.68992]]]}},{"type":"Feature","properties":{"Name":"Carrière"},"geometry":{"type":"Polygon","coordinates":[[[6.28075,35.69369],[6.28029,35.69366],[6.27974,35.69405],[6.27945,35.69406],[6.27952,35.69357],[6.27994,35.69309],[6.28028,35.6929],[6.28066,35.69286],[6.28094,35.69298],[6.28101,35.69341],[6.28075,35.69369]]]}},{"type":"Feature","properties":{"Name":"Sans titre - Polygone"},"geometry":{"type":"Polygon","coordinates":[[[6.27477,35.69304],[6.27512,35.69328],[6.2757,35.69338],[6.27603,35.69333],[6.27639,35.69302],[6.27657,35.6931],[6.27642,35.69349],[6.27587,35.69373],[6.27466,35.69352],[6.27447,35.69324],[6.27477,35.69304]]]}},{"type":"Feature","properties":{"Name":"Sans titre - Polygone"},"geometry":{"type":"Polygon","coordinates":[[[6.27489,35.68703],[6.2752,35.68721],[6.27521,35.68736],[6.27491,35.68754],[6.27462,35.6875],[6.27451,35.68728],[6.27489,35.68703]]]}},{"type":"Feature","properties":{"Name":"Sans titre - Polygone"},"geometry":{"type":"Polygon","coordinates":[[[6.272,35.69148],[6.27275,35.69108],[6.27297,35.6907],[6.27327,35.69098],[6.27321,35.69114],[6.27305,35.69119],[6.27308,35.69098],[6.27293,35.6911],[6.2729,35.69196],[6.27316,35.69222],[6.27342,35.69297],[6.2731,35.69251],[6.272,35.69148]]]}},{"type":"Feature","properties":{"Name":"Sans titre - Polygone"},"geometry":{"type":"Polygon","coordinates":[[[6.27,35.69082],[6.27029,35.69064],[6.27068,35.68991],[6.27106,35.69047],[6.27123,35.69116],[6.27046,35.69103],[6.27,35.69082]]]}},{"type":"Feature","properties":{"Name":"Sans titre - Polygone"},"geometry":{"type":"Polygon","coordinates":[[[6.27602,35.68014],[6.27646,35.67988],[6.2767,35.68045],[6.2766,35.6805],[6.27602,35.68014]]]}},{"type":"Feature","properties":{"Name":"Carrière"},"geometry":{"type":"Polygon","coordinates":[[[6.27741,35.68263],[6.27802,35.68282],[6.27851,35.68338],[6.27801,35.68392],[6.27708,35.68397],[6.27707,35.68372],[6.27681,35.6835],[6.27685,35.6833],[6.27669,35.6833],[6.27709,35.68289],[6.27697,35.68268],[6.2772,35.68276],[6.27741,35.68263]]]}},{"type":"Feature","properties":{"Name":"Sans titre - Polygone"},"geometry":{"type":"Polygon","coordinates":[[[6.26913,35.68507],[6.26933,35.68497],[6.26958,35.68518],[6.26943,35.68541],[6.26913,35.68548],[6.26913,35.68507]]]}},{"type":"Feature","properties":{"Name":"Sans titre - Polygone"},"geometry":{"type":"Polygon","coordinates":[[[6.27145,35.68421],[6.2717,35.68407],[6.27181,35.68425],[6.27146,35.6846],[6.27145,35.68421]]]}},{"type":"Feature","properties":{"Name":"Sans titre - Polygone"},"geometry":{"type":"Polygon","coordinates":[[[6.2697,35.68176],[6.26987,35.6817],[6.27015,35.68187],[6.27018,35.68234],[6.27006,35.68253],[6.26972,35.68232],[6.2697,35.68176]]]}},{"type":"Feature","properties":{"Name":"Sans titre - Polygone"},"geometry":{"type":"Polygon","coordinates":[[[6.27075,35.68146],[6.27099,35.68164],[6.27082,35.68193],[6.27056,35.68164],[6.27075,35.68146]]]}},{"type":"Feature","properties":{"Name":"Sans titre - Polygone"},"geometry":{"type":"Polygon","coordinates":[[[6.26712,35.6765],[6.26651,35.67623],[6.26678,35.67607],[6.26662,35.67542],[6.26673,35.6753],[6.26711,35.67534],[6.26774,35.67565],[6.26694,35.67568],[6.267,35.67601],[6.26726,35.67624],[6.26712,35.6765]]]}},{"type":"Feature","properties":{"Name":"Sans titre - Polygone"},"geometry":{"type":"Polygon","coordinates":[[[6.26501,35.67274],[6.265,35.67253],[6.26513,35.67248],[6.26605,35.67263],[6.2653,35.67292],[6.26501,35.67274]]]}},{"type":"Feature","properties":{"Name":"Sans titre - Polygone"},"geometry":{"type":"Polygon","coordinates":[[[6.26447,35.66702],[6.26523,35.66766],[6.26557,35.66755],[6.26568,35.66767],[6.26571,35.66782],[6.2654,35.66784],[6.26561,35.66791],[6.26566,35.66837],[6.26584,35.66845],[6.26588,35.66892],[6.26561,35.66894],[6.26564,35.66854],[6.26515,35.66811],[6.26544,35.6681],[6.26539,35.66793],[6.26501,35.668],[6.26479,35.66781],[6.26455,35.66731],[6.26431,35.66713],[6.26447,35.66702]]]}},{"type":"Feature","properties":{"Name":"Sans titre - Polygone"},"geometry":{"type":"Polygon","coordinates":[[[6.26322,35.66506],[6.26344,35.66554],[6.26348,35.66615],[6.26275,35.66579],[6.26263,35.66546],[6.26241,35.66531],[6.26247,35.66513],[6.26285,35.66525],[6.26302,35.66518],[6.26309,35.66534],[6.26322,35.66506]]]}},{"type":"Feature","properties":{"Name":"Sans titre - Polygone"},"geometry":{"type":"Polygon","coordinates":[[[6.25918,35.66462],[6.25872,35.66437],[6.25857,35.66391],[6.25917,35.6644],[6.25918,35.66462]]]}},{"type":"Feature","properties":{"Name":"Sans titre - Polygone"},"geometry":{"type":"Polygon","coordinates":[[[6.25786,35.6627],[6.25753,35.66245],[6.25796,35.6624],[6.2584,35.66283],[6.25786,35.6627]]]}},{"type":"Feature","properties":{"Name":"Sans titre - Polygone"},"geometry":{"type":"Polygon","coordinates":[[[6.25892,35.66057],[6.25898,35.66024],[6.25924,35.66025],[6.25947,35.66048],[6.2594,35.66071],[6.25892,35.66057]]]}},{"type":"Feature","properties":{"Name":"Sans titre - Polygone"},"geometry":{"type":"Polygon","coordinates":[[[6.26015,35.65951],[6.26008,35.65934],[6.26023,35.65928],[6.26033,35.65947],[6.26015,35.65951]]]}},{"type":"Feature","properties":{"Name":"Sans titre - Polygone"},"geometry":{"type":"Polygon","coordinates":[[[6.2612,35.65866],[6.26134,35.65852],[6.26154,35.65859],[6.26127,35.65871],[6.2612,35.65866]]]}},{"type":"Feature","properties":{"Name":"Sans titre - Polygone"},"geometry":{"type":"Polygon","coordinates":[[[6.19918,35.63622],[6.19911,35.63608],[6.19925,35.63603],[6.19931,35.63578],[6.19989,35.63597],[6.19971,35.63612],[6.19918,35.63622]]]}},{"type":"Feature","properties":{"Name":"Sans titre - Polygone"},"geometry":{"type":"Polygon","coordinates":[[[6.20099,35.6348],[6.20088,35.63489],[6.20074,35.63455],[6.20094,35.63447],[6.20099,35.6348]]]}},{"type":"Feature","properties":{"Name":"Sans titre - Polygone"},"geometry":{"type":"Polygon","coordinates":[[[6.20207,35.63371],[6.20186,35.63392],[6.20176,35.63386],[6.20207,35.63371]]]}},{"type":"Feature","properties":{"Name":"Sans titre - Polygone"},"geometry":{"type":"Polygon","coordinates":[[[6.19979,35.63288],[6.1991,35.63286],[6.19911,35.63265],[6.19966,35.63263],[6.19958,35.63274],[6.19979,35.63288]]]}},{"type":"Feature","properties":{"Name":"Sans titre - Polygone"},"geometry":{"type":"Polygon","coordinates":[[[6.20004,35.63215],[6.19977,35.63201],[6.19985,35.63184],[6.20021,35.63188],[6.20004,35.63215]]]}},{"type":"Feature","properties":{"Name":"Sans titre - Polygone"},"geometry":{"type":"Polygon","coordinates":[[[6.19593,35.62858],[6.19576,35.62847],[6.19587,35.62844],[6.19593,35.62858]]]}},{"type":"Feature","properties":{"Name":"Sans titre - Polygone"},"geometry":{"type":"Polygon","coordinates":[[[6.2019,35.62552],[6.20155,35.62484],[6.2016,35.62429],[6.20187,35.62432],[6.20193,35.62443],[6.20178,35.62494],[6.20201,35.62527],[6.2019,35.62552]]]}},{"type":"Feature","properties":{"Name":"Sans titre - Polygone"},"geometry":{"type":"Polygon","coordinates":[[[6.20131,35.62503],[6.20078,35.62467],[6.20089,35.62438],[6.20109,35.62435],[6.20135,35.62451],[6.20152,35.62526],[6.20124,35.62519],[6.20131,35.62503]]]}},{"type":"Feature","properties":{"Name":"Sans titre - Polygone"},"geometry":{"type":"Polygon","coordinates":[[[6.19908,35.6252],[6.19871,35.62508],[6.19945,35.62488],[6.19922,35.62507],[6.19912,35.62539],[6.19908,35.6252]]]}},{"type":"Feature","properties":{"Name":"Sans titre - Polygone"},"geometry":{"type":"Polygon","coordinates":[[[6.19527,35.62121],[6.19456,35.62137],[6.19475,35.62085],[6.19499,35.62073],[6.19538,35.62081],[6.19527,35.62121]]]}},{"type":"Feature","properties":{"Name":"Parcours [11:Polygon]"},"geometry":{"type":"Polygon","coordinates":[[[6.19894,35.62852],[6.1983,35.62854],[6.19755,35.6284],[6.19768,35.62816],[6.1987,35.62836],[6.19894,35.62852]]]}},{"type":"Feature","properties":{"Name":"Sans titre - Polygone"},"geometry":{"type":"Polygon","coordinates":[[[6.19489,35.62575],[6.1947,35.62568],[6.19445,35.62572],[6.19462,35.62554],[6.19505,35.62559],[6.19489,35.62575]]]}},{"type":"Feature","properties":{"Name":"Parcours [22:Polygon]"},"geometry":{"type":"Polygon","coordinates":[[[6.17925,35.6272],[6.17912,35.62727],[6.17856,35.62745],[6.17896,35.62684],[6.17911,35.62688],[6.17925,35.6272]]]}},{"type":"Feature","properties":{"Name":"Parcours [23:Polygon]"},"geometry":{"type":"Polygon","coordinates":[[[6.17795,35.62691],[6.17806,35.62739],[6.17759,35.62752],[6.17778,35.62764],[6.17774,35.62783],[6.17727,35.62842],[6.17678,35.62871],[6.17648,35.62806],[6.17691,35.62771],[6.17691,35.62738],[6.1767,35.6272],[6.17676,35.62704],[6.17689,35.62695],[6.17738,35.627],[6.17726,35.62686],[6.1777,35.62675],[6.17773,35.62695],[6.17795,35.62691]]]}},{"type":"Feature","properties":{"Name":"Parcours [21:Polygon]"},"geometry":{"type":"Polygon","coordinates":[[[6.17939,35.62789],[6.17852,35.6285],[6.1782,35.62856],[6.17749,35.62897],[6.17734,35.62887],[6.17753,35.62856],[6.17865,35.62789],[6.17916,35.62771],[6.17939,35.62789]]]}},{"type":"Feature","properties":{"Name":"Parcours [20:Polygon]"},"geometry":{"type":"Polygon","coordinates":[[[6.17978,35.62867],[6.17898,35.62925],[6.1784,35.62933],[6.1786,35.62903],[6.17948,35.62856],[6.17978,35.62867]]]}},{"type":"Feature","properties":{"Name":"Parcours [19:Polygon]"},"geometry":{"type":"Polygon","coordinates":[[[6.18178,35.62942],[6.18134,35.62959],[6.18095,35.63008],[6.1806,35.63026],[6.18057,35.63013],[6.18077,35.63],[6.18073,35.62973],[6.18027,35.62895],[6.18045,35.62889],[6.18143,35.62932],[6.18181,35.62905],[6.18198,35.62849],[6.18215,35.62848],[6.18226,35.62859],[6.18174,35.62929],[6.18178,35.62942]]]}},{"type":"Feature","properties":{"Name":"Sans titre - Polygone"},"geometry":{"type":"Polygon","coordinates":[[[6.18396,35.63298],[6.18386,35.6328],[6.18397,35.63264],[6.18406,35.6327],[6.18396,35.63298]]]}},{"type":"Feature","properties":{"Name":"Sans titre - Polygone"},"geometry":{"type":"Polygon","coordinates":[[[6.18591,35.62906],[6.18582,35.62932],[6.18556,35.62926],[6.1857,35.62903],[6.18591,35.62906]]]}},{"type":"Feature","properties":{"Name":"Sans titre - Polygone"},"geometry":{"type":"Polygon","coordinates":[[[6.1888,35.62883],[6.18839,35.62915],[6.18814,35.62899],[6.18851,35.62867],[6.1888,35.62869],[6.1888,35.62883]]]}},{"type":"Feature","properties":{"Name":"Parcours [18:Polygon]"},"geometry":{"type":"Polygon","coordinates":[[[6.18357,35.63036],[6.18305,35.63041],[6.18264,35.63008],[6.18218,35.63002],[6.18195,35.63006],[6.18207,35.63024],[6.18184,35.63032],[6.18171,35.63008],[6.18215,35.62994],[6.182,35.62975],[6.18233,35.62963],[6.1824,35.62934],[6.18316,35.62955],[6.18311,35.62964],[6.18332,35.62994],[6.18376,35.63014],[6.18357,35.63036]]]}},{"type":"Feature","properties":{"Name":"Parcours [17:Polygon]"},"geometry":{"type":"Polygon","coordinates":[[[6.18439,35.63017],[6.18392,35.6311],[6.18339,35.63163],[6.18304,35.63103],[6.1832,35.63094],[6.18315,35.63081],[6.18346,35.63075],[6.18329,35.63102],[6.18358,35.63106],[6.18376,35.63068],[6.184,35.63001],[6.18372,35.62979],[6.18366,35.62951],[6.18413,35.62942],[6.18505,35.62775],[6.18511,35.62714],[6.18543,35.62705],[6.18561,35.62761],[6.18488,35.62835],[6.18491,35.62859],[6.18439,35.63017]]]}},{"type":"Feature","properties":{"Name":"Sans titre - Polygone"},"geometry":{"type":"Polygon","coordinates":[[[6.21326,35.63611],[6.21307,35.63666],[6.21266,35.63644],[6.21265,35.63621],[6.21284,35.63605],[6.21326,35.63611]]]}},{"type":"Feature","properties":{"Name":"Parcours [3:Polygon]"},"geometry":{"type":"Polygon","coordinates":[[[6.21695,35.63791],[6.21672,35.63841],[6.21619,35.63842],[6.21606,35.63865],[6.21581,35.63855],[6.21569,35.63835],[6.21493,35.63805],[6.2153,35.638],[6.21536,35.63787],[6.21695,35.63791]]]}},{"type":"Feature","properties":{"Name":"Sans titre - Polygone"},"geometry":{"type":"Polygon","coordinates":[[[6.22464,35.64206],[6.22353,35.64148],[6.22349,35.6414],[6.22425,35.64156],[6.22441,35.64178],[6.22477,35.64194],[6.22464,35.64206]]]}},{"type":"Feature","properties":{"Name":"Sans titre - Polygone"},"geometry":{"type":"Polygon","coordinates":[[[6.24192,35.62747],[6.2414,35.62761],[6.24137,35.62717],[6.2418,35.62697],[6.24192,35.62747]]]}},{"type":"Feature","properties":{"Name":"Sans titre - Polygone"},"geometry":{"type":"Polygon","coordinates":[[[6.24064,35.62931],[6.24063,35.62947],[6.24036,35.6297],[6.24004,35.62975],[6.23997,35.62939],[6.23976,35.62925],[6.2404,35.6292],[6.24064,35.62931]]]}},{"type":"Feature","properties":{"Name":"Parcours [15:Polygon]"},"geometry":{"type":"Polygon","coordinates":[[[6.23817,35.63347],[6.23767,35.63384],[6.23749,35.6338],[6.23762,35.63352],[6.23752,35.63343],[6.23771,35.63332],[6.23774,35.63309],[6.23743,35.63295],[6.23784,35.63259],[6.23813,35.63265],[6.23832,35.63293],[6.23825,35.63321],[6.23782,35.63315],[6.23814,35.63333],[6.23817,35.63347]]]}},{"type":"Feature","properties":{"Name":"Sans titre - Polygone"},"geometry":{"type":"Polygon","coordinates":[[[6.23478,35.6305],[6.23481,35.63091],[6.23439,35.63071],[6.23448,35.63067],[6.23442,35.63052],[6.23457,35.63043],[6.23463,35.63054],[6.23478,35.6305]]]}},{"type":"Feature","properties":{"Name":"Sans titre - Polygone"},"geometry":{"type":"Polygon","coordinates":[[[6.23369,35.62664],[6.23351,35.62682],[6.2332,35.62668],[6.23342,35.6264],[6.23369,35.62664]]]}},{"type":"Feature","properties":{"Name":"Parcours [1:Polygon]"},"geometry":{"type":"Polygon","coordinates":[[[6.22558,35.6304],[6.22481,35.63092],[6.22456,35.63046],[6.22537,35.63016],[6.22558,35.6304]]]}},{"type":"Feature","properties":{"Name":"Sans titre - Polygone"},"geometry":{"type":"Polygon","coordinates":[[[6.22847,35.62749],[6.22849,35.62768],[6.22818,35.62805],[6.22767,35.62831],[6.22715,35.62882],[6.22722,35.62837],[6.22765,35.62788],[6.22847,35.62749]]]}},{"type":"Feature","properties":{"Name":"Sans titre - Polygone"},"geometry":{"type":"Polygon","coordinates":[[[6.23216,35.62617],[6.23212,35.6267],[6.23162,35.62648],[6.23162,35.62618],[6.23175,35.626],[6.23186,35.62622],[6.23216,35.62617]]]}},{"type":"Feature","properties":{"Name":"Sans titre - Polygone"},"geometry":{"type":"Polygon","coordinates":[[[6.22963,35.62529],[6.22963,35.62554],[6.2293,35.62552],[6.22926,35.62529],[6.2289,35.62538],[6.22911,35.62497],[6.22932,35.62492],[6.22974,35.62505],[6.22946,35.62521],[6.22963,35.62529]]]}},{"type":"Feature","properties":{"Name":"Sans titre - Polygone"},"geometry":{"type":"Polygon","coordinates":[[[6.23088,35.62405],[6.2308,35.62438],[6.23037,35.6246],[6.23011,35.62457],[6.23037,35.62408],[6.23071,35.62392],[6.23088,35.62405]]]}},{"type":"Feature","properties":{"Name":"Sans titre - Polygone"},"geometry":{"type":"Polygon","coordinates":[[[6.23165,35.62226],[6.23204,35.62295],[6.23205,35.62326],[6.2318,35.6232],[6.2317,35.62288],[6.23159,35.62297],[6.23149,35.62289],[6.23165,35.62226]]]}},{"type":"Feature","properties":{"Name":"Sans titre - Polygone"},"geometry":{"type":"Polygon","coordinates":[[[6.23223,35.62369],[6.2329,35.62462],[6.23289,35.62476],[6.23263,35.62471],[6.23174,35.6241],[6.23181,35.62397],[6.23232,35.62405],[6.23229,35.62387],[6.23188,35.62379],[6.2319,35.6236],[6.23223,35.62369]]]}},{"type":"Feature","properties":{"Name":"Sans titre - Polygone"},"geometry":{"type":"Polygon","coordinates":[[[6.23274,35.62226],[6.23251,35.6224],[6.23243,35.62271],[6.23317,35.62335],[6.23317,35.62363],[6.2329,35.62406],[6.23253,35.62374],[6.23203,35.622],[6.23274,35.62226]]]}},{"type":"Feature","properties":{"Name":"Sans titre - Polygone"},"geometry":{"type":"Polygon","coordinates":[[[6.22066,35.61432],[6.22031,35.61463],[6.21999,35.61447],[6.22023,35.61426],[6.22022,35.61405],[6.22066,35.61432]]]}},{"type":"Feature","properties":{"Name":"Sans titre - Polygone"},"geometry":{"type":"Polygon","coordinates":[[[6.21822,35.61287],[6.218,35.61289],[6.21793,35.61259],[6.21828,35.6127],[6.21822,35.61287]]]}},{"type":"Feature","properties":{"Name":"Sans titre - Polygone"},"geometry":{"type":"Polygon","coordinates":[[[6.21786,35.61122],[6.2176,35.61156],[6.21714,35.6117],[6.21726,35.61156],[6.21704,35.61139],[6.21749,35.61101],[6.21786,35.61122]]]}},{"type":"Feature","properties":{"Name":"Sans titre - Polygone"},"geometry":{"type":"Polygon","coordinates":[[[6.20753,35.60916],[6.20731,35.60942],[6.20702,35.60946],[6.2067,35.60897],[6.20693,35.6088],[6.20732,35.60894],[6.20753,35.60916]]]}},{"type":"Feature","properties":{"Name":"Sans titre - Polygone"},"geometry":{"type":"Polygon","coordinates":[[[6.1964,35.59163],[6.196,35.59159],[6.19594,35.59143],[6.19641,35.59133],[6.19654,35.59143],[6.1964,35.59163]]]}},{"type":"Feature","properties":{"Name":"Sans titre - Polygone"},"geometry":{"type":"Polygon","coordinates":[[[6.18966,35.58988],[6.18808,35.58973],[6.18793,35.58937],[6.18804,35.58897],[6.18821,35.58889],[6.18842,35.58914],[6.18896,35.58905],[6.1899,35.58976],[6.18966,35.58988]]]}},{"type":"Feature","properties":{"Name":"Sans titre - Polygone"},"geometry":{"type":"Polygon","coordinates":[[[6.18785,35.58818],[6.18772,35.58846],[6.18686,35.58818],[6.18745,35.58767],[6.18785,35.58818]]]}},{"type":"Feature","properties":{"Name":"Sans titre - Polygone"},"geometry":{"type":"Polygon","coordinates":[[[6.18634,35.58843],[6.18549,35.58911],[6.18515,35.58914],[6.18462,35.5888],[6.18501,35.588],[6.18546,35.5881],[6.1856,35.58841],[6.18577,35.5882],[6.18631,35.58803],[6.18634,35.58843]]]}},{"type":"Feature","properties":{"Name":"Sans titre - Polygone"},"geometry":{"type":"Polygon","coordinates":[[[6.18509,35.58614],[6.18444,35.58649],[6.18414,35.58641],[6.18427,35.58603],[6.18497,35.58599],[6.18509,35.58614]]]}},{"type":"Feature","properties":{"Name":"Sans titre - Polygone"},"geometry":{"type":"Polygon","coordinates":[[[6.18242,35.58693],[6.18241,35.58743],[6.18226,35.58755],[6.18241,35.58778],[6.18148,35.58745],[6.1815,35.58729],[6.18167,35.58718],[6.1818,35.58723],[6.1821,35.58696],[6.18236,35.58705],[6.18242,35.58693]]]}},{"type":"Feature","properties":{"Name":"Sans titre - Polygone"},"geometry":{"type":"Polygon","coordinates":[[[6.17263,35.58391],[6.17227,35.58431],[6.17205,35.58425],[6.17193,35.58407],[6.17205,35.58364],[6.17227,35.58354],[6.17232,35.58372],[6.17263,35.58391]]]}},{"type":"Feature","properties":{"Name":"Sans titre - Polygone"},"geometry":{"type":"Polygon","coordinates":[[[6.18063,35.58427],[6.18116,35.58497],[6.1812,35.58527],[6.18074,35.58497],[6.18038,35.58499],[6.17887,35.5839],[6.17904,35.58381],[6.17944,35.58397],[6.17942,35.58378],[6.17959,35.58366],[6.17994,35.58368],[6.17983,35.58346],[6.18001,35.58339],[6.18037,35.58355],[6.1806,35.58341],[6.18069,35.58348],[6.18057,35.58369],[6.18081,35.5839],[6.18092,35.58426],[6.18071,35.58414],[6.18063,35.58427]]]}},{"type":"Feature","properties":{"Name":"Sans titre - Polygone"},"geometry":{"type":"Polygon","coordinates":[[[6.18921,35.5833],[6.18878,35.58376],[6.18818,35.58479],[6.1868,35.58537],[6.18637,35.58575],[6.18622,35.58609],[6.1855,35.58611],[6.18609,35.58556],[6.18598,35.58505],[6.18613,35.58474],[6.18652,35.58448],[6.18788,35.58425],[6.18811,35.58377],[6.18859,35.58344],[6.18921,35.5833]]]}},{"type":"Feature","properties":{"Name":"Sans titre - Polygone"},"geometry":{"type":"Polygon","coordinates":[[[6.15809,35.59117],[6.1578,35.59143],[6.15762,35.59126],[6.15793,35.59096],[6.15809,35.59117]]]}},{"type":"Feature","properties":{"Name":"Sans titre - Polygone"},"geometry":{"type":"Polygon","coordinates":[[[6.14461,35.58747],[6.14447,35.58774],[6.14419,35.58776],[6.14375,35.58819],[6.14358,35.58812],[6.14386,35.58749],[6.1438,35.58737],[6.14357,35.58735],[6.14373,35.58707],[6.14402,35.58718],[6.144,35.58757],[6.14438,35.58745],[6.1442,35.5873],[6.14456,35.58726],[6.14461,35.58747]]]}},{"type":"Feature","properties":{"Name":"Sans titre - Polygone"},"geometry":{"type":"Polygon","coordinates":[[[6.14027,35.58729],[6.14014,35.58715],[6.14026,35.58695],[6.14032,35.58716],[6.14027,35.58729]]]}},{"type":"Feature","properties":{"Name":"Sans titre - Polygone"},"geometry":{"type":"Polygon","coordinates":[[[6.13802,35.59159],[6.13791,35.59148],[6.13774,35.59155],[6.13788,35.59131],[6.13821,35.59118],[6.13825,35.59143],[6.13802,35.59159]]]}},{"type":"Feature","properties":{"Name":"Sans titre - Polygone"},"geometry":{"type":"Polygon","coordinates":[[[6.13598,35.59197],[6.13558,35.59174],[6.13579,35.5915],[6.13605,35.59174],[6.13598,35.59197]]]}},{"type":"Feature","properties":{"Name":"Sans titre - Polygone"},"geometry":{"type":"Polygon","coordinates":[[[6.13177,35.5873],[6.13226,35.58751],[6.13201,35.58786],[6.13168,35.58779],[6.13183,35.58748],[6.13172,35.58745],[6.13177,35.5873]]]}},{"type":"Feature","properties":{"Name":"Sans titre - Polygone"},"geometry":{"type":"Polygon","coordinates":[[[6.13228,35.58895],[6.13225,35.58879],[6.13204,35.58874],[6.13228,35.58867],[6.13242,35.58885],[6.13228,35.58895]]]}},{"type":"Feature","properties":{"Name":"Sans titre - Polygone"},"geometry":{"type":"Polygon","coordinates":[[[6.09706,35.60094],[6.09692,35.60119],[6.0968,35.60115],[6.09691,35.60091],[6.09706,35.60094]]]}},{"type":"Feature","properties":{"Name":"Sans titre - Polygone"},"geometry":{"type":"Polygon","coordinates":[[[6.11698,35.58174],[6.11603,35.58222],[6.11536,35.58216],[6.11524,35.58202],[6.1153,35.58182],[6.116,35.5818],[6.11632,35.58158],[6.11685,35.5816],[6.11698,35.58174]]]}},{"type":"Feature","properties":{"Name":"Sans titre - Polygone"},"geometry":{"type":"Polygon","coordinates":[[[6.11073,35.5789],[6.11037,35.57928],[6.11002,35.57941],[6.10991,35.57928],[6.11003,35.57906],[6.11063,35.57884],[6.11073,35.5789]]]}},{"type":"Feature","properties":{"Name":"Sans titre - Polygone"},"geometry":{"type":"Polygon","coordinates":[[[6.11196,35.57447],[6.1116,35.57447],[6.11086,35.57415],[6.11143,35.57411],[6.11196,35.57447]]]}},{"type":"Feature","properties":{"Name":"Sans titre - Polygone"},"geometry":{"type":"Polygon","coordinates":[[[6.11755,35.57533],[6.11489,35.57562],[6.11357,35.57535],[6.11345,35.5751],[6.1132,35.57501],[6.11326,35.57487],[6.11349,35.57505],[6.11368,35.575],[6.11497,35.57533],[6.11566,35.57515],[6.11679,35.57514],[6.11681,35.57525],[6.11762,35.57522],[6.11755,35.57533]]]}},{"type":"Feature","properties":{"Name":"Sans titre - Polygone"},"geometry":{"type":"Polygon","coordinates":[[[6.11725,35.56132],[6.1175,35.56169],[6.11723,35.56199],[6.11698,35.56197],[6.11703,35.56175],[6.11681,35.5617],[6.11676,35.56148],[6.11699,35.56118],[6.1172,35.56148],[6.11725,35.56132]]]}},{"type":"Feature","properties":{"Name":"Sans titre - Polygone"},"geometry":{"type":"Polygon","coordinates":[[[6.11413,35.56866],[6.11342,35.56871],[6.11305,35.56854],[6.11308,35.56872],[6.11265,35.56885],[6.11247,35.56884],[6.11242,35.56872],[6.11317,35.56821],[6.1136,35.56808],[6.11385,35.56812],[6.11422,35.56845],[6.11413,35.56866]]]}},{"type":"Feature","properties":{"Name":"Sans titre - Polygone"},"geometry":{"type":"Polygon","coordinates":[[[6.11269,35.56786],[6.11249,35.56821],[6.11207,35.56818],[6.11175,35.56783],[6.11179,35.56767],[6.11203,35.56763],[6.1121,35.56778],[6.11245,35.56768],[6.11269,35.56786]]]}},{"type":"Feature","properties":{"Name":"Sans titre - Polygone"},"geometry":{"type":"Polygon","coordinates":[[[6.10292,35.56146],[6.10262,35.56155],[6.10243,35.56137],[6.10242,35.56114],[6.10272,35.56123],[6.10292,35.56146]]]}},{"type":"Feature","properties":{"Name":"Sans titre - Polygone"},"geometry":{"type":"Polygon","coordinates":[[[6.11057,35.56639],[6.11113,35.56661],[6.1111,35.56684],[6.11074,35.56683],[6.11045,35.56665],[6.11057,35.56639]]]}},{"type":"Feature","properties":{"Name":"Sans titre - Polygone"},"geometry":{"type":"Polygon","coordinates":[[[6.10352,35.55528],[6.10403,35.55544],[6.10391,35.55558],[6.10399,35.55582],[6.10371,35.55636],[6.1034,35.55642],[6.10304,35.55628],[6.10331,35.55571],[6.10327,35.55551],[6.10352,35.55528]]]}},{"type":"Feature","properties":{"Name":"Alfa"},"geometry":{"type":"Polygon","coordinates":[[[6.09172,35.54956],[6.0874,35.5477],[6.08729,35.54751],[6.08733,35.54722],[6.08767,35.54709],[6.08806,35.5472],[6.09185,35.54952],[6.09172,35.54956]]]}},{"type":"Feature","properties":{"Name":"Sans titre - Polygone"},"geometry":{"type":"Polygon","coordinates":[[[6.08213,35.55006],[6.08301,35.55113],[6.08425,35.55232],[6.08623,35.55366],[6.0863,35.55381],[6.08554,35.5535],[6.0861,35.55427],[6.08652,35.55443],[6.08694,35.55493],[6.0872,35.55556],[6.08768,35.5557],[6.08816,35.55647],[6.08867,35.55699],[6.0889,35.55759],[6.08887,35.55797],[6.08763,35.55815],[6.08578,35.55476],[6.08584,35.55419],[6.08477,35.55368],[6.08455,35.5531],[6.08374,35.55237],[6.08338,35.55171],[6.08261,35.55106],[6.08213,35.55006]]]}},{"type":"Feature","properties":{"Name":"Sans titre - armoise"},"geometry":{"type":"Polygon","coordinates":[[[6.08888,35.55797],[6.08955,35.55855],[6.08957,35.55874],[6.08926,35.55865],[6.08909,35.55887],[6.08923,35.559],[6.0898,35.55925],[6.09056,35.55915],[6.09064,35.55926],[6.09043,35.55954],[6.09056,35.55968],[6.09137,35.55938],[6.09168,35.55953],[6.0908,35.56013],[6.09196,35.56032],[6.09146,35.56039],[6.09145,35.56053],[6.09076,35.56075],[6.0907,35.56046],[6.09051,35.5604],[6.09002,35.56064],[6.08988,35.56051],[6.08988,35.56028],[6.08975,35.56024],[6.08904,35.56065],[6.08809,35.56087],[6.08845,35.5607],[6.08901,35.56005],[6.0883,35.55964],[6.08801,35.55889],[6.08751,35.55819],[6.08888,35.55797]]]}},{"type":"Feature","properties":{"Name":"Sans titre - Polygone"},"geometry":{"type":"Polygon","coordinates":[[[6.09454,35.56768],[6.09505,35.56791],[6.09515,35.56811],[6.09509,35.56881],[6.09486,35.56903],[6.09469,35.56891],[6.09482,35.56838],[6.09435,35.5679],[6.09454,35.56768]]]}},{"type":"Feature","properties":{"Name":"Sans titre - Polygone"},"geometry":{"type":"Polygon","coordinates":[[[6.09065,35.56692],[6.09032,35.56718],[6.08954,35.5668],[6.08937,35.5665],[6.08947,35.56629],[6.08988,35.56655],[6.09028,35.56656],[6.09065,35.56692]]]}},{"type":"Feature","properties":{"Name":"Sans titre - Polygone"},"geometry":{"type":"Polygon","coordinates":[[[6.07418,35.57165],[6.07394,35.5714],[6.07419,35.57113],[6.07484,35.57113],[6.07524,35.57137],[6.07529,35.57152],[6.07487,35.57156],[6.07484,35.57174],[6.07418,35.57165]]]}},{"type":"Feature","properties":{"Name":"Sans titre - Polygone"},"geometry":{"type":"Polygon","coordinates":[[[6.05969,35.53203],[6.05828,35.53237],[6.05759,35.53235],[6.05728,35.53176],[6.05734,35.53156],[6.05751,35.53148],[6.0585,35.53185],[6.05924,35.53187],[6.05969,35.53203]]]}},{"type":"Feature","properties":{"Name":"Sans titre - Polygone"},"geometry":{"type":"Polygon","coordinates":[[[6.04368,35.52969],[6.04411,35.53003],[6.0442,35.53022],[6.04342,35.53012],[6.04368,35.52969]]]}},{"type":"Feature","properties":{"Name":"Sans titre - Polygone"},"geometry":{"type":"Polygon","coordinates":[[[6.04349,35.52618],[6.04386,35.52643],[6.04391,35.52656],[6.04365,35.52659],[6.04342,35.52635],[6.04349,35.52618]]]}},{"type":"Feature","properties":{"Name":"Sans titre - Polygone"},"geometry":{"type":"Polygon","coordinates":[[[6.04431,35.52604],[6.04438,35.52624],[6.04425,35.52636],[6.04391,35.52596],[6.04431,35.52604]]]}},{"type":"Feature","properties":{"Name":"Sans titre - Polygone"},"geometry":{"type":"Polygon","coordinates":[[[6.04492,35.52333],[6.04502,35.52355],[6.04437,35.52383],[6.04415,35.52404],[6.04416,35.52419],[6.04388,35.52418],[6.04369,35.52399],[6.04369,35.52382],[6.04397,35.52346],[6.04438,35.5235],[6.04492,35.52333]]]}},{"type":"Feature","properties":{"Name":"Sans titre - Polygone"},"geometry":{"type":"Polygon","coordinates":[[[6.04374,35.52311],[6.04289,35.52304],[6.04274,35.52287],[6.04303,35.5227],[6.04356,35.52262],[6.04385,35.52289],[6.04374,35.52311]]]}},{"type":"Feature","properties":{"Name":"Sans titre - Polygone"},"geometry":{"type":"Polygon","coordinates":[[[6.0421,35.52316],[6.04272,35.52331],[6.04288,35.52345],[6.0426,35.52356],[6.04212,35.52333],[6.0421,35.52316]]]}},{"type":"Feature","properties":{"Name":"Sans titre - Polygone"},"geometry":{"type":"Polygon","coordinates":[[[6.04337,35.52457],[6.0432,35.52502],[6.04292,35.52526],[6.04268,35.52531],[6.04244,35.52513],[6.04242,35.52489],[6.04264,35.5245],[6.04307,35.52433],[6.04337,35.52457]]]}},{"type":"Feature","properties":{"Name":"Sans titre - Polygone"},"geometry":{"type":"Polygon","coordinates":[[[6.04311,35.52533],[6.04313,35.5257],[6.04285,35.52623],[6.04267,35.52616],[6.0423,35.52634],[6.04236,35.5257],[6.04269,35.52544],[6.04311,35.52533]]]}},{"type":"Feature","properties":{"Name":"Sans titre - Polygone"},"geometry":{"type":"Polygon","coordinates":[[[6.04173,35.52937],[6.04221,35.52983],[6.0422,35.5299],[6.04168,35.52982],[6.04153,35.52966],[6.04173,35.52937]]]}},{"type":"Feature","properties":{"Name":"Sans titre - Polygone"},"geometry":{"type":"Polygon","coordinates":[[[6.04202,35.5279],[6.04174,35.52858],[6.04183,35.5289],[6.04135,35.52912],[6.041,35.52856],[6.0416,35.52788],[6.04194,35.52778],[6.04202,35.5279]]]}},{"type":"Feature","properties":{"Name":"Sans titre - Polygone"},"geometry":{"type":"Polygon","coordinates":[[[6.03821,35.52784],[6.03777,35.5281],[6.03752,35.52792],[6.03798,35.52776],[6.03821,35.52784]]]}},{"type":"Feature","properties":{"Name":"Sans titre - Polygone"},"geometry":{"type":"Polygon","coordinates":[[[6.03683,35.52776],[6.03663,35.52788],[6.03646,35.52772],[6.03678,35.52769],[6.03683,35.52776]]]}},{"type":"Feature","properties":{"Name":"Sans titre - Polygone"},"geometry":{"type":"Polygon","coordinates":[[[6.03487,35.5273],[6.03496,35.52754],[6.0345,35.52743],[6.03428,35.52718],[6.03487,35.5273]]]}},{"type":"Feature","properties":{"Name":"Sans titre - Polygone"},"geometry":{"type":"Polygon","coordinates":[[[6.03185,35.52621],[6.03212,35.52676],[6.03204,35.52682],[6.03175,35.5268],[6.0314,35.52642],[6.0316,35.52613],[6.03185,35.52621]]]}},{"type":"Feature","properties":{"Name":"Sans titre - Polygone"},"geometry":{"type":"Polygon","coordinates":[[[6.03259,35.51921],[6.03279,35.51954],[6.03283,35.51982],[6.03225,35.51935],[6.03226,35.51923],[6.03259,35.51921]]]}},{"type":"Feature","properties":{"Name":"Sans titre - Polygone"},"geometry":{"type":"Polygon","coordinates":[[[6.03527,35.52258],[6.03543,35.52306],[6.03538,35.52334],[6.03509,35.5235],[6.03463,35.52309],[6.03499,35.52292],[6.03474,35.52264],[6.03479,35.52246],[6.03527,35.52258]]]}},{"type":"Feature","properties":{"Name":"Sans titre - Polygone"},"geometry":{"type":"Polygon","coordinates":[[[6.02189,35.51941],[6.02211,35.51963],[6.02211,35.51978],[6.02163,35.51943],[6.02189,35.51941]]]}},{"type":"Feature","properties":{"Name":"Sans titre - Polygone"},"geometry":{"type":"Polygon","coordinates":[[[6.02137,35.51882],[6.02159,35.519],[6.02161,35.51914],[6.02116,35.51907],[6.02108,35.51886],[6.02137,35.51882]]]}},{"type":"Feature","properties":{"Name":"Sans titre - Polygone"},"geometry":{"type":"Polygon","coordinates":[[[6.01998,35.52209],[6.01922,35.52213],[6.01916,35.52205],[6.01922,35.5218],[6.01937,35.52176],[6.01998,35.52209]]]}},{"type":"Feature","properties":{"Name":"Sans titre - Polygone"},"geometry":{"type":"Polygon","coordinates":[[[6.01698,35.52025],[6.01689,35.52041],[6.01638,35.52045],[6.01618,35.5201],[6.01669,35.51998],[6.01698,35.52025]]]}},{"type":"Feature","properties":{"Name":"Sans titre - Polygone"},"geometry":{"type":"Polygon","coordinates":[[[6.01783,35.52093],[6.01834,35.52133],[6.01776,35.5213],[6.0175,35.5211],[6.01778,35.5211],[6.01783,35.52093]]]}},{"type":"Feature","properties":{"Name":"Sans titre - Polygone"},"geometry":{"type":"Polygon","coordinates":[[[6.01407,35.5237],[6.01416,35.52404],[6.01393,35.52418],[6.01394,35.52452],[6.01377,35.52472],[6.01358,35.52471],[6.01348,35.52447],[6.01358,35.52421],[6.01351,35.52382],[6.01381,35.52366],[6.01407,35.5237]]]}},{"type":"Feature","properties":{"Name":"Sans titre - Polygone"},"geometry":{"type":"Polygon","coordinates":[[[6.02271,35.54581],[6.02222,35.54603],[6.02204,35.54577],[6.02252,35.54574],[6.02271,35.54581]]]}},{"type":"Feature","properties":{"Name":"Sans titre - Polygone"},"geometry":{"type":"Polygon","coordinates":[[[6.02027,35.54609],[6.02021,35.54631],[6.02033,35.54649],[6.02014,35.54669],[6.01991,35.54628],[6.02008,35.5461],[6.02027,35.54609]]]}},{"type":"Feature","properties":{"Name":"Sans titre - Polygone"},"geometry":{"type":"Polygon","coordinates":[[[6.02168,35.54565],[6.02182,35.54596],[6.02116,35.54583],[6.02105,35.54559],[6.02136,35.54551],[6.02168,35.54565]]]}},{"type":"Feature","properties":{"Name":"Sans titre - Polygone"},"geometry":{"type":"Polygon","coordinates":[[[6.02003,35.54477],[6.02078,35.5449],[6.02101,35.54518],[6.02039,35.54516],[6.02011,35.54498],[6.02003,35.54477]]]}},{"type":"Feature","properties":{"Name":"Sans titre - Polygone"},"geometry":{"type":"Polygon","coordinates":[[[6.01937,35.54538],[6.01952,35.54552],[6.01954,35.54557],[6.01929,35.54555],[6.01937,35.54538]]]}},{"type":"Feature","properties":{"Name":"Sans titre - Polygone"},"geometry":{"type":"Polygon","coordinates":[[[6.01893,35.54467],[6.01916,35.54493],[6.0191,35.54508],[6.01877,35.54472],[6.01893,35.54467]]]}},{"type":"Feature","properties":{"Name":"Sans titre - Polygone"},"geometry":{"type":"Polygon","coordinates":[[[6.01876,35.54376],[6.0196,35.54439],[6.01956,35.54443],[6.019,35.54426],[6.01876,35.54376]]]}},{"type":"Feature","properties":{"Name":"Sans titre - Polygone"},"geometry":{"type":"Polygon","coordinates":[[[6.01728,35.54276],[6.01779,35.54377],[6.01828,35.54403],[6.01843,35.54425],[6.01716,35.5435],[6.01643,35.54265],[6.01662,35.54256],[6.01728,35.54276]]]}},{"type":"Feature","properties":{"Name":"Sans titre - Polygone"},"geometry":{"type":"Polygon","coordinates":[[[6.0141,35.54812],[6.01395,35.54852],[6.01344,35.54836],[6.01367,35.54809],[6.01394,35.54802],[6.0141,35.54812]]]}},{"type":"Feature","properties":{"Name":"Sans titre - Polygone"},"geometry":{"type":"Polygon","coordinates":[[[6.01705,35.53506],[6.01704,35.53521],[6.01667,35.53519],[6.0166,35.53499],[6.01675,35.53492],[6.01705,35.53506]]]}},{"type":"Feature","properties":{"Name":"Sans titre - Polygone"},"geometry":{"type":"Polygon","coordinates":[[[6.01687,35.53557],[6.01716,35.5359],[6.01681,35.53592],[6.01655,35.53566],[6.01629,35.53575],[6.01592,35.53542],[6.01622,35.53518],[6.01646,35.53528],[6.0166,35.53552],[6.01687,35.53557]]]}},{"type":"Feature","properties":{"Name":"Sans titre - Polygone"},"geometry":{"type":"Polygon","coordinates":[[[6.01744,35.53558],[6.01753,35.5359],[6.0175,35.53591],[6.01721,35.53563],[6.01744,35.53558]]]}},{"type":"Feature","properties":{"Name":"Sans titre - Polygone"},"geometry":{"type":"Polygon","coordinates":[[[6.01823,35.5352],[6.01834,35.53564],[6.01793,35.53583],[6.01775,35.53526],[6.01823,35.5352]]]}},{"type":"Feature","properties":{"Name":"Sans titre - Polygone"},"geometry":{"type":"Polygon","coordinates":[[[6.01956,35.53358],[6.01982,35.53406],[6.01961,35.53429],[6.01936,35.5337],[6.01956,35.53358]]]}},{"type":"Feature","properties":{"Name":"Sans titre - Polygone"},"geometry":{"type":"Polygon","coordinates":[[[6.06318,35.55063],[6.06335,35.55115],[6.06414,35.55176],[6.06398,35.55236],[6.06354,35.5525],[6.06228,35.55161],[6.06251,35.55097],[6.06318,35.55063]]]}},{"type":"Feature","properties":{"Name":"Sans titre - Polygone"},"geometry":{"type":"Polygon","coordinates":[[[6.05292,35.58001],[6.05285,35.58019],[6.0522,35.58021],[6.05198,35.58009],[6.05236,35.57997],[6.05292,35.58001]]]}},{"type":"Feature","properties":{"Name":"Sans titre - Polygone"},"geometry":{"type":"Polygon","coordinates":[[[6.07854,35.58497],[6.07904,35.58487],[6.07893,35.58493],[6.07904,35.58538],[6.07854,35.58497]]]}},{"type":"Feature","properties":{"Name":"Sans titre - Polygone"},"geometry":{"type":"Polygon","coordinates":[[[6.08103,35.58189],[6.08145,35.58204],[6.08133,35.58242],[6.08108,35.58249],[6.08076,35.58228],[6.08081,35.58197],[6.08103,35.58189]]]}},{"type":"Feature","properties":{"Name":"Sans titre - Polygone"},"geometry":{"type":"Polygon","coordinates":[[[6.07781,35.58363],[6.07848,35.58384],[6.07868,35.58418],[6.07851,35.58416],[6.07825,35.58437],[6.0778,35.58376],[6.07781,35.58363]]]}},{"type":"Feature","properties":{"Name":"Sans titre - Polygone"},"geometry":{"type":"Polygon","coordinates":[[[6.08711,35.59399],[6.0871,35.59412],[6.08692,35.59416],[6.08655,35.59392],[6.08682,35.59381],[6.08711,35.59399]]]}},{"type":"Feature","properties":{"Name":"Parcours [5:Polygon]"},"geometry":{"type":"Polygon","coordinates":[[[6.09742,35.60277],[6.09719,35.60278],[6.09714,35.60243],[6.09728,35.60215],[6.0974,35.60215],[6.09766,35.60246],[6.09742,35.60277]]]}},{"type":"Feature","properties":{"Name":"Parcours [6:Polygon]"},"geometry":{"type":"Polygon","coordinates":[[[6.09811,35.60089],[6.09783,35.6012],[6.0977,35.60103],[6.09769,35.6008],[6.09788,35.60065],[6.09811,35.60089]]]}},{"type":"Feature","properties":{"Name":"Sans titre - Polygone"},"geometry":{"type":"Polygon","coordinates":[[[6.10832,35.60532],[6.10811,35.60525],[6.10828,35.60495],[6.10834,35.60504],[6.10832,35.60532]]]}},{"type":"Feature","properties":{"Name":"Sans titre - Polygone"},"geometry":{"type":"Polygon","coordinates":[[[6.11081,35.60466],[6.1106,35.60462],[6.1106,35.60434],[6.11084,35.60455],[6.11081,35.60466]]]}},{"type":"Feature","properties":{"Name":"Sans titre - Polygone"},"geometry":{"type":"Polygon","coordinates":[[[6.11285,35.60537],[6.11257,35.60546],[6.11259,35.60513],[6.11286,35.60515],[6.11285,35.60537]]]}},{"type":"Feature","properties":{"Name":"Sans titre - Polygone"},"geometry":{"type":"Polygon","coordinates":[[[6.11188,35.60677],[6.11098,35.60669],[6.11102,35.60634],[6.11056,35.60623],[6.11018,35.60585],[6.11048,35.60578],[6.11094,35.60614],[6.11201,35.60621],[6.112,35.60667],[6.11188,35.60677]]]}},{"type":"Feature","properties":{"Name":"Sans titre - Polygone"},"geometry":{"type":"Polygon","coordinates":[[[6.11583,35.60833],[6.11565,35.60865],[6.11511,35.60866],[6.11501,35.60855],[6.11506,35.60822],[6.11544,35.60792],[6.11575,35.60799],[6.11583,35.60833]]]}},{"type":"Feature","properties":{"Name":"Sans titre - Polygone"},"geometry":{"type":"Polygon","coordinates":[[[6.11354,35.60892],[6.11329,35.609],[6.11305,35.6089],[6.11347,35.60881],[6.11329,35.60858],[6.11352,35.60851],[6.11369,35.60866],[6.11354,35.60892]]]}},{"type":"Feature","properties":{"Name":"Sans titre - Polygone [107:Polygon]"},"geometry":{"type":"Polygon","coordinates":[[[6.11863,35.60862],[6.11846,35.60916],[6.11806,35.60939],[6.11761,35.60924],[6.11777,35.60909],[6.11762,35.60885],[6.11797,35.60858],[6.11838,35.60854],[6.11863,35.60862]]]}},{"type":"Feature","properties":{"Name":"Sans titre - Polygone [108:Polygon]"},"geometry":{"type":"Polygon","coordinates":[[[6.11981,35.60723],[6.11924,35.60751],[6.11886,35.60712],[6.11884,35.60684],[6.11907,35.60671],[6.11938,35.60676],[6.1196,35.60705],[6.11981,35.60709],[6.11981,35.60723]]]}},{"type":"Feature","properties":{"Name":"Sans titre - Polygone [109:Polygon]"},"geometry":{"type":"Polygon","coordinates":[[[6.12324,35.60756],[6.12281,35.60817],[6.12229,35.60834],[6.1222,35.60808],[6.122,35.60803],[6.12182,35.60755],[6.12212,35.60746],[6.12239,35.60769],[6.12307,35.60725],[6.12324,35.60756]]]}},{"type":"Feature","properties":{"Name":"Sans titre - Polygone [110:Polygon]"},"geometry":{"type":"Polygon","coordinates":[[[6.12159,35.6084],[6.1212,35.60852],[6.12109,35.60834],[6.12146,35.60828],[6.12151,35.60811],[6.12169,35.60806],[6.12175,35.60816],[6.12159,35.6084]]]}},{"type":"Feature","properties":{"Name":"Sans titre - Polygone [112:Polygon]"},"geometry":{"type":"Polygon","coordinates":[[[6.12305,35.60995],[6.12324,35.61041],[6.12259,35.61025],[6.12262,35.61011],[6.12285,35.61014],[6.12305,35.60995]]]}},{"type":"Feature","properties":{"Name":"Sans titre - Polygone [111:Polygon]"},"geometry":{"type":"Polygon","coordinates":[[[6.12416,35.6096],[6.12403,35.60999],[6.12362,35.61021],[6.12347,35.61017],[6.12416,35.6096]]]}},{"type":"Feature","properties":{"Name":"Sans titre - Polygone [113:Polygon]"},"geometry":{"type":"Polygon","coordinates":[[[6.12591,35.60983],[6.12555,35.61],[6.1255,35.6103],[6.12532,35.61039],[6.12541,35.61001],[6.12509,35.60984],[6.12526,35.6097],[6.12544,35.60976],[6.12564,35.60956],[6.12578,35.60976],[6.12591,35.60929],[6.12591,35.60983]]]}},{"type":"Feature","properties":{"Name":"Sans titre - Polygone [74:Polygon]"},"geometry":{"type":"Polygon","coordinates":[[[6.12973,35.61074],[6.12944,35.6109],[6.12922,35.61054],[6.12949,35.61034],[6.12959,35.61054],[6.12977,35.61058],[6.12973,35.61074]]]}},{"type":"Feature","properties":{"Name":"Sans titre - Polygone [101:Polygon]"},"geometry":{"type":"Polygon","coordinates":[[[6.13006,35.60945],[6.12976,35.60945],[6.1296,35.6093],[6.12999,35.60923],[6.13006,35.60945]]]}},{"type":"Feature","properties":{"Name":"Sans titre - Polygone [100:Polygon]"},"geometry":{"type":"Polygon","coordinates":[[[6.13058,35.60937],[6.13097,35.60938],[6.13078,35.6097],[6.13058,35.60937]]]}},{"type":"Feature","properties":{"Name":"Sans titre - Polygone [99:Polygon]"},"geometry":{"type":"Polygon","coordinates":[[[6.13186,35.60919],[6.13194,35.6096],[6.13166,35.60958],[6.13186,35.60919]]]}},{"type":"Feature","properties":{"Name":"Sans titre - Polygone [98:Polygon]"},"geometry":{"type":"Polygon","coordinates":[[[6.1323,35.60979],[6.13206,35.60973],[6.13226,35.60948],[6.13236,35.60956],[6.1323,35.60979]]]}},{"type":"Feature","properties":{"Name":"Pelouse"},"geometry":{"type":"Polygon","coordinates":[[[6.13197,35.60562],[6.13218,35.60559],[6.13202,35.60606],[6.13218,35.60669],[6.13202,35.60705],[6.13148,35.60708],[6.13079,35.6068],[6.13083,35.60644],[6.13132,35.60632],[6.13143,35.60614],[6.13166,35.60621],[6.13197,35.60562]]]}},{"type":"Feature","properties":{"Name":"Sans titre - Polygone [75:Polygon]"},"geometry":{"type":"Polygon","coordinates":[[[6.13342,35.60878],[6.13299,35.60912],[6.13282,35.60901],[6.13272,35.60852],[6.13295,35.60843],[6.13336,35.60863],[6.13342,35.60878]]]}},{"type":"Feature","properties":{"Name":"Sans titre - Polygone [73:Polygon]"},"geometry":{"type":"Polygon","coordinates":[[[6.12871,35.61022],[6.12832,35.61027],[6.12839,35.6098],[6.1288,35.60999],[6.12871,35.61022]]]}},{"type":"Feature","properties":{"Name":"Sans titre - Polygone [72:Polygon]"},"geometry":{"type":"Polygon","coordinates":[[[6.12724,35.61045],[6.12716,35.6108],[6.12681,35.61091],[6.12672,35.61043],[6.12703,35.61024],[6.12715,35.60992],[6.12766,35.60981],[6.12772,35.60998],[6.12724,35.61045]]]}},{"type":"Feature","properties":{"Name":"Sans titre - Polygone [71:Polygon]"},"geometry":{"type":"Polygon","coordinates":[[[6.12674,35.61279],[6.1265,35.61294],[6.12644,35.61286],[6.12647,35.61262],[6.12669,35.61238],[6.12674,35.61279]]]}},{"type":"Feature","properties":{"Name":"Sans titre - Polygone [97:Polygon]"},"geometry":{"type":"Polygon","coordinates":[[[6.13283,35.6111],[6.13253,35.61106],[6.13239,35.61086],[6.13275,35.61081],[6.13283,35.6111]]]}},{"type":"Feature","properties":{"Name":"Sans titre - Polygone [70:Polygon]"},"geometry":{"type":"Polygon","coordinates":[[[6.12771,35.61183],[6.12764,35.61224],[6.12744,35.61227],[6.12752,35.61244],[6.12737,35.61277],[6.1271,35.61303],[6.12698,35.61299],[6.12684,35.61262],[6.12714,35.61211],[6.12771,35.61183]]]}},{"type":"Feature","properties":{"Name":"Sans titre - Polygone [69:Polygon]"},"geometry":{"type":"Polygon","coordinates":[[[6.13334,35.61496],[6.13269,35.61497],[6.13253,35.61475],[6.13304,35.61483],[6.13257,35.61459],[6.13285,35.61438],[6.13308,35.61446],[6.13355,35.61497],[6.13343,35.61507],[6.13334,35.61496]]]}},{"type":"Feature","properties":{"Name":"Sans titre - Polygone [66:Polygon]"},"geometry":{"type":"Polygon","coordinates":[[[6.1316,35.61677],[6.13136,35.61706],[6.13123,35.61708],[6.13119,35.61676],[6.1316,35.61677]]]}},{"type":"Feature","properties":{"Name":"Sans titre - Polygone [67:Polygon]"},"geometry":{"type":"Polygon","coordinates":[[[6.133,35.6173],[6.13263,35.61735],[6.13246,35.61705],[6.13227,35.61729],[6.13201,35.61704],[6.13182,35.61703],[6.13185,35.61674],[6.13201,35.61665],[6.13203,35.61647],[6.13238,35.61643],[6.13246,35.61665],[6.13267,35.61676],[6.13267,35.61698],[6.13302,35.61707],[6.133,35.6173]]]}},{"type":"Feature","properties":{"Name":"Sans titre - Polygone [102:Polygon]"},"geometry":{"type":"Polygon","coordinates":[[[6.13774,35.61188],[6.13759,35.61196],[6.13753,35.61193],[6.13771,35.61175],[6.13774,35.61188]]]}},{"type":"Feature","properties":{"Name":"Sans titre - Polygone [106:Polygon]"},"geometry":{"type":"Polygon","coordinates":[[[6.13754,35.61073],[6.13678,35.6107],[6.13579,35.61041],[6.13572,35.61026],[6.13748,35.61061],[6.13754,35.61073]]]}},{"type":"Feature","properties":{"Name":"Sans titre - Polygone [103:Polygon]"},"geometry":{"type":"Polygon","coordinates":[[[6.1374,35.61183],[6.13704,35.61188],[6.13686,35.61156],[6.13753,35.61166],[6.1374,35.61183]]]}},{"type":"Feature","properties":{"Name":"Sans titre - Polygone [105:Polygon]"},"geometry":{"type":"Polygon","coordinates":[[[6.13754,35.61285],[6.13727,35.61288],[6.13711,35.61276],[6.13726,35.61251],[6.13739,35.61251],[6.13754,35.61285]]]}},{"type":"Feature","properties":{"Name":"Sans titre - Polygone [104:Polygon]"},"geometry":{"type":"Polygon","coordinates":[[[6.13961,35.61228],[6.1392,35.61223],[6.13921,35.61175],[6.13954,35.61187],[6.13941,35.61209],[6.13961,35.61228]]]}},{"type":"Feature","properties":{"Name":"Sans titre - Polygone [76:Polygon]"},"geometry":{"type":"Polygon","coordinates":[[[6.1401,35.61363],[6.13963,35.61361],[6.13936,35.61339],[6.13988,35.61257],[6.13997,35.61268],[6.13988,35.61313],[6.14022,35.61345],[6.1401,35.61363]]]}},{"type":"Feature","properties":{"Name":"Sans titre - Polygone [79:Polygon]"},"geometry":{"type":"Polygon","coordinates":[[[6.14156,35.61277],[6.14081,35.61271],[6.14061,35.61262],[6.14052,35.61232],[6.14089,35.61255],[6.14104,35.61251],[6.14111,35.61266],[6.14156,35.61277]]]}},{"type":"Feature","properties":{"Name":"Sans titre - Polygone [78:Polygon]"},"geometry":{"type":"Polygon","coordinates":[[[6.1424,35.61334],[6.14208,35.61346],[6.14198,35.61315],[6.14229,35.61307],[6.1424,35.61334]]]}},{"type":"Feature","properties":{"Name":"Sans titre - Polygone [80:Polygon]"},"geometry":{"type":"Polygon","coordinates":[[[6.14413,35.61182],[6.14401,35.61213],[6.14385,35.61208],[6.14384,35.61179],[6.14413,35.61182]]]}},{"type":"Feature","properties":{"Name":"Sans titre - Polygone [77:Polygon]"},"geometry":{"type":"Polygon","coordinates":[[[6.14347,35.61228],[6.1434,35.61295],[6.14324,35.61289],[6.14334,35.61274],[6.14329,35.61244],[6.14316,35.61243],[6.14315,35.6126],[6.14291,35.61243],[6.14217,35.61231],[6.14197,35.61208],[6.14152,35.61197],[6.14108,35.61208],[6.14089,35.61196],[6.14085,35.61172],[6.141,35.61153],[6.14135,35.61158],[6.14144,35.61179],[6.14235,35.61217],[6.1428,35.61195],[6.14334,35.61193],[6.14369,35.6122],[6.14347,35.61228]]]}},{"type":"Feature","properties":{"Name":"Sans titre - Polygone [81:Polygon]"},"geometry":{"type":"Polygon","coordinates":[[[6.14595,35.61423],[6.14574,35.61421],[6.14596,35.61398],[6.14604,35.61406],[6.14595,35.61423]]]}},{"type":"Feature","properties":{"Name":"Sans titre - Polygone [83:Polygon]"},"geometry":{"type":"Polygon","coordinates":[[[6.14714,35.6138],[6.14679,35.61389],[6.14682,35.61374],[6.14671,35.6138],[6.14659,35.61356],[6.14682,35.61346],[6.14694,35.61373],[6.14714,35.6138]]]}},{"type":"Feature","properties":{"Name":"Sans titre - Polygone [84:Polygon]"},"geometry":{"type":"Polygon","coordinates":[[[6.14869,35.61279],[6.14837,35.61284],[6.14832,35.61278],[6.14867,35.61262],[6.14869,35.61279]]]}},{"type":"Feature","properties":{"Name":"Sans titre - Polygone [82:Polygon]"},"geometry":{"type":"Polygon","coordinates":[[[6.14911,35.61456],[6.14899,35.61466],[6.14867,35.61459],[6.14834,35.61429],[6.14806,35.61433],[6.14765,35.61412],[6.14783,35.61378],[6.14802,35.61383],[6.14816,35.61366],[6.14809,35.61393],[6.14864,35.614],[6.14866,35.61419],[6.14882,35.61409],[6.14872,35.61431],[6.14894,35.61413],[6.14911,35.61456]]]}},{"type":"Feature","properties":{"Name":"Sans titre - Polygone [88:Polygon]"},"geometry":{"type":"Polygon","coordinates":[[[6.14464,35.61722],[6.14438,35.61705],[6.14431,35.61683],[6.14404,35.61707],[6.14394,35.61686],[6.1435,35.61659],[6.14418,35.61672],[6.14467,35.61659],[6.14461,35.61698],[6.14478,35.61712],[6.14464,35.61722]]]}},{"type":"Feature","properties":{"Name":"Sans titre - Polygone [86:Polygon]"},"geometry":{"type":"Polygon","coordinates":[[[6.14828,35.61731],[6.1479,35.61785],[6.14701,35.61832],[6.14726,35.61771],[6.14673,35.6177],[6.14663,35.61743],[6.14673,35.61736],[6.14693,35.61747],[6.1475,35.61712],[6.14738,35.61758],[6.14754,35.61759],[6.14783,35.61732],[6.148,35.6174],[6.14828,35.61731]]]}},{"type":"Feature","properties":{"Name":"Sans titre - Polygone [87:Polygon]"},"geometry":{"type":"Polygon","coordinates":[[[6.1487,35.61651],[6.14792,35.61701],[6.14776,35.61679],[6.14796,35.61665],[6.14773,35.61657],[6.14772,35.6164],[6.14807,35.61609],[6.14813,35.61572],[6.1485,35.61578],[6.14818,35.6159],[6.14831,35.61635],[6.1487,35.61651]]]}},{"type":"Feature","properties":{"Name":"Sans titre - Polygone [85:Polygon]"},"geometry":{"type":"Polygon","coordinates":[[[6.15042,35.61609],[6.15029,35.61622],[6.15005,35.61608],[6.15009,35.61626],[6.14991,35.61625],[6.14958,35.61584],[6.15011,35.61565],[6.1503,35.61512],[6.15058,35.61524],[6.15031,35.61543],[6.1505,35.61574],[6.15033,35.61586],[6.15042,35.61609]]]}},{"type":"Feature","properties":{"Name":"Sans titre - Polygone [93:Polygon]"},"geometry":{"type":"Polygon","coordinates":[[[6.15669,35.61775],[6.15612,35.61785],[6.15594,35.61766],[6.15613,35.6175],[6.15683,35.61761],[6.15669,35.61775]]]}},{"type":"Feature","properties":{"Name":"Sans titre - Polygone [96:Polygon]"},"geometry":{"type":"Polygon","coordinates":[[[6.15507,35.61871],[6.15474,35.61853],[6.15467,35.61841],[6.15504,35.61842],[6.15507,35.61871]]]}},{"type":"Feature","properties":{"Name":"Sans titre - Polygone [94:Polygon]"},"geometry":{"type":"Polygon","coordinates":[[[6.15812,35.61837],[6.15778,35.61857],[6.1576,35.6183],[6.15718,35.61822],[6.15712,35.61803],[6.15745,35.61794],[6.15763,35.61818],[6.158,35.61818],[6.15812,35.61837]]]}},{"type":"Feature","properties":{"Name":"Sans titre - Polygone [95:Polygon]"},"geometry":{"type":"Polygon","coordinates":[[[6.15904,35.61868],[6.15857,35.61896],[6.15856,35.61856],[6.1589,35.61851],[6.15904,35.61868]]]}},{"type":"Feature","properties":{"Name":"Sans titre - Polygone [91:Polygon]"},"geometry":{"type":"Polygon","coordinates":[[[6.15892,35.62119],[6.15848,35.62097],[6.15707,35.62091],[6.15708,35.62038],[6.15739,35.62034],[6.15761,35.62063],[6.15793,35.62038],[6.15847,35.62055],[6.15888,35.62094],[6.15892,35.62119]]]}},{"type":"Feature","properties":{"Name":"Sans titre - Polygone [92:Polygon]"},"geometry":{"type":"Polygon","coordinates":[[[6.16121,35.62122],[6.16059,35.6215],[6.16043,35.62143],[6.16046,35.62128],[6.16077,35.62114],[6.16115,35.62109],[6.16121,35.62122]]]}},{"type":"Feature","properties":{"Name":"Sans titre - Polygone [89:Polygon]"},"geometry":{"type":"Polygon","coordinates":[[[6.15237,35.618],[6.15184,35.61833],[6.15154,35.61825],[6.15179,35.61817],[6.15176,35.61794],[6.15208,35.61778],[6.15237,35.618]]]}},{"type":"Feature","properties":{"Name":"Sans titre - Polygone [90:Polygon]"},"geometry":{"type":"Polygon","coordinates":[[[6.15174,35.61743],[6.15125,35.61769],[6.15095,35.61755],[6.15054,35.61713],[6.15057,35.6169],[6.15103,35.61687],[6.15079,35.61716],[6.15113,35.61737],[6.1512,35.61711],[6.15137,35.61714],[6.15139,35.61737],[6.15157,35.61722],[6.15174,35.61743]]]}},{"type":"Feature","properties":{"Name":"Sans titre - Polygone [51:Polygon]"},"geometry":{"type":"Polygon","coordinates":[[[5.96436,35.60344],[5.96405,35.60368],[5.96388,35.60322],[5.96417,35.60322],[5.96436,35.60344]]]}},{"type":"Feature","properties":{"Name":"Sans titre - Polygone [53:Polygon]"},"geometry":{"type":"Polygon","coordinates":[[[5.96798,35.60381],[5.96756,35.60398],[5.96681,35.60403],[5.96701,35.60371],[5.9674,35.60374],[5.96781,35.60355],[5.96794,35.60353],[5.96798,35.60381]]]}},{"type":"Feature","properties":{"Name":"Sans titre - Polygone [55:Polygon]"},"geometry":{"type":"Polygon","coordinates":[[[5.96786,35.60287],[5.96758,35.60278],[5.96755,35.60262],[5.9679,35.6026],[5.96786,35.60287]]]}},{"type":"Feature","properties":{"Name":"Sans titre - Polygone [56:Polygon]"},"geometry":{"type":"Polygon","coordinates":[[[5.96761,35.602],[5.96737,35.60227],[5.96737,35.60181],[5.96756,35.60156],[5.96761,35.602]]]}},{"type":"Feature","properties":{"Name":"Sans titre - Polygone [52:Polygon]"},"geometry":{"type":"Polygon","coordinates":[[[5.96646,35.60276],[5.96622,35.60285],[5.96508,35.60282],[5.96535,35.60279],[5.96539,35.60257],[5.96607,35.60229],[5.96627,35.60236],[5.96614,35.60266],[5.9664,35.60265],[5.96646,35.60276]]]}},{"type":"Feature","properties":{"Name":"Sans titre - Polygone [59:Polygon]"},"geometry":{"type":"Polygon","coordinates":[[[5.96378,35.59807],[5.96326,35.59859],[5.96313,35.59848],[5.96318,35.59823],[5.96293,35.59832],[5.96356,35.59765],[5.96383,35.59786],[5.96378,35.59807]]]}},{"type":"Feature","properties":{"Name":"Sans titre - Polygone [54:Polygon]"},"geometry":{"type":"Polygon","coordinates":[[[5.96921,35.60234],[5.96897,35.60249],[5.96876,35.60243],[5.96862,35.6021],[5.9686,35.60156],[5.96883,35.60158],[5.96918,35.60185],[5.96921,35.60234]]]}},{"type":"Feature","properties":{"Name":"Sans titre - Polygone [58:Polygon]"},"geometry":{"type":"Polygon","coordinates":[[[5.97091,35.60307],[5.97101,35.60289],[5.97085,35.60266],[5.97117,35.60239],[5.97152,35.60254],[5.97233,35.60201],[5.9729,35.60193],[5.97296,35.6022],[5.9714,35.6027],[5.97142,35.6029],[5.97091,35.60307]]]}},{"type":"Feature","properties":{"Name":"Sans titre - Polygone [57:Polygon]"},"geometry":{"type":"Polygon","coordinates":[[[5.96912,35.60288],[5.96884,35.60316],[5.96913,35.60334],[5.9691,35.60342],[5.96814,35.60337],[5.96867,35.60321],[5.96864,35.60285],[5.96912,35.60288]]]}},{"type":"Feature","properties":{"Name":"Sans titre - Polygone [22:Polygon]"},"geometry":{"type":"Polygon","coordinates":[[[5.99295,35.62507],[5.99217,35.62561],[5.9917,35.62556],[5.99176,35.62492],[5.99214,35.62481],[5.99284,35.62497],[5.99295,35.62507]]]}},{"type":"Feature","properties":{"Name":"Sans titre - Polygone [24:Polygon]"},"geometry":{"type":"Polygon","coordinates":[[[5.9888,35.625],[5.98844,35.62495],[5.98839,35.6247],[5.98896,35.62489],[5.9888,35.625]]]}},{"type":"Feature","properties":{"Name":"Sans titre - Polygone [25:Polygon]"},"geometry":{"type":"Polygon","coordinates":[[[5.99084,35.6259],[5.99073,35.62616],[5.99039,35.62632],[5.99014,35.62696],[5.9903,35.62741],[5.9909,35.62765],[5.992,35.62754],[5.9924,35.62722],[5.99239,35.627],[5.99215,35.62676],[5.99266,35.62666],[5.99311,35.62734],[5.99394,35.62784],[5.99138,35.62809],[5.99019,35.62812],[5.98962,35.62797],[5.98924,35.62847],[5.98896,35.6285],[5.98636,35.62778],[5.98534,35.62738],[5.98472,35.62697],[5.98474,35.62654],[5.98496,35.62633],[5.98573,35.6268],[5.98751,35.62726],[5.98768,35.62747],[5.98887,35.62803],[5.9891,35.62791],[5.98916,35.62755],[5.9895,35.62744],[5.98916,35.6272],[5.98951,35.62715],[5.98962,35.62685],[5.98993,35.62658],[5.99021,35.62576],[5.99008,35.62545],[5.99042,35.62555],[5.99073,35.62548],[5.99084,35.6259]]]}},{"type":"Feature","properties":{"Name":"Sans titre - Polygone [34:Polygon]"},"geometry":{"type":"Polygon","coordinates":[[[5.97414,35.62464],[5.97394,35.62406],[5.97396,35.62367],[5.97416,35.62389],[5.97445,35.62484],[5.97414,35.62464]]]}},{"type":"Feature","properties":{"Name":"Sans titre - Polygone [33:Polygon]"},"geometry":{"type":"Polygon","coordinates":[[[5.97275,35.6256],[5.97259,35.6255],[5.97292,35.62499],[5.97316,35.62495],[5.97346,35.62518],[5.97321,35.62539],[5.97288,35.62538],[5.97275,35.6256]]]}},{"type":"Feature","properties":{"Name":"Sans titre - Polygone [32:Polygon]"},"geometry":{"type":"Polygon","coordinates":[[[5.97479,35.62513],[5.97566,35.62494],[5.97596,35.62451],[5.97651,35.62444],[5.97668,35.62407],[5.97733,35.62496],[5.97798,35.62534],[5.97807,35.62552],[5.97833,35.6254],[5.97874,35.62555],[5.97888,35.62544],[5.98097,35.6252],[5.98089,35.62542],[5.98012,35.62577],[5.97782,35.62599],[5.97654,35.62492],[5.97547,35.62546],[5.97479,35.62513]]]}},{"type":"Feature","properties":{"Name":"Sans titre - Polygone [28:Polygon]"},"geometry":{"type":"Polygon","coordinates":[[[5.98183,35.62555],[5.98101,35.62539],[5.98117,35.62503],[5.98155,35.62502],[5.98146,35.62457],[5.98157,35.62447],[5.98196,35.62485],[5.98181,35.62503],[5.98183,35.62523],[5.9822,35.62548],[5.98183,35.62555]]]}},{"type":"Feature","properties":{"Name":"Sans titre - Polygone [26:Polygon]"},"geometry":{"type":"Polygon","coordinates":[[[5.98274,35.62578],[5.98304,35.62508],[5.98341,35.62509],[5.98415,35.62563],[5.98458,35.62472],[5.98487,35.62462],[5.98499,35.62471],[5.98448,35.62601],[5.98433,35.62607],[5.98406,35.62594],[5.98408,35.62612],[5.98472,35.62655],[5.98464,35.62705],[5.98428,35.627],[5.98395,35.62672],[5.98337,35.62569],[5.98274,35.62578]]]}},{"type":"Feature","properties":{"Name":"Sans titre - Polygone [23:Polygon]"},"geometry":{"type":"Polygon","coordinates":[[[5.98815,35.62454],[5.98782,35.62486],[5.98719,35.62498],[5.98695,35.62488],[5.98728,35.62466],[5.98728,35.62445],[5.98707,35.62424],[5.98737,35.62407],[5.98774,35.62422],[5.98785,35.62393],[5.98824,35.62421],[5.98815,35.62454]]]}},{"type":"Feature","properties":{"Name":"Sans titre - Polygone [27:Polygon]"},"geometry":{"type":"Polygon","coordinates":[[[5.98391,35.62351],[5.98342,35.62346],[5.9833,35.62314],[5.98383,35.62315],[5.98391,35.62351]]]}},{"type":"Feature","properties":{"Name":"Sans titre - Polygone [37:Polygon]"},"geometry":{"type":"Polygon","coordinates":[[[5.96581,35.62169],[5.9656,35.62171],[5.96555,35.62154],[5.96578,35.62142],[5.96591,35.62154],[5.96581,35.62169]]]}},{"type":"Feature","properties":{"Name":"Sans titre - Polygone [49:Polygon]"},"geometry":{"type":"Polygon","coordinates":[[[5.97243,35.62821],[5.97278,35.62808],[5.97279,35.62811],[5.9728,35.62825],[5.97272,35.62843],[5.97216,35.62865],[5.97243,35.62821]]]}},{"type":"Feature","properties":{"Name":"Sans titre - Polygone [30:Polygon]"},"geometry":{"type":"Polygon","coordinates":[[[5.97156,35.62663],[5.97099,35.62647],[5.96996,35.62653],[5.96979,35.6264],[5.96987,35.62583],[5.97023,35.62576],[5.9709,35.62602],[5.97172,35.62615],[5.97192,35.62637],[5.97156,35.62663]]]}},{"type":"Feature","properties":{"Name":"Sans titre - Polygone [35:Polygon]"},"geometry":{"type":"Polygon","coordinates":[[[5.96739,35.62635],[5.96695,35.62637],[5.9668,35.62611],[5.96731,35.62611],[5.96739,35.62635]]]}},{"type":"Feature","properties":{"Name":"Sans titre - Polygone [36:Polygon]"},"geometry":{"type":"Polygon","coordinates":[[[5.9651,35.62468],[5.96488,35.62509],[5.96476,35.62499],[5.96496,35.62449],[5.9651,35.62468]]]}},{"type":"Feature","properties":{"Name":"Sans titre - Polygone [48:Polygon]"},"geometry":{"type":"Polygon","coordinates":[[[5.96416,35.62836],[5.96438,35.62792],[5.96492,35.62787],[5.96512,35.62798],[5.96486,35.62835],[5.96416,35.62836]]]}},{"type":"Feature","properties":{"Name":"Sans titre - Polygone [29:Polygon]"},"geometry":{"type":"Polygon","coordinates":[[[5.96437,35.62657],[5.96275,35.62618],[5.96254,35.62596],[5.96257,35.6257],[5.96298,35.62565],[5.96364,35.62614],[5.96435,35.62604],[5.96459,35.62633],[5.96437,35.62657]]]}},{"type":"Feature","properties":{"Name":"Sans titre - Polygone [31:Polygon]"},"geometry":{"type":"Polygon","coordinates":[[[5.96352,35.62272],[5.96327,35.62291],[5.96308,35.62276],[5.96308,35.6225],[5.96339,35.62195],[5.96384,35.62175],[5.96393,35.62193],[5.96352,35.62272]]]}},{"type":"Feature","properties":{"Name":"Sans titre - Polygone [42:Polygon]"},"geometry":{"type":"Polygon","coordinates":[[[5.96399,35.61025],[5.96374,35.61039],[5.96311,35.61026],[5.96299,35.61008],[5.96331,35.60999],[5.96399,35.61025]]]}},{"type":"Feature","properties":{"Name":"Sans titre - Polygone [40:Polygon]"},"geometry":{"type":"Polygon","coordinates":[[[5.96566,35.61122],[5.96535,35.61116],[5.96505,35.61139],[5.9649,35.61116],[5.96466,35.61132],[5.96438,35.61108],[5.96525,35.61068],[5.96557,35.61087],[5.96566,35.61122]]]}},{"type":"Feature","properties":{"Name":"Sans titre - Polygone [41:Polygon]"},"geometry":{"type":"Polygon","coordinates":[[[5.96628,35.60949],[5.96626,35.60969],[5.96592,35.60994],[5.96581,35.60964],[5.96511,35.60954],[5.96519,35.60933],[5.96577,35.60911],[5.96628,35.60949]]]}},{"type":"Feature","properties":{"Name":"Sans titre - Polygone [46:Polygon]"},"geometry":{"type":"Polygon","coordinates":[[[5.95848,35.62198],[5.9579,35.62253],[5.95777,35.62233],[5.95816,35.62196],[5.95761,35.62226],[5.95749,35.62249],[5.95727,35.62232],[5.95758,35.62199],[5.95833,35.62169],[5.95855,35.62173],[5.95848,35.62198]]]}},{"type":"Feature","properties":{"Name":"Sans titre - Polygone [45:Polygon]"},"geometry":{"type":"Polygon","coordinates":[[[5.9606,35.62214],[5.96016,35.62231],[5.95984,35.62213],[5.95896,35.62232],[5.95878,35.62222],[5.95872,35.62187],[5.95947,35.62202],[5.96036,35.6216],[5.96045,35.62168],[5.9603,35.62186],[5.96047,35.62188],[5.9606,35.62214]]]}},{"type":"Feature","properties":{"Name":"Sans titre - Polygone [44:Polygon]"},"geometry":{"type":"Polygon","coordinates":[[[5.96138,35.62046],[5.96114,35.62152],[5.96059,35.62161],[5.96008,35.62104],[5.96011,35.62083],[5.96138,35.62046]]]}},{"type":"Feature","properties":{"Name":"Pelouse [26:Polygon]"},"geometry":{"type":"Polygon","coordinates":[[[5.97396,35.59994],[5.97384,35.59953],[5.97387,35.59887],[5.97367,35.5984],[5.97376,35.59793],[5.97398,35.59763],[5.97446,35.59752],[5.97496,35.59775],[5.97524,35.59808],[5.97529,35.59851],[5.97564,35.59874],[5.97567,35.5989],[5.97526,35.599],[5.97497,35.59985],[5.97475,35.60011],[5.97419,35.60014],[5.97396,35.59994]]]}},{"type":"Feature","properties":{"Name":"Pelouse [27:Polygon]"},"geometry":{"type":"Polygon","coordinates":[[[5.97776,35.5977],[5.97794,35.59714],[5.97848,35.59686],[5.97931,35.59613],[5.97925,35.59556],[5.97944,35.59475],[5.97927,35.59423],[5.97942,35.59383],[5.97991,35.5931],[5.98047,35.59289],[5.98082,35.59299],[5.98103,35.59333],[5.98116,35.59447],[5.98073,35.59463],[5.9801,35.59516],[5.98001,35.59538],[5.98072,35.59591],[5.98071,35.59647],[5.98158,35.59676],[5.98173,35.59706],[5.98166,35.59723],[5.98048,35.59752],[5.97973,35.59732],[5.9794,35.59767],[5.97933,35.59799],[5.97903,35.59818],[5.97838,35.59807],[5.97776,35.5977]]]}},{"type":"Feature","properties":{"Name":"Sans titre - Polygone"},"geometry":{"type":"Polygon","coordinates":[[[6.03366,35.60371],[6.03281,35.60333],[6.03278,35.60312],[6.03298,35.6029],[6.0332,35.6029],[6.03308,35.60322],[6.03345,35.60289],[6.03363,35.60293],[6.03372,35.60321],[6.03334,35.60348],[6.03381,35.60347],[6.03384,35.60363],[6.03366,35.60371]]]}},{"type":"Feature","properties":{"Name":"Sans titre - Polygone"},"geometry":{"type":"Polygon","coordinates":[[[6.0351,35.60329],[6.03491,35.60352],[6.0349,35.60387],[6.03468,35.60425],[6.03471,35.6046],[6.03396,35.6046],[6.03395,35.60418],[6.03434,35.60384],[6.03421,35.60346],[6.0351,35.60329]]]}},{"type":"Feature","properties":{"Name":"Sans titre - Polygone"},"geometry":{"type":"Polygon","coordinates":[[[6.03417,35.60513],[6.0344,35.606],[6.03425,35.60708],[6.03404,35.60603],[6.03374,35.60575],[6.03408,35.6052],[6.03417,35.60513]]]}},{"type":"Feature","properties":{"Name":"Sans titre - Polygone"},"geometry":{"type":"Polygon","coordinates":[[[6.03289,35.60915],[6.03259,35.60865],[6.03184,35.60815],[6.03194,35.60803],[6.03281,35.60818],[6.03335,35.60848],[6.03341,35.60866],[6.03284,35.60937],[6.03289,35.60915]]]}},{"type":"Feature","properties":{"Name":"Sans titre - Polygone"},"geometry":{"type":"Polygon","coordinates":[[[6.03517,35.60894],[6.03493,35.60899],[6.03465,35.60879],[6.03427,35.60813],[6.03449,35.6078],[6.03488,35.60776],[6.03534,35.60825],[6.03541,35.60837],[6.03517,35.60894]]]}},{"type":"Feature","properties":{"Name":"Sans titre - Polygone"},"geometry":{"type":"Polygon","coordinates":[[[6.03437,35.61],[6.03418,35.60993],[6.03434,35.60917],[6.03448,35.60949],[6.03477,35.60946],[6.03482,35.61018],[6.03465,35.61033],[6.03456,35.60968],[6.03437,35.61]]]}},{"type":"Feature","properties":{"Name":"Sans titre - Polygone"},"geometry":{"type":"Polygon","coordinates":[[[6.03482,35.61189],[6.03462,35.61205],[6.03466,35.61142],[6.03481,35.61144],[6.03482,35.61189]]]}},{"type":"Feature","properties":{"Name":"Sans titre - Polygone"},"geometry":{"type":"Polygon","coordinates":[[[6.03439,35.61221],[6.03421,35.61205],[6.03427,35.61179],[6.03405,35.61183],[6.03381,35.61172],[6.0339,35.61161],[6.03399,35.61172],[6.03439,35.61167],[6.03445,35.61151],[6.0342,35.61127],[6.03446,35.61065],[6.03442,35.61086],[6.03456,35.61095],[6.03448,35.61107],[6.0346,35.61126],[6.03439,35.61221]]]}},{"type":"Feature","properties":{"Name":"Sans titre - Polygone"},"geometry":{"type":"Polygon","coordinates":[[[6.03274,35.61299],[6.03255,35.61306],[6.03262,35.61318],[6.03247,35.61345],[6.03228,35.61303],[6.03195,35.61298],[6.03181,35.61313],[6.03156,35.61312],[6.03215,35.61275],[6.03276,35.61283],[6.03274,35.61299]]]}},{"type":"Feature","properties":{"Name":"Sans titre - Polygone"},"geometry":{"type":"Polygon","coordinates":[[[5.91826,35.57967],[5.91759,35.58085],[5.91719,35.58092],[5.91668,35.58065],[5.91603,35.58086],[5.91584,35.58075],[5.91579,35.58048],[5.91561,35.58041],[5.91505,35.58048],[5.9149,35.58098],[5.91476,35.58103],[5.91478,35.58038],[5.91728,35.58013],[5.91808,35.5796],[5.91826,35.57967]]]}},{"type":"Feature","properties":{"Name":"Sans titre - Polygone"},"geometry":{"type":"Polygon","coordinates":[[[5.90353,35.59418],[5.90413,35.59475],[5.90417,35.59514],[5.90393,35.59524],[5.90365,35.59518],[5.90331,35.59484],[5.90315,35.59432],[5.90353,35.59418]]]}},{"type":"Feature","properties":{"Name":"Sans titre - Polygone"},"geometry":{"type":"Polygon","coordinates":[[[5.90339,35.59188],[5.90385,35.5921],[5.90428,35.59193],[5.90444,35.59203],[5.90428,35.59258],[5.90453,35.59321],[5.90459,35.59384],[5.90436,35.59408],[5.90395,35.59394],[5.9041,35.59352],[5.90394,35.59339],[5.90374,35.59347],[5.90339,35.59403],[5.90297,35.5939],[5.90278,35.59309],[5.90339,35.59188]]]}},{"type":"Feature","properties":{"Name":"Sans titre - Polygone"},"geometry":{"type":"Polygon","coordinates":[[[5.91209,35.58087],[5.91223,35.58131],[5.91214,35.58151],[5.91164,35.58173],[5.91166,35.58193],[5.91138,35.58216],[5.91125,35.58248],[5.91061,35.583],[5.91078,35.58334],[5.91068,35.58358],[5.91045,35.5837],[5.91019,35.58366],[5.91016,35.58403],[5.90976,35.58451],[5.90933,35.58569],[5.90902,35.58603],[5.90864,35.58622],[5.90786,35.58783],[5.90678,35.58854],[5.90624,35.59005],[5.90585,35.59032],[5.90538,35.59145],[5.90498,35.59097],[5.90475,35.59094],[5.90463,35.59144],[5.90443,35.59153],[5.90424,35.59114],[5.90414,35.59166],[5.90376,35.59167],[5.90377,35.59133],[5.9042,35.59106],[5.90397,35.59081],[5.90403,35.59002],[5.90502,35.58745],[5.90771,35.58612],[5.90898,35.58348],[5.91162,35.58082],[5.91209,35.58087]]]}},{"type":"Feature","properties":{"Name":"Sans titre - Polygone"},"geometry":{"type":"Polygon","coordinates":[[[5.93869,35.57723],[5.9391,35.57734],[5.93939,35.57766],[5.93928,35.57795],[5.93909,35.57787],[5.93869,35.57723]]]}},{"type":"Feature","properties":{"Name":"Sans titre - Polygone"},"geometry":{"type":"Polygon","coordinates":[[[5.93918,35.57885],[5.93976,35.57923],[5.93977,35.5796],[5.94016,35.58021],[5.94002,35.58046],[5.9401,35.58071],[5.93987,35.5812],[5.94003,35.58124],[5.94006,35.58105],[5.9403,35.58097],[5.94035,35.58047],[5.94019,35.5799],[5.9403,35.57979],[5.94046,35.58008],[5.94047,35.58098],[5.9403,35.58117],[5.94043,35.58163],[5.94073,35.58207],[5.9412,35.58224],[5.94121,35.5825],[5.94093,35.58248],[5.9405,35.58222],[5.94011,35.58176],[5.93974,35.58154],[5.93961,35.58079],[5.93983,35.58038],[5.93963,35.57976],[5.93971,35.57962],[5.93939,35.5795],[5.93918,35.57885]]]}},{"type":"Feature","properties":{"Name":"Sans titre - Polygone"},"geometry":{"type":"Polygon","coordinates":[[[5.94588,35.58484],[5.94578,35.58504],[5.94542,35.58496],[5.94534,35.58459],[5.94478,35.58451],[5.94428,35.58413],[5.94408,35.58415],[5.94406,35.5844],[5.94429,35.58488],[5.94373,35.58529],[5.94349,35.58564],[5.94361,35.58601],[5.94353,35.58617],[5.94326,35.58604],[5.94312,35.58563],[5.94338,35.58527],[5.94293,35.58511],[5.94266,35.58481],[5.94223,35.58464],[5.94137,35.58496],[5.94118,35.58528],[5.94097,35.58529],[5.94116,35.58483],[5.9417,35.58411],[5.94167,35.58364],[5.94208,35.58354],[5.94243,35.58323],[5.94319,35.58367],[5.94347,35.58356],[5.9442,35.58365],[5.94521,35.58357],[5.94559,35.58392],[5.94588,35.58484]]]}},{"type":"Feature","properties":{"Name":"Sans titre - Polygone"},"geometry":{"type":"Polygon","coordinates":[[[5.92232,35.5591],[5.92422,35.55971],[5.92523,35.55959],[5.92551,35.56],[5.92498,35.56039],[5.92577,35.56069],[5.92581,35.56103],[5.92638,35.56116],[5.92656,35.56135],[5.92562,35.5614],[5.92459,35.56188],[5.92367,35.56139],[5.92258,35.56138],[5.92225,35.55941],[5.92232,35.5591]]]}},{"type":"Feature","properties":{"Name":"Sans titre - Polygone"},"geometry":{"type":"Polygon","coordinates":[[[5.93328,35.56422],[5.93119,35.55908],[5.9312,35.55781],[5.93235,35.55716],[5.93224,35.55658],[5.93245,35.55638],[5.93294,35.55666],[5.93329,35.55733],[5.93355,35.5573],[5.93372,35.55697],[5.93352,35.55629],[5.93361,35.55611],[5.93389,35.55604],[5.93456,35.55617],[5.93543,35.55656],[5.93646,35.55666],[5.93705,35.55656],[5.93794,35.55677],[5.94105,35.5583],[5.9416,35.55913],[5.94226,35.55943],[5.94147,35.56039],[5.94097,35.56053],[5.94114,35.5613],[5.94066,35.56167],[5.93927,35.56189],[5.9388,35.5626],[5.93891,35.56295],[5.93926,35.56327],[5.93932,35.56368],[5.93907,35.56391],[5.93942,35.56406],[5.94099,35.56405],[5.94094,35.56429],[5.93911,35.5654],[5.9389,35.56508],[5.93986,35.56459],[5.93947,35.5644],[5.93892,35.56459],[5.9387,35.56526],[5.93814,35.56601],[5.93758,35.56652],[5.93673,35.56783],[5.93438,35.56914],[5.9339,35.56807],[5.93386,35.56724],[5.9342,35.56689],[5.93481,35.56658],[5.93587,35.56547],[5.93657,35.56497],[5.93694,35.56425],[5.93685,35.56355],[5.93666,35.56321],[5.93645,35.56311],[5.93529,35.56361],[5.93382,35.56393],[5.93328,35.56422]]]}},{"type":"Feature","properties":{"Name":"Sans titre - Polygone"},"geometry":{"type":"Polygon","coordinates":[[[5.94161,35.51389],[5.94205,35.51371],[5.94265,35.51387],[5.94342,35.5131],[5.94797,35.51309],[5.94873,35.51331],[5.94974,35.51406],[5.9507,35.5144],[5.95084,35.51467],[5.95061,35.51483],[5.95033,35.5148],[5.94969,35.515],[5.94947,35.5145],[5.94895,35.51423],[5.94835,35.51459],[5.94776,35.51467],[5.94776,35.51479],[5.94841,35.51511],[5.94814,35.51535],[5.94834,35.51589],[5.9483,35.51619],[5.94863,35.51643],[5.94918,35.51655],[5.95066,35.51653],[5.95177,35.51698],[5.95124,35.51722],[5.94987,35.51733],[5.94934,35.51782],[5.94864,35.51816],[5.94848,35.51864],[5.9478,35.5192],[5.94793,35.51954],[5.94783,35.51988],[5.9473,35.52042],[5.94674,35.52054],[5.94728,35.52088],[5.94695,35.52124],[5.94697,35.52163],[5.94604,35.52184],[5.94606,35.52204],[5.94641,35.5224],[5.94612,35.52246],[5.94484,35.52192],[5.94485,35.52178],[5.94553,35.52182],[5.94522,35.5216],[5.94373,35.52107],[5.94357,35.52077],[5.94399,35.52054],[5.94312,35.51991],[5.94292,35.51921],[5.9421,35.51878],[5.94212,35.51863],[5.94229,35.51861],[5.9431,35.51884],[5.94374,35.51873],[5.94381,35.5184],[5.94369,35.51799],[5.94383,35.51728],[5.94345,35.51672],[5.94241,35.51631],[5.94237,35.51616],[5.94285,35.51595],[5.94294,35.51578],[5.94253,35.51541],[5.94271,35.51511],[5.9426,35.5149],[5.94209,35.51469],[5.94161,35.51389]]]}},{"type":"Feature","properties":{"Name":"Sans titre - Polygone"},"geometry":{"type":"Polygon","coordinates":[[[5.97286,35.55382],[5.97287,35.55415],[5.97262,35.55434],[5.97251,35.55412],[5.97262,35.55386],[5.97286,35.55382]]]}},{"type":"Feature","properties":{"Name":"Sans titre - Polygone"},"geometry":{"type":"Polygon","coordinates":[[[5.97579,35.55312],[5.97596,35.55329],[5.97565,35.55337],[5.97553,35.55363],[5.97537,35.55327],[5.97515,35.55362],[5.97492,35.55353],[5.97493,35.55335],[5.97515,35.55321],[5.97579,35.55312]]]}},{"type":"Feature","properties":{"Name":"Sans titre - Polygone"},"geometry":{"type":"Polygon","coordinates":[[[5.97722,35.55189],[5.97841,35.55204],[5.97848,35.55211],[5.97821,35.55224],[5.97752,35.55219],[5.97722,35.55189]]]}},{"type":"Feature","properties":{"Name":"Sans titre - Polygone"},"geometry":{"type":"Polygon","coordinates":[[[5.97655,35.55059],[5.97659,35.55086],[5.97635,35.55092],[5.97609,35.55081],[5.9763,35.55039],[5.97655,35.55059]]]}},{"type":"Feature","properties":{"Name":"Sans titre - Polygone"},"geometry":{"type":"Polygon","coordinates":[[[5.97806,35.5509],[5.97803,35.55111],[5.97767,35.55123],[5.97735,35.55113],[5.97726,35.55098],[5.97765,35.55076],[5.97797,35.55095],[5.97806,35.5509]]]}},{"type":"Feature","properties":{"Name":"Parcours [49:Polygon]"},"geometry":{"type":"Polygon","coordinates":[[[5.97995,35.5516],[5.97975,35.55133],[5.98009,35.55114],[5.98079,35.55115],[5.98139,35.55088],[5.98168,35.55114],[5.98019,35.55163],[5.97995,35.5516]]]}},{"type":"Feature","properties":{"Name":"Sans titre - Polygone"},"geometry":{"type":"Polygon","coordinates":[[[5.9998,35.55208],[5.99995,35.55234],[5.99961,35.55253],[5.99897,35.55268],[5.99876,35.55253],[5.99918,35.55251],[5.99961,35.55203],[5.9998,35.55208]]]}},{"type":"Feature","properties":{"Name":"Sans titre - Polygone [41:Polygon]"},"geometry":{"type":"Polygon","coordinates":[[[5.99919,35.57116],[5.99931,35.57154],[5.99896,35.57173],[5.99869,35.5717],[5.99875,35.57137],[5.99865,35.57109],[5.99919,35.57116]]]}},{"type":"Feature","properties":{"Name":"Parcours [46:Polygon]"},"geometry":{"type":"Polygon","coordinates":[[[6.0198,35.57108],[6.01966,35.57189],[6.01935,35.57233],[6.01888,35.57241],[6.01828,35.57195],[6.01725,35.57194],[6.01695,35.57206],[6.01657,35.57254],[6.01561,35.57295],[6.0154,35.57382],[6.01517,35.57378],[6.01504,35.57331],[6.01465,35.57297],[6.01378,35.57325],[6.01343,35.57325],[6.01352,35.57305],[6.01401,35.57289],[6.01406,35.57261],[6.0138,35.57212],[6.01298,35.57159],[6.01167,35.57195],[6.011,35.57298],[6.00822,35.57295],[6.00796,35.57327],[6.00755,35.57476],[6.00851,35.57558],[6.00823,35.57593],[6.00764,35.57599],[6.0066,35.57563],[6.00605,35.57522],[6.00513,35.57502],[6.00303,35.57512],[6.00273,35.57491],[6.0028,35.5745],[6.00413,35.57356],[6.00465,35.57302],[6.00468,35.5721],[6.00363,35.57186],[6.00346,35.57142],[6.00395,35.57088],[6.00503,35.57044],[6.00527,35.57012],[6.00517,35.56988],[6.00479,35.5697],[6.00392,35.56975],[6.00336,35.5696],[6.00304,35.56973],[6.00224,35.57079],[6.00225,35.57198],[6.00177,35.57278],[6.00123,35.57307],[6.00066,35.57364],[5.99961,35.57383],[5.99916,35.57405],[5.99902,35.57426],[5.99932,35.57501],[5.99914,35.57532],[5.99815,35.57547],[5.9978,35.57564],[5.99742,35.57533],[5.99699,35.57525],[5.99616,35.57452],[5.99632,35.57419],[5.99656,35.57407],[5.99728,35.57401],[5.99888,35.57348],[5.9991,35.57317],[5.99844,35.57339],[5.99856,35.57305],[5.99891,35.57281],[5.99959,35.57294],[6.00018,35.5726],[6.00023,35.5725],[6.00001,35.57236],[5.99935,35.57239],[5.99903,35.57226],[5.99899,35.57196],[5.99916,35.57173],[5.99946,35.57165],[6.00015,35.57193],[6.00069,35.57134],[6.00121,35.57123],[6.00139,35.57106],[6.00203,35.57005],[6.00152,35.56955],[6.00108,35.56941],[6.00197,35.56903],[6.00219,35.56857],[6.00183,35.56817],[6.00149,35.56747],[6.00136,35.56679],[6.00213,35.56565],[6.00264,35.56526],[6.00313,35.56507],[6.00388,35.56519],[6.00437,35.56562],[6.00463,35.56632],[6.00509,35.56642],[6.006,35.56614],[6.00647,35.56575],[6.00648,35.56535],[6.00585,35.56517],[6.00583,35.56494],[6.006,35.56484],[6.00634,35.56486],[6.00675,35.56511],[6.00753,35.56476],[6.0076,35.56485],[6.00709,35.56536],[6.00694,35.56576],[6.00747,35.5651],[6.00836,35.56481],[6.00878,35.56448],[6.00914,35.56471],[6.00943,35.56526],[6.0096,35.56528],[6.00997,35.56654],[6.00983,35.56734],[6.0099,35.5677],[6.01017,35.56763],[6.01035,35.56842],[6.01052,35.56823],[6.01062,35.56827],[6.01078,35.56876],[6.01043,35.5692],[6.01096,35.57001],[6.01131,35.57004],[6.0117,35.56976],[6.01241,35.56963],[6.01243,35.56948],[6.01218,35.56942],[6.01219,35.56903],[6.01199,35.569],[6.01186,35.56918],[6.01157,35.56916],[6.01135,35.56899],[6.01138,35.56868],[6.01167,35.56848],[6.01197,35.56846],[6.01284,35.56886],[6.014,35.5687],[6.01396,35.56904],[6.01352,35.56974],[6.01344,35.57027],[6.01386,35.5711],[6.0142,35.57127],[6.01513,35.57027],[6.01502,35.56918],[6.01539,35.56903],[6.01602,35.56915],[6.016,35.56853],[6.01644,35.56849],[6.01673,35.56868],[6.01752,35.56838],[6.01885,35.56827],[6.0191,35.56838],[6.01933,35.56885],[6.02053,35.5692],[6.02075,35.56938],[6.01944,35.56979],[6.01927,35.56997],[6.01952,35.57036],[6.01931,35.57066],[6.01948,35.57093],[6.0198,35.57108]]]}},{"type":"Feature","properties":{"Name":"Sans titre - Polygone"},"geometry":{"type":"Polygon","coordinates":[[[6.01207,35.57337],[6.01262,35.57354],[6.01224,35.57384],[6.01212,35.57444],[6.01181,35.57462],[6.01154,35.57445],[6.01166,35.57414],[6.01149,35.5739],[6.01152,35.57348],[6.01168,35.57342],[6.01207,35.57358],[6.01207,35.57337]]]}},{"type":"Feature","properties":{"Name":"Sans titre - Polygone [44:Polygon]"},"geometry":{"type":"Polygon","coordinates":[[[6.01281,35.56177],[6.01322,35.56188],[6.01334,35.56221],[6.01382,35.56206],[6.01389,35.56217],[6.01353,35.56239],[6.01303,35.56233],[6.01275,35.5626],[6.01249,35.56264],[6.01215,35.56237],[6.01253,35.5622],[6.01258,35.56191],[6.01281,35.56177]]]}},{"type":"Feature","properties":{"Name":"Sans titre - Polygone"},"geometry":{"type":"Polygon","coordinates":[[[6.01672,35.57451],[6.01679,35.57472],[6.01652,35.57484],[6.01653,35.57457],[6.01672,35.57451]]]}},{"type":"Feature","properties":{"Name":"Sans titre - Polygone"},"geometry":{"type":"Polygon","coordinates":[[[6.01905,35.5729],[6.01868,35.57335],[6.01835,35.57317],[6.01854,35.57303],[6.01905,35.5729]]]}},{"type":"Feature","properties":{"Name":"Sans titre - Polygone [45:Polygon]"},"geometry":{"type":"Polygon","coordinates":[[[6.01191,35.56069],[6.01195,35.56101],[6.01222,35.56134],[6.01188,35.56153],[6.01177,35.56068],[6.01191,35.56069]]]}},{"type":"Feature","properties":{"Name":"Sans titre - Polygone"},"geometry":{"type":"Polygon","coordinates":[[[6.0185,35.57391],[6.01902,35.5741],[6.01918,35.57425],[6.01835,35.57431],[6.0185,35.57391]]]}},{"type":"Feature","properties":{"Name":"Sans titre - Polygone"},"geometry":{"type":"Polygon","coordinates":[[[6.01898,35.57445],[6.01928,35.57463],[6.0191,35.5747],[6.01907,35.57491],[6.01872,35.57476],[6.01889,35.57458],[6.01869,35.57464],[6.01855,35.5745],[6.01898,35.57445]]]}},{"type":"Feature","properties":{"Name":"Parcours [45:Polygon]"},"geometry":{"type":"Polygon","coordinates":[[[6.01858,35.57564],[6.01828,35.57535],[6.01825,35.57486],[6.01753,35.57474],[6.01745,35.57427],[6.01773,35.57426],[6.01838,35.57454],[6.01848,35.57507],[6.01869,35.57538],[6.01858,35.57564]]]}},{"type":"Feature","properties":{"Name":"Sans titre - Polygone"},"geometry":{"type":"Polygon","coordinates":[[[6.02139,35.57679],[6.02117,35.57697],[6.02115,35.57714],[6.02087,35.57713],[6.02093,35.57694],[6.02139,35.57679]]]}},{"type":"Feature","properties":{"Name":"Sans titre - Polygone"},"geometry":{"type":"Polygon","coordinates":[[[6.02044,35.57483],[6.02065,35.57505],[6.02043,35.57525],[6.02025,35.57489],[6.02044,35.57483]]]}},{"type":"Feature","properties":{"Name":"Sans titre - Polygone"},"geometry":{"type":"Polygon","coordinates":[[[6.02044,35.57421],[6.02053,35.57435],[6.02091,35.57454],[6.02051,35.57452],[6.02019,35.57468],[6.02013,35.57422],[6.02044,35.57421]]]}},{"type":"Feature","properties":{"Name":"Sans titre - Polygone"},"geometry":{"type":"Polygon","coordinates":[[[6.01999,35.5735],[6.02032,35.57405],[6.02021,35.57411],[6.01992,35.574],[6.01982,35.57381],[6.01982,35.57359],[6.01999,35.5735]]]}},{"type":"Feature","properties":{"Name":"Sans titre - Polygone"},"geometry":{"type":"Polygon","coordinates":[[[6.0208,35.57316],[6.02099,35.57353],[6.02056,35.57379],[6.02054,35.5734],[6.0208,35.57316]]]}},{"type":"Feature","properties":{"Name":"Sans titre - Polygone"},"geometry":{"type":"Polygon","coordinates":[[[6.02154,35.57425],[6.0217,35.57444],[6.02145,35.57464],[6.02127,35.57431],[6.02154,35.57425]]]}},{"type":"Feature","properties":{"Name":"Sans titre - Polygone"},"geometry":{"type":"Polygon","coordinates":[[[6.02232,35.5753],[6.02221,35.57553],[6.02178,35.57573],[6.02176,35.57536],[6.02203,35.57519],[6.02232,35.5753]]]}},{"type":"Feature","properties":{"Name":"Sans titre - Polygone"},"geometry":{"type":"Polygon","coordinates":[[[6.02321,35.57369],[6.02327,35.57419],[6.0235,35.57444],[6.02331,35.57473],[6.02306,35.57424],[6.02251,35.57391],[6.02262,35.57371],[6.02321,35.57369]]]}},{"type":"Feature","properties":{"Name":"Sans titre - Polygone"},"geometry":{"type":"Polygon","coordinates":[[[6.02253,35.57074],[6.02299,35.57079],[6.02315,35.57093],[6.02283,35.571],[6.02257,35.5709],[6.02253,35.57074]]]}},{"type":"Feature","properties":{"Name":"Sans titre - Polygone"},"geometry":{"type":"Polygon","coordinates":[[[6.02339,35.57128],[6.02374,35.57128],[6.02438,35.57163],[6.02437,35.57177],[6.02349,35.57151],[6.02339,35.57128]]]}},{"type":"Feature","properties":{"Name":"Sans titre - Polygone"},"geometry":{"type":"Polygon","coordinates":[[[6.02591,35.57379],[6.02637,35.57406],[6.02639,35.57418],[6.02603,35.57411],[6.02591,35.57379]]]}},{"type":"Feature","properties":{"Name":"Sans titre - Polygone"},"geometry":{"type":"Polygon","coordinates":[[[6.02628,35.57441],[6.02709,35.57455],[6.02733,35.57468],[6.02703,35.57493],[6.02628,35.57441]]]}},{"type":"Feature","properties":{"Name":"Sans titre - Polygone"},"geometry":{"type":"Polygon","coordinates":[[[6.027,35.57552],[6.02739,35.57628],[6.02756,35.57639],[6.02748,35.57649],[6.02783,35.57661],[6.0278,35.57689],[6.02763,35.57698],[6.0276,35.57744],[6.02783,35.5777],[6.02773,35.57778],[6.02732,35.57746],[6.0268,35.57664],[6.02669,35.57575],[6.027,35.57552]]]}},{"type":"Feature","properties":{"Name":"Sans titre - Polygone"},"geometry":{"type":"Polygon","coordinates":[[[6.02841,35.5788],[6.02847,35.57888],[6.02855,35.57892],[6.02857,35.57893],[6.0286,35.57895],[6.02879,35.579],[6.02902,35.57934],[6.02927,35.57935],[6.02939,35.57962],[6.02869,35.57949],[6.02842,35.57919],[6.0281,35.57906],[6.02798,35.57882],[6.02821,35.57896],[6.02841,35.5788]]]}},{"type":"Feature","properties":{"Name":"Sans titre - Polygone"},"geometry":{"type":"Polygon","coordinates":[[[6.04315,35.5798],[6.04313,35.58011],[6.04284,35.58013],[6.04297,35.57977],[6.04315,35.5798]]]}},{"type":"Feature","properties":{"Name":"Parcours [37:Polygon]"},"geometry":{"type":"Polygon","coordinates":[[[6.0445,35.58032],[6.04389,35.58028],[6.0438,35.58002],[6.0441,35.57998],[6.04443,35.58015],[6.0445,35.58032]]]}},{"type":"Feature","properties":{"Name":"Parcours [36:Polygon]"},"geometry":{"type":"Polygon","coordinates":[[[6.04722,35.5794],[6.04627,35.57947],[6.04606,35.57931],[6.04475,35.57913],[6.04437,35.57883],[6.04434,35.57863],[6.04498,35.57832],[6.04549,35.57835],[6.04554,35.57879],[6.04646,35.5789],[6.04722,35.5794]]]}},{"type":"Feature","properties":{"Name":"Parcours [39:Polygon]"},"geometry":{"type":"Polygon","coordinates":[[[6.04169,35.57674],[6.03936,35.57644],[6.0392,35.57619],[6.0399,35.576],[6.04003,35.57581],[6.0417,35.57628],[6.0423,35.57668],[6.04169,35.57674]]]}},{"type":"Feature","properties":{"Name":"Parcours [38:Polygon]asphodele"},"geometry":{"type":"Polygon","coordinates":[[[6.04325,35.57797],[6.04262,35.57803],[6.04235,35.57779],[6.04253,35.57756],[6.04241,35.57748],[6.04129,35.57757],[6.04096,35.57749],[6.04082,35.57734],[6.04129,35.57714],[6.04062,35.5769],[6.04058,35.57676],[6.04195,35.57701],[6.04307,35.57702],[6.04349,35.57735],[6.04321,35.57767],[6.04325,35.57797]]]}},{"type":"Feature","properties":{"Name":"Parcours [40:Polygon]"},"geometry":{"type":"Polygon","coordinates":[[[6.03844,35.57919],[6.03806,35.57923],[6.03733,35.57943],[6.03742,35.579],[6.03772,35.57882],[6.0383,35.57878],[6.03844,35.57919]]]}},{"type":"Feature","properties":{"Name":"Sans titre - Polygone"},"geometry":{"type":"Polygon","coordinates":[[[6.04121,35.57872],[6.04139,35.57943],[6.0417,35.57959],[6.04104,35.57949],[6.04065,35.57915],[6.04049,35.57866],[6.04074,35.57852],[6.04121,35.57872]]]}},{"type":"Feature","properties":{"Name":"Parcours [34:Polygon]"},"geometry":{"type":"Polygon","coordinates":[[[6.04586,35.58126],[6.04514,35.58188],[6.04488,35.58193],[6.04489,35.58149],[6.04521,35.58124],[6.0454,35.58087],[6.04579,35.58097],[6.04575,35.58116],[6.04586,35.58126]]]}},{"type":"Feature","properties":{"Name":"Parcours [35:Polygon]"},"geometry":{"type":"Polygon","coordinates":[[[6.04964,35.57986],[6.04868,35.58024],[6.04793,35.57973],[6.0484,35.57947],[6.04853,35.57961],[6.04875,35.57949],[6.04881,35.5798],[6.04904,35.57951],[6.04918,35.57966],[6.04957,35.57963],[6.04964,35.57986]]]}},{"type":"Feature","properties":{"Name":"Sans titre - Polygone"},"geometry":{"type":"Polygon","coordinates":[[[6.05055,35.58231],[6.05033,35.5827],[6.05043,35.5829],[6.05025,35.5831],[6.0495,35.58354],[6.04933,35.58387],[6.04901,35.58385],[6.04912,35.58364],[6.0497,35.58321],[6.04972,35.58293],[6.05034,35.58241],[6.05035,35.58226],[6.05055,35.58231]]]}},{"type":"Feature","properties":{"Name":"Parcours [33:Polygon]"},"geometry":{"type":"Polygon","coordinates":[[[6.05623,35.58301],[6.05584,35.58317],[6.05507,35.58295],[6.05463,35.58313],[6.05455,35.58367],[6.05412,35.58377],[6.05361,35.5837],[6.05353,35.58346],[6.05394,35.583],[6.05376,35.58278],[6.05375,35.58203],[6.05311,35.5823],[6.05276,35.58208],[6.0525,35.58209],[6.05226,35.58162],[6.05163,35.58177],[6.05142,35.58142],[6.05114,35.58124],[6.05105,35.58067],[6.05052,35.5804],[6.05028,35.58006],[6.05061,35.57996],[6.05131,35.5801],[6.05166,35.58039],[6.05218,35.58044],[6.05233,35.58074],[6.05268,35.58088],[6.05441,35.58133],[6.05513,35.58121],[6.05518,35.5806],[6.05662,35.58003],[6.05734,35.58022],[6.05715,35.58053],[6.05773,35.5804],[6.05818,35.58061],[6.05826,35.58072],[6.05813,35.58082],[6.05754,35.58103],[6.05739,35.58135],[6.05676,35.58156],[6.05675,35.58184],[6.0561,35.58257],[6.05623,35.58301]]]}},{"type":"Feature","properties":{"Name":"Parcours [32:Polygon]"},"geometry":{"type":"Polygon","coordinates":[[[6.05793,35.58288],[6.05747,35.58303],[6.0573,35.58297],[6.05736,35.58262],[6.05762,35.5825],[6.05784,35.58259],[6.05793,35.58288]]]}},{"type":"Feature","properties":{"Name":"Parcours [30:Polygon]"},"geometry":{"type":"Polygon","coordinates":[[[6.05909,35.58357],[6.05847,35.58395],[6.05813,35.58365],[6.05837,35.58323],[6.0588,35.58296],[6.05895,35.58306],[6.05883,35.58335],[6.05909,35.58357]]]}},{"type":"Feature","properties":{"Name":"Parcours [29:Polygon]"},"geometry":{"type":"Polygon","coordinates":[[[6.06075,35.58413],[6.06064,35.58509],[6.06027,35.58533],[6.06027,35.58557],[6.06007,35.5857],[6.06003,35.58593],[6.05944,35.58627],[6.05929,35.58686],[6.05913,35.58692],[6.05894,35.58662],[6.05871,35.58653],[6.05846,35.58596],[6.05957,35.58561],[6.05987,35.58506],[6.06048,35.58458],[6.06043,35.58412],[6.06075,35.58413]]]}},{"type":"Feature","properties":{"Name":"Parcours [31:Polygon]"},"geometry":{"type":"Polygon","coordinates":[[[6.0625,35.58262],[6.06159,35.5831],[6.06139,35.58307],[6.06123,35.5828],[6.06127,35.5826],[6.0615,35.5825],[6.06202,35.58272],[6.06218,35.58252],[6.06241,35.58251],[6.0625,35.58262]]]}},{"type":"Feature","properties":{"Name":"Parcours [28:Polygon]"},"geometry":{"type":"Polygon","coordinates":[[[6.06903,35.58086],[6.06901,35.58103],[6.06879,35.58105],[6.06851,35.58066],[6.06812,35.58065],[6.06783,35.58021],[6.06703,35.58042],[6.06679,35.58007],[6.06643,35.57999],[6.0661,35.58024],[6.06662,35.5804],[6.06655,35.58058],[6.06393,35.58075],[6.06365,35.58093],[6.06363,35.58133],[6.06339,35.58155],[6.06325,35.58141],[6.06349,35.58086],[6.06309,35.58083],[6.06299,35.58063],[6.06389,35.58047],[6.06417,35.58017],[6.06363,35.57997],[6.06273,35.58003],[6.06261,35.57994],[6.06325,35.57961],[6.0648,35.57948],[6.06573,35.57913],[6.06595,35.57926],[6.06594,35.57959],[6.06609,35.57974],[6.06959,35.58016],[6.06998,35.58034],[6.07019,35.58068],[6.07016,35.58081],[6.06992,35.58091],[6.06903,35.58086]]]}},{"type":"Feature","properties":{"Name":"Parcours [27:Polygon]"},"geometry":{"type":"Polygon","coordinates":[[[6.0672,35.58274],[6.06702,35.58287],[6.06673,35.58269],[6.06708,35.58238],[6.06725,35.58251],[6.0672,35.58274]]]}},{"type":"Feature","properties":{"Name":"Parcours [23:Polygon]"},"geometry":{"type":"Polygon","coordinates":[[[6.06832,35.58592],[6.06772,35.58593],[6.06797,35.58536],[6.06838,35.58577],[6.06832,35.58592]]]}},{"type":"Feature","properties":{"Name":"Parcours [24:Polygon]"},"geometry":{"type":"Polygon","coordinates":[[[6.0688,35.58554],[6.06855,35.58539],[6.0686,35.58522],[6.06878,35.58515],[6.06896,35.5853],[6.0688,35.58554]]]}},{"type":"Feature","properties":{"Name":"Parcours [26:Polygon]"},"geometry":{"type":"Polygon","coordinates":[[[6.07395,35.58044],[6.07353,35.58087],[6.07319,35.58089],[6.07302,35.58038],[6.0727,35.58026],[6.0718,35.58034],[6.07123,35.58058],[6.07087,35.58053],[6.07052,35.57963],[6.07089,35.57939],[6.07152,35.5796],[6.07169,35.5795],[6.07165,35.57934],[6.07117,35.57906],[6.07107,35.5788],[6.07128,35.57861],[6.07178,35.57861],[6.0721,35.57881],[6.07202,35.57915],[6.07226,35.57912],[6.07193,35.5797],[6.07227,35.5797],[6.07273,35.57993],[6.07294,35.57988],[6.073,35.5802],[6.07395,35.58044]]]}},{"type":"Feature","properties":{"Name":"Parcours [25:Polygon]"},"geometry":{"type":"Polygon","coordinates":[[[6.07155,35.58495],[6.07111,35.58482],[6.07093,35.58381],[6.07055,35.583],[6.06902,35.5818],[6.06897,35.58131],[6.06911,35.5811],[6.06978,35.58129],[6.07018,35.58115],[6.07095,35.58138],[6.07154,35.58181],[6.07234,35.58209],[6.07215,35.58273],[6.07226,35.58324],[6.07168,35.58417],[6.07158,35.58454],[6.07168,35.58482],[6.07155,35.58495]]]}},{"type":"Feature","properties":{"Name":"Parcours [22:Polygon]"},"geometry":{"type":"Polygon","coordinates":[[[6.07374,35.58678],[6.07312,35.58674],[6.0727,35.58687],[6.07283,35.58655],[6.07321,35.58627],[6.07383,35.58664],[6.07374,35.58678]]]}},{"type":"Feature","properties":{"Name":"Sans titre - Polygone"},"geometry":{"type":"Polygon","coordinates":[[[6.07307,35.59326],[6.07204,35.59367],[6.07194,35.59365],[6.07199,35.59338],[6.07236,35.59311],[6.07277,35.59303],[6.07308,35.59316],[6.07307,35.59326]]]}},{"type":"Feature","properties":{"Name":"Parcours [18:Polygon]"},"geometry":{"type":"Polygon","coordinates":[[[6.07756,35.59914],[6.07723,35.59922],[6.07713,35.59899],[6.07742,35.59879],[6.07744,35.59841],[6.07762,35.59827],[6.07781,35.59871],[6.07756,35.59914]]]}},{"type":"Feature","properties":{"Name":"Parcours [13:Polygon]"},"geometry":{"type":"Polygon","coordinates":[[[6.07577,35.59819],[6.07548,35.59834],[6.07531,35.59875],[6.07506,35.59868],[6.07531,35.59755],[6.07592,35.59694],[6.07665,35.59668],[6.07634,35.59745],[6.07577,35.59819]]]}},{"type":"Feature","properties":{"Name":"Sans titre - Polygone"},"geometry":{"type":"Polygon","coordinates":[[[6.07748,35.5954],[6.07711,35.59564],[6.07671,35.59544],[6.07629,35.59553],[6.07621,35.59594],[6.07584,35.5959],[6.07572,35.59575],[6.07613,35.59495],[6.07632,35.59494],[6.07645,35.5953],[6.07667,35.5953],[6.07697,35.59514],[6.07712,35.59475],[6.07725,35.59489],[6.07718,35.59511],[6.07748,35.5954]]]}},{"type":"Feature","properties":{"Name":"Parcours [19:Polygon]"},"geometry":{"type":"Polygon","coordinates":[[[6.07917,35.59663],[6.07852,35.59687],[6.0783,35.59668],[6.07809,35.59609],[6.07828,35.59602],[6.0785,35.5962],[6.07894,35.59629],[6.07914,35.59639],[6.07917,35.59663]]]}},{"type":"Feature","properties":{"Name":"Parcours [21:Polygon]"},"geometry":{"type":"Polygon","coordinates":[[[6.07644,35.5932],[6.07568,35.59288],[6.07474,35.5934],[6.07389,35.59348],[6.07368,35.5933],[6.07382,35.59295],[6.07475,35.59259],[6.07554,35.59189],[6.07572,35.59161],[6.07543,35.59116],[6.076,35.59092],[6.076,35.59078],[6.07562,35.59072],[6.0748,35.59101],[6.07455,35.59097],[6.07442,35.59072],[6.07447,35.59049],[6.07464,35.59038],[6.07582,35.5905],[6.07599,35.59037],[6.07542,35.58981],[6.07521,35.58923],[6.07552,35.58871],[6.07617,35.58867],[6.07591,35.58825],[6.07517,35.58799],[6.07492,35.58764],[6.07525,35.58763],[6.07543,35.5878],[6.07536,35.58748],[6.07556,35.58723],[6.07584,35.58735],[6.07593,35.58765],[6.07628,35.5877],[6.0765,35.5876],[6.07667,35.58701],[6.077,35.58684],[6.07768,35.5861],[6.07804,35.58545],[6.07803,35.58505],[6.07829,35.5854],[6.07862,35.58556],[6.07891,35.58631],[6.07889,35.58643],[6.07852,35.58651],[6.07835,35.58673],[6.07841,35.58706],[6.07876,35.58762],[6.07966,35.58876],[6.08052,35.58862],[6.0808,35.58836],[6.08112,35.58835],[6.08132,35.58849],[6.08157,35.5889],[6.08185,35.59032],[6.08159,35.59057],[6.0807,35.59101],[6.08061,35.59179],[6.08026,35.59195],[6.08011,35.59229],[6.07912,35.5924],[6.07824,35.5922],[6.07743,35.59229],[6.07725,35.59267],[6.07689,35.59285],[6.07692,35.59318],[6.07644,35.5932]]]}},{"type":"Feature","properties":{"Name":"Parcours [20:Polygon]"},"geometry":{"type":"Polygon","coordinates":[[[6.07913,35.59438],[6.0787,35.59418],[6.07798,35.59443],[6.07786,35.59419],[6.07802,35.59379],[6.07851,35.59318],[6.07938,35.59279],[6.0803,35.59287],[6.08032,35.59305],[6.07986,35.59337],[6.07964,35.59331],[6.07955,35.59299],[6.07927,35.593],[6.07909,35.59378],[6.07913,35.59438]]]}},{"type":"Feature","properties":{"Name":"Parcours [12:Polygon]"},"geometry":{"type":"Polygon","coordinates":[[[6.08067,35.59753],[6.08006,35.59685],[6.08002,35.59636],[6.07972,35.59558],[6.07976,35.59542],[6.08001,35.59531],[6.08019,35.59477],[6.0804,35.59461],[6.08082,35.59493],[6.08073,35.59529],[6.08082,35.59581],[6.08108,35.59615],[6.081,35.59659],[6.0811,35.59713],[6.08088,35.59717],[6.08067,35.59753]]]}},{"type":"Feature","properties":{"Name":"Parcours [16:Polygon]"},"geometry":{"type":"Polygon","coordinates":[[[6.08421,35.59568],[6.08417,35.59611],[6.08391,35.59624],[6.08421,35.59568]]]}},{"type":"Feature","properties":{"Name":"Parcours [17:Polygon]"},"geometry":{"type":"Polygon","coordinates":[[[6.08323,35.59461],[6.08291,35.59467],[6.08287,35.5943],[6.08261,35.59425],[6.08241,35.59399],[6.08203,35.59422],[6.08188,35.59419],[6.08155,35.59381],[6.08151,35.59356],[6.08201,35.59341],[6.08215,35.59386],[6.08269,35.59393],[6.08299,35.59412],[6.08327,35.59443],[6.08323,35.59461]]]}},{"type":"Feature","properties":{"Name":"Parcours [15:Polygon]"},"geometry":{"type":"Polygon","coordinates":[[[6.08519,35.59393],[6.08452,35.59409],[6.08404,35.59375],[6.08399,35.59313],[6.0842,35.5929],[6.08431,35.59238],[6.08448,35.59246],[6.0848,35.59302],[6.0851,35.59301],[6.08528,35.59318],[6.08519,35.59393]]]}},{"type":"Feature","properties":{"Name":"Sans titre - Polygone"},"geometry":{"type":"Polygon","coordinates":[[[6.08102,35.5909],[6.08172,35.59066],[6.0822,35.59088],[6.08245,35.59077],[6.08326,35.59202],[6.0835,35.59198],[6.08373,35.5921],[6.08375,35.59226],[6.08401,35.59214],[6.0841,35.59267],[6.08375,35.59305],[6.08365,35.5936],[6.08382,35.59418],[6.08361,35.59425],[6.08344,35.59397],[6.08348,35.59358],[6.08327,35.59364],[6.083,35.59337],[6.08273,35.59332],[6.08265,35.59296],[6.08308,35.59278],[6.08339,35.59295],[6.08363,35.59276],[6.0831,35.59241],[6.08302,35.59222],[6.08256,35.59237],[6.08268,35.59275],[6.08243,35.59266],[6.08235,35.59256],[6.08256,35.59218],[6.08246,35.59213],[6.08231,35.59237],[6.08229,35.59208],[6.08244,35.59167],[6.08198,35.59159],[6.08212,35.59185],[6.08191,35.59214],[6.08187,35.59192],[6.0811,35.59145],[6.08073,35.59145],[6.08086,35.59094],[6.08108,35.59127],[6.08181,35.59169],[6.0816,35.59133],[6.08102,35.5909]]]}},{"type":"Feature","properties":{"Name":"Sans titre - Polygone"},"geometry":{"type":"Polygon","coordinates":[[[6.09187,35.59906],[6.09157,35.59917],[6.09144,35.59946],[6.09125,35.59933],[6.09148,35.59924],[6.09168,35.59883],[6.09181,35.59886],[6.09187,35.59906]]]}},{"type":"Feature","properties":{"Name":"Parcours [10:Polygon]"},"geometry":{"type":"Polygon","coordinates":[[[6.08873,35.59882],[6.08797,35.59888],[6.08792,35.59845],[6.08819,35.59824],[6.08856,35.59824],[6.0888,35.59804],[6.08888,35.59821],[6.08873,35.59844],[6.08888,35.59871],[6.08873,35.59882]]]}},{"type":"Feature","properties":{"Name":"Parcours [14:Polygon]"},"geometry":{"type":"Polygon","coordinates":[[[6.08502,35.59675],[6.08472,35.59673],[6.0845,35.5965],[6.08473,35.59613],[6.08469,35.59587],[6.08487,35.59524],[6.08515,35.59498],[6.08531,35.5945],[6.08532,35.59344],[6.08557,35.59321],[6.08611,35.59357],[6.08613,35.59405],[6.08598,35.59445],[6.08573,35.59441],[6.08596,35.59456],[6.08593,35.59478],[6.08561,35.59459],[6.08538,35.59474],[6.08552,35.59562],[6.08519,35.59598],[6.08519,35.59663],[6.08502,35.59675]]]}},{"type":"Feature","properties":{"Name":"Parcours [11:Polygon]"},"geometry":{"type":"Polygon","coordinates":[[[6.08857,35.59716],[6.08773,35.59717],[6.08754,35.59708],[6.08744,35.59685],[6.08729,35.59698],[6.08708,35.59694],[6.08628,35.59626],[6.08625,35.59578],[6.08651,35.59562],[6.08682,35.59586],[6.08695,35.59609],[6.0869,35.59656],[6.08711,35.5962],[6.08746,35.59636],[6.08758,35.59577],[6.08742,35.59547],[6.08776,35.59551],[6.08773,35.59522],[6.08838,35.5955],[6.0888,35.59554],[6.08888,35.59563],[6.08879,35.59581],[6.08899,35.59606],[6.08868,35.59613],[6.08845,35.59637],[6.08864,35.59702],[6.08857,35.59716]]]}},{"type":"Feature","properties":{"Name":"Sans titre - Polygone"},"geometry":{"type":"Polygon","coordinates":[[[6.08896,35.59573],[6.08938,35.59583],[6.08935,35.59601],[6.08961,35.59633],[6.08948,35.59637],[6.08941,35.59658],[6.08953,35.5967],[6.08941,35.59679],[6.08907,35.59669],[6.08922,35.59641],[6.0888,35.59643],[6.08874,35.59624],[6.08899,35.59613],[6.08896,35.59573]]]}},{"type":"Feature","properties":{"Name":"Sans titre - Polygone"},"geometry":{"type":"Polygon","coordinates":[[[6.08926,35.59698],[6.08935,35.59715],[6.08989,35.59743],[6.09021,35.59715],[6.09026,35.59723],[6.08994,35.59759],[6.08904,35.59712],[6.08871,35.59712],[6.08883,35.59695],[6.08926,35.59698]]]}},{"type":"Feature","properties":{"Name":"Sans titre - Polygone"},"geometry":{"type":"Polygon","coordinates":[[[6.1078,35.59915],[6.10772,35.59951],[6.10745,35.59958],[6.10705,35.59941],[6.10704,35.59929],[6.10638,35.5994],[6.10572,35.59926],[6.10548,35.59895],[6.10646,35.59922],[6.10683,35.59927],[6.10681,35.59919],[6.10557,35.59875],[6.10497,35.59875],[6.10496,35.59861],[6.10525,35.59856],[6.10652,35.5989],[6.10702,35.59915],[6.1078,35.59915]]]}},{"type":"Feature","properties":{"Name":"Parcours [8:Polygon]"},"geometry":{"type":"Polygon","coordinates":[[[6.09388,35.60035],[6.09366,35.60052],[6.09342,35.60052],[6.09308,35.59994],[6.09309,35.59953],[6.0929,35.59944],[6.09284,35.59837],[6.09272,35.59809],[6.09218,35.59845],[6.09209,35.59806],[6.09164,35.59737],[6.09139,35.59746],[6.09135,35.59783],[6.091,35.59846],[6.09104,35.59907],[6.09071,35.59945],[6.09078,35.59882],[6.09052,35.5983],[6.09083,35.59796],[6.09088,35.59748],[6.09033,35.5977],[6.09014,35.59767],[6.09006,35.59751],[6.0903,35.59725],[6.09088,35.59715],[6.09088,35.59675],[6.09123,35.5966],[6.09154,35.59681],[6.09149,35.59703],[6.09192,35.5973],[6.09197,35.59702],[6.09171,35.59635],[6.09104,35.59602],[6.09142,35.59598],[6.09152,35.59572],[6.09183,35.59581],[6.09236,35.59632],[6.09273,35.5972],[6.09292,35.59701],[6.09285,35.59654],[6.09303,35.59649],[6.09405,35.59702],[6.09438,35.59698],[6.09371,35.59647],[6.09314,35.59637],[6.09282,35.59652],[6.09267,35.59623],[6.09291,35.59595],[6.09391,35.59626],[6.09442,35.59671],[6.09486,35.59664],[6.09498,35.59682],[6.09566,35.59693],[6.09584,35.59708],[6.09702,35.59724],[6.09684,35.59738],[6.09708,35.5976],[6.09702,35.59797],[6.09653,35.59787],[6.09613,35.59809],[6.09614,35.5983],[6.0967,35.59873],[6.09663,35.59888],[6.0956,35.599],[6.09438,35.59826],[6.09428,35.59921],[6.09442,35.6],[6.09413,35.60034],[6.09388,35.60035]]]}},{"type":"Feature","properties":{"Name":"Sans titre - Polygone"},"geometry":{"type":"Polygon","coordinates":[[[6.09912,35.5993],[6.0984,35.59944],[6.09758,35.59914],[6.09726,35.59915],[6.09749,35.59896],[6.09716,35.59867],[6.09787,35.59877],[6.09819,35.59909],[6.09905,35.59921],[6.09912,35.5993]]]}},{"type":"Feature","properties":{"Name":"Parcours [7:Polygon]"},"geometry":{"type":"Polygon","coordinates":[[[6.10098,35.59954],[6.10002,35.60022],[6.09966,35.60013],[6.09885,35.60061],[6.09854,35.60064],[6.09847,35.60042],[6.09861,35.59977],[6.09877,35.59955],[6.09932,35.59939],[6.09961,35.59915],[6.10002,35.59918],[6.10037,35.59897],[6.10059,35.59908],[6.10029,35.59925],[6.1002,35.59948],[6.10067,35.59941],[6.10098,35.59954]]]}},{"type":"Feature","properties":{"Name":"Parcours [13:Polygon]"},"geometry":{"type":"Polygon","coordinates":[[[6.24153,35.64379],[6.24032,35.64416],[6.2404,35.64388],[6.24066,35.64364],[6.24009,35.64341],[6.23991,35.64359],[6.23991,35.64342],[6.24012,35.64334],[6.24065,35.6434],[6.24072,35.64315],[6.24093,35.64309],[6.24153,35.64379]]]}},{"type":"Feature","properties":{"Name":"Parcours [5:Polygon]"},"geometry":{"type":"Polygon","coordinates":[[[6.22146,35.63927],[6.22121,35.63918],[6.22103,35.63893],[6.22119,35.63885],[6.22117,35.63864],[6.22133,35.63858],[6.22158,35.63859],[6.2218,35.63886],[6.22164,35.63901],[6.22169,35.63912],[6.22146,35.63927]]]}},{"type":"Feature","properties":{"Name":"Parcours [2:Polygon]"},"geometry":{"type":"Polygon","coordinates":[[[6.22028,35.63195],[6.21968,35.632],[6.21919,35.6318],[6.21876,35.63201],[6.21866,35.63178],[6.21853,35.63178],[6.21862,35.63157],[6.21841,35.63158],[6.21837,35.63133],[6.21876,35.6312],[6.21874,35.63104],[6.21927,35.63054],[6.2193,35.63079],[6.21949,35.63058],[6.21973,35.63056],[6.2203,35.63098],[6.21992,35.63127],[6.21987,35.63149],[6.22028,35.63195]]]}},{"type":"Feature","properties":{"Name":"Parcours"},"geometry":{"type":"Polygon","coordinates":[[[6.22355,35.63544],[6.22322,35.63567],[6.22301,35.63555],[6.22303,35.63529],[6.22283,35.63537],[6.22211,35.63496],[6.22189,35.63477],[6.22184,35.63449],[6.2213,35.63457],[6.2212,35.63432],[6.22111,35.63438],[6.22132,35.63364],[6.22121,35.63341],[6.22094,35.63324],[6.2209,35.63309],[6.22108,35.63298],[6.22101,35.6327],[6.22054,35.63218],[6.22092,35.63206],[6.22084,35.63173],[6.221,35.63145],[6.22134,35.63184],[6.22136,35.63196],[6.2211,35.63214],[6.222,35.63276],[6.2221,35.63312],[6.22255,35.63326],[6.22317,35.63379],[6.22332,35.63377],[6.22338,35.63406],[6.22316,35.63419],[6.22369,35.6347],[6.22335,35.63515],[6.22355,35.63544]]]}},{"type":"Feature","properties":{"Name":"Parcours [7:Polygon]"},"geometry":{"type":"Polygon","coordinates":[[[6.20772,35.63625],[6.20678,35.63623],[6.20644,35.63565],[6.20631,35.63564],[6.20615,35.6349],[6.20645,35.63474],[6.20671,35.6348],[6.20765,35.63462],[6.20796,35.6343],[6.20792,35.63421],[6.20845,35.63405],[6.20866,35.63364],[6.20915,35.63321],[6.20946,35.63322],[6.20948,35.6334],[6.21001,35.63308],[6.21025,35.63322],[6.21042,35.63317],[6.21024,35.63352],[6.20996,35.63358],[6.20982,35.63348],[6.20978,35.63373],[6.20963,35.63375],[6.20963,35.63362],[6.2093,35.63393],[6.20901,35.6339],[6.2083,35.63439],[6.20805,35.63473],[6.2081,35.63507],[6.20791,35.63513],[6.20772,35.63625]]]}},{"type":"Feature","properties":{"Name":"Parcours [8:Polygon]"},"geometry":{"type":"Polygon","coordinates":[[[6.21796,35.63616],[6.21745,35.63636],[6.21678,35.63611],[6.2167,35.63593],[6.21649,35.63604],[6.21634,35.63585],[6.2159,35.63585],[6.21574,35.63573],[6.21558,35.63582],[6.2155,35.63555],[6.21509,35.6355],[6.21511,35.63537],[6.21498,35.63533],[6.21466,35.63541],[6.21439,35.63528],[6.214,35.6354],[6.21448,35.63517],[6.2146,35.63497],[6.21489,35.63495],[6.21491,35.63477],[6.21579,35.63482],[6.21574,35.63463],[6.21605,35.63458],[6.21592,35.63414],[6.21621,35.63386],[6.21605,35.63378],[6.21579,35.63392],[6.2156,35.63368],[6.21566,35.63361],[6.2154,35.63349],[6.2155,35.63311],[6.21535,35.63312],[6.21539,35.6329],[6.21517,35.6327],[6.21488,35.63273],[6.21479,35.63253],[6.21488,35.6324],[6.21463,35.63223],[6.2145,35.6316],[6.21405,35.63122],[6.21302,35.63128],[6.21294,35.63101],[6.2134,35.63039],[6.2139,35.63017],[6.2149,35.63005],[6.2153,35.62983],[6.21573,35.62983],[6.21589,35.63019],[6.21622,35.63023],[6.21619,35.63034],[6.21636,35.63031],[6.21639,35.63046],[6.21689,35.63059],[6.21671,35.63068],[6.21682,35.63103],[6.216,35.63101],[6.21577,35.63162],[6.21548,35.63196],[6.21534,35.63195],[6.21521,35.63247],[6.21559,35.63298],[6.21597,35.63275],[6.2161,35.63308],[6.21607,35.63355],[6.21621,35.63378],[6.21655,35.6336],[6.21652,35.63347],[6.2168,35.63361],[6.21678,35.63371],[6.21699,35.63369],[6.21698,35.63381],[6.2177,35.63346],[6.21808,35.63402],[6.21885,35.63427],[6.21881,35.6344],[6.21893,35.63448],[6.21879,35.63456],[6.21889,35.6348],[6.21858,35.63468],[6.21837,35.63498],[6.21812,35.63502],[6.21814,35.6356],[6.21797,35.63591],[6.21764,35.63605],[6.21796,35.63616]]]}},{"type":"Feature","properties":{"Name":"Parcours [12:Polygon]"},"geometry":{"type":"Polygon","coordinates":[[[6.20013,35.63056],[6.19952,35.63035],[6.19979,35.63007],[6.19951,35.63002],[6.19991,35.62972],[6.19914,35.62994],[6.19866,35.62979],[6.19996,35.62934],[6.20006,35.62906],[6.20043,35.62887],[6.20056,35.6289],[6.20064,35.62913],[6.2,35.62972],[6.20055,35.62965],[6.20054,35.63024],[6.20013,35.63056]]]}},{"type":"Feature","properties":{"Name":"Parcours [6:Polygon]"},"geometry":{"type":"Polygon","coordinates":[[[6.21119,35.62965],[6.21106,35.62992],[6.21079,35.6301],[6.2094,35.62994],[6.20884,35.62965],[6.20883,35.62937],[6.2087,35.62939],[6.20851,35.62908],[6.20829,35.62912],[6.20801,35.62943],[6.20784,35.62925],[6.20782,35.62941],[6.20776,35.62926],[6.20739,35.62913],[6.20725,35.62924],[6.20722,35.62893],[6.20746,35.62883],[6.20785,35.62887],[6.20836,35.62832],[6.20915,35.62901],[6.2099,35.62922],[6.21046,35.62916],[6.21062,35.62935],[6.21073,35.62916],[6.21143,35.62958],[6.21119,35.62965]]]}},{"type":"Feature","properties":{"Name":"Parcours [9:Polygon]"},"geometry":{"type":"Polygon","coordinates":[[[6.20513,35.63509],[6.20453,35.6352],[6.20446,35.63503],[6.2045,35.63432],[6.20426,35.63417],[6.20415,35.63385],[6.20412,35.63338],[6.20429,35.63279],[6.20423,35.63235],[6.20363,35.63243],[6.20335,35.63218],[6.20296,35.63215],[6.20242,35.63179],[6.20259,35.63168],[6.20332,35.63182],[6.20391,35.63144],[6.20421,35.631],[6.20374,35.6306],[6.20275,35.63072],[6.20223,35.63099],[6.20179,35.63105],[6.20131,35.63051],[6.20116,35.62923],[6.20138,35.62859],[6.20188,35.62811],[6.20207,35.62816],[6.20193,35.62849],[6.20222,35.62855],[6.20206,35.62894],[6.2021,35.62916],[6.20262,35.629],[6.20296,35.62853],[6.20339,35.62888],[6.20347,35.62917],[6.20335,35.62931],[6.20348,35.62956],[6.20411,35.62924],[6.20438,35.62854],[6.20463,35.62846],[6.20521,35.62862],[6.2054,35.62842],[6.20522,35.62815],[6.20569,35.6282],[6.20561,35.62861],[6.2058,35.62863],[6.20602,35.62892],[6.206,35.62927],[6.20639,35.62939],[6.20647,35.62956],[6.20556,35.63002],[6.20527,35.63048],[6.20527,35.6308],[6.2054,35.63096],[6.2055,35.63093],[6.20573,35.6303],[6.20611,35.63038],[6.20636,35.63077],[6.20688,35.63055],[6.20723,35.63058],[6.20738,35.63071],[6.2073,35.63087],[6.20657,35.6313],[6.20644,35.63159],[6.20595,35.63189],[6.20563,35.63246],[6.20559,35.63294],[6.20519,35.63379],[6.20518,35.63448],[6.20504,35.63461],[6.20513,35.63509]]]}},{"type":"Feature","properties":{"Name":"Parcours [10:Polygon]"},"geometry":{"type":"Polygon","coordinates":[[[6.20088,35.62846],[6.20048,35.62835],[6.19991,35.62858],[6.19946,35.62852],[6.19877,35.62812],[6.19853,35.62777],[6.19837,35.62785],[6.19779,35.62746],[6.19638,35.62733],[6.19585,35.62778],[6.19541,35.62781],[6.19533,35.62771],[6.19581,35.62717],[6.19624,35.62713],[6.19612,35.62729],[6.19625,35.62734],[6.19756,35.62702],[6.19805,35.62709],[6.19901,35.62646],[6.1992,35.62675],[6.19927,35.62644],[6.19962,35.6265],[6.19962,35.62661],[6.19941,35.62661],[6.19952,35.6269],[6.19996,35.62673],[6.20303,35.62672],[6.20442,35.62712],[6.20388,35.62739],[6.20336,35.6272],[6.2029,35.6273],[6.20214,35.62711],[6.2021,35.62726],[6.2023,35.62735],[6.20206,35.62734],[6.20136,35.62767],[6.20146,35.62784],[6.20111,35.62829],[6.20083,35.62823],[6.201,35.62837],[6.20088,35.62846]]]}},{"type":"Feature","properties":{"Name":"Sans titre - Polygone"},"geometry":{"type":"Polygon","coordinates":[[[6.18963,35.62437],[6.18967,35.62373],[6.19002,35.62347],[6.19042,35.62356],[6.19077,35.62387],[6.19072,35.62403],[6.19034,35.62425],[6.18977,35.62445],[6.18963,35.62437]]]}},{"type":"Feature","properties":{"Name":"Parcours [24:Polygon]"},"geometry":{"type":"Polygon","coordinates":[[[6.17742,35.62654],[6.17692,35.62657],[6.17671,35.62691],[6.17608,35.62712],[6.17545,35.6276],[6.17527,35.62747],[6.17527,35.62663],[6.17553,35.62606],[6.17606,35.62573],[6.17703,35.62537],[6.17738,35.62507],[6.17777,35.62523],[6.17762,35.62563],[6.17791,35.62589],[6.17752,35.62652],[6.17743,35.62625],[6.17752,35.62609],[6.17742,35.62594],[6.17726,35.62602],[6.17742,35.62654]]]}},{"type":"Feature","properties":{"Name":"Parcours [26:Polygon]"},"geometry":{"type":"Polygon","coordinates":[[[6.14634,35.62069],[6.14496,35.62145],[6.14493,35.62134],[6.1453,35.62088],[6.1453,35.62002],[6.14486,35.62051],[6.14504,35.62086],[6.14497,35.62105],[6.1446,35.62131],[6.14445,35.62111],[6.14473,35.62074],[6.14488,35.62026],[6.14464,35.61996],[6.14479,35.61905],[6.14461,35.61864],[6.1448,35.61801],[6.14499,35.61783],[6.14495,35.61765],[6.14508,35.61765],[6.14509,35.61747],[6.14528,35.61749],[6.14509,35.61736],[6.14523,35.61722],[6.14556,35.61741],[6.14541,35.61771],[6.14559,35.61771],[6.14568,35.61795],[6.14588,35.61785],[6.14603,35.61794],[6.14653,35.61854],[6.14622,35.6187],[6.14655,35.6188],[6.14613,35.61912],[6.14599,35.6196],[6.14607,35.62002],[6.1457,35.62036],[6.14582,35.62046],[6.14634,35.62017],[6.14634,35.62069]]]}},{"type":"Feature","properties":{"Name":"Sans titre - Polygone [68:Polygon]"},"geometry":{"type":"Polygon","coordinates":[[[6.13101,35.61437],[6.13011,35.61497],[6.13076,35.61506],[6.13083,35.61487],[6.13107,35.61489],[6.13298,35.61556],[6.13332,35.61603],[6.13306,35.61611],[6.13335,35.61634],[6.13273,35.61608],[6.13194,35.61609],[6.13138,35.61596],[6.13092,35.61563],[6.13038,35.61552],[6.13021,35.61516],[6.12998,35.61514],[6.12999,35.6154],[6.12981,35.61527],[6.12991,35.61502],[6.1298,35.61482],[6.12945,35.61479],[6.12936,35.61463],[6.12955,35.61457],[6.12945,35.61435],[6.12956,35.61419],[6.13013,35.61398],[6.13061,35.61403],[6.13101,35.61437]]]}},{"type":"Feature","properties":{"Name":"Parcours"},"geometry":{"type":"Polygon","coordinates":[[[6.12335,35.60248],[6.12342,35.60221],[6.124,35.60215],[6.12492,35.60246],[6.12544,35.60295],[6.12616,35.60235],[6.12638,35.60241],[6.12575,35.60278],[6.1257,35.60339],[6.12583,35.60366],[6.12674,35.6041],[6.12775,35.60438],[6.13027,35.60555],[6.13049,35.60593],[6.13041,35.60615],[6.1298,35.60627],[6.12941,35.60619],[6.12909,35.60585],[6.12859,35.60562],[6.12782,35.60571],[6.12674,35.60616],[6.12621,35.60682],[6.12665,35.60694],[6.12802,35.60683],[6.12768,35.60713],[6.12767,35.6073],[6.12866,35.6075],[6.12931,35.60814],[6.1294,35.60858],[6.12914,35.60898],[6.12829,35.60917],[6.12758,35.60895],[6.12763,35.60873],[6.12812,35.60829],[6.12766,35.60801],[6.12719,35.60802],[6.12687,35.60827],[6.12714,35.60843],[6.12705,35.60857],[6.12618,35.60894],[6.12556,35.6094],[6.1253,35.60937],[6.12488,35.60888],[6.12378,35.60887],[6.12275,35.60929],[6.12258,35.60956],[6.12266,35.60973],[6.12232,35.60978],[6.12222,35.60958],[6.12243,35.60927],[6.1225,35.60876],[6.12329,35.60833],[6.1238,35.60762],[6.12435,35.60741],[6.12441,35.60726],[6.12427,35.607],[6.12389,35.60671],[6.12319,35.60675],[6.12241,35.60646],[6.1211,35.60691],[6.12074,35.60692],[6.1207,35.60679],[6.12129,35.60636],[6.1215,35.60594],[6.12134,35.60545],[6.12104,35.60512],[6.12065,35.60485],[6.11976,35.60486],[6.11933,35.6044],[6.11869,35.6041],[6.1174,35.6038],[6.11684,35.60384],[6.11637,35.6033],[6.11647,35.60304],[6.1171,35.60276],[6.11735,35.60178],[6.11781,35.60186],[6.11872,35.60256],[6.12041,35.60356],[6.12052,35.60377],[6.12013,35.60401],[6.12003,35.60421],[6.12031,35.6045],[6.12093,35.60476],[6.12171,35.60488],[6.12176,35.60463],[6.12149,35.60432],[6.12151,35.60417],[6.12203,35.60402],[6.12256,35.60414],[6.12272,35.60404],[6.12299,35.60334],[6.12324,35.60321],[6.1235,35.60277],[6.12335,35.60248]]]}},{"type":"Feature","properties":{"Name":"Sans titre - Polygone"},"geometry":{"type":"Polygon","coordinates":[[[6.11392,35.60482],[6.11393,35.60513],[6.11359,35.6054],[6.11352,35.60524],[6.11364,35.60484],[6.11392,35.60482]]]}},{"type":"Feature","properties":{"Name":"Parcours [1:Polygon]"},"geometry":{"type":"Polygon","coordinates":[[[6.11448,35.60697],[6.11413,35.60742],[6.11386,35.6075],[6.1134,35.60745],[6.11326,35.60728],[6.11294,35.60722],[6.1127,35.60687],[6.11309,35.6065],[6.11356,35.60677],[6.11415,35.60653],[6.11387,35.60647],[6.11365,35.60657],[6.11348,35.60643],[6.11367,35.60632],[6.11379,35.60578],[6.11399,35.60563],[6.11392,35.60555],[6.11447,35.60511],[6.11454,35.60472],[6.11479,35.6045],[6.11528,35.60539],[6.11506,35.60586],[6.11519,35.60589],[6.11512,35.60628],[6.11484,35.6063],[6.11448,35.60657],[6.11448,35.60697]]]}},{"type":"Feature","properties":{"Name":"Parcours [3:Polygon]"},"geometry":{"type":"Polygon","coordinates":[[[6.1142,35.60322],[6.11428,35.60408],[6.1139,35.60422],[6.11373,35.604],[6.11395,35.60393],[6.11397,35.60378],[6.11353,35.60354],[6.11313,35.60363],[6.11311,35.60315],[6.11346,35.60285],[6.114,35.60267],[6.11423,35.60303],[6.11385,35.60342],[6.1142,35.60322]]]}},{"type":"Feature","properties":{"Name":"Parcours [2:Polygon]"},"geometry":{"type":"Polygon","coordinates":[[[6.11612,35.60415],[6.11552,35.60432],[6.11528,35.60387],[6.11505,35.60403],[6.11501,35.60388],[6.11454,35.60362],[6.11442,35.60307],[6.11458,35.60278],[6.1151,35.603],[6.1152,35.60348],[6.11533,35.60349],[6.1155,35.60329],[6.11612,35.60415]]]}},{"type":"Feature","properties":{"Name":"Parcours [4:Polygon]"},"geometry":{"type":"Polygon","coordinates":[[[6.11325,35.60287],[6.11277,35.60284],[6.11203,35.60257],[6.11091,35.60259],[6.11083,35.60346],[6.11062,35.60372],[6.11067,35.60396],[6.11012,35.60439],[6.11023,35.60496],[6.10987,35.60548],[6.10963,35.60533],[6.10957,35.60491],[6.10936,35.60468],[6.10921,35.60348],[6.10887,35.60324],[6.10848,35.60344],[6.10824,35.60342],[6.10796,35.603],[6.10762,35.60317],[6.10745,35.60316],[6.10727,35.60294],[6.10665,35.60303],[6.1066,35.60258],[6.10723,35.60128],[6.10709,35.60121],[6.10711,35.60088],[6.10693,35.60071],[6.10735,35.60046],[6.10755,35.60002],[6.10787,35.59971],[6.10813,35.59879],[6.10818,35.59761],[6.10854,35.59748],[6.10935,35.59756],[6.1096,35.59714],[6.11011,35.59714],[6.11061,35.59645],[6.11098,35.59623],[6.11117,35.59638],[6.11065,35.59685],[6.11087,35.59699],[6.11185,35.59702],[6.11205,35.59756],[6.11189,35.59775],[6.11158,35.59779],[6.1108,35.59755],[6.11071,35.59766],[6.11084,35.5978],[6.11192,35.59807],[6.11261,35.5985],[6.11339,35.5987],[6.11342,35.599],[6.11324,35.59911],[6.11233,35.59923],[6.11174,35.59959],[6.11174,35.59993],[6.11301,35.60061],[6.11366,35.6008],[6.11391,35.60106],[6.11414,35.60201],[6.11394,35.60205],[6.11389,35.60232],[6.11374,35.60241],[6.11377,35.60268],[6.11325,35.60287]]]}},{"type":"Feature","properties":{"Name":"Sans titre - Polygone"},"geometry":{"type":"Polygon","coordinates":[[[6.16684,35.58486],[6.16659,35.58524],[6.16644,35.58499],[6.16661,35.58476],[6.16668,35.58491],[6.16676,35.5848],[6.16684,35.58486]]]}},{"type":"Feature","properties":{"Name":"Sans titre - Polygone"},"geometry":{"type":"Polygon","coordinates":[[[6.16663,35.58619],[6.16629,35.58617],[6.16648,35.58583],[6.16662,35.58587],[6.16663,35.58619]]]}},{"type":"Feature","properties":{"Name":"Sans titre - Polygone"},"geometry":{"type":"Polygon","coordinates":[[[6.16408,35.58755],[6.16375,35.58749],[6.16381,35.58716],[6.16403,35.5872],[6.16408,35.58755]]]}},{"type":"Feature","properties":{"Name":"Sans titre - Polygone"},"geometry":{"type":"Polygon","coordinates":[[[6.16774,35.59026],[6.16739,35.59008],[6.16738,35.58983],[6.16784,35.58979],[6.16791,35.58993],[6.16774,35.59026]]]}},{"type":"Feature","properties":{"Name":"Sans titre - Polygone"},"geometry":{"type":"Polygon","coordinates":[[[6.17028,35.58966],[6.16995,35.58948],[6.17001,35.5893],[6.1703,35.58937],[6.17028,35.58966]]]}},{"type":"Feature","properties":{"Name":"Sans titre - Polygone"},"geometry":{"type":"Polygon","coordinates":[[[6.17679,35.58608],[6.17391,35.58558],[6.17277,35.58509],[6.17303,35.5843],[6.17348,35.58381],[6.17383,35.58486],[6.17384,35.58459],[6.17415,35.58454],[6.17425,35.5843],[6.17497,35.58399],[6.17499,35.58352],[6.17433,35.58319],[6.17413,35.58263],[6.17412,35.58208],[6.17382,35.58188],[6.1746,35.58133],[6.1753,35.58041],[6.17582,35.58058],[6.17649,35.58142],[6.1758,35.58173],[6.17591,35.58207],[6.17555,35.58177],[6.17524,35.58168],[6.17604,35.58319],[6.17636,35.58337],[6.17666,35.58325],[6.17876,35.58404],[6.18032,35.58509],[6.18084,35.58579],[6.18109,35.58637],[6.18058,35.58654],[6.18043,35.58717],[6.17679,35.58608]]]}},{"type":"Feature","properties":{"Name":"Sans titre - Polygone"},"geometry":{"type":"Polygon","coordinates":[[[6.28799,35.6805],[6.2879,35.68065],[6.28734,35.68088],[6.28673,35.68067],[6.287,35.68031],[6.28759,35.68013],[6.28793,35.68026],[6.28799,35.6805]]]}},{"type":"Feature","properties":{"Name":"Sans titre - Polygone"},"geometry":{"type":"Polygon","coordinates":[[[6.28551,35.68187],[6.28491,35.68232],[6.28476,35.68259],[6.28484,35.68275],[6.28529,35.68289],[6.2854,35.68303],[6.28532,35.68308],[6.28451,35.68262],[6.28435,35.68266],[6.28423,35.68312],[6.28408,35.68317],[6.28332,35.68281],[6.28238,35.6828],[6.28274,35.68255],[6.28248,35.68246],[6.28242,35.68231],[6.28247,35.68151],[6.28267,35.68186],[6.28339,35.68217],[6.28341,35.68182],[6.28318,35.68133],[6.2835,35.68092],[6.28425,35.68103],[6.28447,35.6814],[6.28469,35.68137],[6.28498,35.68165],[6.28551,35.68187]]]}},{"type":"Feature","properties":{"Name":"Sans titre - Polygone"},"geometry":{"type":"Polygon","coordinates":[[[6.26075,35.64734],[6.26206,35.64789],[6.26269,35.6479],[6.26274,35.64801],[6.26237,35.6481],[6.26169,35.64795],[6.26079,35.64757],[6.26067,35.64745],[6.26075,35.64734]]]}},{"type":"Feature","properties":{"Name":"Parcours [16:Polygon]"},"geometry":{"type":"Polygon","coordinates":[[[6.26006,35.65026],[6.25949,35.65053],[6.25952,35.65064],[6.25938,35.65062],[6.25915,35.65087],[6.25835,35.65105],[6.25827,35.65072],[6.25807,35.65078],[6.25798,35.65098],[6.25827,35.65116],[6.25788,35.65149],[6.25794,35.65127],[6.25777,35.65115],[6.25788,35.65103],[6.25773,35.65096],[6.25793,35.65095],[6.25797,35.65065],[6.25884,35.65002],[6.25901,35.65013],[6.25991,35.64964],[6.26027,35.64999],[6.26006,35.65026]]]}},{"type":"Feature","properties":{"Name":"Sans titre - Polygone [4:Polygon]"},"geometry":{"type":"Polygon","coordinates":[[[6.19336,35.61174],[6.19261,35.61207],[6.1919,35.61183],[6.19224,35.61157],[6.19311,35.61123],[6.19353,35.61074],[6.19406,35.6108],[6.1941,35.61093],[6.19388,35.61124],[6.19349,35.61136],[6.19336,35.61174]]]}},{"type":"Feature","properties":{"Name":"Sans titre - Polygone [3:Polygon]"},"geometry":{"type":"Polygon","coordinates":[[[6.19356,35.6101],[6.19285,35.61081],[6.19275,35.61125],[6.1921,35.61148],[6.1924,35.61104],[6.1923,35.61052],[6.19247,35.61027],[6.19299,35.60984],[6.19389,35.60983],[6.1939,35.60998],[6.19356,35.6101]]]}},{"type":"Feature","properties":{"Name":"Sans titre - Polygone [2:Polygon]"},"geometry":{"type":"Polygon","coordinates":[[[6.19076,35.61243],[6.19022,35.61252],[6.19012,35.61244],[6.19051,35.61182],[6.19068,35.61182],[6.19089,35.61207],[6.19076,35.61243]]]}},{"type":"Feature","properties":{"Name":"Sans titre - Polygone [5:Polygon]"},"geometry":{"type":"Polygon","coordinates":[[[6.19483,35.6109],[6.19445,35.61049],[6.19492,35.61039],[6.1951,35.61075],[6.19483,35.6109]]]}},{"type":"Feature","properties":{"Name":"Sans titre - Polygone [6:Polygon]"},"geometry":{"type":"Polygon","coordinates":[[[6.19399,35.60802],[6.19404,35.60761],[6.19429,35.60723],[6.19447,35.60727],[6.19437,35.60776],[6.19399,35.60802]]]}},{"type":"Feature","properties":{"Name":"Sans titre - Polygone [7:Polygon]"},"geometry":{"type":"Polygon","coordinates":[[[6.19674,35.60625],[6.19618,35.60648],[6.1951,35.60683],[6.1951,35.60655],[6.19527,35.60642],[6.19589,35.6064],[6.19637,35.60603],[6.19674,35.60625]]]}},{"type":"Feature","properties":{"Name":"Sans titre - Polygone [8:Polygon]"},"geometry":{"type":"Polygon","coordinates":[[[6.19912,35.6049],[6.19829,35.60539],[6.19785,35.60547],[6.19803,35.60505],[6.19862,35.60501],[6.19909,35.60477],[6.19912,35.6049]]]}},{"type":"Feature","properties":{"Name":"Sans titre - Polygone [1:Polygon]"},"geometry":{"type":"Polygon","coordinates":[[[6.18825,35.61329],[6.18795,35.61324],[6.18803,35.6131],[6.18794,35.61297],[6.18829,35.61286],[6.1884,35.61296],[6.18825,35.61329]]]}},{"type":"Feature","properties":{"Name":"Sans titre - Polygone"},"geometry":{"type":"Polygon","coordinates":[[[6.20079,35.60378],[6.20062,35.60398],[6.19992,35.60402],[6.19953,35.60432],[6.19774,35.60492],[6.19761,35.60513],[6.19767,35.60541],[6.19721,35.60564],[6.19675,35.60544],[6.19597,35.60565],[6.19587,35.60551],[6.19966,35.60326],[6.20079,35.60378]]]}},{"type":"Feature","properties":{"Name":"Sans titre - Polygone"},"geometry":{"type":"Polygon","coordinates":[[[6.16952,35.58203],[6.16894,35.58281],[6.16855,35.58287],[6.16854,35.5831],[6.16838,35.58315],[6.16844,35.58247],[6.1683,35.58215],[6.16932,35.58195],[6.16952,35.58203]]]}},{"type":"Feature","properties":{"Name":"Sans titre - Polygone"},"geometry":{"type":"Polygon","coordinates":[[[6.16826,35.58217],[6.16826,35.5823],[6.16805,35.58227],[6.16768,35.58247],[6.16773,35.5827],[6.16736,35.58264],[6.16731,35.58241],[6.16826,35.58217]]]}},{"type":"Feature","properties":{"Name":"Sans titre - Polygone"},"geometry":{"type":"Polygon","coordinates":[[[6.17074,35.58303],[6.17073,35.58352],[6.17053,35.58407],[6.1697,35.58385],[6.16987,35.58342],[6.1705,35.58289],[6.17025,35.58283],[6.17003,35.58244],[6.17001,35.58196],[6.1709,35.58197],[6.171,35.58239],[6.17074,35.58303]]]}},{"type":"Feature","properties":{"Name":"Sans titre - Polygone"},"geometry":{"type":"Polygon","coordinates":[[[6.20254,35.60325],[6.20233,35.60335],[6.20184,35.60417],[6.20156,35.60442],[6.20148,35.60434],[6.20135,35.60442],[6.20139,35.6045],[6.20045,35.60464],[6.1999,35.60434],[6.20014,35.60413],[6.20151,35.60392],[6.20154,35.60349],[6.20173,35.60328],[6.20222,35.60313],[6.20254,35.60325]]]}},{"type":"Feature","properties":{"Name":"Sans titre - Polygone [2:Polygon]"},"geometry":{"type":"Polygon","coordinates":[[[6.02565,35.62163],[6.02536,35.62189],[6.02523,35.6217],[6.02499,35.62183],[6.02538,35.62158],[6.02565,35.62163]]]}},{"type":"Feature","properties":{"Name":"Sans titre - Polygone [3:Polygon]"},"geometry":{"type":"Polygon","coordinates":[[[6.01127,35.62367],[6.01056,35.62373],[6.01055,35.62329],[6.01073,35.62343],[6.01089,35.62331],[6.01099,35.62352],[6.01121,35.62339],[6.01127,35.62367]]]}},{"type":"Feature","properties":{"Name":"Sans titre - Polygone"},"geometry":{"type":"Polygon","coordinates":[[[6.02586,35.62254],[6.02532,35.62327],[6.02496,35.62346],[6.0248,35.62336],[6.02475,35.62324],[6.02502,35.62281],[6.02505,35.62251],[6.02586,35.62254]]]}},{"type":"Feature","properties":{"Name":"Sans titre - Polygone"},"geometry":{"type":"Polygon","coordinates":[[[6.0275,35.62184],[6.02693,35.62189],[6.02701,35.62142],[6.02727,35.6214],[6.0275,35.62184]]]}},{"type":"Feature","properties":{"Name":"Sans titre - Polygone"},"geometry":{"type":"Polygon","coordinates":[[[6.02977,35.62152],[6.0306,35.62214],[6.03111,35.62225],[6.03124,35.62245],[6.03114,35.62254],[6.03059,35.62237],[6.03037,35.62209],[6.02993,35.62215],[6.02997,35.62235],[6.02988,35.62235],[6.0284,35.62199],[6.02851,35.62182],[6.02887,35.6218],[6.02919,35.62154],[6.02977,35.62152]]]}},{"type":"Feature","properties":{"Name":"Sans titre - Polygone"},"geometry":{"type":"Polygon","coordinates":[[[6.1671,35.58245],[6.16742,35.58313],[6.16609,35.58271],[6.16643,35.58258],[6.1671,35.58245]]]}},{"type":"Feature","properties":{"Name":"Sans titre - Polygone [1:Polygon]"},"geometry":{"type":"Polygon","coordinates":[[[6.02327,35.62188],[6.02233,35.62209],[6.02224,35.62187],[6.02264,35.62169],[6.02279,35.62182],[6.02287,35.6217],[6.02296,35.62186],[6.02327,35.62188]]]}},{"type":"Feature","properties":{"Name":"Sans titre - Polygone"},"geometry":{"type":"Polygon","coordinates":[[[6.26642,35.64668],[6.26733,35.64689],[6.26741,35.64696],[6.26725,35.64713],[6.26734,35.64728],[6.26675,35.64747],[6.26652,35.64742],[6.26634,35.64695],[6.26642,35.64668]]]}},{"type":"Feature","properties":{"Name":"Sans titre - Polygone"},"geometry":{"type":"Polygon","coordinates":[[[6.26588,35.6465],[6.26617,35.64666],[6.26621,35.64671],[6.26584,35.6467],[6.26588,35.6465]]]}},{"type":"Feature","properties":{"Name":"Sans titre - Polygone [5:Polygon]"},"geometry":{"type":"Polygon","coordinates":[[[6.01479,35.62482],[6.01443,35.62489],[6.01363,35.62295],[6.01417,35.62383],[6.0146,35.62423],[6.01479,35.62482]]]}},{"type":"Feature","properties":{"Name":"Sans titre - Polygone [4:Polygon]"},"geometry":{"type":"Polygon","coordinates":[[[6.0135,35.62209],[6.01326,35.62209],[6.01324,35.62194],[6.01307,35.6219],[6.0131,35.62174],[6.01343,35.62184],[6.01359,35.62171],[6.0135,35.62209]]]}},{"type":"Feature","properties":{"Name":"Sans titre - Polygone"},"geometry":{"type":"Polygon","coordinates":[[[6.25741,35.64975],[6.25637,35.64973],[6.256,35.64988],[6.2558,35.64963],[6.25601,35.64943],[6.25653,35.64962],[6.25726,35.64943],[6.25741,35.64975]]]}},{"type":"Feature","properties":{"Name":"Sans titre - Polygone"},"geometry":{"type":"Polygon","coordinates":[[[6.17184,35.58328],[6.17154,35.58325],[6.17126,35.58278],[6.17132,35.58208],[6.17292,35.58212],[6.17252,35.58271],[6.1721,35.58232],[6.17206,35.58261],[6.17178,35.58243],[6.17194,35.58313],[6.17184,35.58328]]]}},{"type":"Feature","properties":{"Name":"Sans titre - Polygone [6:Polygon]"},"geometry":{"type":"Polygon","coordinates":[[[6.01804,35.62469],[6.01777,35.62473],[6.01765,35.62448],[6.01786,35.62436],[6.01809,35.62455],[6.01804,35.62469]]]}},{"type":"Feature","properties":{"Name":"Sans titre - Polygone"},"geometry":{"type":"Polygon","coordinates":[[[6.20357,35.60176],[6.20267,35.60243],[6.20274,35.60261],[6.20261,35.6028],[6.20242,35.60275],[6.2024,35.60253],[6.20141,35.60316],[6.20134,35.60343],[6.20087,35.60349],[6.20042,35.6033],[6.20188,35.60222],[6.20271,35.6012],[6.20289,35.60118],[6.20296,35.60146],[6.20312,35.60151],[6.20427,35.60102],[6.20497,35.60117],[6.20604,35.60058],[6.20612,35.60042],[6.20834,35.60049],[6.20898,35.60009],[6.20893,35.59969],[6.20905,35.59959],[6.20968,35.59967],[6.20997,35.59955],[6.21089,35.60093],[6.21027,35.60109],[6.20879,35.60119],[6.20695,35.60176],[6.20475,35.6022],[6.20385,35.60289],[6.20379,35.60305],[6.20393,35.60316],[6.20375,35.60342],[6.2029,35.60303],[6.20301,35.60266],[6.20391,35.60203],[6.20371,35.60195],[6.20377,35.60179],[6.20357,35.60176]]]}},{"type":"Feature","properties":{"Name":"Sans titre - Polygone [8:Polygon]"},"geometry":{"type":"Polygon","coordinates":[[[6.01432,35.62582],[6.01387,35.62561],[6.01376,35.62543],[6.01437,35.62519],[6.01432,35.62582]]]}},{"type":"Feature","properties":{"Name":"Sans titre - Polygone [9:Polygon]"},"geometry":{"type":"Polygon","coordinates":[[[6.01521,35.62511],[6.01502,35.62521],[6.01474,35.62435],[6.01488,35.62435],[6.01497,35.62467],[6.01511,35.62459],[6.01521,35.62511]]]}},{"type":"Feature","properties":{"Name":"Sans titre - Polygone [10:Polygon]"},"geometry":{"type":"Polygon","coordinates":[[[6.01385,35.62277],[6.01359,35.62276],[6.01376,35.62147],[6.01386,35.62148],[6.01379,35.62157],[6.01389,35.62184],[6.01377,35.62214],[6.01385,35.62277]]]}},{"type":"Feature","properties":{"Name":"Sans titre - Polygone [7:Polygon]"},"geometry":{"type":"Polygon","coordinates":[[[6.01579,35.6263],[6.01629,35.62655],[6.01655,35.62701],[6.01694,35.62696],[6.01717,35.62619],[6.01891,35.62582],[6.0197,35.62688],[6.0189,35.62771],[6.01885,35.62739],[6.01767,35.62761],[6.01764,35.62795],[6.01661,35.62738],[6.01579,35.6263]]]}},{"type":"Feature","properties":{"Name":"Sans titre - Polygone"},"geometry":{"type":"Polygon","coordinates":[[[6.26297,35.65686],[6.26269,35.65691],[6.26247,35.65657],[6.26307,35.6562],[6.2632,35.65634],[6.26298,35.65652],[6.26297,35.65686]]]}},{"type":"Feature","properties":{"Name":"Sans titre - Polygone"},"geometry":{"type":"Polygon","coordinates":[[[6.26206,35.65808],[6.26131,35.65818],[6.2612,35.65794],[6.26159,35.65767],[6.26226,35.65753],[6.26235,35.65758],[6.2623,35.65775],[6.26206,35.65808]]]}},{"type":"Feature","properties":{"Name":"Sans titre - Polygone [12:Polygon]"},"geometry":{"type":"Polygon","coordinates":[[[6.00216,35.61736],[6.00197,35.61714],[6.00271,35.61331],[6.00235,35.61255],[6.00276,35.61321],[6.00309,35.6143],[6.00287,35.61454],[6.00266,35.61526],[6.00251,35.61691],[6.00234,35.61729],[6.00216,35.61736]]]}},{"type":"Feature","properties":{"Name":"Sans titre - Polygone [11:Polygon]"},"geometry":{"type":"Polygon","coordinates":[[[5.99841,35.62622],[5.99384,35.62497],[5.99398,35.62489],[5.99519,35.62511],[5.99641,35.62513],[5.99707,35.62447],[5.99718,35.62408],[5.997,35.62371],[5.99725,35.62315],[5.99785,35.62313],[5.99786,35.62266],[5.99699,35.62127],[5.99706,35.62102],[5.9981,35.62105],[5.99815,35.62042],[5.99785,35.61926],[5.99813,35.61909],[5.99868,35.61913],[5.99903,35.61875],[6.00009,35.61857],[6.00072,35.61802],[6.00089,35.61715],[6.00108,35.61684],[6.00103,35.61649],[6.00132,35.61645],[6.00168,35.61671],[6.00173,35.61692],[6.00129,35.61785],[6.00044,35.61866],[5.99904,35.61935],[5.99918,35.61958],[5.99918,35.62002],[5.99973,35.62069],[5.99942,35.62126],[5.99951,35.62189],[5.99929,35.62262],[5.99882,35.62284],[5.99849,35.62341],[5.99854,35.62447],[5.99919,35.62497],[5.99968,35.62516],[6.00031,35.6252],[6.00397,35.62602],[6.00569,35.62613],[6.00634,35.62649],[6.00822,35.62684],[6.00573,35.62675],[6.00375,35.62648],[6.00201,35.62599],[6.00142,35.62594],[5.99841,35.62622]]]}},{"type":"Feature","properties":{},"geometry":{"type":"Polygon","coordinates":[[[5.97873,35.59818],[5.97873,35.59818],[5.97871,35.59817],[5.97873,35.59818]]]}},{"type":"Feature","properties":{},"geometry":{"type":"Polygon","coordinates":[[[5.97886,35.59818],[5.97895,35.59819],[5.97888,35.59819],[5.97886,35.59818]]]}},{"type":"Feature","properties":{},"geometry":{"type":"Polygon","coordinates":[[[5.97926,35.59803],[5.97917,35.5981],[5.97911,35.59814],[5.97926,35.59803]]]}},{"type":"Feature","properties":{},"geometry":{"type":"Polygon","coordinates":[[[5.97926,35.59803],[5.97933,35.59799],[5.97933,35.59799],[5.97926,35.59803]]]}},{"type":"Feature","properties":{},"geometry":{"type":"Polygon","coordinates":[[[5.97935,35.59795],[5.97935,35.59795],[5.97934,35.59797],[5.97935,35.59795]]]}},{"type":"Feature","properties":{},"geometry":{"type":"Polygon","coordinates":[[[5.98042,35.5929],[5.98042,35.5929],[5.98044,35.5929],[5.98042,35.5929]]]}},{"type":"Feature","properties":{},"geometry":{"type":"Polygon","coordinates":[[[5.98018,35.59297],[5.98024,35.59295],[5.98029,35.59293],[5.98024,35.59295],[5.98018,35.59297],[5.98013,35.593],[5.9801,35.59301],[5.98018,35.59297]]]}},{"type":"Feature","properties":{},"geometry":{"type":"Polygon","coordinates":[[[5.97988,35.59314],[5.97988,35.59314],[5.97989,35.59312],[5.97988,35.59314]]]}},{"type":"Feature","properties":{},"geometry":{"type":"Polygon","coordinates":[[[5.97968,35.59346],[5.97968,35.59349],[5.97968,35.59346],[5.97968,35.59346]]]}},{"type":"Feature","properties":{},"geometry":{"type":"Polygon","coordinates":[[[5.97965,35.59353],[5.97965,35.59353],[5.97967,35.59351],[5.97965,35.59353]]]}},{"type":"Feature","properties":{},"geometry":{"type":"Polygon","coordinates":[[[5.97946,35.59379],[5.97946,35.59379],[5.97947,35.59377],[5.97946,35.59379]]]}},{"type":"Feature","properties":{},"geometry":{"type":"Polygon","coordinates":[[[5.97937,35.59392],[5.97936,35.59395],[5.9794,35.59388],[5.97937,35.59392]]]}},{"type":"Feature","properties":{},"geometry":{"type":"Polygon","coordinates":[[[5.97936,35.59401],[5.97936,35.59401],[5.97936,35.59398],[5.97936,35.59401]]]}},{"type":"Feature","properties":{},"geometry":{"type":"Polygon","coordinates":[[[6.06399,35.61394],[6.06409,35.61445],[6.06406,35.61459],[6.06399,35.61453],[6.06399,35.61394]]]}},{"type":"Feature","properties":{},"geometry":{"type":"Polygon","coordinates":[[[6.01929,35.62633],[6.01974,35.62693],[6.01938,35.6275],[6.01877,35.62795],[6.01795,35.6282],[6.01666,35.62741],[6.01764,35.62795],[6.01767,35.62761],[6.01885,35.62739],[6.01886,35.62748],[6.01768,35.62761],[6.01765,35.62796],[6.01796,35.62818],[6.01876,35.62795],[6.0197,35.62688],[6.01929,35.62633]]]}}]}